{
    "song_title": "(Baby) Hully Gully",
    "artist": "Grateful Dead",
    "num_versions_processed": 2,
    "average_features": {
        "lowlevel.loudness_ebu128.short_term.dvar2": 0.6632232214324176,
        "lowlevel.loudness_ebu128.momentary.var": 385.9074373245239,
        "lowlevel.loudness_ebu128.momentary.min": -83.54039001464844,
        "lowlevel.spectral_centroid.dvar": 61136.23046875,
        "rhythm.beats_loudness.min": 1.7209937419604415e-08,
        "lowlevel.spectral_centroid.mean": 1670.879638671875,
        "rhythm.beats_loudness.dvar": 0.00019094730669166893,
        "rhythm.bpm_histogram_first_peak_bpm": 120.5,
        "rhythm.beats_loudness.median": 0.02710577007383108,
        "lowlevel.loudness_ebu128.integrated": -13.297228336334229,
        "lowlevel.loudness_ebu128.short_term.mean": -19.173566341400146,
        "rhythm.beats_loudness.dmean2": 0.022927097976207733,
        "lowlevel.loudness_ebu128.momentary.dvar2": 1.8066962659358978,
        "rhythm.bpm_histogram_second_peak_weight": 0.04794034734368324,
        "lowlevel.loudness_ebu128.loudness_range": 2.7679147720336914,
        "rhythm.bpm_histogram_second_peak_bpm": 126.5,
        "lowlevel.loudness_ebu128.short_term.min": -61.371381759643555,
        "lowlevel.loudness_ebu128.short_term.stdev": 13.974591195583344,
        "lowlevel.loudness_ebu128.short_term.dmean2": 0.12943287193775177,
        "lowlevel.loudness_ebu128.short_term.var": 348.6278507709503,
        "rhythm.beats_loudness.mean": 0.029586453922092915,
        "lowlevel.spectral_centroid.max": 11308.09228515625,
        "lowlevel.loudness_ebu128.momentary.dvar": 1.3007000386714935,
        "rhythm.beats_loudness.stdev": 0.017363141290843487,
        "lowlevel.loudness_ebu128.momentary.max": -8.73231840133667,
        "lowlevel.spectral_centroid.median": 1332.5669555664062,
        "lowlevel.loudness_ebu128.momentary.dmean": 0.6945495009422302,
        "lowlevel.loudness_ebu128.short_term.dvar": 0.5472138617187738,
        "rhythm.beats_loudness.var": 0.0003077845904044807,
        "lowlevel.loudness_ebu128.momentary.stdev": 16.22404408454895,
        "lowlevel.loudness_ebu128.momentary.mean": -20.246883869171143,
        "rhythm.beats_loudness.dmean": 0.013808810617774725,
        "lowlevel.average_loudness": 0.8407229781150818,
        "lowlevel.loudness_ebu128.short_term.median": -13.405279159545898,
        "rhythm.beats_loudness.max": 0.11097807437181473,
        "metadata.audio_properties.analysis.equal_loudness": 0.0,
        "lowlevel.loudness_ebu128.momentary.dmean2": 0.8837119042873383,
        "lowlevel.spectral_centroid.dvar2": 116376.74609375,
        "lowlevel.loudness_ebu128.short_term.max": -11.444826602935791,
        "lowlevel.spectral_centroid.var": 1287124.328125,
        "rhythm.bpm_histogram_first_peak_weight": 0.5072034001350403,
        "lowlevel.loudness_ebu128.momentary.median": -13.760790824890137,
        "rhythm.bpm": 120.40129089355469,
        "rhythm.beats_loudness.dvar2": 0.0005190455995034426,
        "lowlevel.loudness_ebu128.short_term.dmean": 0.12184581533074379,
        "lowlevel.spectral_centroid.stdev": 1058.6787414550781,
        "lowlevel.spectral_centroid.dmean": 219.13442993164062,
        "lowlevel.spectral_centroid.dmean2": 328.26853942871094,
        "rhythm.danceability": 1.2131350636482239,
        "lowlevel.spectral_centroid.min": 202.32514190673828,
        "rhythm.bpm_histogram_second_peak_spread": 0.02173912525177002
    },
    "outlier_flag": false,
    "outlier_reasons": null,
    "raw_versions": [
        {
            "id": "__ncxAJp6-U",
            "title": "[Baby] Hully Gully",
            "views": 115035,
            "features": {
                "lowlevel.average_loudness": 0.9509817957878113,
                "lowlevel.loudness_ebu128.integrated": -10.074936866760254,
                "lowlevel.loudness_ebu128.loudness_range": 2.2266292572021484,
                "lowlevel.loudness_ebu128.momentary.dmean": 0.6930379867553711,
                "lowlevel.loudness_ebu128.momentary.dmean2": 0.9326969385147095,
                "lowlevel.loudness_ebu128.momentary.dvar": 0.5158388018608093,
                "lowlevel.loudness_ebu128.momentary.dvar2": 0.8147801756858826,
                "lowlevel.loudness_ebu128.momentary.max": -6.838254928588867,
                "lowlevel.loudness_ebu128.momentary.mean": -10.979567527770996,
                "lowlevel.loudness_ebu128.momentary.median": -10.123516082763672,
                "lowlevel.loudness_ebu128.momentary.min": -76.61539459228516,
                "lowlevel.loudness_ebu128.momentary.stdev": 5.147589206695557,
                "lowlevel.loudness_ebu128.momentary.var": 26.4976749420166,
                "lowlevel.loudness_ebu128.short_term.dmean": 0.09647228568792343,
                "lowlevel.loudness_ebu128.short_term.dmean2": 0.10545647144317627,
                "lowlevel.loudness_ebu128.short_term.dvar": 0.013706821948289871,
                "lowlevel.loudness_ebu128.short_term.dvar2": 0.008235006593167782,
                "lowlevel.loudness_ebu128.short_term.max": -8.5684814453125,
                "lowlevel.loudness_ebu128.short_term.mean": -10.28688907623291,
                "lowlevel.loudness_ebu128.short_term.median": -9.953664779663086,
                "lowlevel.loudness_ebu128.short_term.min": -32.672115325927734,
                "lowlevel.loudness_ebu128.short_term.stdev": 1.5915926694869995,
                "lowlevel.loudness_ebu128.short_term.var": 2.5331673622131348,
                "lowlevel.spectral_centroid.dmean": 220.34303283691406,
                "lowlevel.spectral_centroid.dmean2": 325.1299133300781,
                "lowlevel.spectral_centroid.dvar": 58674.59765625,
                "lowlevel.spectral_centroid.dvar2": 110750.84375,
                "lowlevel.spectral_centroid.max": 10882.306640625,
                "lowlevel.spectral_centroid.mean": 1372.2188720703125,
                "lowlevel.spectral_centroid.median": 1228.6844482421875,
                "lowlevel.spectral_centroid.min": 177.39547729492188,
                "lowlevel.spectral_centroid.stdev": 650.8508911132812,
                "lowlevel.spectral_centroid.var": 423606.90625,
                "metadata.audio_properties.analysis.equal_loudness": 0.0,
                "rhythm.beats_loudness.dmean": 0.014898768626153469,
                "rhythm.beats_loudness.dmean2": 0.025127531960606575,
                "rhythm.beats_loudness.dvar": 0.000154598499648273,
                "rhythm.beats_loudness.dvar2": 0.0004329538205638528,
                "rhythm.beats_loudness.max": 0.09470014274120331,
                "rhythm.beats_loudness.mean": 0.03713421896100044,
                "rhythm.beats_loudness.median": 0.03630739822983742,
                "rhythm.beats_loudness.min": 3.328718634065808e-08,
                "rhythm.beats_loudness.stdev": 0.014851979911327362,
                "rhythm.beats_loudness.var": 0.00022058130707591772,
                "rhythm.bpm": 115.73681640625,
                "rhythm.bpm_histogram_first_peak_bpm": 115.0,
                "rhythm.bpm_histogram_first_peak_weight": 0.54358971118927,
                "rhythm.bpm_histogram_second_peak_bpm": 120.0,
                "rhythm.bpm_histogram_second_peak_spread": 0.04347825050354004,
                "rhythm.bpm_histogram_second_peak_weight": 0.05225653201341629,
                "rhythm.danceability": 1.2942720651626587
            }
        },
        {
            "id": "dlemb4X1tPA",
            "title": "The Olympics \"(Baby) Hully Gully\"  Live - 1997",
            "views": 1243,
            "features": {
                "lowlevel.average_loudness": 0.7304641604423523,
                "lowlevel.loudness_ebu128.integrated": -16.519519805908203,
                "lowlevel.loudness_ebu128.loudness_range": 3.3092002868652344,
                "lowlevel.loudness_ebu128.momentary.dmean": 0.6960610151290894,