{
    "song_title": "(I Can't Get No) Satisfaction",
    "artist": "Grateful Dead",
    "num_versions_processed": 3,
    "average_features": {
        "lowlevel.loudness_ebu128.short_term.dvar2": 0.011130874821295341,
        "lowlevel.loudness_ebu128.momentary.var": 14.167738914489746,
        "lowlevel.loudness_ebu128.momentary.min": -60.23200035095215,
        "lowlevel.spectral_centroid.dvar": 60672.0078125,
        "rhythm.beats_loudness.min": 0.0005045948861758612,
        "lowlevel.spectral_centroid.mean": 1186.3187662760417,
        "rhythm.beats_loudness.dvar": 0.0002811838106329863,
        "rhythm.bpm_histogram_first_peak_bpm": 131.66666666666666,
        "rhythm.beats_loudness.median": 0.025856036692857742,
        "lowlevel.loudness_ebu128.integrated": -13.673900922139486,
        "lowlevel.loudness_ebu128.short_term.mean": -14.365869839986166,
        "rhythm.beats_loudness.dmean2": 0.02902364047865073,
        "lowlevel.loudness_ebu128.momentary.dvar2": 0.9032596548398336,
        "rhythm.bpm_histogram_second_peak_weight": 0.052845315697292485,
        "lowlevel.loudness_ebu128.loudness_range": 6.589859962463379,
        "rhythm.bpm_histogram_second_peak_bpm": 138.66666666666666,
        "lowlevel.loudness_ebu128.short_term.min": -28.195439020792644,
        "lowlevel.loudness_ebu128.short_term.stdev": 2.696077744166056,
        "lowlevel.loudness_ebu128.short_term.dmean2": 0.1017106498281161,
        "lowlevel.loudness_ebu128.short_term.var": 7.528870423634847,
        "rhythm.beats_loudness.mean": 0.030790915712714195,
        "lowlevel.spectral_centroid.max": 9051.944010416666,
        "lowlevel.loudness_ebu128.momentary.dvar": 0.5949504872163137,
        "rhythm.beats_loudness.stdev": 0.020981550216674805,
        "lowlevel.loudness_ebu128.momentary.max": -7.775740464528401,
        "lowlevel.spectral_centroid.median": 1106.118408203125,
        "lowlevel.loudness_ebu128.momentary.dmean": 0.6971398591995239,
        "lowlevel.loudness_ebu128.short_term.dvar": 0.012630850076675415,
        "rhythm.beats_loudness.var": 0.00044044705767494935,
        "lowlevel.loudness_ebu128.momentary.stdev": 3.6980233987172446,
        "lowlevel.loudness_ebu128.momentary.mean": -14.81883716583252,
        "rhythm.beats_loudness.dmean": 0.016526562472184498,
        "lowlevel.average_loudness": 0.6170788208643595,
        "lowlevel.loudness_ebu128.short_term.median": -13.729463895161947,
        "rhythm.beats_loudness.max": 0.157773291071256,
        "metadata.audio_properties.analysis.equal_loudness": 0.0,
        "lowlevel.loudness_ebu128.momentary.dmean2": 0.8190276622772217,
        "lowlevel.spectral_centroid.dvar2": 123742.05208333333,
        "lowlevel.loudness_ebu128.short_term.max": -9.943138122558594,
        "lowlevel.spectral_centroid.var": 279780.546875,
        "rhythm.bpm_histogram_first_peak_weight": 0.4555711547533671,
        "lowlevel.loudness_ebu128.momentary.median": -14.086264610290527,
        "rhythm.bpm": 132.25101725260416,
        "rhythm.beats_loudness.dvar2": 0.0007948733982630074,
        "lowlevel.loudness_ebu128.short_term.dmean": 0.10152522474527359,
        "lowlevel.spectral_centroid.stdev": 528.3704833984375,
        "lowlevel.spectral_centroid.dmean": 205.06244913736978,
        "lowlevel.spectral_centroid.dmean2": 312.7915547688802,
        "rhythm.danceability": 1.1326689720153809,
        "lowlevel.spectral_centroid.min": 225.48633829752603,
        "rhythm.bpm_histogram_second_peak_spread": 0.14764211575190225
    },
    "outlier_flag": false,
    "outlier_reasons": null,
    "raw_versions": [
        {
            "id": "9LWLBjR2yOI",
            "title": "Grateful Dead - (I Can't Get No) Satisfaction - 12/9/81 Boulder, CO",
            "views": 6405,
            "features": {
                "lowlevel.average_loudness": 0.6472367644309998,
                "lowlevel.loudness_ebu128.integrated": -12.427499771118164,
                "lowlevel.loudness_ebu128.loudness_range": 7.431321144104004,
                "lowlevel.loudness_ebu128.momentary.dmean": 0.7545175552368164,
                "lowlevel.loudness_ebu128.momentary.dmean2": 0.9634034633636475,
                "lowlevel.loudness_ebu128.momentary.dvar": 0.5515092015266418,
                "lowlevel.loudness_ebu128.momentary.dvar2": 0.9889497756958008,
                "lowlevel.loudness_ebu128.momentary.max": -6.20599365234375,
                "lowlevel.loudness_ebu128.momentary.mean": -13.927281379699707,
                "lowlevel.loudness_ebu128.momentary.median": -13.243873596191406,
                "lowlevel.loudness_ebu128.momentary.min": -60.24571228027344,
                "lowlevel.loudness_ebu128.momentary.stdev": 4.423095226287842,
                "lowlevel.loudness_ebu128.momentary.var": 19.563770294189453,
                "lowlevel.loudness_ebu128.short_term.dmean": 0.10853643715381622,
                "lowlevel.loudness_ebu128.short_term.dmean2": 0.11460274457931519,
                "lowlevel.loudness_ebu128.short_term.dvar": 0.017852801829576492,
                "lowlevel.loudness_ebu128.short_term.dvar2": 0.012609654106199741,
                "lowlevel.loudness_ebu128.short_term.max": -8.83138370513916,
                "lowlevel.loudness_ebu128.short_term.mean": -13.387392044067383,
                "lowlevel.loudness_ebu128.short_term.median": -12.879997253417969,
                "lowlevel.loudness_ebu128.short_term.min": -37.195892333984375,
                "lowlevel.loudness_ebu128.short_term.stdev": 3.410283088684082,
                "lowlevel.loudness_ebu128.short_term.var": 11.630030632019043,
                "lowlevel.spectral_centroid.dmean": 199.24935913085938,
                "lowlevel.spectral_centroid.dmean2": 307.87884521484375,
                "lowlevel.spectral_centroid.dvar": 51568.62890625,
                "lowlevel.spectral_centroid.dvar2": 113717.5390625,
                "lowlevel.spectral_centroid.max": 5111.4423828125,
                "lowlevel.spectral_centroid.mean": 1098.2684326171875,
                "lowlevel.spectral_centroid.median": 1026.30859375,
                "lowlevel.spectral_centroid.min": 160.68821716308594,
                "lowlevel.spectral_centroid.stdev": 496.22344970703125,
                "lowlevel.spectral_centroid.var": 246237.703125,
                "metadata.audio_properties.analysis.equal_loudness": 0.0,
                "rhythm.beats_loudness.dmean": 0.01575380191206932,
                "rhythm.beats_loudness.dmean2": 0.02748912386596203,
                "rhythm.beats_loudness.dvar": 0.0002867621078621596,
                "rhythm.beats_loudness.dvar2": 0.0008179281721822917,
                "rhythm.beats_loudness.max": 0.149470254778862,
                "rhythm.beats_loudness.mean": 0.028794793412089348,
                "rhythm.beats_loudness.median": 0.023081723600625992,
                "rhythm.beats_loudness.min": 1.3549435607274063e-05,
                "rhythm.beats_loudness.stdev": 0.02155866101384163,
                "rhythm.beats_loudness.var": 0.00046477586147375405,
                "rhythm.bpm": 130.40284729003906,
                "rhythm.bpm_histogram_first_peak_bpm": 129.0,
                "rhythm.bpm_histogram_first_peak_weight": 0.4649776816368103,
                "rhythm.bpm_histogram_second_peak_bpm": 136.0,
                "rhythm.bpm_histogram_second_peak_spread": 0.27966105937957764,
                "rhythm.bpm_histogram_second_peak_weight": 0.1011904776096344,
                "rhythm.danceability": 1.1454347372055054
            }
        },
        {
            "id": "O2pNuPrGYIY",
            "title": "(I Can't Get No) Satisfaction \u262e Grateful Dead, 3/10/81",
            "views": 10116,
            "features": {
                "lowlevel.average_loudness": 0.38977521657943726,
                "lowlevel.loudness_ebu128.integrated": -15.501832962036133,
                "lowlevel.loudness_ebu128.loudness_range": 6.1372833251953125,