{
    "song_title": "A Voice From On High",
    "artist": "Grateful Dead",
    "num_versions_processed": 3,
    "average_features": {
        "lowlevel.loudness_ebu128.momentary.dmean2": 0.8475513656934103,
        "lowlevel.loudness_ebu128.short_term.median": -19.59018325805664,
        "lowlevel.spectral_centroid.median": 690.4722188313802,
        "rhythm.beats_loudness.var": 0.001759289492232104,
        "rhythm.beats_loudness.dvar": 0.002010122475136692,
        "lowlevel.loudness_ebu128.short_term.stdev": 6.253774245580037,
        "lowlevel.loudness_ebu128.integrated": -18.73449770609538,
        "rhythm.beats_loudness.max": 0.25468870004018146,
        "lowlevel.spectral_centroid.max": 8773.5625,
        "lowlevel.spectral_centroid.min": 179.24473571777344,
        "lowlevel.loudness_ebu128.momentary.stdev": 8.629467566808065,
        "rhythm.bpm": 170.38674926757812,
        "lowlevel.loudness_ebu128.loudness_range": 8.042235056559244,
        "rhythm.beats_loudness.mean": 0.03328322495023409,
        "rhythm.bpm_histogram_second_peak_weight": 0.2493187536795934,
        "metadata.audio_properties.analysis.equal_loudness": 0.0,
        "lowlevel.loudness_ebu128.short_term.var": 46.43998463948568,
        "rhythm.beats_loudness.dvar2": 0.00559468431553493,
        "rhythm.bpm_histogram_second_peak_bpm": 165.33333333333334,
        "lowlevel.loudness_ebu128.momentary.mean": -21.553150812784832,
        "lowlevel.loudness_ebu128.short_term.max": -13.330302874247232,
        "rhythm.beats_loudness.stdev": 0.036712698017557464,
        "lowlevel.loudness_ebu128.momentary.dmean": 0.7915820678075155,
        "lowlevel.spectral_centroid.mean": 910.2920430501302,
        "lowlevel.spectral_centroid.stdev": 688.7276713053385,
        "rhythm.beats_loudness.median": 0.021491883943478268,
        "lowlevel.loudness_ebu128.short_term.dmean": 0.15839067101478577,
        "lowlevel.loudness_ebu128.short_term.dvar2": 0.031704189255833626,
        "rhythm.beats_loudness.dmean2": 0.050821708515286446,
        "lowlevel.loudness_ebu128.short_term.mean": -20.438932418823242,
        "lowlevel.loudness_ebu128.momentary.var": 86.45669396718343,
        "rhythm.beats_loudness.dmean": 0.028112341339389484,
        "lowlevel.loudness_ebu128.momentary.min": -75.97554016113281,
        "lowlevel.loudness_ebu128.momentary.dvar": 0.719403346379598,
        "lowlevel.spectral_centroid.dmean": 163.51956431070963,
        "lowlevel.spectral_centroid.var": 506392.0989583333,
        "rhythm.beats_loudness.min": 2.033352960240098e-05,
        "lowlevel.average_loudness": 0.32004282375176746,
        "lowlevel.loudness_ebu128.short_term.dmean2": 0.12714780370394388,
        "lowlevel.loudness_ebu128.short_term.min": -68.4478022257487,
        "rhythm.bpm_histogram_first_peak_bpm": 171.0,
        "lowlevel.loudness_ebu128.momentary.max": -10.141680717468262,
        "lowlevel.spectral_centroid.dmean2": 248.808837890625,
        "rhythm.bpm_histogram_second_peak_spread": 0.0317460298538208,
        "lowlevel.loudness_ebu128.short_term.dvar": 0.05127101267377535,
        "lowlevel.loudness_ebu128.momentary.median": -20.49905268351237,
        "rhythm.danceability": 1.0463441610336304,
        "lowlevel.spectral_centroid.dvar": 57763.493489583336,
        "rhythm.bpm_histogram_first_peak_weight": 0.10452961921691895,
        "lowlevel.loudness_ebu128.momentary.dvar2": 0.8711175521214803,
        "lowlevel.spectral_centroid.dvar2": 115215.94791666667
    },
    "outlier_flag": true,
    "outlier_reasons": [
        "BPM Variance: 23.46 (limit 20)"
    ],
    "raw_versions": [
        {
            "id": "CYiFEzJpePM",
            "title": "A Voice from on High (Live at the Filmore East, New York City, NY, 5/15/70)",
            "views": 16996,
            "features": {
                "lowlevel.average_loudness": 0.21091388165950775,
                "lowlevel.loudness_ebu128.integrated": -17.876474380493164,
                "lowlevel.loudness_ebu128.loudness_range": 8.599773406982422,
                "lowlevel.loudness_ebu128.momentary.dmean": 0.7441783547401428,
                "lowlevel.loudness_ebu128.momentary.dmean2": 0.7916374206542969,
                "lowlevel.loudness_ebu128.momentary.dvar": 0.5261339545249939,
                "lowlevel.loudness_ebu128.momentary.dvar2": 0.5679887533187866,
                "lowlevel.loudness_ebu128.momentary.max": -9.130260467529297,
                "lowlevel.loudness_ebu128.momentary.mean": -21.18804359436035,
                "lowlevel.loudness_ebu128.momentary.median": -19.78033447265625,
                "lowlevel.loudness_ebu128.momentary.min": -88.70010375976562,
                "lowlevel.loudness_ebu128.momentary.stdev": 10.575993537902832,
                "lowlevel.loudness_ebu128.momentary.var": 111.85164642333984,
                "lowlevel.loudness_ebu128.short_term.dmean": 0.15971630811691284,
                "lowlevel.loudness_ebu128.short_term.dmean2": 0.11093565821647644,
                "lowlevel.loudness_ebu128.short_term.dvar": 0.06094186380505562,
                "lowlevel.loudness_ebu128.short_term.dvar2": 0.028620844706892967,
                "lowlevel.loudness_ebu128.short_term.max": -11.71545124053955,
                "lowlevel.loudness_ebu128.short_term.mean": -19.921897888183594,
                "lowlevel.loudness_ebu128.short_term.median": -18.876644134521484,
                "lowlevel.loudness_ebu128.short_term.min": -87.65267181396484,
                "lowlevel.loudness_ebu128.short_term.stdev": 7.430008411407471,
                "lowlevel.loudness_ebu128.short_term.var": 55.20502853393555,
                "lowlevel.spectral_centroid.dmean": 186.21435546875,
                "lowlevel.spectral_centroid.dmean2": 281.38580322265625,
                "lowlevel.spectral_centroid.dvar": 64022.578125,
                "lowlevel.spectral_centroid.dvar2": 126639.6171875,
                "lowlevel.spectral_centroid.max": 5170.890625,
                "lowlevel.spectral_centroid.mean": 1117.905517578125,
                "lowlevel.spectral_centroid.median": 852.734619140625,
                "lowlevel.spectral_centroid.min": 211.00282287597656,
                "lowlevel.spectral_centroid.stdev": 802.3160400390625,
                "lowlevel.spectral_centroid.var": 643711.0,
                "metadata.audio_properties.analysis.equal_loudness": 0.0,
                "rhythm.beats_loudness.dmean": 0.01559898629784584,
                "rhythm.beats_loudness.dmean2": 0.027551591396331787,
                "rhythm.beats_loudness.dvar": 0.0004040751082357019,
                "rhythm.beats_loudness.dvar2": 0.001154414494521916,
                "rhythm.beats_loudness.max": 0.18271180987358093,
                "rhythm.beats_loudness.mean": 0.022936595603823662,
                "rhythm.beats_loudness.median": 0.01673903316259384,
                "rhythm.beats_loudness.min": 1.4085592692225646e-09,
                "rhythm.beats_loudness.stdev": 0.022455569356679916,
                "rhythm.beats_loudness.var": 0.0005042526172474027,
                "rhythm.bpm": 178.2056427001953,
                "rhythm.bpm_histogram_first_peak_bpm": 178.0,
                "rhythm.bpm_histogram_first_peak_weight": 0.0,
                "rhythm.bpm_histogram_second_peak_bpm": 172.0,
                "rhythm.bpm_histogram_second_peak_spread": 0.0,
                "rhythm.bpm_histogram_second_peak_weight": 0.24457593262195587,
                "rhythm.danceability": 1.0078169107437134
            }
        },
        {
            "id": "tGvTW5s9_Pk",
            "title": "Grateful Dead - A Voice From On High 5/15/70",
            "views": 20883,
            "features": {
                "lowlevel.average_loudness": 0.16367489099502563,
                "lowlevel.loudness_ebu128.integrated": -17.87492561340332,
                "lowlevel.loudness_ebu128.loudness_range": 8.566099166870117,
                "lowlevel.loudness_ebu128.momentary.dmean": 0.7387028932571411,