{
    "song_title": "Addams Family Tuning",
    "artist": "Grateful Dead",
    "num_versions_processed": 3,
    "average_features": {
        "rhythm.beats_loudness.dvar": 0.0001684540620772168,
        "lowlevel.loudness_ebu128.momentary.median": -15.496072133382162,
        "lowlevel.loudness_ebu128.short_term.min": -53.70259666442871,
        "lowlevel.loudness_ebu128.short_term.dvar": 0.15321611488858858,
        "rhythm.beats_loudness.dvar2": 0.0004994947036417822,
        "rhythm.beats_loudness.min": 4.654211860873521e-06,
        "lowlevel.loudness_ebu128.momentary.min": -65.43033854166667,
        "rhythm.bpm_histogram_second_peak_weight": 0.05859957883755366,
        "lowlevel.spectral_centroid.min": 210.87874857584634,
        "lowlevel.spectral_centroid.var": 736077.1041666666,
        "lowlevel.loudness_ebu128.short_term.dvar2": 0.1475912934790055,
        "lowlevel.loudness_ebu128.short_term.stdev": 5.169328530629476,
        "rhythm.beats_loudness.max": 0.09662402172883351,
        "lowlevel.loudness_ebu128.momentary.dvar2": 6.431381901105245,
        "lowlevel.spectral_centroid.dvar2": 222806.94270833334,
        "lowlevel.loudness_ebu128.momentary.max": -11.118433634440104,
        "lowlevel.average_loudness": 0.740797092517217,
        "lowlevel.loudness_ebu128.momentary.var": 76.42280578613281,
        "lowlevel.loudness_ebu128.loudness_range": 6.924547513326009,
        "rhythm.beats_loudness.dmean": 0.013229292817413807,
        "lowlevel.loudness_ebu128.momentary.dvar": 2.8892778555552163,
        "metadata.audio_properties.analysis.equal_loudness": 0.0,
        "lowlevel.spectral_centroid.dmean": 266.84112040201825,
        "rhythm.bpm": 117.11047617594402,
        "lowlevel.spectral_centroid.dvar": 120750.0,
        "lowlevel.loudness_ebu128.momentary.dmean2": 0.9778937697410583,
        "rhythm.bpm_histogram_first_peak_weight": 0.48134052753448486,
        "rhythm.bpm_histogram_second_peak_spread": 0.4087301691373189,
        "lowlevel.loudness_ebu128.momentary.mean": -17.682659149169922,
        "lowlevel.loudness_ebu128.momentary.dmean": 0.8375674684842428,
        "rhythm.beats_loudness.mean": 0.02774565729002158,
        "rhythm.bpm_histogram_second_peak_bpm": 111.33333333333333,
        "lowlevel.loudness_ebu128.integrated": -15.051467259724935,
        "rhythm.beats_loudness.var": 0.00030029183350658667,
        "lowlevel.loudness_ebu128.momentary.stdev": 8.23587958017985,
        "lowlevel.loudness_ebu128.short_term.var": 29.314549446105957,
        "lowlevel.spectral_centroid.max": 9403.525716145834,
        "rhythm.beats_loudness.dmean2": 0.023349307477474213,
        "rhythm.danceability": 1.0809261004130046,
        "lowlevel.loudness_ebu128.short_term.max": -11.733250617980957,
        "lowlevel.spectral_centroid.mean": 1788.7655029296875,
        "rhythm.beats_loudness.stdev": 0.01711779957016309,
        "lowlevel.loudness_ebu128.short_term.dmean2": 0.09329075366258621,
        "lowlevel.loudness_ebu128.short_term.dmean": 0.12317318717638652,
        "lowlevel.loudness_ebu128.short_term.mean": -16.47385851542155,
        "rhythm.bpm_histogram_first_peak_bpm": 117.33333333333333,
        "lowlevel.loudness_ebu128.short_term.median": -15.53222910563151,
        "lowlevel.spectral_centroid.median": 1730.2156575520833,
        "lowlevel.spectral_centroid.stdev": 855.2651570638021,
        "lowlevel.spectral_centroid.dmean2": 396.4973551432292,
        "rhythm.beats_loudness.median": 0.027707063282529514
    },
    "outlier_flag": false,
    "outlier_reasons": null,
    "raw_versions": [
        {
            "id": "viwUY7LhaEg",
            "title": "The ultimate Addams Family Snap-Along theme song feat. Charlize Theron, Chlo\u00eb Grace Moretz and more!",
            "views": 11913131,
            "features": {
                "lowlevel.average_loudness": 0.8627059459686279,
                "lowlevel.loudness_ebu128.integrated": -10.371689796447754,
                "lowlevel.loudness_ebu128.loudness_range": 7.220859527587891,
                "lowlevel.loudness_ebu128.momentary.dmean": 1.1585270166397095,
                "lowlevel.loudness_ebu128.momentary.dmean2": 1.590232014656067,
                "lowlevel.loudness_ebu128.momentary.dvar": 6.333048343658447,
                "lowlevel.loudness_ebu128.momentary.dvar2": 16.347936630249023,
                "lowlevel.loudness_ebu128.momentary.max": -6.789995193481445,
                "lowlevel.loudness_ebu128.momentary.mean": -12.643028259277344,
                "lowlevel.loudness_ebu128.momentary.median": -10.751262664794922,
                "lowlevel.loudness_ebu128.momentary.min": -59.98186492919922,
                "lowlevel.loudness_ebu128.momentary.stdev": 6.165121078491211,
                "lowlevel.loudness_ebu128.momentary.var": 38.00871658325195,
                "lowlevel.loudness_ebu128.short_term.dmean": 0.11600154638290405,
                "lowlevel.loudness_ebu128.short_term.dmean2": 0.09786420315504074,
                "lowlevel.loudness_ebu128.short_term.dvar": 0.025932099670171738,
                "lowlevel.loudness_ebu128.short_term.dvar2": 0.018300410360097885,
                "lowlevel.loudness_ebu128.short_term.max": -7.89454460144043,
                "lowlevel.loudness_ebu128.short_term.mean": -11.44698715209961,
                "lowlevel.loudness_ebu128.short_term.median": -10.768598556518555,
                "lowlevel.loudness_ebu128.short_term.min": -27.12705421447754,
                "lowlevel.loudness_ebu128.short_term.stdev": 3.256385326385498,
                "lowlevel.loudness_ebu128.short_term.var": 10.604044914245605,
                "lowlevel.spectral_centroid.dmean": 306.1162414550781,
                "lowlevel.spectral_centroid.dmean2": 454.163330078125,
                "lowlevel.spectral_centroid.dvar": 152006.65625,
                "lowlevel.spectral_centroid.dvar2": 295154.0625,
                "lowlevel.spectral_centroid.max": 11026.1904296875,
                "lowlevel.spectral_centroid.mean": 2259.1337890625,
                "lowlevel.spectral_centroid.median": 2260.4267578125,
                "lowlevel.spectral_centroid.min": 206.55157470703125,
                "lowlevel.spectral_centroid.stdev": 893.1834106445312,
                "lowlevel.spectral_centroid.var": 797776.5625,
                "metadata.audio_properties.analysis.equal_loudness": 0.0,
                "rhythm.beats_loudness.dmean": 0.015694143250584602,
                "rhythm.beats_loudness.dmean2": 0.02847466990351677,
                "rhythm.beats_loudness.dvar": 0.00019097341282758862,
                "rhythm.beats_loudness.dvar2": 0.0005936898523941636,
                "rhythm.beats_loudness.max": 0.07544590532779694,
                "rhythm.beats_loudness.mean": 0.03298219293355942,
                "rhythm.beats_loudness.median": 0.03350658714771271,
                "rhythm.beats_loudness.min": 3.458672495071369e-07,
                "rhythm.beats_loudness.stdev": 0.020929036661982536,
                "rhythm.beats_loudness.var": 0.00043802461004815996,
                "rhythm.bpm": 120.13142395019531,
                "rhythm.bpm_histogram_first_peak_bpm": 120.0,
                "rhythm.bpm_histogram_first_peak_weight": 0.39204543828964233,
                "rhythm.bpm_histogram_second_peak_bpm": 115.0,
                "rhythm.bpm_histogram_second_peak_spread": 0.19999998807907104,
                "rhythm.bpm_histogram_second_peak_weight": 0.04188481718301773,
                "rhythm.danceability": 1.135545015335083
            }
        },
        {
            "id": "LEIGvq8I6_A",
            "title": "Jamie Borthwick & Michelle Tsiakkas American Smooth to The Addams Family Theme \u2728 BBC Strictly 2024",
            "views": 2710697,
            "features": {
                "lowlevel.average_loudness": 0.8859646916389465,
                "lowlevel.loudness_ebu128.integrated": -18.918935775756836,