{
    "song_title": "Alice D. Millionaire",
    "artist": "Grateful Dead",
    "num_versions_processed": 2,
    "average_features": {
        "lowlevel.loudness_ebu128.momentary.dmean2": 0.7766721546649933,
        "lowlevel.loudness_ebu128.short_term.median": -13.303125858306885,
        "lowlevel.spectral_centroid.median": 1566.487060546875,
        "rhythm.beats_loudness.var": 0.0003167625909554772,
        "rhythm.beats_loudness.dvar": 0.0001637110544834286,
        "lowlevel.loudness_ebu128.short_term.stdev": 8.588126182556152,
        "lowlevel.loudness_ebu128.integrated": -13.12575912475586,
        "rhythm.beats_loudness.max": 0.1072857715189457,
        "lowlevel.spectral_centroid.max": 10826.783203125,
        "lowlevel.spectral_centroid.min": 249.52587890625,
        "lowlevel.loudness_ebu128.momentary.stdev": 11.758089065551758,
        "rhythm.bpm": 158.43344116210938,
        "lowlevel.loudness_ebu128.loudness_range": 7.835089206695557,
        "rhythm.beats_loudness.mean": 0.024701004847884178,
        "rhythm.bpm_histogram_second_peak_weight": 0.17394527047872543,
        "metadata.audio_properties.analysis.equal_loudness": 0.0,
        "lowlevel.loudness_ebu128.short_term.var": 118.08185875415802,
        "rhythm.beats_loudness.dvar2": 0.00044603439164347947,
        "rhythm.bpm_histogram_second_peak_bpm": 159.5,
        "lowlevel.loudness_ebu128.momentary.mean": -17.303813457489014,
        "lowlevel.loudness_ebu128.short_term.max": -9.625528573989868,
        "rhythm.beats_loudness.stdev": 0.01765502616763115,
        "lowlevel.loudness_ebu128.momentary.dmean": 0.6990965306758881,
        "lowlevel.spectral_centroid.mean": 1665.9732666015625,
        "lowlevel.spectral_centroid.stdev": 736.8050537109375,
        "rhythm.beats_loudness.median": 0.02219890896230936,
        "lowlevel.loudness_ebu128.short_term.dmean": 0.12233579903841019,
        "lowlevel.loudness_ebu128.short_term.dvar2": 0.21856749686412513,
        "rhythm.beats_loudness.dmean2": 0.021727917715907097,
        "lowlevel.loudness_ebu128.short_term.mean": -16.070611000061035,
        "lowlevel.loudness_ebu128.momentary.var": 166.99977493286133,
        "rhythm.beats_loudness.dmean": 0.01278122654184699,
        "lowlevel.loudness_ebu128.momentary.min": -88.54713439941406,
        "lowlevel.loudness_ebu128.momentary.dvar": 1.130325973033905,
        "lowlevel.spectral_centroid.dmean": 222.95899963378906,
        "lowlevel.spectral_centroid.var": 571555.90625,
        "rhythm.beats_loudness.min": 6.616628411837411e-09,
        "lowlevel.average_loudness": 0.6126303374767303,
        "lowlevel.loudness_ebu128.short_term.dmean2": 0.11852893978357315,
        "lowlevel.loudness_ebu128.short_term.min": -55.579020500183105,
        "rhythm.bpm_histogram_first_peak_bpm": 158.0,
        "lowlevel.loudness_ebu128.momentary.max": -6.925256729125977,
        "lowlevel.spectral_centroid.dmean2": 339.62396240234375,
        "rhythm.bpm_histogram_second_peak_spread": 0.0,
        "lowlevel.loudness_ebu128.short_term.dvar": 0.2347098351456225,
        "lowlevel.loudness_ebu128.momentary.median": -13.909744262695312,
        "rhythm.danceability": 1.0457330644130707,
        "lowlevel.spectral_centroid.dvar": 58229.62890625,
        "rhythm.bpm_histogram_first_peak_weight": 0.1955307424068451,
        "lowlevel.loudness_ebu128.momentary.dvar2": 1.5112664103507996,
        "lowlevel.spectral_centroid.dvar2": 118115.01953125
    },
    "outlier_flag": true,
    "outlier_reasons": [
        "BPM Variance: 27.66 (limit 20)"
    ],
    "raw_versions": [
        {
            "id": "SFNQpRZ2lG4",
            "title": "Alice D. Millionaire",
            "views": 23534,
            "features": {
                "lowlevel.average_loudness": 0.6197471618652344,
                "lowlevel.loudness_ebu128.integrated": -11.828744888305664,
                "lowlevel.loudness_ebu128.loudness_range": 4.7454681396484375,
                "lowlevel.loudness_ebu128.momentary.dmean": 0.641242265701294,
                "lowlevel.loudness_ebu128.momentary.dmean2": 0.7000831365585327,
                "lowlevel.loudness_ebu128.momentary.dvar": 0.7273430824279785,
                "lowlevel.loudness_ebu128.momentary.dvar2": 1.1004152297973633,
                "lowlevel.loudness_ebu128.momentary.max": -6.697484970092773,
                "lowlevel.loudness_ebu128.momentary.mean": -13.278346061706543,
                "lowlevel.loudness_ebu128.momentary.median": -12.400847434997559,
                "lowlevel.loudness_ebu128.momentary.min": -86.20399475097656,
                "lowlevel.loudness_ebu128.momentary.stdev": 6.396453857421875,
                "lowlevel.loudness_ebu128.momentary.var": 40.91461944580078,
                "lowlevel.loudness_ebu128.short_term.dmean": 0.09328366816043854,
                "lowlevel.loudness_ebu128.short_term.dmean2": 0.08288438618183136,
                "lowlevel.loudness_ebu128.short_term.dvar": 0.008289766497910023,
                "lowlevel.loudness_ebu128.short_term.dvar2": 0.00622220104560256,
                "lowlevel.loudness_ebu128.short_term.max": -7.797306537628174,
                "lowlevel.loudness_ebu128.short_term.mean": -12.265377044677734,
                "lowlevel.loudness_ebu128.short_term.median": -12.131348609924316,
                "lowlevel.loudness_ebu128.short_term.min": -21.037649154663086,
                "lowlevel.loudness_ebu128.short_term.stdev": 1.9303531646728516,
                "lowlevel.loudness_ebu128.short_term.var": 3.7262632846832275,
                "lowlevel.spectral_centroid.dmean": 236.99282836914062,
                "lowlevel.spectral_centroid.dmean2": 359.4208068847656,
                "lowlevel.spectral_centroid.dvar": 67282.8203125,
                "lowlevel.spectral_centroid.dvar2": 137702.875,
                "lowlevel.spectral_centroid.max": 10998.240234375,
                "lowlevel.spectral_centroid.mean": 1495.133056640625,
                "lowlevel.spectral_centroid.median": 1459.771240234375,
                "lowlevel.spectral_centroid.min": 192.43008422851562,
                "lowlevel.spectral_centroid.stdev": 567.4703369140625,
                "lowlevel.spectral_centroid.var": 322022.5625,
                "metadata.audio_properties.analysis.equal_loudness": 0.0,
                "rhythm.beats_loudness.dmean": 0.012491051107645035,
                "rhythm.beats_loudness.dmean2": 0.021046563982963562,
                "rhythm.beats_loudness.dvar": 0.00011507065210025758,
                "rhythm.beats_loudness.dvar2": 0.0003159062471240759,
                "rhythm.beats_loudness.max": 0.08512470871210098,
                "rhythm.beats_loudness.mean": 0.025909539312124252,
                "rhythm.beats_loudness.median": 0.02387145720422268,
                "rhythm.beats_loudness.min": 1.1686245748876445e-08,
                "rhythm.beats_loudness.stdev": 0.015404995530843735,
                "rhythm.beats_loudness.var": 0.0002373138995608315,
                "rhythm.bpm": 172.26560974121094,
                "rhythm.bpm_histogram_first_peak_bpm": 172.0,
                "rhythm.bpm_histogram_first_peak_weight": 0.0,
                "rhythm.bpm_histogram_second_peak_bpm": 167.0,
                "rhythm.bpm_histogram_second_peak_spread": 0.0,
                "rhythm.bpm_histogram_second_peak_weight": 0.2587064802646637,
                "rhythm.danceability": 0.9820299744606018
            }
        },
        {
            "id": "Q2W0vcKttHs",
            "title": "Grateful Dead -- Alice D. Millionaire",
            "views": 44992,
            "features": {
                "lowlevel.average_loudness": 0.6055135130882263,
                "lowlevel.loudness_ebu128.integrated": -14.422773361206055,
                "lowlevel.loudness_ebu128.loudness_range": 10.924710273742676,
                "lowlevel.loudness_ebu128.momentary.dmean": 0.7569507956504822,