{
    "song_title": "Alice D. Millionaire",
    "artist": "Grateful Dead",
    "num_versions_processed": 2,
    "average_features": {
        "lowlevel.spectral_centroid.dmean": 235.764404296875,
        "lowlevel.loudness_ebu128.short_term.mean": -14.202419757843018,
        "rhythm.bpm_histogram_first_peak_weight": 0.0,
        "lowlevel.loudness_ebu128.short_term.median": -12.399553775787354,
        "lowlevel.loudness_ebu128.momentary.dvar": 0.6090501248836517,
        "lowlevel.loudness_ebu128.short_term.stdev": 8.713546752929688,
        "rhythm.bpm_histogram_second_peak_spread": 0.0,
        "rhythm.beats_loudness.dmean": 0.012247036676853895,
        "rhythm.beats_loudness.min": 8.88148597721905e-09,
        "lowlevel.loudness_ebu128.momentary.dmean2": 0.6629492342472076,
        "rhythm.danceability": 0.9788955748081207,
        "lowlevel.loudness_ebu128.momentary.stdev": 11.933737516403198,
        "metadata.audio_properties.analysis.equal_loudness": 0.0,
        "rhythm.beats_loudness.stdev": 0.015467677265405655,
        "lowlevel.loudness_ebu128.momentary.mean": -15.390031337738037,
        "lowlevel.loudness_ebu128.momentary.median": -12.661726951599121,
        "lowlevel.loudness_ebu128.momentary.max": -6.998023748397827,
        "rhythm.beats_loudness.median": 0.023125513456761837,
        "rhythm.beats_loudness.dmean2": 0.020937160588800907,
        "lowlevel.loudness_ebu128.loudness_range": 4.646852970123291,
        "lowlevel.spectral_centroid.dmean2": 359.30979919433594,
        "lowlevel.loudness_ebu128.integrated": -12.04769229888916,
        "rhythm.beats_loudness.dvar": 0.00010904763257713057,
        "lowlevel.loudness_ebu128.short_term.dmean": 0.11372819170355797,
        "lowlevel.spectral_centroid.var": 561233.5625,
        "rhythm.beats_loudness.max": 0.08092157915234566,
        "lowlevel.loudness_ebu128.short_term.dmean2": 0.08449392393231392,
        "lowlevel.loudness_ebu128.short_term.max": -8.04606819152832,
        "lowlevel.spectral_centroid.min": 199.03177642822266,
        "lowlevel.average_loudness": 0.6010681390762329,
        "lowlevel.loudness_ebu128.short_term.min": -55.451523780822754,
        "rhythm.bpm_histogram_second_peak_bpm": 167.0,
        "lowlevel.loudness_ebu128.short_term.dvar": 0.07339529413729906,
        "rhythm.beats_loudness.dvar2": 0.0002869821182684973,
        "lowlevel.loudness_ebu128.short_term.var": 122.93383038043976,
        "rhythm.beats_loudness.var": 0.0002393520626355894,
        "rhythm.bpm_histogram_first_peak_bpm": 172.0,
        "lowlevel.loudness_ebu128.momentary.var": 178.61937522888184,
        "lowlevel.spectral_centroid.median": 1464.5211791992188,
        "lowlevel.spectral_centroid.stdev": 726.4486389160156,
        "lowlevel.spectral_centroid.max": 11227.5439453125,
        "lowlevel.loudness_ebu128.short_term.dvar2": 0.013454239582642913,
        "rhythm.beats_loudness.mean": 0.025531772524118423,
        "lowlevel.loudness_ebu128.momentary.dmean": 0.6160455942153931,
        "rhythm.bpm": 172.2657012939453,
        "lowlevel.spectral_centroid.dvar": 69737.19140625,
        "lowlevel.spectral_centroid.mean": 1565.3841552734375,
        "lowlevel.loudness_ebu128.momentary.min": -85.97542572021484,
        "lowlevel.loudness_ebu128.momentary.dvar2": 0.8449891805648804,
        "rhythm.bpm_histogram_second_peak_weight": 0.2792987525463104,
        "lowlevel.spectral_centroid.dvar2": 141991.96875
    },
    "outlier_flag": false,
    "outlier_reasons": null,
    "raw_versions": [
        {
            "id": "cQybXHI2W-A",
            "title": "Alice D. Millionaire - Grateful Dead",
            "views": 75998,
            "features": {
                "lowlevel.average_loudness": 0.6440991759300232,
                "lowlevel.loudness_ebu128.integrated": -12.262470245361328,
                "lowlevel.loudness_ebu128.loudness_range": 4.537144660949707,
                "lowlevel.loudness_ebu128.momentary.dmean": 0.6283498406410217,
                "lowlevel.loudness_ebu128.momentary.dmean2": 0.6789471507072449,
                "lowlevel.loudness_ebu128.momentary.dvar": 0.609497606754303,
                "lowlevel.loudness_ebu128.momentary.dvar2": 0.8518811464309692,
                "lowlevel.loudness_ebu128.momentary.max": -7.269847869873047,
                "lowlevel.loudness_ebu128.momentary.mean": -13.585698127746582,
                "lowlevel.loudness_ebu128.momentary.median": -12.785303115844727,
                "lowlevel.loudness_ebu128.momentary.min": -80.71129608154297,
                "lowlevel.loudness_ebu128.momentary.stdev": 5.916656017303467,
                "lowlevel.loudness_ebu128.momentary.var": 35.00681686401367,
                "lowlevel.loudness_ebu128.short_term.dmean": 0.09180956333875656,
                "lowlevel.loudness_ebu128.short_term.dmean2": 0.08022929728031158,
                "lowlevel.loudness_ebu128.short_term.dvar": 0.008401656523346901,
                "lowlevel.loudness_ebu128.short_term.dvar2": 0.005880873184651136,
                "lowlevel.loudness_ebu128.short_term.max": -8.311165809631348,
                "lowlevel.loudness_ebu128.short_term.mean": -12.657864570617676,
                "lowlevel.loudness_ebu128.short_term.median": -12.535541534423828,
                "lowlevel.loudness_ebu128.short_term.min": -20.744951248168945,
                "lowlevel.loudness_ebu128.short_term.stdev": 1.857314109802246,
                "lowlevel.loudness_ebu128.short_term.var": 3.449615716934204,
                "lowlevel.spectral_centroid.dmean": 235.90037536621094,
                "lowlevel.spectral_centroid.dmean2": 358.0628356933594,
                "lowlevel.spectral_centroid.dvar": 72787.2265625,
                "lowlevel.spectral_centroid.dvar2": 146035.046875,
                "lowlevel.spectral_centroid.max": 11312.6650390625,
                "lowlevel.spectral_centroid.mean": 1469.91162109375,
                "lowlevel.spectral_centroid.median": 1438.388671875,
                "lowlevel.spectral_centroid.min": 197.68887329101562,
                "lowlevel.spectral_centroid.stdev": 543.40234375,
                "lowlevel.spectral_centroid.var": 295286.125,
                "metadata.audio_properties.analysis.equal_loudness": 0.0,
                "rhythm.beats_loudness.dmean": 0.012630668468773365,
                "rhythm.beats_loudness.dmean2": 0.021581128239631653,
                "rhythm.beats_loudness.dvar": 0.00010829515667865053,
                "rhythm.beats_loudness.dvar2": 0.0002864947309717536,
                "rhythm.beats_loudness.max": 0.08498668670654297,
                "rhythm.beats_loudness.mean": 0.026017867028713226,
                "rhythm.beats_loudness.median": 0.023533988744020462,
                "rhythm.beats_loudness.min": 1.7586559764026788e-08,
                "rhythm.beats_loudness.stdev": 0.015146700665354729,
                "rhythm.beats_loudness.var": 0.00022942254145164043,
                "rhythm.bpm": 172.26576232910156,
                "rhythm.bpm_histogram_first_peak_bpm": 172.0,
                "rhythm.bpm_histogram_first_peak_weight": 0.0,
                "rhythm.bpm_histogram_second_peak_bpm": 167.0,
                "rhythm.bpm_histogram_second_peak_spread": 0.0,
                "rhythm.bpm_histogram_second_peak_weight": 0.2917705774307251,
                "rhythm.danceability": 0.9860710501670837
            }
        },
        {
            "id": "ZzaoYkLE03U",
            "title": "10. Alice D. Millionaire - The Grateful Dead - The Grateful Dead",
            "views": 129,
            "features": {
                "lowlevel.average_loudness": 0.5580371022224426,
                "lowlevel.loudness_ebu128.integrated": -11.832914352416992,
                "lowlevel.loudness_ebu128.loudness_range": 4.756561279296875,
                "lowlevel.loudness_ebu128.momentary.dmean": 0.6037413477897644,
                "lowlevel.loudness_ebu128.momentary.dmean2": 0.6469513177871704,