{
    "song_title": "All I Have To Do Is Dream",
    "artist": "Grateful Dead",
    "num_versions_processed": 1,
    "average_features": {
        "lowlevel.loudness_ebu128.momentary.dmean2": 0.7933670878410339,
        "lowlevel.loudness_ebu128.short_term.median": -15.997047424316406,
        "lowlevel.spectral_centroid.median": 897.9647216796875,
        "rhythm.beats_loudness.var": 0.000290785072138533,
        "rhythm.beats_loudness.dvar": 0.0001642676506889984,
        "lowlevel.loudness_ebu128.short_term.stdev": 1.923918604850769,
        "lowlevel.loudness_ebu128.integrated": -15.353934288024902,
        "rhythm.beats_loudness.max": 0.09748807549476624,
        "lowlevel.spectral_centroid.max": 11243.4091796875,
        "lowlevel.spectral_centroid.min": 257.6470642089844,
        "lowlevel.loudness_ebu128.momentary.stdev": 6.404300212860107,
        "rhythm.bpm": 124.98648071289062,
        "lowlevel.loudness_ebu128.loudness_range": 5.54762077331543,
        "rhythm.beats_loudness.mean": 0.03119843266904354,
        "rhythm.bpm_histogram_second_peak_weight": 0.03405017778277397,
        "metadata.audio_properties.analysis.equal_loudness": 0.0,
        "lowlevel.loudness_ebu128.short_term.var": 3.701462984085083,
        "rhythm.beats_loudness.dvar2": 0.0004809180973097682,
        "rhythm.bpm_histogram_second_peak_bpm": 120.0,
        "lowlevel.loudness_ebu128.momentary.mean": -16.610048294067383,
        "lowlevel.loudness_ebu128.short_term.max": -11.506233215332031,
        "rhythm.beats_loudness.stdev": 0.0170524213463068,
        "lowlevel.loudness_ebu128.momentary.dmean": 0.6743416786193848,
        "lowlevel.spectral_centroid.mean": 1057.8475341796875,
        "lowlevel.spectral_centroid.stdev": 648.8421630859375,
        "rhythm.beats_loudness.median": 0.02906668558716774,
        "lowlevel.loudness_ebu128.short_term.dmean": 0.1005093902349472,
        "lowlevel.loudness_ebu128.short_term.dvar2": 0.0070882742293179035,
        "rhythm.beats_loudness.dmean2": 0.027366114780306816,
        "lowlevel.loudness_ebu128.short_term.mean": -15.787494659423828,
        "lowlevel.loudness_ebu128.momentary.var": 41.01506423950195,
        "rhythm.beats_loudness.dmean": 0.01591699942946434,
        "lowlevel.loudness_ebu128.momentary.min": -91.13656616210938,
        "lowlevel.loudness_ebu128.momentary.dvar": 1.6272474527359009,
        "lowlevel.spectral_centroid.dmean": 172.49203491210938,
        "lowlevel.spectral_centroid.var": 420996.125,
        "rhythm.beats_loudness.min": 1.1662643073506729e-09,
        "lowlevel.average_loudness": 0.8839333653450012,
        "lowlevel.loudness_ebu128.short_term.dmean2": 0.09051625430583954,
        "lowlevel.loudness_ebu128.short_term.min": -23.636215209960938,
        "rhythm.bpm_histogram_first_peak_bpm": 126.0,
        "lowlevel.loudness_ebu128.momentary.max": -10.613950729370117,
        "lowlevel.spectral_centroid.dmean2": 263.8160400390625,
        "rhythm.bpm_histogram_second_peak_spread": 0.13636362552642822,
        "lowlevel.loudness_ebu128.short_term.dvar": 0.008367438800632954,
        "lowlevel.loudness_ebu128.momentary.median": -15.822443962097168,
        "rhythm.danceability": 1.1209214925765991,
        "lowlevel.spectral_centroid.dvar": 55140.171875,
        "rhythm.bpm_histogram_first_peak_weight": 0.5115385055541992,
        "lowlevel.loudness_ebu128.momentary.dvar2": 2.168105125427246,
        "lowlevel.spectral_centroid.dvar2": 103516.1640625
    },
    "outlier_flag": false,
    "outlier_reasons": null,
    "raw_versions": [
        {
            "id": "5yJmBC7cMTM",
            "title": "Grateful Dead - Ripple (New York, NY 10/31/80) (Official Live Video)",
            "views": 5152941,
            "features": {
                "lowlevel.average_loudness": 0.8839333653450012,
                "lowlevel.loudness_ebu128.integrated": -15.353934288024902,
                "lowlevel.loudness_ebu128.loudness_range": 5.54762077331543,
                "lowlevel.loudness_ebu128.momentary.dmean": 0.6743416786193848,
                "lowlevel.loudness_ebu128.momentary.dmean2": 0.7933670878410339,
                "lowlevel.loudness_ebu128.momentary.dvar": 1.6272474527359009,
                "lowlevel.loudness_ebu128.momentary.dvar2": 2.168105125427246,
                "lowlevel.loudness_ebu128.momentary.max": -10.613950729370117,
                "lowlevel.loudness_ebu128.momentary.mean": -16.610048294067383,
                "lowlevel.loudness_ebu128.momentary.median": -15.822443962097168,
                "lowlevel.loudness_ebu128.momentary.min": -91.13656616210938,
                "lowlevel.loudness_ebu128.momentary.stdev": 6.404300212860107,
                "lowlevel.loudness_ebu128.momentary.var": 41.01506423950195,
                "lowlevel.loudness_ebu128.short_term.dmean": 0.1005093902349472,
                "lowlevel.loudness_ebu128.short_term.dmean2": 0.09051625430583954,
                "lowlevel.loudness_ebu128.short_term.dvar": 0.008367438800632954,
                "lowlevel.loudness_ebu128.short_term.dvar2": 0.0070882742293179035,
                "lowlevel.loudness_ebu128.short_term.max": -11.506233215332031,
                "lowlevel.loudness_ebu128.short_term.mean": -15.787494659423828,
                "lowlevel.loudness_ebu128.short_term.median": -15.997047424316406,
                "lowlevel.loudness_ebu128.short_term.min": -23.636215209960938,
                "lowlevel.loudness_ebu128.short_term.stdev": 1.923918604850769,
                "lowlevel.loudness_ebu128.short_term.var": 3.701462984085083,
                "lowlevel.spectral_centroid.dmean": 172.49203491210938,
                "lowlevel.spectral_centroid.dmean2": 263.8160400390625,
                "lowlevel.spectral_centroid.dvar": 55140.171875,
                "lowlevel.spectral_centroid.dvar2": 103516.1640625,
                "lowlevel.spectral_centroid.max": 11243.4091796875,
                "lowlevel.spectral_centroid.mean": 1057.8475341796875,
                "lowlevel.spectral_centroid.median": 897.9647216796875,
                "lowlevel.spectral_centroid.min": 257.6470642089844,
                "lowlevel.spectral_centroid.stdev": 648.8421630859375,
                "lowlevel.spectral_centroid.var": 420996.125,
                "metadata.audio_properties.analysis.equal_loudness": 0.0,
                "rhythm.beats_loudness.dmean": 0.01591699942946434,
                "rhythm.beats_loudness.dmean2": 0.027366114780306816,
                "rhythm.beats_loudness.dvar": 0.0001642676506889984,
                "rhythm.beats_loudness.dvar2": 0.0004809180973097682,
                "rhythm.beats_loudness.max": 0.09748807549476624,
                "rhythm.beats_loudness.mean": 0.03119843266904354,
                "rhythm.beats_loudness.median": 0.02906668558716774,
                "rhythm.beats_loudness.min": 1.1662643073506729e-09,
                "rhythm.beats_loudness.stdev": 0.0170524213463068,
                "rhythm.beats_loudness.var": 0.000290785072138533,
                "rhythm.bpm": 124.98648071289062,
                "rhythm.bpm_histogram_first_peak_bpm": 126.0,
                "rhythm.bpm_histogram_first_peak_weight": 0.5115385055541992,
                "rhythm.bpm_histogram_second_peak_bpm": 120.0,
                "rhythm.bpm_histogram_second_peak_spread": 0.13636362552642822,
                "rhythm.bpm_histogram_second_peak_weight": 0.03405017778277397,
                "rhythm.danceability": 1.1209214925765991
            }
        }
    ]
}