{
    "song_title": "Alligator",
    "artist": "Grateful Dead",
    "num_versions_processed": 1,
    "average_features": {
        "lowlevel.spectral_centroid.dmean": 184.8392333984375,
        "lowlevel.loudness_ebu128.short_term.mean": -16.781444549560547,
        "rhythm.bpm_histogram_first_peak_weight": 0.4213835597038269,
        "lowlevel.loudness_ebu128.short_term.median": -16.615625381469727,
        "lowlevel.loudness_ebu128.momentary.dvar": 0.44435521960258484,
        "lowlevel.loudness_ebu128.short_term.stdev": 2.9853014945983887,
        "rhythm.bpm_histogram_second_peak_spread": 0.6317830085754395,
        "rhythm.beats_loudness.dmean": 0.015919821336865425,
        "rhythm.beats_loudness.min": 5.774354121967917e-06,
        "lowlevel.loudness_ebu128.momentary.dmean2": 0.7575429677963257,
        "rhythm.danceability": 1.0571869611740112,
        "lowlevel.loudness_ebu128.momentary.stdev": 3.6441831588745117,
        "metadata.audio_properties.analysis.equal_loudness": 0.0,
        "rhythm.beats_loudness.stdev": 0.025602826848626137,
        "lowlevel.loudness_ebu128.momentary.mean": -17.144886016845703,
        "lowlevel.loudness_ebu128.momentary.median": -16.789037704467773,
        "lowlevel.loudness_ebu128.momentary.max": -6.241921424865723,
        "rhythm.beats_loudness.median": 0.019715284928679466,
        "rhythm.beats_loudness.dmean2": 0.028112955391407013,
        "lowlevel.loudness_ebu128.loudness_range": 8.41189956665039,
        "lowlevel.spectral_centroid.dmean2": 279.1639099121094,
        "lowlevel.loudness_ebu128.integrated": -15.70976448059082,
        "rhythm.beats_loudness.dvar": 0.0004534109029918909,
        "lowlevel.loudness_ebu128.short_term.dmean": 0.1056683212518692,
        "lowlevel.spectral_centroid.var": 220472.703125,
        "rhythm.beats_loudness.max": 0.25087031722068787,
        "lowlevel.loudness_ebu128.short_term.dmean2": 0.10527931898832321,
        "lowlevel.loudness_ebu128.short_term.max": -7.4349822998046875,
        "lowlevel.spectral_centroid.min": 185.10755920410156,
        "lowlevel.average_loudness": 0.06009393930435181,
        "lowlevel.loudness_ebu128.short_term.min": -29.78507423400879,
        "rhythm.bpm_histogram_second_peak_bpm": 96.0,
        "lowlevel.loudness_ebu128.short_term.dvar": 0.013830308802425861,
        "rhythm.beats_loudness.dvar2": 0.001325141405686736,
        "lowlevel.loudness_ebu128.short_term.var": 8.91202449798584,
        "rhythm.beats_loudness.var": 0.0006555047002620995,
        "rhythm.bpm_histogram_first_peak_bpm": 108.0,
        "lowlevel.loudness_ebu128.momentary.var": 13.280070304870605,
        "lowlevel.spectral_centroid.median": 911.5709228515625,
        "lowlevel.spectral_centroid.stdev": 469.5451965332031,
        "lowlevel.spectral_centroid.max": 5742.0615234375,
        "lowlevel.loudness_ebu128.short_term.dvar2": 0.013200006447732449,
        "rhythm.beats_loudness.mean": 0.026399711146950722,
        "lowlevel.loudness_ebu128.momentary.dmean": 0.6261028051376343,
        "rhythm.bpm": 107.42195892333984,
        "lowlevel.spectral_centroid.dvar": 41716.42578125,
        "lowlevel.spectral_centroid.mean": 1000.28564453125,
        "lowlevel.loudness_ebu128.momentary.min": -49.05467987060547,
        "lowlevel.loudness_ebu128.momentary.dvar2": 0.64767986536026,
        "rhythm.bpm_histogram_second_peak_weight": 0.05761067196726799,
        "lowlevel.spectral_centroid.dvar2": 92464.703125
    },
    "outlier_flag": false,
    "outlier_reasons": null,
    "raw_versions": [
        {
            "id": "P5EZKvsmxsw",
            "title": "Grateful Dead - Alligator 1968-01-22",
            "views": 62259,
            "features": {
                "lowlevel.average_loudness": 0.06009393930435181,
                "lowlevel.loudness_ebu128.integrated": -15.70976448059082,
                "lowlevel.loudness_ebu128.loudness_range": 8.41189956665039,
                "lowlevel.loudness_ebu128.momentary.dmean": 0.6261028051376343,
                "lowlevel.loudness_ebu128.momentary.dmean2": 0.7575429677963257,
                "lowlevel.loudness_ebu128.momentary.dvar": 0.44435521960258484,
                "lowlevel.loudness_ebu128.momentary.dvar2": 0.64767986536026,
                "lowlevel.loudness_ebu128.momentary.max": -6.241921424865723,
                "lowlevel.loudness_ebu128.momentary.mean": -17.144886016845703,
                "lowlevel.loudness_ebu128.momentary.median": -16.789037704467773,
                "lowlevel.loudness_ebu128.momentary.min": -49.05467987060547,
                "lowlevel.loudness_ebu128.momentary.stdev": 3.6441831588745117,
                "lowlevel.loudness_ebu128.momentary.var": 13.280070304870605,
                "lowlevel.loudness_ebu128.short_term.dmean": 0.1056683212518692,
                "lowlevel.loudness_ebu128.short_term.dmean2": 0.10527931898832321,
                "lowlevel.loudness_ebu128.short_term.dvar": 0.013830308802425861,
                "lowlevel.loudness_ebu128.short_term.dvar2": 0.013200006447732449,
                "lowlevel.loudness_ebu128.short_term.max": -7.4349822998046875,
                "lowlevel.loudness_ebu128.short_term.mean": -16.781444549560547,
                "lowlevel.loudness_ebu128.short_term.median": -16.615625381469727,
                "lowlevel.loudness_ebu128.short_term.min": -29.78507423400879,
                "lowlevel.loudness_ebu128.short_term.stdev": 2.9853014945983887,
                "lowlevel.loudness_ebu128.short_term.var": 8.91202449798584,
                "lowlevel.spectral_centroid.dmean": 184.8392333984375,
                "lowlevel.spectral_centroid.dmean2": 279.1639099121094,
                "lowlevel.spectral_centroid.dvar": 41716.42578125,
                "lowlevel.spectral_centroid.dvar2": 92464.703125,
                "lowlevel.spectral_centroid.max": 5742.0615234375,
                "lowlevel.spectral_centroid.mean": 1000.28564453125,
                "lowlevel.spectral_centroid.median": 911.5709228515625,
                "lowlevel.spectral_centroid.min": 185.10755920410156,
                "lowlevel.spectral_centroid.stdev": 469.5451965332031,
                "lowlevel.spectral_centroid.var": 220472.703125,
                "metadata.audio_properties.analysis.equal_loudness": 0.0,
                "rhythm.beats_loudness.dmean": 0.015919821336865425,
                "rhythm.beats_loudness.dmean2": 0.028112955391407013,
                "rhythm.beats_loudness.dvar": 0.0004534109029918909,
                "rhythm.beats_loudness.dvar2": 0.001325141405686736,
                "rhythm.beats_loudness.max": 0.25087031722068787,
                "rhythm.beats_loudness.mean": 0.026399711146950722,
                "rhythm.beats_loudness.median": 0.019715284928679466,
                "rhythm.beats_loudness.min": 5.774354121967917e-06,
                "rhythm.beats_loudness.stdev": 0.025602826848626137,
                "rhythm.beats_loudness.var": 0.0006555047002620995,
                "rhythm.bpm": 107.42195892333984,
                "rhythm.bpm_histogram_first_peak_bpm": 108.0,
                "rhythm.bpm_histogram_first_peak_weight": 0.4213835597038269,
                "rhythm.bpm_histogram_second_peak_bpm": 96.0,
                "rhythm.bpm_histogram_second_peak_spread": 0.6317830085754395,
                "rhythm.bpm_histogram_second_peak_weight": 0.05761067196726799,
                "rhythm.danceability": 1.0571869611740112
            }
        }
    ]
}