{
    "song_title": "Althea",
    "artist": "Grateful Dead",
    "num_versions_processed": 3,
    "average_features": {
        "lowlevel.loudness_ebu128.short_term.dvar2": 0.01102816437681516,
        "lowlevel.loudness_ebu128.momentary.var": 12.285198847452799,
        "lowlevel.loudness_ebu128.momentary.min": -54.67761484781901,
        "lowlevel.spectral_centroid.dvar": 59247.536458333336,
        "rhythm.beats_loudness.min": 0.000589097183933703,
        "lowlevel.spectral_centroid.mean": 1177.83056640625,
        "rhythm.beats_loudness.dvar": 0.00032129133857476216,
        "rhythm.bpm_histogram_first_peak_bpm": 158.0,
        "rhythm.beats_loudness.median": 0.03327722909549872,
        "lowlevel.loudness_ebu128.integrated": -16.874540011088055,
        "lowlevel.loudness_ebu128.short_term.mean": -17.41299883524577,
        "rhythm.beats_loudness.dmean2": 0.03373675234615803,
        "lowlevel.loudness_ebu128.momentary.dvar2": 0.5173642834027609,
        "rhythm.bpm_histogram_second_peak_weight": 0.2519310414791107,
        "lowlevel.loudness_ebu128.loudness_range": 5.603692690531413,
        "rhythm.bpm_histogram_second_peak_bpm": 163.66666666666666,
        "lowlevel.loudness_ebu128.short_term.min": -30.915199915568035,
        "lowlevel.loudness_ebu128.short_term.stdev": 2.2214238246281943,
        "lowlevel.loudness_ebu128.short_term.dmean2": 0.10459277282158534,
        "lowlevel.loudness_ebu128.short_term.var": 5.201621373494466,
        "rhythm.beats_loudness.mean": 0.03717004507780075,
        "lowlevel.spectral_centroid.max": 9195.566243489584,
        "lowlevel.loudness_ebu128.momentary.dvar": 0.42351946234703064,
        "rhythm.beats_loudness.stdev": 0.02223037617901961,
        "lowlevel.loudness_ebu128.momentary.max": -10.964487393697103,
        "lowlevel.spectral_centroid.median": 1041.9796346028645,
        "lowlevel.loudness_ebu128.momentary.dmean": 0.6457703908284506,
        "lowlevel.loudness_ebu128.short_term.dvar": 0.010442645599444708,
        "rhythm.beats_loudness.var": 0.0005242944947288682,
        "lowlevel.loudness_ebu128.momentary.stdev": 3.3632009824117026,
        "lowlevel.loudness_ebu128.momentary.mean": -17.812038739522297,
        "rhythm.beats_loudness.dmean": 0.01942301852007707,
        "lowlevel.average_loudness": 0.7598365545272827,
        "lowlevel.loudness_ebu128.short_term.median": -17.16836452484131,
        "rhythm.beats_loudness.max": 0.1548615942398707,
        "metadata.audio_properties.analysis.equal_loudness": 0.0,
        "lowlevel.loudness_ebu128.momentary.dmean2": 0.6933034459749857,
        "lowlevel.spectral_centroid.dvar2": 121716.68489583333,
        "lowlevel.loudness_ebu128.short_term.max": -13.354194641113281,
        "lowlevel.spectral_centroid.var": 363188.8645833333,
        "rhythm.bpm_histogram_first_peak_weight": 0.26472000281016034,
        "lowlevel.loudness_ebu128.momentary.median": -17.490610122680664,
        "rhythm.bpm": 159.8335215250651,
        "rhythm.beats_loudness.dvar2": 0.0009242349769920111,
        "lowlevel.loudness_ebu128.short_term.dmean": 0.10113479693730672,
        "lowlevel.spectral_centroid.stdev": 600.3258463541666,
        "lowlevel.spectral_centroid.dmean": 199.38799540201822,
        "lowlevel.spectral_centroid.dmean2": 300.0801544189453,
        "rhythm.danceability": 1.2007900476455688,
        "lowlevel.spectral_centroid.min": 214.0045623779297,
        "rhythm.bpm_histogram_second_peak_spread": 0.07414104541142781
    },
    "outlier_flag": false,
    "outlier_reasons": null,
    "raw_versions": [
        {
            "id": "k9Yz0MC4bkQ",
            "title": "Grateful Dead - Althea (Live at Oakland Stadium; Oakland, CA 5/27/89) [Official Video]",
            "views": 407426,
            "features": {
                "lowlevel.average_loudness": 0.6168672442436218,
                "lowlevel.loudness_ebu128.integrated": -18.617740631103516,
                "lowlevel.loudness_ebu128.loudness_range": 7.310651779174805,
                "lowlevel.loudness_ebu128.momentary.dmean": 0.7408245801925659,
                "lowlevel.loudness_ebu128.momentary.dmean2": 0.8255950808525085,
                "lowlevel.loudness_ebu128.momentary.dvar": 0.6239091753959656,
                "lowlevel.loudness_ebu128.momentary.dvar2": 0.7363861799240112,
                "lowlevel.loudness_ebu128.momentary.max": -12.368263244628906,
                "lowlevel.loudness_ebu128.momentary.mean": -19.937137603759766,
                "lowlevel.loudness_ebu128.momentary.median": -19.643190383911133,
                "lowlevel.loudness_ebu128.momentary.min": -90.9048080444336,
                "lowlevel.loudness_ebu128.momentary.stdev": 4.666392803192139,
                "lowlevel.loudness_ebu128.momentary.var": 21.775222778320312,
                "lowlevel.loudness_ebu128.short_term.dmean": 0.10408831387758255,
                "lowlevel.loudness_ebu128.short_term.dmean2": 0.10776644945144653,
                "lowlevel.loudness_ebu128.short_term.dvar": 0.011333542875945568,
                "lowlevel.loudness_ebu128.short_term.dvar2": 0.011338086798787117,
                "lowlevel.loudness_ebu128.short_term.max": -13.863675117492676,
                "lowlevel.loudness_ebu128.short_term.mean": -19.36777114868164,
                "lowlevel.loudness_ebu128.short_term.median": -19.33979034423828,
                "lowlevel.loudness_ebu128.short_term.min": -37.185272216796875,
                "lowlevel.loudness_ebu128.short_term.stdev": 2.648983955383301,
                "lowlevel.loudness_ebu128.short_term.var": 7.017116546630859,
                "lowlevel.spectral_centroid.dmean": 237.70159912109375,
                "lowlevel.spectral_centroid.dmean2": 352.9084167480469,
                "lowlevel.spectral_centroid.dvar": 67218.875,
                "lowlevel.spectral_centroid.dvar2": 133751.0,
                "lowlevel.spectral_centroid.max": 5536.41357421875,
                "lowlevel.spectral_centroid.mean": 1567.4615478515625,
                "lowlevel.spectral_centroid.median": 1479.343017578125,
                "lowlevel.spectral_centroid.min": 335.6267395019531,
                "lowlevel.spectral_centroid.stdev": 638.725341796875,
                "lowlevel.spectral_centroid.var": 407970.0625,
                "metadata.audio_properties.analysis.equal_loudness": 0.0,
                "rhythm.beats_loudness.dmean": 0.014142520725727081,
                "rhythm.beats_loudness.dmean2": 0.024650337174534798,
                "rhythm.beats_loudness.dvar": 0.0002063817228190601,
                "rhythm.beats_loudness.dvar2": 0.0005884107085876167,
                "rhythm.beats_loudness.max": 0.12288357317447662,
                "rhythm.beats_loudness.mean": 0.024605225771665573,
                "rhythm.beats_loudness.median": 0.01995014026761055,
                "rhythm.beats_loudness.min": 1.7415692221689483e-09,
                "rhythm.beats_loudness.stdev": 0.017937349155545235,
                "rhythm.beats_loudness.var": 0.0003217484918422997,
                "rhythm.bpm": 163.2248077392578,
                "rhythm.bpm_histogram_first_peak_bpm": 161.0,
                "rhythm.bpm_histogram_first_peak_weight": 0.2528589963912964,
                "rhythm.bpm_histogram_second_peak_bpm": 167.0,
                "rhythm.bpm_histogram_second_peak_spread": 0.0,
                "rhythm.bpm_histogram_second_peak_weight": 0.2577502131462097,
                "rhythm.danceability": 1.213657259941101
            }
        },
        {
            "id": "VohLOhZ_5pM",
            "title": "Grateful Dead - Althea - 10/30/1980 - Radio City Music Hall",
            "views": 153746,
            "features": {
                "lowlevel.average_loudness": 0.8868651390075684,
                "lowlevel.loudness_ebu128.integrated": -17.797548294067383,
                "lowlevel.loudness_ebu128.loudness_range": 4.239011764526367,