{
    "song_title": "And We Bid You Good Night Jam",
    "artist": "Grateful Dead",
    "num_versions_processed": 2,
    "average_features": {
        "lowlevel.loudness_ebu128.momentary.dmean2": 1.4193037152290344,
        "lowlevel.loudness_ebu128.short_term.median": -23.211020469665527,
        "lowlevel.spectral_centroid.median": 1079.4743041992188,
        "rhythm.beats_loudness.var": 0.0012340530374785885,
        "rhythm.beats_loudness.dvar": 0.0013417719455901533,
        "lowlevel.loudness_ebu128.short_term.stdev": 8.101868391036987,
        "lowlevel.loudness_ebu128.integrated": -20.8857421875,
        "rhythm.beats_loudness.max": 0.2823331132531166,
        "lowlevel.spectral_centroid.max": 5079.84814453125,
        "lowlevel.spectral_centroid.min": 201.70922088623047,
        "lowlevel.loudness_ebu128.momentary.stdev": 11.258493423461914,
        "rhythm.bpm": 135.5247573852539,
        "lowlevel.loudness_ebu128.loudness_range": 10.08651351928711,
        "rhythm.beats_loudness.mean": 0.020074897445738316,
        "rhythm.bpm_histogram_second_peak_weight": 0.09464596956968307,
        "metadata.audio_properties.analysis.equal_loudness": 0.0,
        "lowlevel.loudness_ebu128.short_term.var": 72.17122840881348,
        "rhythm.beats_loudness.dvar2": 0.003598955663619563,
        "rhythm.bpm_histogram_second_peak_bpm": 127.5,
        "lowlevel.loudness_ebu128.momentary.mean": -27.66143226623535,
        "lowlevel.loudness_ebu128.short_term.max": -15.383413314819336,
        "rhythm.beats_loudness.stdev": 0.03271378576755524,
        "lowlevel.loudness_ebu128.momentary.dmean": 1.4515191912651062,
        "lowlevel.spectral_centroid.mean": 1277.7644348144531,
        "lowlevel.spectral_centroid.stdev": 832.9808654785156,
        "rhythm.beats_loudness.median": 0.009766867384314537,
        "lowlevel.loudness_ebu128.short_term.dmean": 0.2185356393456459,
        "lowlevel.loudness_ebu128.short_term.dvar2": 0.10210361797362566,
        "rhythm.beats_loudness.dmean2": 0.03508723247796297,
        "lowlevel.loudness_ebu128.short_term.mean": -24.605697631835938,
        "lowlevel.loudness_ebu128.momentary.var": 134.56978607177734,
        "rhythm.beats_loudness.dmean": 0.019815614446997643,
        "lowlevel.loudness_ebu128.momentary.min": -88.46338272094727,
        "lowlevel.loudness_ebu128.momentary.dvar": 4.03600549697876,
        "lowlevel.spectral_centroid.dmean": 181.64371490478516,
        "lowlevel.spectral_centroid.var": 696747.6875,
        "rhythm.beats_loudness.min": 9.208434570417978e-09,
        "lowlevel.average_loudness": 0.3580394643358886,
        "lowlevel.loudness_ebu128.short_term.dmean2": 0.17175663262605667,
        "lowlevel.loudness_ebu128.short_term.min": -74.44110488891602,
        "rhythm.bpm_histogram_first_peak_bpm": 135.5,
        "lowlevel.loudness_ebu128.momentary.max": -11.756550312042236,
        "lowlevel.spectral_centroid.dmean2": 272.99617767333984,
        "rhythm.bpm_histogram_second_peak_spread": 0.5038992762565613,
        "lowlevel.loudness_ebu128.short_term.dvar": 0.15052128303796053,
        "lowlevel.loudness_ebu128.momentary.median": -25.011266708374023,
        "rhythm.danceability": 1.0374148786067963,
        "lowlevel.spectral_centroid.dvar": 60676.578125,
        "rhythm.bpm_histogram_first_peak_weight": 0.6004093289375305,
        "lowlevel.loudness_ebu128.momentary.dvar2": 4.893781960010529,
        "lowlevel.spectral_centroid.dvar2": 112015.1484375
    },
    "outlier_flag": true,
    "outlier_reasons": [
        "BPM Variance: 24.33 (limit 20)"
    ],
    "raw_versions": [
        {
            "id": "cIMiN0OLRQI",
            "title": "And We Bid You Goodnight (Live at Knickerbocker Arena, Albany, NY, March 1990)",
            "views": 31700,
            "features": {
                "lowlevel.average_loudness": 0.7036338448524475,
                "lowlevel.loudness_ebu128.integrated": -21.205699920654297,
                "lowlevel.loudness_ebu128.loudness_range": 6.524141311645508,
                "lowlevel.loudness_ebu128.momentary.dmean": 1.1131248474121094,
                "lowlevel.loudness_ebu128.momentary.dmean2": 1.0141656398773193,
                "lowlevel.loudness_ebu128.momentary.dvar": 1.7736430168151855,
                "lowlevel.loudness_ebu128.momentary.dvar2": 1.6225143671035767,
                "lowlevel.loudness_ebu128.momentary.max": -14.433445930480957,
                "lowlevel.loudness_ebu128.momentary.mean": -24.956830978393555,
                "lowlevel.loudness_ebu128.momentary.median": -22.578018188476562,
                "lowlevel.loudness_ebu128.momentary.min": -88.7324447631836,
                "lowlevel.loudness_ebu128.momentary.stdev": 8.462762832641602,
                "lowlevel.loudness_ebu128.momentary.var": 71.61836242675781,
                "lowlevel.loudness_ebu128.short_term.dmean": 0.16198618710041046,
                "lowlevel.loudness_ebu128.short_term.dmean2": 0.12528201937675476,
                "lowlevel.loudness_ebu128.short_term.dvar": 0.023738810792565346,
                "lowlevel.loudness_ebu128.short_term.dvar2": 0.01910162903368473,
                "lowlevel.loudness_ebu128.short_term.max": -17.71733283996582,
                "lowlevel.loudness_ebu128.short_term.mean": -23.152528762817383,
                "lowlevel.loudness_ebu128.short_term.median": -21.788293838500977,
                "lowlevel.loudness_ebu128.short_term.min": -61.06559753417969,
                "lowlevel.loudness_ebu128.short_term.stdev": 5.546294689178467,
                "lowlevel.loudness_ebu128.short_term.var": 30.76138687133789,
                "lowlevel.spectral_centroid.dmean": 214.11570739746094,
                "lowlevel.spectral_centroid.dmean2": 319.8829650878906,
                "lowlevel.spectral_centroid.dvar": 65270.1015625,
                "lowlevel.spectral_centroid.dvar2": 116461.171875,
                "lowlevel.spectral_centroid.max": 4846.70361328125,
                "lowlevel.spectral_centroid.mean": 1613.2607421875,
                "lowlevel.spectral_centroid.median": 1500.3037109375,
                "lowlevel.spectral_centroid.min": 264.8379821777344,
                "lowlevel.spectral_centroid.stdev": 779.2171020507812,
                "lowlevel.spectral_centroid.var": 607179.3125,
                "metadata.audio_properties.analysis.equal_loudness": 0.0,
                "rhythm.beats_loudness.dmean": 0.017237477004528046,
                "rhythm.beats_loudness.dmean2": 0.030263444408774376,
                "rhythm.beats_loudness.dvar": 0.0003169263363815844,
                "rhythm.beats_loudness.dvar2": 0.0008183679892681539,
                "rhythm.beats_loudness.max": 0.11591528356075287,
                "rhythm.beats_loudness.mean": 0.020093774423003197,
                "rhythm.beats_loudness.median": 0.014677979052066803,
                "rhythm.beats_loudness.min": 1.6185138562718748e-08,
                "rhythm.beats_loudness.stdev": 0.0199129581451416,
                "rhythm.beats_loudness.var": 0.0003965259238611907,
                "rhythm.bpm": 147.69056701660156,
                "rhythm.bpm_histogram_first_peak_bpm": 148.0,
                "rhythm.bpm_histogram_first_peak_weight": 0.5955555438995361,
                "rhythm.bpm_histogram_second_peak_bpm": 140.0,
                "rhythm.bpm_histogram_second_peak_spread": 0.45098036527633667,
                "rhythm.bpm_histogram_second_peak_weight": 0.06779661029577255,
                "rhythm.danceability": 1.0873578786849976
            }
        },
        {
            "id": "T6A23_F_MDA",
            "title": "And We Bid You Goodnight (Live at Avalon Ballroom, San Francisco, CA, 1/25/69)",
            "views": 5664,
            "features": {
                "lowlevel.average_loudness": 0.012445083819329739,
                "lowlevel.loudness_ebu128.integrated": -20.565784454345703,
                "lowlevel.loudness_ebu128.loudness_range": 13.648885726928711,