{
    "song_title": "And We Bid You Good Night",
    "artist": "Grateful Dead",
    "num_versions_processed": 2,
    "average_features": {
        "lowlevel.loudness_ebu128.momentary.dmean2": 1.3462302684783936,
        "lowlevel.loudness_ebu128.short_term.median": -22.276718139648438,
        "lowlevel.spectral_centroid.median": 1034.4304809570312,
        "rhythm.beats_loudness.var": 0.0006862623558845371,
        "rhythm.beats_loudness.dvar": 0.0007583709666505456,
        "lowlevel.loudness_ebu128.short_term.stdev": 3.4665311574935913,
        "lowlevel.loudness_ebu128.integrated": -21.168363571166992,
        "rhythm.beats_loudness.max": 0.25132375955581665,
        "lowlevel.spectral_centroid.max": 11201.68603515625,
        "lowlevel.spectral_centroid.min": 199.23723602294922,
        "lowlevel.loudness_ebu128.momentary.stdev": 7.0167412757873535,
        "rhythm.bpm": 136.4456558227539,
        "lowlevel.loudness_ebu128.loudness_range": 10.216669082641602,
        "rhythm.beats_loudness.mean": 0.020479806698858738,
        "rhythm.bpm_histogram_second_peak_weight": 0.09214089438319206,
        "metadata.audio_properties.analysis.equal_loudness": 0.0,
        "lowlevel.loudness_ebu128.short_term.var": 12.131852149963379,
        "rhythm.beats_loudness.dvar2": 0.002075745665933937,
        "rhythm.bpm_histogram_second_peak_bpm": 128.0,
        "lowlevel.loudness_ebu128.momentary.mean": -25.584985733032227,
        "lowlevel.loudness_ebu128.short_term.max": -17.12922191619873,
        "rhythm.beats_loudness.stdev": 0.025982553139328957,
        "lowlevel.loudness_ebu128.momentary.dmean": 1.3809245228767395,
        "lowlevel.spectral_centroid.mean": 1101.1915893554688,
        "lowlevel.spectral_centroid.stdev": 572.7061157226562,
        "rhythm.beats_loudness.median": 0.012429610826075077,
        "lowlevel.loudness_ebu128.short_term.dmean": 0.17243888974189758,
        "lowlevel.loudness_ebu128.short_term.dvar2": 0.04478309117257595,
        "rhythm.beats_loudness.dmean2": 0.03620824031531811,
        "lowlevel.loudness_ebu128.short_term.mean": -23.02691650390625,
        "lowlevel.loudness_ebu128.momentary.var": 49.39938926696777,
        "rhythm.beats_loudness.dmean": 0.02020888961851597,
        "lowlevel.loudness_ebu128.momentary.min": -58.435909271240234,
        "lowlevel.loudness_ebu128.momentary.dvar": 3.98077130317688,
        "lowlevel.spectral_centroid.dmean": 171.88301849365234,
        "lowlevel.spectral_centroid.var": 335401.875,
        "rhythm.beats_loudness.min": 5.591054787146277e-06,
        "lowlevel.average_loudness": 0.39210814982652664,
        "lowlevel.loudness_ebu128.short_term.dmean2": 0.14937017112970352,
        "lowlevel.loudness_ebu128.short_term.min": -40.19524383544922,
        "rhythm.bpm_histogram_first_peak_bpm": 136.5,
        "lowlevel.loudness_ebu128.momentary.max": -12.603514194488525,
        "lowlevel.spectral_centroid.dmean2": 259.9049606323242,
        "rhythm.bpm_histogram_second_peak_spread": 0.44003385305404663,
        "lowlevel.loudness_ebu128.short_term.dvar": 0.051428415812551975,
        "lowlevel.loudness_ebu128.momentary.median": -23.50894260406494,
        "rhythm.danceability": 1.080669105052948,
        "lowlevel.spectral_centroid.dvar": 60577.814453125,
        "rhythm.bpm_histogram_first_peak_weight": 0.6262190937995911,
        "lowlevel.loudness_ebu128.momentary.dvar2": 3.855444550514221,
        "lowlevel.spectral_centroid.dvar2": 108017.3984375
    },
    "outlier_flag": false,
    "outlier_reasons": null,
    "raw_versions": [
        {
            "id": "a8gNgiCWlYg",
            "title": "We Bid You Goodnight (2 cam) - Grateful Dead - 10-8-1989 Hampton, Va set2-11",
            "views": 194043,
            "features": {
                "lowlevel.average_loudness": 0.6416969299316406,
                "lowlevel.loudness_ebu128.integrated": -19.234188079833984,
                "lowlevel.loudness_ebu128.loudness_range": 10.89657211303711,
                "lowlevel.loudness_ebu128.momentary.dmean": 1.3133920431137085,
                "lowlevel.loudness_ebu128.momentary.dmean2": 1.2363814115524292,
                "lowlevel.loudness_ebu128.momentary.dvar": 3.8982434272766113,
                "lowlevel.loudness_ebu128.momentary.dvar2": 3.674750566482544,
                "lowlevel.loudness_ebu128.momentary.max": -12.64317512512207,
                "lowlevel.loudness_ebu128.momentary.mean": -23.807132720947266,
                "lowlevel.loudness_ebu128.momentary.median": -21.5019588470459,
                "lowlevel.loudness_ebu128.momentary.min": -65.21868133544922,
                "lowlevel.loudness_ebu128.momentary.stdev": 7.422609806060791,
                "lowlevel.loudness_ebu128.momentary.var": 55.09513854980469,
                "lowlevel.loudness_ebu128.short_term.dmean": 0.15707483887672424,
                "lowlevel.loudness_ebu128.short_term.dmean2": 0.1260802149772644,
                "lowlevel.loudness_ebu128.short_term.dvar": 0.02826862968504429,
                "lowlevel.loudness_ebu128.short_term.dvar2": 0.0250040702521801,
                "lowlevel.loudness_ebu128.short_term.max": -16.163230895996094,
                "lowlevel.loudness_ebu128.short_term.mean": -21.165409088134766,
                "lowlevel.loudness_ebu128.short_term.median": -20.11722183227539,
                "lowlevel.loudness_ebu128.short_term.min": -42.27360534667969,
                "lowlevel.loudness_ebu128.short_term.stdev": 3.8056674003601074,
                "lowlevel.loudness_ebu128.short_term.var": 14.483104705810547,
                "lowlevel.spectral_centroid.dmean": 215.0762176513672,
                "lowlevel.spectral_centroid.dmean2": 323.36199951171875,
                "lowlevel.spectral_centroid.dvar": 78734.875,
                "lowlevel.spectral_centroid.dvar2": 139370.921875,
                "lowlevel.spectral_centroid.max": 11127.6923828125,
                "lowlevel.spectral_centroid.mean": 1362.6597900390625,
                "lowlevel.spectral_centroid.median": 1369.3238525390625,
                "lowlevel.spectral_centroid.min": 226.4565887451172,
                "lowlevel.spectral_centroid.stdev": 658.7850952148438,
                "lowlevel.spectral_centroid.var": 433997.78125,
                "metadata.audio_properties.analysis.equal_loudness": 0.0,
                "rhythm.beats_loudness.dmean": 0.01845865696668625,
                "rhythm.beats_loudness.dmean2": 0.03299785032868385,
                "rhythm.beats_loudness.dvar": 0.0004655680386349559,
                "rhythm.beats_loudness.dvar2": 0.001178119913674891,
                "rhythm.beats_loudness.max": 0.13978338241577148,
                "rhythm.beats_loudness.mean": 0.01984320394694805,
                "rhythm.beats_loudness.median": 0.011866209097206593,
                "rhythm.beats_loudness.min": 3.9256465242942795e-06,
                "rhythm.beats_loudness.stdev": 0.02264050394296646,
                "rhythm.beats_loudness.var": 0.0005125924362801015,
                "rhythm.bpm": 133.12159729003906,
                "rhythm.bpm_histogram_first_peak_bpm": 133.0,
                "rhythm.bpm_histogram_first_peak_weight": 0.6034482717514038,
                "rhythm.bpm_histogram_second_peak_bpm": 123.0,
                "rhythm.bpm_histogram_second_peak_spread": 0.5844155550003052,
                "rhythm.bpm_histogram_second_peak_weight": 0.07511737197637558,
                "rhythm.danceability": 1.0783733129501343
            }
        },
        {
            "id": "uiJnYDiAEaE",
            "title": "We Bid You Goodnight (encore) Grateful Dead 10 16 1989 Meadowlands, NJ set2 10",
            "views": 60738,
            "features": {
                "lowlevel.average_loudness": 0.14251936972141266,
                "lowlevel.loudness_ebu128.integrated": -23.1025390625,
                "lowlevel.loudness_ebu128.loudness_range": 9.536766052246094,