{
    "song_title": "Are You Lonely For Me Baby?",
    "artist": "Grateful Dead",
    "num_versions_processed": 3,
    "average_features": {
        "lowlevel.loudness_ebu128.short_term.dvar2": 0.038090379908680916,
        "lowlevel.loudness_ebu128.momentary.var": 193.98027165730795,
        "lowlevel.loudness_ebu128.momentary.min": -78.95262145996094,
        "lowlevel.spectral_centroid.dvar": 58058.34765625,
        "rhythm.beats_loudness.min": 2.0433615995537244e-07,
        "lowlevel.spectral_centroid.mean": 1149.990214029948,
        "rhythm.beats_loudness.dvar": 0.00035426122970723856,
        "rhythm.bpm_histogram_first_peak_bpm": 107.0,
        "rhythm.beats_loudness.median": 0.025471766168872517,
        "lowlevel.loudness_ebu128.integrated": -18.717684427897137,
        "lowlevel.loudness_ebu128.short_term.mean": -23.605266253153484,
        "rhythm.beats_loudness.dmean2": 0.02780499371389548,
        "lowlevel.loudness_ebu128.momentary.dvar2": 1.507624864578247,
        "rhythm.bpm_histogram_second_peak_weight": 0.10258013165245454,
        "lowlevel.loudness_ebu128.loudness_range": 8.544260660807291,
        "rhythm.bpm_histogram_second_peak_bpm": 119.0,
        "lowlevel.loudness_ebu128.short_term.min": -62.63822682698568,
        "lowlevel.loudness_ebu128.short_term.stdev": 11.236633777618408,
        "lowlevel.loudness_ebu128.short_term.dmean2": 0.10479855537414551,
        "lowlevel.loudness_ebu128.short_term.var": 171.29779688517252,
        "rhythm.beats_loudness.mean": 0.02882995642721653,
        "lowlevel.spectral_centroid.max": 5155.771809895833,
        "lowlevel.loudness_ebu128.momentary.dvar": 1.1277117729187012,
        "rhythm.beats_loudness.stdev": 0.02340492544074853,
        "lowlevel.loudness_ebu128.momentary.max": -12.322557926177979,
        "lowlevel.spectral_centroid.median": 884.5029500325521,
        "lowlevel.loudness_ebu128.momentary.dmean": 0.842970609664917,
        "lowlevel.loudness_ebu128.short_term.dvar": 0.04736409584681193,
        "rhythm.beats_loudness.var": 0.0005580487098389616,
        "lowlevel.loudness_ebu128.momentary.stdev": 12.658320585886637,
        "lowlevel.loudness_ebu128.momentary.mean": -24.586212158203125,
        "rhythm.beats_loudness.dmean": 0.015593095993002256,
        "lowlevel.average_loudness": 0.5857882002989451,
        "lowlevel.loudness_ebu128.short_term.median": -19.324429194132488,
        "rhythm.beats_loudness.max": 0.15124509235223135,
        "metadata.audio_properties.analysis.equal_loudness": 0.0,
        "lowlevel.loudness_ebu128.momentary.dmean2": 0.8696049451828003,
        "lowlevel.spectral_centroid.dvar2": 135923.59895833334,
        "lowlevel.loudness_ebu128.short_term.max": -14.9356050491333,
        "lowlevel.spectral_centroid.var": 923659.9114583334,
        "rhythm.bpm_histogram_first_peak_weight": 0.5003479520479838,
        "lowlevel.loudness_ebu128.momentary.median": -19.989970525105793,
        "rhythm.bpm": 106.93710835774739,
        "rhythm.beats_loudness.dvar2": 0.0010412183958881844,
        "lowlevel.loudness_ebu128.short_term.dmean": 0.12996180852254233,
        "lowlevel.spectral_centroid.stdev": 840.1673787434896,
        "lowlevel.spectral_centroid.dmean": 163.86300659179688,
        "lowlevel.spectral_centroid.dmean2": 256.9327138264974,
        "rhythm.danceability": 1.0613176822662354,
        "lowlevel.spectral_centroid.min": 162.10845947265625,
        "rhythm.bpm_histogram_second_peak_spread": 0.19953304529190063
    },
    "outlier_flag": false,
    "outlier_reasons": null,
    "raw_versions": [
        {
            "id": "8rn9Ikyx5UA",
            "title": "Are You Lonely For Me Baby (Live, 1974)",
            "views": 12487,
            "features": {
                "lowlevel.average_loudness": 0.877856969833374,
                "lowlevel.loudness_ebu128.integrated": -10.932641983032227,
                "lowlevel.loudness_ebu128.loudness_range": 6.094090461730957,
                "lowlevel.loudness_ebu128.momentary.dmean": 0.7251220941543579,
                "lowlevel.loudness_ebu128.momentary.dmean2": 0.7792080044746399,
                "lowlevel.loudness_ebu128.momentary.dvar": 0.7745617628097534,
                "lowlevel.loudness_ebu128.momentary.dvar2": 1.0177621841430664,
                "lowlevel.loudness_ebu128.momentary.max": -6.827772617340088,
                "lowlevel.loudness_ebu128.momentary.mean": -13.34849739074707,
                "lowlevel.loudness_ebu128.momentary.median": -11.147306442260742,
                "lowlevel.loudness_ebu128.momentary.min": -90.29449462890625,
                "lowlevel.loudness_ebu128.momentary.stdev": 7.910777568817139,
                "lowlevel.loudness_ebu128.momentary.var": 62.58040237426758,
                "lowlevel.loudness_ebu128.short_term.dmean": 0.10833872109651566,
                "lowlevel.loudness_ebu128.short_term.dmean2": 0.08428234606981277,
                "lowlevel.loudness_ebu128.short_term.dvar": 0.03203272819519043,
                "lowlevel.loudness_ebu128.short_term.dvar2": 0.024933354929089546,
                "lowlevel.loudness_ebu128.short_term.max": -8.34088134765625,
                "lowlevel.loudness_ebu128.short_term.mean": -12.403889656066895,
                "lowlevel.loudness_ebu128.short_term.median": -10.887099266052246,
                "lowlevel.loudness_ebu128.short_term.min": -45.406532287597656,
                "lowlevel.loudness_ebu128.short_term.stdev": 5.008814334869385,
                "lowlevel.loudness_ebu128.short_term.var": 25.08822250366211,
                "lowlevel.spectral_centroid.dmean": 123.66868591308594,
                "lowlevel.spectral_centroid.dmean2": 190.69375610351562,
                "lowlevel.spectral_centroid.dvar": 17800.7734375,
                "lowlevel.spectral_centroid.dvar2": 39975.6484375,
                "lowlevel.spectral_centroid.max": 5508.701171875,
                "lowlevel.spectral_centroid.mean": 962.0534057617188,
                "lowlevel.spectral_centroid.median": 881.196533203125,
                "lowlevel.spectral_centroid.min": 198.19627380371094,
                "lowlevel.spectral_centroid.stdev": 464.873046875,
                "lowlevel.spectral_centroid.var": 216106.953125,
                "metadata.audio_properties.analysis.equal_loudness": 0.0,
                "rhythm.beats_loudness.dmean": 0.013849155977368355,
                "rhythm.beats_loudness.dmean2": 0.023681843653321266,
                "rhythm.beats_loudness.dvar": 0.00014620217552874237,
                "rhythm.beats_loudness.dvar2": 0.0004086089029442519,
                "rhythm.beats_loudness.max": 0.09925563633441925,
                "rhythm.beats_loudness.mean": 0.039329707622528076,
                "rhythm.beats_loudness.median": 0.04003797471523285,
                "rhythm.beats_loudness.min": 3.4791935998867984e-10,
                "rhythm.beats_loudness.stdev": 0.020719390362501144,
                "rhythm.beats_loudness.var": 0.00042929311166517437,
                "rhythm.bpm": 90.04330444335938,
                "rhythm.bpm_histogram_first_peak_bpm": 89.0,
                "rhythm.bpm_histogram_first_peak_weight": 0.489130437374115,
                "rhythm.bpm_histogram_second_peak_bpm": 98.0,
                "rhythm.bpm_histogram_second_peak_spread": 0.4999999403953552,
                "rhythm.bpm_histogram_second_peak_weight": 0.012658228166401386,
                "rhythm.danceability": 1.0629771947860718
            }
        },
        {
            "id": "DqMpcrWAP7A",
            "title": "Freddie Scott John Martelli  Hey Girl/Are You Lonely For Me Baby",
            "views": 520,
            "features": {
                "lowlevel.average_loudness": 0.7418007850646973,
                "lowlevel.loudness_ebu128.integrated": -30.663530349731445,
                "lowlevel.loudness_ebu128.loudness_range": 9.65377426147461,
                "lowlevel.loudness_ebu128.momentary.dmean": 0.6941511631011963,