{
    "song_title": "Around And Around",
    "artist": "Grateful Dead",
    "num_versions_processed": 3,
    "average_features": {
        "lowlevel.loudness_ebu128.short_term.dvar2": 0.013886780478060246,
        "lowlevel.loudness_ebu128.momentary.var": 23.368384679158527,
        "lowlevel.loudness_ebu128.momentary.min": -55.689541498819985,
        "lowlevel.spectral_centroid.dvar": 40727.16796875,
        "rhythm.beats_loudness.min": 0.0002966900029874135,
        "lowlevel.spectral_centroid.mean": 1108.9190266927083,
        "rhythm.beats_loudness.dvar": 0.00025016944952464354,
        "rhythm.bpm_histogram_first_peak_bpm": 141.0,
        "rhythm.beats_loudness.median": 0.029736802602807682,
        "lowlevel.loudness_ebu128.integrated": -19.815216700236004,
        "lowlevel.loudness_ebu128.short_term.mean": -20.950215021769207,
        "rhythm.beats_loudness.dmean2": 0.029668581982453663,
        "lowlevel.loudness_ebu128.momentary.dvar2": 0.752309779326121,
        "rhythm.bpm_histogram_second_peak_weight": 0.14046701168020567,
        "lowlevel.loudness_ebu128.loudness_range": 7.672835985819499,
        "rhythm.bpm_histogram_second_peak_bpm": 120.0,
        "lowlevel.loudness_ebu128.short_term.min": -41.78887939453125,
        "lowlevel.loudness_ebu128.short_term.stdev": 3.687066078186035,
        "lowlevel.loudness_ebu128.short_term.dmean2": 0.10006037106116612,
        "lowlevel.loudness_ebu128.short_term.var": 14.885801633199057,
        "rhythm.beats_loudness.mean": 0.0317042525857687,
        "lowlevel.spectral_centroid.max": 9308.781901041666,
        "lowlevel.loudness_ebu128.momentary.dvar": 0.5140788356463114,
        "rhythm.beats_loudness.stdev": 0.01936281844973564,
        "lowlevel.loudness_ebu128.momentary.max": -13.306304613749186,
        "lowlevel.spectral_centroid.median": 1049.9984537760417,
        "lowlevel.loudness_ebu128.momentary.dmean": 0.6617177327473959,
        "lowlevel.loudness_ebu128.short_term.dvar": 0.020109458826482296,
        "rhythm.beats_loudness.var": 0.00038753488721946877,
        "lowlevel.loudness_ebu128.momentary.stdev": 4.6529191335042315,
        "lowlevel.loudness_ebu128.momentary.mean": -21.374667485555012,
        "rhythm.beats_loudness.dmean": 0.016256448812782764,
        "lowlevel.average_loudness": 0.665829579035441,
        "lowlevel.loudness_ebu128.short_term.median": -19.666585286458332,
        "rhythm.beats_loudness.max": 0.14489078025023142,
        "metadata.audio_properties.analysis.equal_loudness": 0.0,
        "lowlevel.loudness_ebu128.momentary.dmean2": 0.7729370594024658,
        "lowlevel.spectral_centroid.dvar2": 84910.28776041667,
        "lowlevel.loudness_ebu128.short_term.max": -16.27370611826579,
        "lowlevel.spectral_centroid.var": 246599.61458333334,
        "rhythm.bpm_histogram_first_peak_weight": 0.4549255967140198,
        "lowlevel.loudness_ebu128.momentary.median": -19.987886428833008,
        "rhythm.bpm": 141.07987467447916,
        "rhythm.beats_loudness.dvar2": 0.0007675573287997395,
        "lowlevel.loudness_ebu128.short_term.dmean": 0.09605872134367625,
        "lowlevel.spectral_centroid.stdev": 493.3777669270833,
        "lowlevel.spectral_centroid.dmean": 170.49112955729166,
        "lowlevel.spectral_centroid.dmean2": 262.4991912841797,
        "rhythm.danceability": 1.222829818725586,
        "lowlevel.spectral_centroid.min": 218.25618489583334,
        "rhythm.bpm_histogram_second_peak_spread": 0.3659167488416036
    },
    "outlier_flag": false,
    "outlier_reasons": null,
    "raw_versions": [
        {
            "id": "RwWNWz1GokQ",
            "title": "Grateful Dead - Around and Around (Louisville, KY 7/6/90)",
            "views": 40612,
            "features": {
                "lowlevel.average_loudness": 0.28356409072875977,
                "lowlevel.loudness_ebu128.integrated": -22.282894134521484,
                "lowlevel.loudness_ebu128.loudness_range": 6.667015075683594,
                "lowlevel.loudness_ebu128.momentary.dmean": 0.6891173720359802,
                "lowlevel.loudness_ebu128.momentary.dmean2": 0.8185389637947083,
                "lowlevel.loudness_ebu128.momentary.dvar": 0.5177441835403442,
                "lowlevel.loudness_ebu128.momentary.dvar2": 0.7084226608276367,
                "lowlevel.loudness_ebu128.momentary.max": -12.424325942993164,
                "lowlevel.loudness_ebu128.momentary.mean": -23.886259078979492,
                "lowlevel.loudness_ebu128.momentary.median": -22.488523483276367,
                "lowlevel.loudness_ebu128.momentary.min": -90.1905746459961,
                "lowlevel.loudness_ebu128.momentary.stdev": 5.798603534698486,
                "lowlevel.loudness_ebu128.momentary.var": 33.623802185058594,
                "lowlevel.loudness_ebu128.short_term.dmean": 0.10614670068025589,
                "lowlevel.loudness_ebu128.short_term.dmean2": 0.10927516967058182,
                "lowlevel.loudness_ebu128.short_term.dvar": 0.03885163366794586,
                "lowlevel.loudness_ebu128.short_term.dvar2": 0.017314041033387184,
                "lowlevel.loudness_ebu128.short_term.max": -17.04462432861328,
                "lowlevel.loudness_ebu128.short_term.mean": -23.28584098815918,
                "lowlevel.loudness_ebu128.short_term.median": -22.15886116027832,
                "lowlevel.loudness_ebu128.short_term.min": -58.77704620361328,
                "lowlevel.loudness_ebu128.short_term.stdev": 4.167148113250732,
                "lowlevel.loudness_ebu128.short_term.var": 17.365123748779297,
                "lowlevel.spectral_centroid.dmean": 163.08541870117188,
                "lowlevel.spectral_centroid.dmean2": 251.06968688964844,
                "lowlevel.spectral_centroid.dvar": 44555.125,
                "lowlevel.spectral_centroid.dvar2": 97735.765625,
                "lowlevel.spectral_centroid.max": 5404.6181640625,
                "lowlevel.spectral_centroid.mean": 831.733642578125,
                "lowlevel.spectral_centroid.median": 717.005859375,
                "lowlevel.spectral_centroid.min": 208.47328186035156,
                "lowlevel.spectral_centroid.stdev": 464.8489074707031,
                "lowlevel.spectral_centroid.var": 216084.515625,
                "metadata.audio_properties.analysis.equal_loudness": 0.0,
                "rhythm.beats_loudness.dmean": 0.02066761627793312,
                "rhythm.beats_loudness.dmean2": 0.0381406806409359,
                "rhythm.beats_loudness.dvar": 0.00041928456630557775,
                "rhythm.beats_loudness.dvar2": 0.0012880071299150586,
                "rhythm.beats_loudness.max": 0.21324744820594788,
                "rhythm.beats_loudness.mean": 0.03300763666629791,
                "rhythm.beats_loudness.median": 0.027951067313551903,
                "rhythm.beats_loudness.min": 5.017126269990513e-09,
                "rhythm.beats_loudness.stdev": 0.023302560672163963,
                "rhythm.beats_loudness.var": 0.0005430093733593822,
                "rhythm.bpm": 140.54100036621094,
                "rhythm.bpm_histogram_first_peak_bpm": 140.0,
                "rhythm.bpm_histogram_first_peak_weight": 0.4443168640136719,
                "rhythm.bpm_histogram_second_peak_bpm": 148.0,
                "rhythm.bpm_histogram_second_peak_spread": 0.1799999475479126,
                "rhythm.bpm_histogram_second_peak_weight": 0.0416666679084301,
                "rhythm.danceability": 1.1810261011123657
            }
        },
        {
            "id": "bY_Hu2iWNvc",
            "title": "Grateful Dead - Around And Around - 12/31/1977 - Winterland (Official)",
            "views": 2006,
            "features": {
                "lowlevel.average_loudness": 0.9313439130783081,
                "lowlevel.loudness_ebu128.integrated": -13.532661437988281,
                "lowlevel.loudness_ebu128.loudness_range": 4.92879581451416,
                "lowlevel.loudness_ebu128.momentary.dmean": 0.584454357624054,