{
    "song_title": "Attics Of My Life",
    "artist": "Grateful Dead",
    "num_versions_processed": 3,
    "average_features": {
        "lowlevel.loudness_ebu128.momentary.dmean2": 0.7396381894747416,
        "lowlevel.loudness_ebu128.short_term.median": -19.51483980814616,
        "lowlevel.spectral_centroid.median": 666.8214111328125,
        "rhythm.beats_loudness.var": 0.0005318094432974855,
        "rhythm.beats_loudness.dvar": 0.000275348264646406,
        "lowlevel.loudness_ebu128.short_term.stdev": 6.213165998458862,
        "lowlevel.loudness_ebu128.integrated": -17.953715960184734,
        "rhythm.beats_loudness.max": 0.13109577198823294,
        "lowlevel.spectral_centroid.max": 10865.328450520834,
        "lowlevel.spectral_centroid.min": 186.42474873860678,
        "lowlevel.loudness_ebu128.momentary.stdev": 8.572265148162842,
        "rhythm.bpm": 101.69294738769531,
        "lowlevel.loudness_ebu128.loudness_range": 12.09624989827474,
        "rhythm.beats_loudness.mean": 0.022031466166178387,
        "rhythm.bpm_histogram_second_peak_weight": 0.043681997805833817,
        "metadata.audio_properties.analysis.equal_loudness": 0.0,
        "lowlevel.loudness_ebu128.short_term.var": 45.831825256347656,
        "rhythm.beats_loudness.dvar2": 0.0007843802450224757,
        "rhythm.bpm_histogram_second_peak_bpm": 127.33333333333333,
        "lowlevel.loudness_ebu128.momentary.mean": -22.14645830790202,
        "lowlevel.loudness_ebu128.short_term.max": -11.791817347208658,
        "rhythm.beats_loudness.stdev": 0.022885611280798912,
        "lowlevel.loudness_ebu128.momentary.dmean": 0.8091743588447571,
        "lowlevel.spectral_centroid.mean": 870.7911376953125,
        "lowlevel.spectral_centroid.stdev": 625.3580118815104,
        "rhythm.beats_loudness.median": 0.014638251469781002,
        "lowlevel.loudness_ebu128.short_term.dmean": 0.16479050616423288,
        "lowlevel.loudness_ebu128.short_term.dvar2": 0.029019261089464028,
        "rhythm.beats_loudness.dmean2": 0.023352965091665585,
        "lowlevel.loudness_ebu128.short_term.mean": -20.902162551879883,
        "lowlevel.loudness_ebu128.momentary.var": 76.16370900472005,
        "rhythm.beats_loudness.dmean": 0.01332368173946937,
        "lowlevel.loudness_ebu128.momentary.min": -89.12194061279297,
        "lowlevel.loudness_ebu128.momentary.dvar": 1.1376449863115947,
        "lowlevel.spectral_centroid.dmean": 115.72751108805339,
        "lowlevel.spectral_centroid.var": 403285.65625,
        "rhythm.beats_loudness.min": 4.087619576154111e-09,
        "lowlevel.average_loudness": 0.28181409432242316,
        "lowlevel.loudness_ebu128.short_term.dmean2": 0.09423083315292995,
        "lowlevel.loudness_ebu128.short_term.min": -57.242635091145836,
        "rhythm.bpm_histogram_first_peak_bpm": 101.66666666666667,
        "lowlevel.loudness_ebu128.momentary.max": -10.23953914642334,
        "lowlevel.spectral_centroid.dmean2": 174.92731730143228,
        "rhythm.bpm_histogram_second_peak_spread": 0.23733937740325928,
        "lowlevel.loudness_ebu128.short_term.dvar": 0.04286803180972735,
        "lowlevel.loudness_ebu128.momentary.median": -20.460090001424152,
        "rhythm.danceability": 0.8866346677144369,
        "lowlevel.spectral_centroid.dvar": 35886.608072916664,
        "rhythm.bpm_histogram_first_peak_weight": 0.6569654941558838,
        "lowlevel.loudness_ebu128.momentary.dvar2": 1.3993430534998577,
        "lowlevel.spectral_centroid.dvar2": 68398.44921875
    },
    "outlier_flag": false,
    "outlier_reasons": null,
    "raw_versions": [
        {
            "id": "h43iRIvxOa8",
            "title": "Grateful Dead - Attics of My Life (Live at Shoreline Amphitheatre, Mountain View, CA, 8/25/1993)",
            "views": 56499,
            "features": {
                "lowlevel.average_loudness": 0.5914207696914673,
                "lowlevel.loudness_ebu128.integrated": -18.601516723632812,
                "lowlevel.loudness_ebu128.loudness_range": 8.387725830078125,
                "lowlevel.loudness_ebu128.momentary.dmean": 0.7350221872329712,
                "lowlevel.loudness_ebu128.momentary.dmean2": 0.6977952718734741,
                "lowlevel.loudness_ebu128.momentary.dvar": 1.183524489402771,
                "lowlevel.loudness_ebu128.momentary.dvar2": 1.391205072402954,
                "lowlevel.loudness_ebu128.momentary.max": -12.036423683166504,
                "lowlevel.loudness_ebu128.momentary.mean": -20.693517684936523,
                "lowlevel.loudness_ebu128.momentary.median": -19.953880310058594,
                "lowlevel.loudness_ebu128.momentary.min": -90.22076416015625,
                "lowlevel.loudness_ebu128.momentary.stdev": 6.616182804107666,
                "lowlevel.loudness_ebu128.momentary.var": 43.77387237548828,
                "lowlevel.loudness_ebu128.short_term.dmean": 0.13809332251548767,
                "lowlevel.loudness_ebu128.short_term.dmean2": 0.08394040167331696,
                "lowlevel.loudness_ebu128.short_term.dvar": 0.01670716144144535,
                "lowlevel.loudness_ebu128.short_term.dvar2": 0.009274127893149853,
                "lowlevel.loudness_ebu128.short_term.max": -14.155374526977539,
                "lowlevel.loudness_ebu128.short_term.mean": -19.626094818115234,
                "lowlevel.loudness_ebu128.short_term.median": -19.218008041381836,
                "lowlevel.loudness_ebu128.short_term.min": -32.906578063964844,
                "lowlevel.loudness_ebu128.short_term.stdev": 3.09869122505188,
                "lowlevel.loudness_ebu128.short_term.var": 9.601886749267578,
                "lowlevel.spectral_centroid.dmean": 115.31116485595703,
                "lowlevel.spectral_centroid.dmean2": 175.09750366210938,
                "lowlevel.spectral_centroid.dvar": 29638.79296875,
                "lowlevel.spectral_centroid.dvar2": 61284.87890625,
                "lowlevel.spectral_centroid.max": 10420.2109375,
                "lowlevel.spectral_centroid.mean": 821.1552734375,
                "lowlevel.spectral_centroid.median": 700.1658325195312,
                "lowlevel.spectral_centroid.min": 294.1673583984375,
                "lowlevel.spectral_centroid.stdev": 516.0088500976562,
                "lowlevel.spectral_centroid.var": 266265.125,
                "metadata.audio_properties.analysis.equal_loudness": 0.0,
                "rhythm.beats_loudness.dmean": 0.013529532589018345,
                "rhythm.beats_loudness.dmean2": 0.023406006395816803,
                "rhythm.beats_loudness.dvar": 0.00022371808881871402,
                "rhythm.beats_loudness.dvar2": 0.0006250023725442588,
                "rhythm.beats_loudness.max": 0.11949650943279266,
                "rhythm.beats_loudness.mean": 0.02333352528512478,
                "rhythm.beats_loudness.median": 0.017619473859667778,
                "rhythm.beats_loudness.min": 1.640665159285959e-09,
                "rhythm.beats_loudness.stdev": 0.020159389823675156,
                "rhythm.beats_loudness.var": 0.00040640102815814316,
                "rhythm.bpm": 108.19351959228516,
                "rhythm.bpm_histogram_first_peak_bpm": 108.0,
                "rhythm.bpm_histogram_first_peak_weight": 0.54923415184021,
                "rhythm.bpm_histogram_second_peak_bpm": 103.0,
                "rhythm.bpm_histogram_second_peak_spread": 0.2222222089767456,
                "rhythm.bpm_histogram_second_peak_weight": 0.04022988677024841,
                "rhythm.danceability": 0.9022992253303528
            }
        },
        {
            "id": "n1J3itSq0o0",
            "title": "Attics of My Life (Live at the Fillmore West in San Francisco, CA 1970)",
            "views": 24636,
            "features": {
                "lowlevel.average_loudness": 0.013278293423354626,
                "lowlevel.loudness_ebu128.integrated": -15.636124610900879,
                "lowlevel.loudness_ebu128.loudness_range": 14.104629516601562,