{
    "song_title": "Baba O'riley",
    "artist": "Grateful Dead",
    "num_versions_processed": 3,
    "average_features": {
        "rhythm.beats_loudness.dvar": 0.00036046612755550694,
        "lowlevel.loudness_ebu128.momentary.median": -19.88667869567871,
        "lowlevel.loudness_ebu128.short_term.min": -41.41509755452474,
        "lowlevel.loudness_ebu128.short_term.dvar": 0.022861353276918333,
        "rhythm.beats_loudness.dvar2": 0.0009565918783967694,
        "rhythm.beats_loudness.min": 4.752503390344683e-05,
        "lowlevel.loudness_ebu128.momentary.min": -62.478721618652344,
        "rhythm.bpm_histogram_second_peak_weight": 0.15809611479441324,
        "lowlevel.spectral_centroid.min": 191.4367421468099,
        "lowlevel.spectral_centroid.var": 142365.6953125,
        "lowlevel.loudness_ebu128.short_term.dvar2": 0.02704012704392274,
        "lowlevel.loudness_ebu128.short_term.stdev": 5.330933411916097,
        "rhythm.beats_loudness.max": 0.17513951162497202,
        "lowlevel.loudness_ebu128.momentary.dvar2": 1.3915767868359883,
        "lowlevel.spectral_centroid.dvar2": 71930.81119791667,
        "lowlevel.loudness_ebu128.momentary.max": -12.807076772054037,
        "lowlevel.average_loudness": 0.4592512051264445,
        "lowlevel.loudness_ebu128.momentary.var": 41.803147633870445,
        "lowlevel.loudness_ebu128.loudness_range": 13.514349619547525,
        "rhythm.beats_loudness.dmean": 0.01682113545636336,
        "lowlevel.loudness_ebu128.momentary.dvar": 0.8591884771982828,
        "metadata.audio_properties.analysis.equal_loudness": 0.0,
        "lowlevel.spectral_centroid.dmean": 134.85289255777994,
        "rhythm.bpm": 125.48972574869792,
        "lowlevel.spectral_centroid.dvar": 30224.692057291668,
        "lowlevel.loudness_ebu128.momentary.dmean2": 0.9308579166730245,
        "rhythm.bpm_histogram_first_peak_weight": 0.5489728053410848,
        "rhythm.bpm_histogram_second_peak_spread": 0.5701478123664856,
        "lowlevel.loudness_ebu128.momentary.mean": -21.79297129313151,
        "lowlevel.loudness_ebu128.momentary.dmean": 0.7566167314847311,
        "rhythm.beats_loudness.mean": 0.028322822724779446,
        "rhythm.bpm_histogram_second_peak_bpm": 121.0,
        "lowlevel.loudness_ebu128.integrated": -18.700260798136394,
        "rhythm.beats_loudness.var": 0.0007419582301129898,
        "lowlevel.loudness_ebu128.momentary.stdev": 6.323428948720296,
        "lowlevel.loudness_ebu128.short_term.var": 29.73472849527995,
        "lowlevel.spectral_centroid.max": 6220.385416666667,
        "rhythm.beats_loudness.dmean2": 0.028312817215919495,
        "rhythm.danceability": 1.1097317139307659,
        "lowlevel.loudness_ebu128.short_term.max": -14.792561531066895,
        "lowlevel.spectral_centroid.mean": 824.1438191731771,
        "rhythm.beats_loudness.stdev": 0.02713402919471264,
        "lowlevel.loudness_ebu128.short_term.dmean2": 0.10361890494823456,
        "lowlevel.loudness_ebu128.short_term.dmean": 0.10984700669844945,
        "lowlevel.loudness_ebu128.short_term.mean": -21.205995559692383,
        "rhythm.bpm_histogram_first_peak_bpm": 125.0,
        "lowlevel.loudness_ebu128.short_term.median": -19.682562510172527,
        "lowlevel.spectral_centroid.median": 760.4340006510416,
        "lowlevel.spectral_centroid.stdev": 367.4885965983073,
        "lowlevel.spectral_centroid.dmean2": 211.27242024739584,
        "rhythm.beats_loudness.median": 0.02019195258617401
    },
    "outlier_flag": false,
    "outlier_reasons": null,
    "raw_versions": [
        {
            "id": "CBCR7O7qneY",
            "title": "Grateful Dead - Baba O'Riley/Tomorrow Never Knows (Live at Buckeye Lake  7/1/92) [Official Video]",
            "views": 94222,
            "features": {
                "lowlevel.average_loudness": 0.30418282747268677,
                "lowlevel.loudness_ebu128.integrated": -20.678874969482422,
                "lowlevel.loudness_ebu128.loudness_range": 14.426795959472656,
                "lowlevel.loudness_ebu128.momentary.dmean": 0.8910982012748718,
                "lowlevel.loudness_ebu128.momentary.dmean2": 1.15447199344635,
                "lowlevel.loudness_ebu128.momentary.dvar": 1.0587873458862305,
                "lowlevel.loudness_ebu128.momentary.dvar2": 1.7650600671768188,
                "lowlevel.loudness_ebu128.momentary.max": -13.409796714782715,
                "lowlevel.loudness_ebu128.momentary.mean": -23.71539878845215,
                "lowlevel.loudness_ebu128.momentary.median": -22.13005828857422,
                "lowlevel.loudness_ebu128.momentary.min": -91.11656188964844,
                "lowlevel.loudness_ebu128.momentary.stdev": 6.379217624664307,
                "lowlevel.loudness_ebu128.momentary.var": 40.694419860839844,
                "lowlevel.loudness_ebu128.short_term.dmean": 0.11998139321804047,
                "lowlevel.loudness_ebu128.short_term.dmean2": 0.1235959529876709,
                "lowlevel.loudness_ebu128.short_term.dvar": 0.014705853536725044,
                "lowlevel.loudness_ebu128.short_term.dvar2": 0.01912618800997734,
                "lowlevel.loudness_ebu128.short_term.max": -15.876646995544434,
                "lowlevel.loudness_ebu128.short_term.mean": -23.04262924194336,
                "lowlevel.loudness_ebu128.short_term.median": -21.86040496826172,
                "lowlevel.loudness_ebu128.short_term.min": -42.82563781738281,
                "lowlevel.loudness_ebu128.short_term.stdev": 5.092700481414795,
                "lowlevel.loudness_ebu128.short_term.var": 25.93560028076172,
                "lowlevel.spectral_centroid.dmean": 112.11878204345703,
                "lowlevel.spectral_centroid.dmean2": 175.8744659423828,
                "lowlevel.spectral_centroid.dvar": 20543.841796875,
                "lowlevel.spectral_centroid.dvar2": 50373.34375,
                "lowlevel.spectral_centroid.max": 5227.76904296875,
                "lowlevel.spectral_centroid.mean": 692.954833984375,
                "lowlevel.spectral_centroid.median": 640.7034912109375,
                "lowlevel.spectral_centroid.min": 166.58731079101562,
                "lowlevel.spectral_centroid.stdev": 361.13336181640625,
                "lowlevel.spectral_centroid.var": 130417.3046875,
                "metadata.audio_properties.analysis.equal_loudness": 0.0,
                "rhythm.beats_loudness.dmean": 0.018478235229849815,
                "rhythm.beats_loudness.dmean2": 0.03166636452078819,
                "rhythm.beats_loudness.dvar": 0.0004055449098814279,
                "rhythm.beats_loudness.dvar2": 0.0011143264127895236,
                "rhythm.beats_loudness.max": 0.16632327437400818,
                "rhythm.beats_loudness.mean": 0.02828945592045784,
                "rhythm.beats_loudness.median": 0.01948927715420723,
                "rhythm.beats_loudness.min": 3.301612983008795e-09,
                "rhythm.beats_loudness.stdev": 0.027851060032844543,
                "rhythm.beats_loudness.var": 0.0007756815175525844,
                "rhythm.bpm": 117.52943420410156,
                "rhythm.bpm_histogram_first_peak_bpm": 117.0,
                "rhythm.bpm_histogram_first_peak_weight": 0.540107011795044,
                "rhythm.bpm_histogram_second_peak_bpm": 129.0,
                "rhythm.bpm_histogram_second_peak_spread": 0.5510203838348389,
                "rhythm.bpm_histogram_second_peak_weight": 0.18053928017616272,
                "rhythm.danceability": 1.120964527130127
            }
        },
        {
            "id": "EN92peKCPqY",
            "title": "Grateful Dead & Steve Miller - Baba O'Riley / Tomorrow Never Knows 6/20/1992",
            "views": 2617,
            "features": {
                "lowlevel.average_loudness": 0.5550936460494995,
                "lowlevel.loudness_ebu128.integrated": -17.581886291503906,
                "lowlevel.loudness_ebu128.loudness_range": 11.61531925201416,