{
    "song_title": "Baby What You Want Me To Do",
    "artist": "Grateful Dead",
    "num_versions_processed": 3,
    "average_features": {
        "lowlevel.loudness_ebu128.momentary.dmean2": 0.9656997521718343,
        "lowlevel.loudness_ebu128.short_term.median": -15.934181213378906,
        "lowlevel.spectral_centroid.median": 682.1533610026041,
        "rhythm.beats_loudness.var": 0.0006141361275998255,
        "rhythm.beats_loudness.dvar": 0.0004376816117049505,
        "lowlevel.loudness_ebu128.short_term.stdev": 4.498625477155049,
        "lowlevel.loudness_ebu128.integrated": -15.530723889668783,
        "rhythm.beats_loudness.max": 0.19232436021169028,
        "lowlevel.spectral_centroid.max": 10984.7333984375,
        "lowlevel.spectral_centroid.min": 195.72855631510416,
        "lowlevel.loudness_ebu128.momentary.stdev": 6.371386607487996,
        "rhythm.bpm": 88.28309885660808,
        "lowlevel.loudness_ebu128.loudness_range": 7.316568374633789,
        "rhythm.beats_loudness.mean": 0.03456185944378376,
        "rhythm.bpm_histogram_second_peak_weight": 0.03763732500374317,
        "metadata.audio_properties.analysis.equal_loudness": 0.0,
        "lowlevel.loudness_ebu128.short_term.var": 26.802133480707806,
        "rhythm.beats_loudness.dvar2": 0.0012344350495065253,
        "rhythm.bpm_histogram_second_peak_bpm": 85.66666666666667,
        "lowlevel.loudness_ebu128.momentary.mean": -17.683305104573567,
        "lowlevel.loudness_ebu128.short_term.max": -11.47779369354248,
        "rhythm.beats_loudness.stdev": 0.024661265313625336,
        "lowlevel.loudness_ebu128.momentary.dmean": 0.8367902239163717,
        "lowlevel.spectral_centroid.mean": 792.7040608723959,
        "lowlevel.spectral_centroid.stdev": 459.7479756673177,
        "rhythm.beats_loudness.median": 0.028711787114540737,
        "lowlevel.loudness_ebu128.short_term.dmean": 0.13297816117604574,
        "lowlevel.loudness_ebu128.short_term.dvar2": 0.0890699615702033,
        "rhythm.beats_loudness.dmean2": 0.03209813001255194,
        "lowlevel.loudness_ebu128.short_term.mean": -16.829739252726238,
        "lowlevel.loudness_ebu128.momentary.var": 51.00642315546671,
        "rhythm.beats_loudness.dmean": 0.01842536187420289,
        "lowlevel.loudness_ebu128.momentary.min": -75.53459930419922,
        "lowlevel.loudness_ebu128.momentary.dvar": 1.120638410250346,
        "lowlevel.spectral_centroid.dmean": 126.98895009358723,
        "lowlevel.spectral_centroid.var": 233155.828125,
        "rhythm.beats_loudness.min": 0.0009094496341663927,
        "lowlevel.average_loudness": 0.47797829906145733,
        "lowlevel.loudness_ebu128.short_term.dmean2": 0.1292453184723854,
        "lowlevel.loudness_ebu128.short_term.min": -52.16242027282715,
        "rhythm.bpm_histogram_first_peak_bpm": 88.0,
        "lowlevel.loudness_ebu128.momentary.max": -8.73699696858724,
        "lowlevel.spectral_centroid.dmean2": 194.3719482421875,
        "rhythm.bpm_histogram_second_peak_spread": 0.18650796016057333,
        "lowlevel.loudness_ebu128.short_term.dvar": 0.08548009535297751,
        "lowlevel.loudness_ebu128.momentary.median": -16.508044242858887,
        "rhythm.danceability": 1.0925916035970051,
        "lowlevel.spectral_centroid.dvar": 24953.037434895832,
        "rhythm.bpm_histogram_first_peak_weight": 0.45839011669158936,
        "lowlevel.loudness_ebu128.momentary.dvar2": 1.2634080251057942,
        "lowlevel.spectral_centroid.dvar2": 52706.934244791664
    },
    "outlier_flag": true,
    "outlier_reasons": [
        "Danceability Variance: 0.23 (limit 0.2)"
    ],
    "raw_versions": [
        {
            "id": "1YCgLb5ewh4",
            "title": "Grateful Dead - Baby What You Want Me To Do (9-7-1969 at Family Dog)",
            "views": 97,
            "features": {
                "lowlevel.average_loudness": 0.21060094237327576,
                "lowlevel.loudness_ebu128.integrated": -15.659557342529297,
                "lowlevel.loudness_ebu128.loudness_range": 7.363630294799805,
                "lowlevel.loudness_ebu128.momentary.dmean": 0.890966534614563,
                "lowlevel.loudness_ebu128.momentary.dmean2": 1.027129888534546,
                "lowlevel.loudness_ebu128.momentary.dvar": 1.3485124111175537,
                "lowlevel.loudness_ebu128.momentary.dvar2": 1.8480387926101685,
                "lowlevel.loudness_ebu128.momentary.max": -6.772425651550293,
                "lowlevel.loudness_ebu128.momentary.mean": -18.777299880981445,
                "lowlevel.loudness_ebu128.momentary.median": -16.59286880493164,
                "lowlevel.loudness_ebu128.momentary.min": -91.1195297241211,
                "lowlevel.loudness_ebu128.momentary.stdev": 10.551436424255371,
                "lowlevel.loudness_ebu128.momentary.var": 111.33281707763672,
                "lowlevel.loudness_ebu128.short_term.dmean": 0.15368492901325226,
                "lowlevel.loudness_ebu128.short_term.dmean2": 0.1446707397699356,
                "lowlevel.loudness_ebu128.short_term.dvar": 0.21316394209861755,
                "lowlevel.loudness_ebu128.short_term.dvar2": 0.23105095326900482,
                "lowlevel.loudness_ebu128.short_term.max": -10.805140495300293,
                "lowlevel.loudness_ebu128.short_term.mean": -17.534162521362305,
                "lowlevel.loudness_ebu128.short_term.median": -16.295639038085938,
                "lowlevel.loudness_ebu128.short_term.min": -90.14527893066406,
                "lowlevel.loudness_ebu128.short_term.stdev": 7.783544540405273,
                "lowlevel.loudness_ebu128.short_term.var": 60.58356475830078,
                "lowlevel.spectral_centroid.dmean": 138.97921752929688,
                "lowlevel.spectral_centroid.dmean2": 211.7913360595703,
                "lowlevel.spectral_centroid.dvar": 26471.658203125,
                "lowlevel.spectral_centroid.dvar2": 54607.94140625,
                "lowlevel.spectral_centroid.max": 10692.44140625,
                "lowlevel.spectral_centroid.mean": 993.0848388671875,
                "lowlevel.spectral_centroid.median": 822.146484375,
                "lowlevel.spectral_centroid.min": 249.99266052246094,
                "lowlevel.spectral_centroid.stdev": 654.063720703125,
                "lowlevel.spectral_centroid.var": 427799.34375,
                "metadata.audio_properties.analysis.equal_loudness": 0.0,
                "rhythm.beats_loudness.dmean": 0.015358366072177887,
                "rhythm.beats_loudness.dmean2": 0.02666473388671875,
                "rhythm.beats_loudness.dvar": 0.00046364605077542365,
                "rhythm.beats_loudness.dvar2": 0.0013438076712191105,
                "rhythm.beats_loudness.max": 0.26037275791168213,
                "rhythm.beats_loudness.mean": 0.028936823830008507,
                "rhythm.beats_loudness.median": 0.02379593253135681,
                "rhythm.beats_loudness.min": 9.78550573904613e-10,
                "rhythm.beats_loudness.stdev": 0.02342548593878746,
                "rhythm.beats_loudness.var": 0.0005487534217536449,
                "rhythm.bpm": 88.33991241455078,
                "rhythm.bpm_histogram_first_peak_bpm": 89.0,
                "rhythm.bpm_histogram_first_peak_weight": 0.4285714626312256,
                "rhythm.bpm_histogram_second_peak_bpm": 83.0,
                "rhythm.bpm_histogram_second_peak_spread": 0.25,
                "rhythm.bpm_histogram_second_peak_weight": 0.049881234765052795,
                "rhythm.danceability": 1.0037062168121338
            }
        },
        {
            "id": "bgvoNBF3Krw",
            "title": "Grateful Dead - Baby What You Want Me To Do? (with Etta James) - 12/31/1982 - Oakland Auditorium",
            "views": 19605,
            "features": {
                "lowlevel.average_loudness": 0.5807446241378784,
                "lowlevel.loudness_ebu128.integrated": -13.238369941711426,