{
    "song_title": "Bad Moon Rising",
    "artist": "Grateful Dead",
    "num_versions_processed": 1,
    "average_features": {
        "rhythm.beats_loudness.dvar": 0.0002199380105594173,
        "lowlevel.loudness_ebu128.momentary.median": -15.356054306030273,
        "lowlevel.loudness_ebu128.short_term.min": -50.31725311279297,
        "lowlevel.loudness_ebu128.short_term.dvar": 0.20487886667251587,
        "rhythm.beats_loudness.dvar2": 0.0006247475394047797,
        "rhythm.beats_loudness.min": 2.4214891709561925e-06,
        "lowlevel.loudness_ebu128.momentary.min": -57.187408447265625,
        "rhythm.bpm_histogram_second_peak_weight": 0.04651162773370743,
        "lowlevel.spectral_centroid.min": 123.73230743408203,
        "lowlevel.spectral_centroid.var": 248428.03125,
        "lowlevel.loudness_ebu128.short_term.dvar2": 0.2190406322479248,
        "lowlevel.loudness_ebu128.short_term.stdev": 8.673911094665527,
        "rhythm.beats_loudness.max": 0.12110493332147598,
        "lowlevel.loudness_ebu128.momentary.dvar2": 2.0745222568511963,
        "lowlevel.spectral_centroid.dvar2": 92643.8828125,
        "lowlevel.loudness_ebu128.momentary.max": -10.248811721801758,
        "lowlevel.average_loudness": 0.7664346098899841,
        "lowlevel.loudness_ebu128.momentary.var": 105.11756134033203,
        "lowlevel.loudness_ebu128.loudness_range": 5.589761734008789,
        "rhythm.beats_loudness.dmean": 0.014242975041270256,
        "lowlevel.loudness_ebu128.momentary.dvar": 1.5208771228790283,
        "metadata.audio_properties.analysis.equal_loudness": 0.0,
        "lowlevel.spectral_centroid.dmean": 156.86341857910156,
        "rhythm.bpm": 86.77464294433594,
        "lowlevel.spectral_centroid.dvar": 53701.38671875,
        "lowlevel.loudness_ebu128.momentary.dmean2": 1.0020325183868408,
        "rhythm.bpm_histogram_first_peak_weight": 0.43939393758773804,
        "rhythm.bpm_histogram_second_peak_spread": 0.5384615659713745,
        "lowlevel.loudness_ebu128.momentary.mean": -19.581756591796875,
        "lowlevel.loudness_ebu128.momentary.dmean": 0.810106098651886,
        "rhythm.beats_loudness.mean": 0.03369875252246857,
        "rhythm.bpm_histogram_second_peak_bpm": 103.0,
        "lowlevel.loudness_ebu128.integrated": -14.601351737976074,
        "rhythm.beats_loudness.var": 0.000616824661847204,
        "lowlevel.loudness_ebu128.momentary.stdev": 10.252685546875,
        "lowlevel.loudness_ebu128.short_term.var": 75.23674011230469,
        "lowlevel.spectral_centroid.max": 11024.947265625,
        "rhythm.beats_loudness.dmean2": 0.023523438721895218,
        "rhythm.danceability": 1.2084275484085083,
        "lowlevel.loudness_ebu128.short_term.max": -12.363424301147461,
        "lowlevel.spectral_centroid.mean": 919.3924560546875,
        "rhythm.beats_loudness.stdev": 0.02483595535159111,
        "lowlevel.loudness_ebu128.short_term.dmean2": 0.17876912653446198,
        "lowlevel.loudness_ebu128.short_term.dmean": 0.15602383017539978,
        "lowlevel.loudness_ebu128.short_term.mean": -18.70615577697754,
        "rhythm.bpm_histogram_first_peak_bpm": 86.0,
        "lowlevel.loudness_ebu128.short_term.median": -14.997331619262695,
        "lowlevel.spectral_centroid.median": 811.50634765625,
        "lowlevel.spectral_centroid.stdev": 498.425537109375,
        "lowlevel.spectral_centroid.dmean2": 236.26463317871094,
        "rhythm.beats_loudness.median": 0.03379717841744423
    },
    "outlier_flag": false,
    "outlier_reasons": null,
    "raw_versions": [
        {
            "id": "vEtacQN-sJM",
            "title": "Grateful Dead with John Fogerty  [1080p Remaster]  11 03 1991 Bad Moon Rising   [SBD: Miller]",
            "views": 4048,
            "features": {
                "lowlevel.average_loudness": 0.7664346098899841,
                "lowlevel.loudness_ebu128.integrated": -14.601351737976074,
                "lowlevel.loudness_ebu128.loudness_range": 5.589761734008789,
                "lowlevel.loudness_ebu128.momentary.dmean": 0.810106098651886,
                "lowlevel.loudness_ebu128.momentary.dmean2": 1.0020325183868408,
                "lowlevel.loudness_ebu128.momentary.dvar": 1.5208771228790283,
                "lowlevel.loudness_ebu128.momentary.dvar2": 2.0745222568511963,
                "lowlevel.loudness_ebu128.momentary.max": -10.248811721801758,
                "lowlevel.loudness_ebu128.momentary.mean": -19.581756591796875,
                "lowlevel.loudness_ebu128.momentary.median": -15.356054306030273,
                "lowlevel.loudness_ebu128.momentary.min": -57.187408447265625,
                "lowlevel.loudness_ebu128.momentary.stdev": 10.252685546875,
                "lowlevel.loudness_ebu128.momentary.var": 105.11756134033203,
                "lowlevel.loudness_ebu128.short_term.dmean": 0.15602383017539978,
                "lowlevel.loudness_ebu128.short_term.dmean2": 0.17876912653446198,
                "lowlevel.loudness_ebu128.short_term.dvar": 0.20487886667251587,
                "lowlevel.loudness_ebu128.short_term.dvar2": 0.2190406322479248,
                "lowlevel.loudness_ebu128.short_term.max": -12.363424301147461,
                "lowlevel.loudness_ebu128.short_term.mean": -18.70615577697754,
                "lowlevel.loudness_ebu128.short_term.median": -14.997331619262695,
                "lowlevel.loudness_ebu128.short_term.min": -50.31725311279297,
                "lowlevel.loudness_ebu128.short_term.stdev": 8.673911094665527,
                "lowlevel.loudness_ebu128.short_term.var": 75.23674011230469,
                "lowlevel.spectral_centroid.dmean": 156.86341857910156,
                "lowlevel.spectral_centroid.dmean2": 236.26463317871094,
                "lowlevel.spectral_centroid.dvar": 53701.38671875,
                "lowlevel.spectral_centroid.dvar2": 92643.8828125,
                "lowlevel.spectral_centroid.max": 11024.947265625,
                "lowlevel.spectral_centroid.mean": 919.3924560546875,
                "lowlevel.spectral_centroid.median": 811.50634765625,
                "lowlevel.spectral_centroid.min": 123.73230743408203,
                "lowlevel.spectral_centroid.stdev": 498.425537109375,
                "lowlevel.spectral_centroid.var": 248428.03125,
                "metadata.audio_properties.analysis.equal_loudness": 0.0,
                "rhythm.beats_loudness.dmean": 0.014242975041270256,
                "rhythm.beats_loudness.dmean2": 0.023523438721895218,
                "rhythm.beats_loudness.dvar": 0.0002199380105594173,
                "rhythm.beats_loudness.dvar2": 0.0006247475394047797,
                "rhythm.beats_loudness.max": 0.12110493332147598,
                "rhythm.beats_loudness.mean": 0.03369875252246857,
                "rhythm.beats_loudness.median": 0.03379717841744423,
                "rhythm.beats_loudness.min": 2.4214891709561925e-06,
                "rhythm.beats_loudness.stdev": 0.02483595535159111,
                "rhythm.beats_loudness.var": 0.000616824661847204,
                "rhythm.bpm": 86.77464294433594,
                "rhythm.bpm_histogram_first_peak_bpm": 86.0,
                "rhythm.bpm_histogram_first_peak_weight": 0.43939393758773804,
                "rhythm.bpm_histogram_second_peak_bpm": 103.0,
                "rhythm.bpm_histogram_second_peak_spread": 0.5384615659713745,
                "rhythm.bpm_histogram_second_peak_weight": 0.04651162773370743,
                "rhythm.danceability": 1.2084275484085083
            }
        }
    ]
}