{
    "song_title": "Ballad Of A Thin Man",
    "artist": "Grateful Dead",
    "num_versions_processed": 2,
    "average_features": {
        "rhythm.beats_loudness.dvar": 0.0002490880578989163,
        "lowlevel.loudness_ebu128.momentary.median": -14.745187759399414,
        "lowlevel.loudness_ebu128.short_term.min": -37.37447166442871,
        "lowlevel.loudness_ebu128.short_term.dvar": 0.020654317922890186,
        "rhythm.beats_loudness.dvar2": 0.000712041393853724,
        "rhythm.beats_loudness.min": 0.0019989343795714376,
        "lowlevel.loudness_ebu128.momentary.min": -42.21694564819336,
        "rhythm.bpm_histogram_second_peak_weight": 0.022813397459685802,
        "lowlevel.spectral_centroid.min": 187.94000244140625,
        "lowlevel.spectral_centroid.var": 312811.9375,
        "lowlevel.loudness_ebu128.short_term.dvar2": 0.027180355973541737,
        "lowlevel.loudness_ebu128.short_term.stdev": 2.7532033920288086,
        "rhythm.beats_loudness.max": 0.12788183987140656,
        "lowlevel.loudness_ebu128.momentary.dvar2": 0.7982209920883179,
        "lowlevel.spectral_centroid.dvar2": 177460.8828125,
        "lowlevel.loudness_ebu128.momentary.max": -8.50012731552124,
        "lowlevel.average_loudness": 0.7677189111709595,
        "lowlevel.loudness_ebu128.momentary.var": 16.00370454788208,
        "lowlevel.loudness_ebu128.loudness_range": 6.231624603271484,
        "rhythm.beats_loudness.dmean": 0.017557783983647823,
        "lowlevel.loudness_ebu128.momentary.dvar": 0.5048882216215134,
        "metadata.audio_properties.analysis.equal_loudness": 0.0,
        "lowlevel.spectral_centroid.dmean": 208.3864974975586,
        "rhythm.bpm": 75.87800598144531,
        "lowlevel.spectral_centroid.dvar": 85813.0390625,
        "lowlevel.loudness_ebu128.momentary.dmean2": 0.8601185977458954,
        "rhythm.bpm_histogram_first_peak_weight": 0.1823480725288391,
        "rhythm.bpm_histogram_second_peak_spread": 0.2387218177318573,
        "lowlevel.loudness_ebu128.momentary.mean": -15.348180294036865,
        "lowlevel.loudness_ebu128.momentary.dmean": 0.7064566314220428,
        "rhythm.beats_loudness.mean": 0.03327683173120022,
        "rhythm.bpm_histogram_second_peak_bpm": 81.0,
        "lowlevel.loudness_ebu128.integrated": -14.08026933670044,
        "rhythm.beats_loudness.var": 0.0004264426097506657,
        "lowlevel.loudness_ebu128.momentary.stdev": 3.976792335510254,
        "lowlevel.loudness_ebu128.short_term.var": 7.597347259521484,
        "lowlevel.spectral_centroid.max": 11024.7392578125,
        "rhythm.beats_loudness.dmean2": 0.0308817271143198,
        "rhythm.danceability": 1.1120085716247559,
        "lowlevel.loudness_ebu128.short_term.max": -9.764573097229004,
        "lowlevel.spectral_centroid.mean": 991.7442626953125,
        "rhythm.beats_loudness.stdev": 0.020562675781548023,
        "lowlevel.loudness_ebu128.short_term.dmean2": 0.10567440837621689,
        "lowlevel.loudness_ebu128.short_term.dmean": 0.1028817743062973,
        "lowlevel.loudness_ebu128.short_term.mean": -14.796069622039795,
        "rhythm.bpm_histogram_first_peak_bpm": 76.0,
        "lowlevel.loudness_ebu128.short_term.median": -14.5177001953125,
        "lowlevel.spectral_centroid.median": 860.5374145507812,
        "lowlevel.spectral_centroid.stdev": 559.2785949707031,
        "lowlevel.spectral_centroid.dmean2": 320.87591552734375,
        "rhythm.beats_loudness.median": 0.03003425244241953
    },
    "outlier_flag": false,
    "outlier_reasons": null,
    "raw_versions": [
        {
            "id": "KAZ4-Ed_52g",
            "title": "Grateful Dead, \"Ballad of a Thin Man\" 3/27/1988, Hampton Coliseum Hampton, VA",
            "views": 73022,
            "features": {
                "lowlevel.average_loudness": 0.7777988314628601,
                "lowlevel.loudness_ebu128.integrated": -13.83907699584961,
                "lowlevel.loudness_ebu128.loudness_range": 6.482590675354004,
                "lowlevel.loudness_ebu128.momentary.dmean": 0.6655749678611755,
                "lowlevel.loudness_ebu128.momentary.dmean2": 0.7552350759506226,
                "lowlevel.loudness_ebu128.momentary.dvar": 0.40752366185188293,
                "lowlevel.loudness_ebu128.momentary.dvar2": 0.582619309425354,
                "lowlevel.loudness_ebu128.momentary.max": -8.210086822509766,
                "lowlevel.loudness_ebu128.momentary.mean": -15.03126049041748,
                "lowlevel.loudness_ebu128.momentary.median": -14.55257797241211,
                "lowlevel.loudness_ebu128.momentary.min": -35.92430114746094,
                "lowlevel.loudness_ebu128.momentary.stdev": 3.542250156402588,
                "lowlevel.loudness_ebu128.momentary.var": 12.54753589630127,
                "lowlevel.loudness_ebu128.short_term.dmean": 0.09795882552862167,
                "lowlevel.loudness_ebu128.short_term.dmean2": 0.09425940364599228,
                "lowlevel.loudness_ebu128.short_term.dvar": 0.009709706529974937,
                "lowlevel.loudness_ebu128.short_term.dvar2": 0.009938912466168404,
                "lowlevel.loudness_ebu128.short_term.max": -9.288121223449707,
                "lowlevel.loudness_ebu128.short_term.mean": -14.543907165527344,
                "lowlevel.loudness_ebu128.short_term.median": -14.348007202148438,
                "lowlevel.loudness_ebu128.short_term.min": -31.72085189819336,
                "lowlevel.loudness_ebu128.short_term.stdev": 2.6219840049743652,
                "lowlevel.loudness_ebu128.short_term.var": 6.874799728393555,
                "lowlevel.spectral_centroid.dmean": 222.389892578125,
                "lowlevel.spectral_centroid.dmean2": 349.3639831542969,
                "lowlevel.spectral_centroid.dvar": 86214.8984375,
                "lowlevel.spectral_centroid.dvar2": 188668.484375,
                "lowlevel.spectral_centroid.max": 11024.9521484375,
                "lowlevel.spectral_centroid.mean": 1061.180419921875,
                "lowlevel.spectral_centroid.median": 943.29052734375,
                "lowlevel.spectral_centroid.min": 182.3290252685547,
                "lowlevel.spectral_centroid.stdev": 554.8721313476562,
                "lowlevel.spectral_centroid.var": 307883.0625,
                "metadata.audio_properties.analysis.equal_loudness": 0.0,
                "rhythm.beats_loudness.dmean": 0.016393110156059265,
                "rhythm.beats_loudness.dmean2": 0.028617221862077713,
                "rhythm.beats_loudness.dvar": 0.00020771636627614498,
                "rhythm.beats_loudness.dvar2": 0.000620488659478724,
                "rhythm.beats_loudness.max": 0.11257068812847137,
                "rhythm.beats_loudness.mean": 0.031848400831222534,
                "rhythm.beats_loudness.median": 0.02853381074965,
                "rhythm.beats_loudness.min": 0.003983089234679937,
                "rhythm.beats_loudness.stdev": 0.018660319969058037,
                "rhythm.beats_loudness.var": 0.00034820756991393864,
                "rhythm.bpm": 75.73812103271484,
                "rhythm.bpm_histogram_first_peak_bpm": 76.0,
                "rhythm.bpm_histogram_first_peak_weight": 0.18359380960464478,
                "rhythm.bpm_histogram_second_peak_bpm": 81.0,
                "rhythm.bpm_histogram_second_peak_spread": 0.2631579637527466,
                "rhythm.bpm_histogram_second_peak_weight": 0.025735294446349144,
                "rhythm.danceability": 1.0910645723342896
            }
        },
        {
            "id": "M8kzt8sxEYI",
            "title": "Ballad of a Thin Man (2 cam) - Grateful Dead - 3-27-1988 - Hampton, Va. (set1-04)",
            "views": 3931,
            "features": {
                "lowlevel.average_loudness": 0.7576389908790588,
                "lowlevel.loudness_ebu128.integrated": -14.32146167755127,
                "lowlevel.loudness_ebu128.loudness_range": 5.980658531188965,