{
    "song_title": "Been Down So Long",
    "artist": "Grateful Dead",
    "num_versions_processed": 2,
    "average_features": {
        "lowlevel.spectral_centroid.dmean": 235.89859771728516,
        "lowlevel.loudness_ebu128.short_term.mean": -15.856312274932861,
        "rhythm.bpm_histogram_first_peak_weight": 0.5239825546741486,
        "lowlevel.loudness_ebu128.short_term.median": -13.931493759155273,
        "lowlevel.loudness_ebu128.momentary.dvar": 1.3719603717327118,
        "lowlevel.loudness_ebu128.short_term.stdev": 7.910841584205627,
        "rhythm.bpm_histogram_second_peak_spread": 0.20775464177131653,
        "rhythm.beats_loudness.dmean": 0.014472945127636194,
        "rhythm.beats_loudness.min": 3.880853620158442e-06,
        "lowlevel.loudness_ebu128.momentary.dmean2": 0.9777407944202423,
        "rhythm.danceability": 1.1101984977722168,
        "lowlevel.loudness_ebu128.momentary.stdev": 9.516747951507568,
        "metadata.audio_properties.analysis.equal_loudness": 0.0,
        "rhythm.beats_loudness.stdev": 0.02030304353684187,
        "lowlevel.loudness_ebu128.momentary.mean": -16.788498878479004,
        "lowlevel.loudness_ebu128.momentary.median": -14.169661045074463,
        "lowlevel.loudness_ebu128.momentary.max": -5.780207395553589,
        "rhythm.beats_loudness.median": 0.027028264477849007,
        "rhythm.beats_loudness.dmean2": 0.02640602830797434,
        "lowlevel.loudness_ebu128.loudness_range": 8.913588047027588,
        "lowlevel.spectral_centroid.dmean2": 355.2444763183594,
        "lowlevel.loudness_ebu128.integrated": -13.307076454162598,
        "rhythm.beats_loudness.dvar": 0.0001747306523611769,
        "lowlevel.loudness_ebu128.short_term.dmean": 0.1377674639225006,
        "lowlevel.spectral_centroid.var": 646449.53125,
        "rhythm.beats_loudness.max": 0.1368997022509575,
        "lowlevel.loudness_ebu128.short_term.dmean2": 0.1289093904197216,
        "lowlevel.loudness_ebu128.short_term.max": -8.597493171691895,
        "lowlevel.spectral_centroid.min": 139.7647933959961,
        "lowlevel.average_loudness": 0.532215029001236,
        "lowlevel.loudness_ebu128.short_term.min": -60.53080081939697,
        "rhythm.bpm_histogram_second_peak_bpm": 115.0,
        "lowlevel.loudness_ebu128.short_term.dvar": 0.03445537015795708,
        "rhythm.beats_loudness.dvar2": 0.0005167521303519607,
        "lowlevel.loudness_ebu128.short_term.var": 77.98334455490112,
        "rhythm.beats_loudness.var": 0.0004134220944251865,
        "rhythm.bpm_histogram_first_peak_bpm": 120.5,
        "lowlevel.loudness_ebu128.momentary.var": 110.33308601379395,
        "lowlevel.spectral_centroid.median": 1416.2517700195312,
        "lowlevel.spectral_centroid.stdev": 803.1303405761719,
        "lowlevel.spectral_centroid.max": 5948.429443359375,
        "lowlevel.loudness_ebu128.short_term.dvar2": 0.029694663360714912,
        "rhythm.beats_loudness.mean": 0.028856120072305202,
        "lowlevel.loudness_ebu128.momentary.dmean": 0.8233421742916107,
        "rhythm.bpm": 119.91659545898438,
        "lowlevel.spectral_centroid.dvar": 75265.0703125,
        "lowlevel.spectral_centroid.mean": 1484.9190063476562,
        "lowlevel.loudness_ebu128.momentary.min": -68.06101608276367,
        "lowlevel.loudness_ebu128.momentary.dvar2": 1.9589341878890991,
        "rhythm.bpm_histogram_second_peak_weight": 0.04732697270810604,
        "lowlevel.spectral_centroid.dvar2": 161033.6953125
    },
    "outlier_flag": false,
    "outlier_reasons": null,
    "raw_versions": [
        {
            "id": "Mgw5j9h8528",
            "title": "The Doors  \"Been Down So Long (Alternate Version)\"",
            "views": 7024548,
            "features": {
                "lowlevel.average_loudness": 0.6641694903373718,
                "lowlevel.loudness_ebu128.integrated": -13.484440803527832,
                "lowlevel.loudness_ebu128.loudness_range": 8.183987617492676,
                "lowlevel.loudness_ebu128.momentary.dmean": 0.8823294639587402,
                "lowlevel.loudness_ebu128.momentary.dmean2": 1.068982720375061,
                "lowlevel.loudness_ebu128.momentary.dvar": 2.0140302181243896,
                "lowlevel.loudness_ebu128.momentary.dvar2": 2.760847806930542,
                "lowlevel.loudness_ebu128.momentary.max": -8.272653579711914,
                "lowlevel.loudness_ebu128.momentary.mean": -18.38189697265625,
                "lowlevel.loudness_ebu128.momentary.median": -14.138401985168457,
                "lowlevel.loudness_ebu128.momentary.min": -90.0240478515625,
                "lowlevel.loudness_ebu128.momentary.stdev": 13.962486267089844,
                "lowlevel.loudness_ebu128.momentary.var": 194.95103454589844,
                "lowlevel.loudness_ebu128.short_term.dmean": 0.15007862448692322,
                "lowlevel.loudness_ebu128.short_term.dmean2": 0.14490601420402527,
                "lowlevel.loudness_ebu128.short_term.dvar": 0.05104788765311241,
                "lowlevel.loudness_ebu128.short_term.dvar2": 0.0423504002392292,
                "lowlevel.loudness_ebu128.short_term.max": -9.81452751159668,
                "lowlevel.loudness_ebu128.short_term.mean": -17.101703643798828,
                "lowlevel.loudness_ebu128.short_term.median": -13.990652084350586,
                "lowlevel.loudness_ebu128.short_term.min": -90.01457214355469,
                "lowlevel.loudness_ebu128.short_term.stdev": 11.835371017456055,
                "lowlevel.loudness_ebu128.short_term.var": 140.0760040283203,
                "lowlevel.spectral_centroid.dmean": 234.00875854492188,
                "lowlevel.spectral_centroid.dmean2": 349.0982666015625,
                "lowlevel.spectral_centroid.dvar": 74832.0625,
                "lowlevel.spectral_centroid.dvar2": 163842.5625,
                "lowlevel.spectral_centroid.max": 5442.56591796875,
                "lowlevel.spectral_centroid.mean": 1432.688720703125,
                "lowlevel.spectral_centroid.median": 1360.311279296875,
                "lowlevel.spectral_centroid.min": 134.96319580078125,
                "lowlevel.spectral_centroid.stdev": 840.9615478515625,
                "lowlevel.spectral_centroid.var": 707216.3125,
                "metadata.audio_properties.analysis.equal_loudness": 0.0,
                "rhythm.beats_loudness.dmean": 0.01595381647348404,
                "rhythm.beats_loudness.dmean2": 0.029767759144306183,
                "rhythm.beats_loudness.dvar": 0.0002005224523600191,
                "rhythm.beats_loudness.dvar2": 0.0006263161194510758,
                "rhythm.beats_loudness.max": 0.15158677101135254,
                "rhythm.beats_loudness.mean": 0.03127738833427429,
                "rhythm.beats_loudness.median": 0.03067838028073311,
                "rhythm.beats_loudness.min": 4.932754760211822e-10,
                "rhythm.beats_loudness.stdev": 0.021402373909950256,
                "rhythm.beats_loudness.var": 0.0004580616077873856,
                "rhythm.bpm": 125.95314025878906,
                "rhythm.bpm_histogram_first_peak_bpm": 126.0,
                "rhythm.bpm_histogram_first_peak_weight": 0.5,
                "rhythm.bpm_histogram_second_peak_bpm": 120.0,
                "rhythm.bpm_histogram_second_peak_spread": 0.25925928354263306,
                "rhythm.bpm_histogram_second_peak_weight": 0.03134796395897865,
                "rhythm.danceability": 1.1644487380981445
            }
        },
        {
            "id": "sxNuSlXcj6s",
            "title": "Been down so Long (Live in Detroit, May, 1970)",
            "views": 54751,
            "features": {
                "lowlevel.average_loudness": 0.4002605676651001,
                "lowlevel.loudness_ebu128.integrated": -13.129712104797363,
                "lowlevel.loudness_ebu128.loudness_range": 9.6431884765625,
                "lowlevel.loudness_ebu128.momentary.dmean": 0.7643548846244812,