{
    "song_title": "Bertha",
    "artist": "Grateful Dead",
    "num_versions_processed": 3,
    "average_features": {
        "lowlevel.loudness_ebu128.short_term.dvar2": 0.07961465713257591,
        "lowlevel.loudness_ebu128.momentary.var": 62.2786537806193,
        "lowlevel.loudness_ebu128.momentary.min": -79.24479675292969,
        "lowlevel.spectral_centroid.dvar": 41636.71484375,
        "rhythm.beats_loudness.min": 2.63873510760367e-06,
        "lowlevel.spectral_centroid.mean": 836.4180704752604,
        "rhythm.beats_loudness.dvar": 0.00035270619749402005,
        "rhythm.bpm_histogram_first_peak_bpm": 170.33333333333334,
        "rhythm.beats_loudness.median": 0.03629393006364504,
        "lowlevel.loudness_ebu128.integrated": -17.25789801279704,
        "lowlevel.loudness_ebu128.short_term.mean": -19.603994687398274,
        "rhythm.beats_loudness.dmean2": 0.033036939799785614,
        "lowlevel.loudness_ebu128.momentary.dvar2": 1.3748378157615662,
        "rhythm.bpm_histogram_second_peak_weight": 0.20103934903939566,
        "lowlevel.loudness_ebu128.loudness_range": 9.01994514465332,
        "rhythm.bpm_histogram_second_peak_bpm": 173.0,
        "lowlevel.loudness_ebu128.short_term.min": -50.283242543538414,
        "lowlevel.loudness_ebu128.short_term.stdev": 5.074568351109822,
        "lowlevel.loudness_ebu128.short_term.dmean2": 0.10603668789068858,
        "lowlevel.loudness_ebu128.short_term.var": 35.95194101333618,
        "rhythm.beats_loudness.mean": 0.039518882830937706,
        "lowlevel.spectral_centroid.max": 7150.258951822917,
        "lowlevel.loudness_ebu128.momentary.dvar": 0.976062019666036,
        "rhythm.beats_loudness.stdev": 0.02485710009932518,
        "lowlevel.loudness_ebu128.momentary.max": -11.802703221638998,
        "lowlevel.spectral_centroid.median": 751.9028930664062,
        "lowlevel.loudness_ebu128.momentary.dmean": 0.6666993101437887,
        "lowlevel.loudness_ebu128.short_term.dvar": 0.06420143119369943,
        "rhythm.beats_loudness.var": 0.0006369468561994532,
        "lowlevel.loudness_ebu128.momentary.stdev": 7.343077262242635,
        "lowlevel.loudness_ebu128.momentary.mean": -20.336034456888836,
        "rhythm.beats_loudness.dmean": 0.019158823726077873,
        "lowlevel.average_loudness": 0.6591940025488535,
        "lowlevel.loudness_ebu128.short_term.median": -17.942731539408367,
        "rhythm.beats_loudness.max": 0.15484059353669485,
        "metadata.audio_properties.analysis.equal_loudness": 0.0,
        "lowlevel.loudness_ebu128.momentary.dmean2": 0.7703780730565389,
        "lowlevel.spectral_centroid.dvar2": 90084.65755208333,
        "lowlevel.loudness_ebu128.short_term.max": -13.970996538798014,
        "lowlevel.spectral_centroid.var": 213270.38541666666,
        "rhythm.bpm_histogram_first_peak_weight": 0.04986339807510376,
        "lowlevel.loudness_ebu128.momentary.median": -18.153016408284504,
        "rhythm.bpm": 170.97366841634116,
        "rhythm.beats_loudness.dvar2": 0.0009833370374205213,
        "lowlevel.loudness_ebu128.short_term.dmean": 0.11365794390439987,
        "lowlevel.spectral_centroid.stdev": 455.1968282063802,
        "lowlevel.spectral_centroid.dmean": 156.41011555989584,
        "lowlevel.spectral_centroid.dmean2": 237.29703776041666,
        "rhythm.danceability": 1.1733161211013794,
        "lowlevel.spectral_centroid.min": 158.15308634440103,
        "rhythm.bpm_histogram_second_peak_spread": 0.0
    },
    "outlier_flag": false,
    "outlier_reasons": null,
    "raw_versions": [
        {
            "id": "0bzq24rxUNE",
            "title": "Grateful Dead - Bertha (Orchard Park, NY 7/4/89)",
            "views": 3576386,
            "features": {
                "lowlevel.average_loudness": 0.7938711643218994,
                "lowlevel.loudness_ebu128.integrated": -15.920074462890625,
                "lowlevel.loudness_ebu128.loudness_range": 4.508222579956055,
                "lowlevel.loudness_ebu128.momentary.dmean": 0.5363879799842834,
                "lowlevel.loudness_ebu128.momentary.dmean2": 0.6206644177436829,
                "lowlevel.loudness_ebu128.momentary.dvar": 0.41962355375289917,
                "lowlevel.loudness_ebu128.momentary.dvar2": 0.43047428131103516,
                "lowlevel.loudness_ebu128.momentary.max": -11.064769744873047,
                "lowlevel.loudness_ebu128.momentary.mean": -16.608999252319336,
                "lowlevel.loudness_ebu128.momentary.median": -16.422222137451172,
                "lowlevel.loudness_ebu128.momentary.min": -90.26470184326172,
                "lowlevel.loudness_ebu128.momentary.stdev": 3.835675001144409,
                "lowlevel.loudness_ebu128.momentary.var": 14.712403297424316,
                "lowlevel.loudness_ebu128.short_term.dmean": 0.087745301425457,
                "lowlevel.loudness_ebu128.short_term.dmean2": 0.08225124329328537,
                "lowlevel.loudness_ebu128.short_term.dvar": 0.005783512722700834,
                "lowlevel.loudness_ebu128.short_term.dvar2": 0.005405745934695005,
                "lowlevel.loudness_ebu128.short_term.max": -12.61466121673584,
                "lowlevel.loudness_ebu128.short_term.mean": -16.201988220214844,
                "lowlevel.loudness_ebu128.short_term.median": -16.121173858642578,
                "lowlevel.loudness_ebu128.short_term.min": -23.99460220336914,
                "lowlevel.loudness_ebu128.short_term.stdev": 1.6472184658050537,
                "lowlevel.loudness_ebu128.short_term.var": 2.7133288383483887,
                "lowlevel.spectral_centroid.dmean": 216.70477294921875,
                "lowlevel.spectral_centroid.dmean2": 334.2577209472656,
                "lowlevel.spectral_centroid.dvar": 59238.45703125,
                "lowlevel.spectral_centroid.dvar2": 134769.6875,
                "lowlevel.spectral_centroid.max": 5079.42431640625,
                "lowlevel.spectral_centroid.mean": 1173.2088623046875,
                "lowlevel.spectral_centroid.median": 1079.5250244140625,
                "lowlevel.spectral_centroid.min": 206.71536254882812,
                "lowlevel.spectral_centroid.stdev": 545.48291015625,
                "lowlevel.spectral_centroid.var": 297551.625,
                "metadata.audio_properties.analysis.equal_loudness": 0.0,
                "rhythm.beats_loudness.dmean": 0.020434806123375893,
                "rhythm.beats_loudness.dmean2": 0.03573969006538391,
                "rhythm.beats_loudness.dvar": 0.00025848959921859205,
                "rhythm.beats_loudness.dvar2": 0.0007954894099384546,
                "rhythm.beats_loudness.max": 0.13014841079711914,
                "rhythm.beats_loudness.mean": 0.04112793877720833,
                "rhythm.beats_loudness.median": 0.038520704954862595,
                "rhythm.beats_loudness.min": 1.320406339822e-09,
                "rhythm.beats_loudness.stdev": 0.020734386518597603,
                "rhythm.beats_loudness.var": 0.00042991479858756065,
                "rhythm.bpm": 162.44967651367188,
                "rhythm.bpm_histogram_first_peak_bpm": 161.0,
                "rhythm.bpm_histogram_first_peak_weight": 0.14959019422531128,
                "rhythm.bpm_histogram_second_peak_bpm": 167.0,
                "rhythm.bpm_histogram_second_peak_spread": 0.0,
                "rhythm.bpm_histogram_second_peak_weight": 0.1575809270143509,
                "rhythm.danceability": 1.1574995517730713
            }
        },
        {
            "id": "82ADE0DUeM4",
            "title": "Grateful Dead - Bertha (Live at The Fillmore East, New York, NY 4/27/71)",
            "views": 344612,
            "features": {
                "lowlevel.average_loudness": 0.7142015099525452,
                "lowlevel.loudness_ebu128.integrated": -14.498517036437988,
                "lowlevel.loudness_ebu128.loudness_range": 3.7209815979003906,
                "lowlevel.loudness_ebu128.momentary.dmean": 0.5831056237220764,