{
    "song_title": "Betty And Dupree",
    "artist": "Grateful Dead",
    "num_versions_processed": 1,
    "average_features": {
        "lowlevel.spectral_centroid.dmean": 145.62181091308594,
        "lowlevel.loudness_ebu128.short_term.mean": -15.859301567077637,
        "rhythm.bpm_histogram_first_peak_weight": 0.0,
        "lowlevel.loudness_ebu128.short_term.median": -15.544085502624512,
        "lowlevel.loudness_ebu128.momentary.dvar": 0.3206615149974823,
        "lowlevel.loudness_ebu128.short_term.stdev": 2.3219058513641357,
        "rhythm.bpm_histogram_second_peak_spread": 0.0,
        "rhythm.beats_loudness.dmean": 0.015461873263120651,
        "rhythm.beats_loudness.min": 8.577025437261909e-05,
        "lowlevel.loudness_ebu128.momentary.dmean2": 0.5199012160301208,
        "rhythm.danceability": 1.0156956911087036,
        "lowlevel.loudness_ebu128.momentary.stdev": 3.328359842300415,
        "metadata.audio_properties.analysis.equal_loudness": 0.0,
        "rhythm.beats_loudness.stdev": 0.02102530375123024,
        "lowlevel.loudness_ebu128.momentary.mean": -16.25840950012207,
        "lowlevel.loudness_ebu128.momentary.median": -15.859302520751953,
        "lowlevel.loudness_ebu128.momentary.max": -8.346880912780762,
        "rhythm.beats_loudness.median": 0.024852652102708817,
        "rhythm.beats_loudness.dmean2": 0.026255881413817406,
        "lowlevel.loudness_ebu128.loudness_range": 4.046833038330078,
        "lowlevel.spectral_centroid.dmean2": 231.0764617919922,
        "lowlevel.loudness_ebu128.integrated": -15.367266654968262,
        "rhythm.beats_loudness.dvar": 0.00038255040999501944,
        "lowlevel.loudness_ebu128.short_term.dmean": 0.08458618819713593,
        "lowlevel.spectral_centroid.var": 108649.15625,
        "rhythm.beats_loudness.max": 0.2282589226961136,
        "lowlevel.loudness_ebu128.short_term.dmean2": 0.06257995963096619,
        "lowlevel.loudness_ebu128.short_term.max": -11.827022552490234,
        "lowlevel.spectral_centroid.min": 308.6224365234375,
        "lowlevel.average_loudness": 0.6241258978843689,
        "lowlevel.loudness_ebu128.short_term.min": -34.42052459716797,
        "rhythm.bpm_histogram_second_peak_bpm": 178.0,
        "lowlevel.loudness_ebu128.short_term.dvar": 0.014289259910583496,
        "rhythm.beats_loudness.dvar2": 0.0010025027440860868,
        "lowlevel.loudness_ebu128.short_term.var": 5.391246795654297,
        "rhythm.beats_loudness.var": 0.0004420634068083018,
        "rhythm.bpm_histogram_first_peak_bpm": 185.0,
        "lowlevel.loudness_ebu128.momentary.var": 11.07797908782959,
        "lowlevel.spectral_centroid.median": 957.7254028320312,
        "lowlevel.spectral_centroid.stdev": 329.6197204589844,
        "lowlevel.spectral_centroid.max": 11016.701171875,
        "lowlevel.loudness_ebu128.short_term.dvar2": 0.007552611641585827,
        "rhythm.beats_loudness.mean": 0.028594400733709335,
        "lowlevel.loudness_ebu128.momentary.dmean": 0.4863305389881134,
        "rhythm.bpm": 184.5703887939453,
        "lowlevel.spectral_centroid.dvar": 26038.255859375,
        "lowlevel.spectral_centroid.mean": 999.1109008789062,
        "lowlevel.loudness_ebu128.momentary.min": -39.191551208496094,
        "lowlevel.loudness_ebu128.momentary.dvar2": 0.46611663699150085,
        "rhythm.bpm_histogram_second_peak_weight": 0.35063436627388,
        "lowlevel.spectral_centroid.dvar2": 54941.97265625
    },
    "outlier_flag": false,
    "outlier_reasons": null,
    "raw_versions": [
        {
            "id": "fHW4ByOg9Bo",
            "title": "Grateful Dead - Betty and Dupree (Matrix 1966)",
            "views": 8257,
            "features": {
                "lowlevel.average_loudness": 0.6241258978843689,
                "lowlevel.loudness_ebu128.integrated": -15.367266654968262,
                "lowlevel.loudness_ebu128.loudness_range": 4.046833038330078,
                "lowlevel.loudness_ebu128.momentary.dmean": 0.4863305389881134,
                "lowlevel.loudness_ebu128.momentary.dmean2": 0.5199012160301208,
                "lowlevel.loudness_ebu128.momentary.dvar": 0.3206615149974823,
                "lowlevel.loudness_ebu128.momentary.dvar2": 0.46611663699150085,
                "lowlevel.loudness_ebu128.momentary.max": -8.346880912780762,
                "lowlevel.loudness_ebu128.momentary.mean": -16.25840950012207,
                "lowlevel.loudness_ebu128.momentary.median": -15.859302520751953,
                "lowlevel.loudness_ebu128.momentary.min": -39.191551208496094,
                "lowlevel.loudness_ebu128.momentary.stdev": 3.328359842300415,
                "lowlevel.loudness_ebu128.momentary.var": 11.07797908782959,
                "lowlevel.loudness_ebu128.short_term.dmean": 0.08458618819713593,
                "lowlevel.loudness_ebu128.short_term.dmean2": 0.06257995963096619,
                "lowlevel.loudness_ebu128.short_term.dvar": 0.014289259910583496,
                "lowlevel.loudness_ebu128.short_term.dvar2": 0.007552611641585827,
                "lowlevel.loudness_ebu128.short_term.max": -11.827022552490234,
                "lowlevel.loudness_ebu128.short_term.mean": -15.859301567077637,
                "lowlevel.loudness_ebu128.short_term.median": -15.544085502624512,
                "lowlevel.loudness_ebu128.short_term.min": -34.42052459716797,
                "lowlevel.loudness_ebu128.short_term.stdev": 2.3219058513641357,
                "lowlevel.loudness_ebu128.short_term.var": 5.391246795654297,
                "lowlevel.spectral_centroid.dmean": 145.62181091308594,
                "lowlevel.spectral_centroid.dmean2": 231.0764617919922,
                "lowlevel.spectral_centroid.dvar": 26038.255859375,
                "lowlevel.spectral_centroid.dvar2": 54941.97265625,
                "lowlevel.spectral_centroid.max": 11016.701171875,
                "lowlevel.spectral_centroid.mean": 999.1109008789062,
                "lowlevel.spectral_centroid.median": 957.7254028320312,
                "lowlevel.spectral_centroid.min": 308.6224365234375,
                "lowlevel.spectral_centroid.stdev": 329.6197204589844,
                "lowlevel.spectral_centroid.var": 108649.15625,
                "metadata.audio_properties.analysis.equal_loudness": 0.0,
                "rhythm.beats_loudness.dmean": 0.015461873263120651,
                "rhythm.beats_loudness.dmean2": 0.026255881413817406,
                "rhythm.beats_loudness.dvar": 0.00038255040999501944,
                "rhythm.beats_loudness.dvar2": 0.0010025027440860868,
                "rhythm.beats_loudness.max": 0.2282589226961136,
                "rhythm.beats_loudness.mean": 0.028594400733709335,
                "rhythm.beats_loudness.median": 0.024852652102708817,
                "rhythm.beats_loudness.min": 8.577025437261909e-05,
                "rhythm.beats_loudness.stdev": 0.02102530375123024,
                "rhythm.beats_loudness.var": 0.0004420634068083018,
                "rhythm.bpm": 184.5703887939453,
                "rhythm.bpm_histogram_first_peak_bpm": 185.0,
                "rhythm.bpm_histogram_first_peak_weight": 0.0,
                "rhythm.bpm_histogram_second_peak_bpm": 178.0,
                "rhythm.bpm_histogram_second_peak_spread": 0.0,
                "rhythm.bpm_histogram_second_peak_weight": 0.35063436627388,
                "rhythm.danceability": 1.0156956911087036
            }
        }
    ]
}