{
    "song_title": "Betty And Dupree",
    "artist": "Grateful Dead",
    "num_versions_processed": 2,
    "average_features": {
        "lowlevel.loudness_ebu128.momentary.dmean2": 0.7095023393630981,
        "lowlevel.loudness_ebu128.short_term.median": -15.191263675689697,
        "lowlevel.spectral_centroid.median": 846.7296752929688,
        "rhythm.beats_loudness.var": 0.0007524937245761976,
        "rhythm.beats_loudness.dvar": 0.0007043317891657352,
        "lowlevel.loudness_ebu128.short_term.stdev": 2.5933995246887207,
        "lowlevel.loudness_ebu128.integrated": -15.007382869720459,
        "rhythm.beats_loudness.max": 0.25981106609106064,
        "lowlevel.spectral_centroid.max": 11202.7470703125,
        "lowlevel.spectral_centroid.min": 228.82434844970703,
        "lowlevel.loudness_ebu128.momentary.stdev": 4.333304762840271,
        "rhythm.bpm": 139.2414665222168,
        "lowlevel.loudness_ebu128.loudness_range": 6.0413408279418945,
        "rhythm.beats_loudness.mean": 0.029747378081083298,
        "rhythm.bpm_histogram_second_peak_weight": 0.18110108375549316,
        "metadata.audio_properties.analysis.equal_loudness": 0.0,
        "lowlevel.loudness_ebu128.short_term.var": 6.800973176956177,
        "rhythm.beats_loudness.dvar2": 0.0018821043777279556,
        "rhythm.bpm_histogram_second_peak_bpm": 150.5,
        "lowlevel.loudness_ebu128.momentary.mean": -16.40583896636963,
        "lowlevel.loudness_ebu128.short_term.max": -10.098039627075195,
        "rhythm.beats_loudness.stdev": 0.0267137810587883,
        "lowlevel.loudness_ebu128.momentary.dmean": 0.6615554839372635,
        "lowlevel.spectral_centroid.mean": 910.3128967285156,
        "lowlevel.spectral_centroid.stdev": 381.7714080810547,
        "rhythm.beats_loudness.median": 0.023162545636296272,
        "lowlevel.loudness_ebu128.short_term.dmean": 0.11419215798377991,
        "lowlevel.loudness_ebu128.short_term.dvar2": 0.022585667902603745,
        "rhythm.beats_loudness.dmean2": 0.03129545599222183,
        "lowlevel.loudness_ebu128.short_term.mean": -15.697317600250244,
        "lowlevel.loudness_ebu128.momentary.var": 19.792866230010986,
        "rhythm.beats_loudness.dmean": 0.018183224368840456,
        "lowlevel.loudness_ebu128.momentary.min": -63.4567985534668,
        "lowlevel.loudness_ebu128.momentary.dvar": 0.5508280545473099,
        "lowlevel.spectral_centroid.dmean": 138.21411895751953,
        "lowlevel.spectral_centroid.var": 147653.96484375,
        "rhythm.beats_loudness.min": 5.857337318104783e-05,
        "lowlevel.average_loudness": 0.3382204473018646,
        "lowlevel.loudness_ebu128.short_term.dmean2": 0.09945078939199448,
        "lowlevel.loudness_ebu128.short_term.min": -31.82072353363037,
        "rhythm.bpm_histogram_first_peak_bpm": 139.5,
        "lowlevel.loudness_ebu128.momentary.max": -6.694667816162109,
        "lowlevel.spectral_centroid.dmean2": 213.80992889404297,
        "rhythm.bpm_histogram_second_peak_spread": 0.25,
        "lowlevel.loudness_ebu128.short_term.dvar": 0.03187013929709792,
        "lowlevel.loudness_ebu128.momentary.median": -15.944639682769775,
        "rhythm.danceability": 1.0438592433929443,
        "lowlevel.spectral_centroid.dvar": 25247.0478515625,
        "rhythm.bpm_histogram_first_peak_weight": 0.30434781312942505,
        "lowlevel.loudness_ebu128.momentary.dvar2": 0.6996835023164749,
        "lowlevel.spectral_centroid.dvar2": 52270.353515625
    },
    "outlier_flag": true,
    "outlier_reasons": [
        "BPM Variance: 90.66 (limit 20)"
    ],
    "raw_versions": [
        {
            "id": "fHW4ByOg9Bo",
            "title": "Grateful Dead - Betty and Dupree (Matrix 1966)",
            "views": 8257,
            "features": {
                "lowlevel.average_loudness": 0.4790705740451813,
                "lowlevel.loudness_ebu128.integrated": -15.367070198059082,
                "lowlevel.loudness_ebu128.loudness_range": 4.048901557922363,
                "lowlevel.loudness_ebu128.momentary.dmean": 0.48662593960762024,
                "lowlevel.loudness_ebu128.momentary.dmean2": 0.5215937495231628,
                "lowlevel.loudness_ebu128.momentary.dvar": 0.3289983570575714,
                "lowlevel.loudness_ebu128.momentary.dvar2": 0.484612375497818,
                "lowlevel.loudness_ebu128.momentary.max": -8.353073120117188,
                "lowlevel.loudness_ebu128.momentary.mean": -16.259389877319336,
                "lowlevel.loudness_ebu128.momentary.median": -15.859688758850098,
                "lowlevel.loudness_ebu128.momentary.min": -39.19964599609375,
                "lowlevel.loudness_ebu128.momentary.stdev": 3.3256657123565674,
                "lowlevel.loudness_ebu128.momentary.var": 11.060051918029785,
                "lowlevel.loudness_ebu128.short_term.dmean": 0.08461877703666687,
                "lowlevel.loudness_ebu128.short_term.dmean2": 0.0633823573589325,
                "lowlevel.loudness_ebu128.short_term.dvar": 0.014410431496798992,
                "lowlevel.loudness_ebu128.short_term.dvar2": 0.007678982336074114,
                "lowlevel.loudness_ebu128.short_term.max": -11.827510833740234,
                "lowlevel.loudness_ebu128.short_term.mean": -15.859437942504883,
                "lowlevel.loudness_ebu128.short_term.median": -15.542276382446289,
                "lowlevel.loudness_ebu128.short_term.min": -34.39373016357422,
                "lowlevel.loudness_ebu128.short_term.stdev": 2.319078207015991,
                "lowlevel.loudness_ebu128.short_term.var": 5.378123760223389,
                "lowlevel.spectral_centroid.dmean": 146.10667419433594,
                "lowlevel.spectral_centroid.dmean2": 232.85093688964844,
                "lowlevel.spectral_centroid.dvar": 24904.837890625,
                "lowlevel.spectral_centroid.dvar2": 55887.55859375,
                "lowlevel.spectral_centroid.max": 11198.6142578125,
                "lowlevel.spectral_centroid.mean": 1000.005126953125,
                "lowlevel.spectral_centroid.median": 954.7308349609375,
                "lowlevel.spectral_centroid.min": 298.40533447265625,
                "lowlevel.spectral_centroid.stdev": 338.1302185058594,
                "lowlevel.spectral_centroid.var": 114332.0390625,
                "metadata.audio_properties.analysis.equal_loudness": 0.0,
                "rhythm.beats_loudness.dmean": 0.015170940198004246,
                "rhythm.beats_loudness.dmean2": 0.025622684508562088,
                "rhythm.beats_loudness.dvar": 0.0003533849958330393,
                "rhythm.beats_loudness.dvar2": 0.0009205968817695975,
                "rhythm.beats_loudness.max": 0.21742723882198334,
                "rhythm.beats_loudness.mean": 0.02859877049922943,
                "rhythm.beats_loudness.median": 0.024995354935526848,
                "rhythm.beats_loudness.min": 0.00011683210323099047,
                "rhythm.beats_loudness.stdev": 0.020479388535022736,
                "rhythm.beats_loudness.var": 0.00041940537630580366,
                "rhythm.bpm": 184.57020568847656,
                "rhythm.bpm_histogram_first_peak_bpm": 185.0,
                "rhythm.bpm_histogram_first_peak_weight": 0.0,
                "rhythm.bpm_histogram_second_peak_bpm": 178.0,
                "rhythm.bpm_histogram_second_peak_spread": 0.0,
                "rhythm.bpm_histogram_second_peak_weight": 0.3291139304637909,
                "rhythm.danceability": 1.0158944129943848
            }
        },
        {
            "id": "HiFg86tR850",
            "title": "Betty and Dupree (Rehearsal)",
            "views": 7440,
            "features": {
                "lowlevel.average_loudness": 0.19737032055854797,
                "lowlevel.loudness_ebu128.integrated": -14.647695541381836,
                "lowlevel.loudness_ebu128.loudness_range": 8.033780097961426,
                "lowlevel.loudness_ebu128.momentary.dmean": 0.8364850282669067,