{
    "song_title": "Big Breasa",
    "artist": "Grateful Dead",
    "num_versions_processed": 3,
    "average_features": {
        "lowlevel.loudness_ebu128.momentary.dmean2": 1.2084534366925557,
        "lowlevel.loudness_ebu128.short_term.median": -21.158384958902996,
        "lowlevel.spectral_centroid.median": 952.8621012369791,
        "rhythm.beats_loudness.var": 0.0006475795526057482,
        "rhythm.beats_loudness.dvar": 0.0006445624070086827,
        "lowlevel.loudness_ebu128.short_term.stdev": 4.812952121098836,
        "lowlevel.loudness_ebu128.integrated": -20.275936126708984,
        "rhythm.beats_loudness.max": 0.21888227264086405,
        "lowlevel.spectral_centroid.max": 11071.600911458334,
        "lowlevel.spectral_centroid.min": 170.1234893798828,
        "lowlevel.loudness_ebu128.momentary.stdev": 8.101605892181396,
        "rhythm.bpm": 115.41470591227214,
        "lowlevel.loudness_ebu128.loudness_range": 7.333068211873372,
        "rhythm.beats_loudness.mean": 0.02581671066582203,
        "rhythm.bpm_histogram_second_peak_weight": 0.064900786926349,
        "metadata.audio_properties.analysis.equal_loudness": 0.0,
        "lowlevel.loudness_ebu128.short_term.var": 24.758798599243164,
        "rhythm.beats_loudness.dvar2": 0.001768301532138139,
        "rhythm.bpm_histogram_second_peak_bpm": 109.33333333333333,
        "lowlevel.loudness_ebu128.momentary.mean": -23.91382090250651,
        "lowlevel.loudness_ebu128.short_term.max": -16.111453374226887,
        "rhythm.beats_loudness.stdev": 0.02528489443163077,
        "lowlevel.loudness_ebu128.momentary.dmean": 1.175265649954478,
        "lowlevel.spectral_centroid.mean": 1084.307393391927,
        "lowlevel.spectral_centroid.stdev": 588.5542195638021,
        "rhythm.beats_loudness.median": 0.018907750335832436,
        "lowlevel.loudness_ebu128.short_term.dmean": 0.16201499849557877,
        "lowlevel.loudness_ebu128.short_term.dvar2": 0.03536443691700697,
        "rhythm.beats_loudness.dmean2": 0.0353967510163784,
        "lowlevel.loudness_ebu128.short_term.mean": -21.98985481262207,
        "lowlevel.loudness_ebu128.momentary.var": 66.81144587198894,
        "rhythm.beats_loudness.dmean": 0.020119355370601017,
        "lowlevel.loudness_ebu128.momentary.min": -77.48315938313802,
        "lowlevel.loudness_ebu128.momentary.dvar": 2.8430988788604736,
        "lowlevel.spectral_centroid.dmean": 169.30890401204428,
        "lowlevel.spectral_centroid.var": 351999.9322916667,
        "rhythm.beats_loudness.min": 2.4242421362933677e-06,
        "lowlevel.average_loudness": 0.4286097238461177,
        "lowlevel.loudness_ebu128.short_term.dmean2": 0.1353732074300448,
        "lowlevel.loudness_ebu128.short_term.min": -62.773765563964844,
        "rhythm.bpm_histogram_first_peak_bpm": 115.33333333333333,
        "lowlevel.loudness_ebu128.momentary.max": -12.700811703999838,
        "lowlevel.spectral_centroid.dmean2": 253.0565439860026,
        "rhythm.bpm_histogram_second_peak_spread": 0.29591914017995197,
        "lowlevel.loudness_ebu128.short_term.dvar": 0.048700846110781036,
        "lowlevel.loudness_ebu128.momentary.median": -22.136969248453777,
        "rhythm.danceability": 1.0977611144383748,
        "lowlevel.spectral_centroid.dvar": 55271.3046875,
        "rhythm.bpm_histogram_first_peak_weight": 0.5011667211850485,
        "lowlevel.loudness_ebu128.momentary.dvar2": 3.134246746699015,
        "lowlevel.spectral_centroid.dvar2": 100320.421875
    },
    "outlier_flag": true,
    "outlier_reasons": [
        "BPM Variance: 50.86 (limit 20)"
    ],
    "raw_versions": [
        {
            "id": "uiJnYDiAEaE",
            "title": "We Bid You Goodnight (encore) Grateful Dead 10 16 1989 Meadowlands, NJ set2 10",
            "views": 60738,
            "features": {
                "lowlevel.average_loudness": 0.14251936972141266,
                "lowlevel.loudness_ebu128.integrated": -23.1025390625,
                "lowlevel.loudness_ebu128.loudness_range": 9.536766052246094,
                "lowlevel.loudness_ebu128.momentary.dmean": 1.4484570026397705,
                "lowlevel.loudness_ebu128.momentary.dmean2": 1.456079125404358,
                "lowlevel.loudness_ebu128.momentary.dvar": 4.063299179077148,
                "lowlevel.loudness_ebu128.momentary.dvar2": 4.036138534545898,
                "lowlevel.loudness_ebu128.momentary.max": -12.56385326385498,
                "lowlevel.loudness_ebu128.momentary.mean": -27.362838745117188,
                "lowlevel.loudness_ebu128.momentary.median": -25.515926361083984,
                "lowlevel.loudness_ebu128.momentary.min": -51.65313720703125,
                "lowlevel.loudness_ebu128.momentary.stdev": 6.610872745513916,
                "lowlevel.loudness_ebu128.momentary.var": 43.70363998413086,
                "lowlevel.loudness_ebu128.short_term.dmean": 0.18780294060707092,
                "lowlevel.loudness_ebu128.short_term.dmean2": 0.17266012728214264,
                "lowlevel.loudness_ebu128.short_term.dvar": 0.07458820194005966,
                "lowlevel.loudness_ebu128.short_term.dvar2": 0.0645621120929718,
                "lowlevel.loudness_ebu128.short_term.max": -18.095212936401367,
                "lowlevel.loudness_ebu128.short_term.mean": -24.888423919677734,
                "lowlevel.loudness_ebu128.short_term.median": -24.436214447021484,
                "lowlevel.loudness_ebu128.short_term.min": -38.11688232421875,
                "lowlevel.loudness_ebu128.short_term.stdev": 3.127394914627075,
                "lowlevel.loudness_ebu128.short_term.var": 9.780599594116211,
                "lowlevel.spectral_centroid.dmean": 128.67007446289062,
                "lowlevel.spectral_centroid.dmean2": 196.42820739746094,
                "lowlevel.spectral_centroid.dvar": 42176.88671875,
                "lowlevel.spectral_centroid.dvar2": 76419.03125,
                "lowlevel.spectral_centroid.max": 10991.2138671875,
                "lowlevel.spectral_centroid.mean": 839.7036743164062,
                "lowlevel.spectral_centroid.median": 699.537109375,
                "lowlevel.spectral_centroid.min": 172.01788330078125,
                "lowlevel.spectral_centroid.stdev": 486.20904541015625,
                "lowlevel.spectral_centroid.var": 236399.234375,
                "metadata.audio_properties.analysis.equal_loudness": 0.0,
                "rhythm.beats_loudness.dmean": 0.021959122270345688,
                "rhythm.beats_loudness.dmean2": 0.03941863030195236,
                "rhythm.beats_loudness.dvar": 0.0010511738946661353,
                "rhythm.beats_loudness.dvar2": 0.0029733714181929827,
                "rhythm.beats_loudness.max": 0.3628641366958618,
                "rhythm.beats_loudness.mean": 0.021116409450769424,
                "rhythm.beats_loudness.median": 0.012993012554943562,
                "rhythm.beats_loudness.min": 7.256463049998274e-06,
                "rhythm.beats_loudness.stdev": 0.029324602335691452,
                "rhythm.beats_loudness.var": 0.0008599322754889727,
                "rhythm.bpm": 139.76971435546875,
                "rhythm.bpm_histogram_first_peak_bpm": 140.0,
                "rhythm.bpm_histogram_first_peak_weight": 0.6489899158477783,
                "rhythm.bpm_histogram_second_peak_bpm": 133.0,
                "rhythm.bpm_histogram_second_peak_spread": 0.2956521511077881,
                "rhythm.bpm_histogram_second_peak_weight": 0.10916441679000854,
                "rhythm.danceability": 1.0829648971557617
            }
        },
        {
            "id": "ti6bqCd58pI",
            "title": "And We Bid You Goodnight | 1971-04-29 | Grateful Dead",
            "views": 212298,
            "features": {
                "lowlevel.average_loudness": 0.4262508451938629,
                "lowlevel.loudness_ebu128.integrated": -19.899948120117188,
                "lowlevel.loudness_ebu128.loudness_range": 8.205009460449219,