{
    "song_title": "Big Boy Pete",
    "artist": "Grateful Dead",
    "num_versions_processed": 3,
    "average_features": {
        "lowlevel.spectral_centroid.stdev": 689.4788614908854,
        "lowlevel.spectral_centroid.median": 1001.5130208333334,
        "rhythm.beats_loudness.dmean2": 0.029528316110372543,
        "lowlevel.loudness_ebu128.momentary.dvar2": 2.151615043481191,
        "lowlevel.loudness_ebu128.short_term.stdev": 7.776343027750651,
        "lowlevel.spectral_centroid.dmean": 206.9106190999349,
        "lowlevel.loudness_ebu128.momentary.stdev": 10.475539525349935,
        "lowlevel.loudness_ebu128.momentary.var": 113.21902720133464,
        "metadata.audio_properties.analysis.equal_loudness": 0.0,
        "rhythm.beats_loudness.dvar2": 0.0009566789376549423,
        "lowlevel.loudness_ebu128.loudness_range": 9.023994445800781,
        "lowlevel.loudness_ebu128.momentary.dmean": 0.9748022158940634,
        "lowlevel.spectral_centroid.var": 499820.4739583333,
        "rhythm.beats_loudness.dmean": 0.017497454149027664,
        "lowlevel.loudness_ebu128.momentary.dmean2": 1.1612912217775981,
        "lowlevel.loudness_ebu128.short_term.dvar": 0.3958977684378624,
        "lowlevel.loudness_ebu128.short_term.var": 62.461360931396484,
        "lowlevel.loudness_ebu128.short_term.min": -73.6109390258789,
        "lowlevel.loudness_ebu128.momentary.median": -15.50383726755778,
        "rhythm.bpm_histogram_first_peak_bpm": 114.66666666666667,
        "lowlevel.loudness_ebu128.momentary.dvar": 1.4824427763621013,
        "lowlevel.spectral_centroid.dmean2": 309.9666392008464,
        "lowlevel.loudness_ebu128.short_term.max": -10.393171946207682,
        "rhythm.beats_loudness.stdev": 0.023091265310843784,
        "rhythm.beats_loudness.mean": 0.02821519784629345,
        "lowlevel.spectral_centroid.mean": 1142.1486409505208,
        "rhythm.bpm_histogram_second_peak_spread": 0.14206349849700928,
        "lowlevel.spectral_centroid.dvar2": 116107.28776041667,
        "lowlevel.loudness_ebu128.integrated": -14.016927083333334,
        "rhythm.bpm_histogram_first_peak_weight": 0.5762528379758199,
        "rhythm.bpm_histogram_second_peak_bpm": 133.66666666666666,
        "lowlevel.loudness_ebu128.short_term.dvar2": 0.5601997555543979,
        "lowlevel.loudness_ebu128.short_term.median": -14.936743100484213,
        "lowlevel.loudness_ebu128.momentary.max": -7.078651110331218,
        "lowlevel.loudness_ebu128.short_term.mean": -16.96365737915039,
        "rhythm.bpm_histogram_second_peak_weight": 0.09038012598951657,
        "lowlevel.loudness_ebu128.momentary.min": -74.42112223307292,
        "rhythm.beats_loudness.median": 0.024066252013047535,
        "lowlevel.spectral_centroid.dvar": 58693.140625,
        "lowlevel.loudness_ebu128.short_term.dmean2": 0.15402837097644806,
        "rhythm.beats_loudness.var": 0.0005474963109008968,
        "lowlevel.spectral_centroid.max": 8256.708089192709,
        "rhythm.beats_loudness.max": 0.1389735738436381,
        "lowlevel.loudness_ebu128.short_term.dmean": 0.15933329363663992,
        "lowlevel.average_loudness": 0.5523172914981842,
        "lowlevel.spectral_centroid.min": 168.70662434895834,
        "rhythm.danceability": 1.1354871193567913,
        "rhythm.beats_loudness.min": 8.676175546636541e-06,
        "lowlevel.loudness_ebu128.momentary.mean": -18.288270950317383,
        "rhythm.bpm": 114.58072408040364,
        "rhythm.beats_loudness.dvar": 0.00035740467622720945
    },
    "outlier_flag": false,
    "outlier_reasons": null,
    "raw_versions": [
        {
            "id": "8S2RNcwuyEo",
            "title": "Grateful Dead- Big Boy Pete- 11-17-78",
            "views": 6150,
            "features": {
                "lowlevel.average_loudness": 0.9147877097129822,
                "lowlevel.loudness_ebu128.integrated": -15.233942031860352,
                "lowlevel.loudness_ebu128.loudness_range": 2.579133987426758,
                "lowlevel.loudness_ebu128.momentary.dmean": 0.8953901529312134,
                "lowlevel.loudness_ebu128.momentary.dmean2": 1.1354849338531494,
                "lowlevel.loudness_ebu128.momentary.dvar": 1.1850311756134033,
                "lowlevel.loudness_ebu128.momentary.dvar2": 1.6517778635025024,
                "lowlevel.loudness_ebu128.momentary.max": -10.767342567443848,
                "lowlevel.loudness_ebu128.momentary.mean": -17.25633430480957,
                "lowlevel.loudness_ebu128.momentary.median": -15.466611862182617,
                "lowlevel.loudness_ebu128.momentary.min": -90.36347198486328,
                "lowlevel.loudness_ebu128.momentary.stdev": 10.597990989685059,
                "lowlevel.loudness_ebu128.momentary.var": 112.31741333007812,
                "lowlevel.loudness_ebu128.short_term.dmean": 0.1470210701227188,
                "lowlevel.loudness_ebu128.short_term.dmean2": 0.151789128780365,
                "lowlevel.loudness_ebu128.short_term.dvar": 0.4183041453361511,
                "lowlevel.loudness_ebu128.short_term.dvar2": 0.45232391357421875,
                "lowlevel.loudness_ebu128.short_term.max": -13.118043899536133,
                "lowlevel.loudness_ebu128.short_term.mean": -16.030698776245117,
                "lowlevel.loudness_ebu128.short_term.median": -15.25370979309082,
                "lowlevel.loudness_ebu128.short_term.min": -90.05809783935547,
                "lowlevel.loudness_ebu128.short_term.stdev": 6.423067569732666,
                "lowlevel.loudness_ebu128.short_term.var": 41.25579833984375,
                "lowlevel.spectral_centroid.dmean": 272.89593505859375,
                "lowlevel.spectral_centroid.dmean2": 413.3845520019531,
                "lowlevel.spectral_centroid.dvar": 99049.8515625,
                "lowlevel.spectral_centroid.dvar2": 197700.96875,
                "lowlevel.spectral_centroid.max": 11024.2353515625,
                "lowlevel.spectral_centroid.mean": 1198.161376953125,
                "lowlevel.spectral_centroid.median": 1023.86669921875,
                "lowlevel.spectral_centroid.min": 166.02471923828125,
                "lowlevel.spectral_centroid.stdev": 864.9476928710938,
                "lowlevel.spectral_centroid.var": 748134.5,
                "metadata.audio_properties.analysis.equal_loudness": 0.0,
                "rhythm.beats_loudness.dmean": 0.02234480157494545,
                "rhythm.beats_loudness.dmean2": 0.03784853592514992,
                "rhythm.beats_loudness.dvar": 0.00033367681317031384,
                "rhythm.beats_loudness.dvar2": 0.0009320220560766757,
                "rhythm.beats_loudness.max": 0.11305370926856995,
                "rhythm.beats_loudness.mean": 0.0383499450981617,
                "rhythm.beats_loudness.median": 0.03579096868634224,
                "rhythm.beats_loudness.min": 9.594987027128354e-10,
                "rhythm.beats_loudness.stdev": 0.02296150103211403,
                "rhythm.beats_loudness.var": 0.0005272305570542812,
                "rhythm.bpm": 103.9403305053711,
                "rhythm.bpm_histogram_first_peak_bpm": 103.0,
                "rhythm.bpm_histogram_first_peak_weight": 0.6254826784133911,
                "rhythm.bpm_histogram_second_peak_bpm": 108.0,
                "rhythm.bpm_histogram_second_peak_spread": 0.1428571343421936,
                "rhythm.bpm_histogram_second_peak_weight": 0.1428571492433548,
                "rhythm.danceability": 1.235433578491211
            }
        },
        {
            "id": "rs4F9yy5QZA",
            "title": "Grateful Dead - Big Boy Pete 1966-11-29",
            "views": 5406,
            "features": {
                "lowlevel.average_loudness": 0.3984740376472473,
                "lowlevel.loudness_ebu128.integrated": -13.367551803588867,
                "lowlevel.loudness_ebu128.loudness_range": 16.67226219177246,
                "lowlevel.loudness_ebu128.momentary.dmean": 0.8695226907730103,