{
    "song_title": "Big Boy Pete",
    "artist": "Grateful Dead",
    "num_versions_processed": 2,
    "average_features": {
        "lowlevel.loudness_ebu128.momentary.dmean2": 0.8251046538352966,
        "lowlevel.loudness_ebu128.short_term.median": -11.824254035949707,
        "lowlevel.spectral_centroid.median": 1480.2148742675781,
        "rhythm.beats_loudness.var": 0.0002010469852393726,
        "rhythm.beats_loudness.dvar": 0.00010745591498562135,
        "lowlevel.loudness_ebu128.short_term.stdev": 3.9537390172481537,
        "lowlevel.loudness_ebu128.integrated": -10.975661277770996,
        "rhythm.beats_loudness.max": 0.08799425512552261,
        "lowlevel.spectral_centroid.max": 11115.22998046875,
        "lowlevel.spectral_centroid.min": 201.54500579833984,
        "lowlevel.loudness_ebu128.momentary.stdev": 4.87236762046814,
        "rhythm.bpm": 120.3991813659668,
        "lowlevel.loudness_ebu128.loudness_range": 8.841784000396729,
        "rhythm.beats_loudness.mean": 0.022473169490695,
        "rhythm.bpm_histogram_second_peak_weight": 0.12220417708158493,
        "metadata.audio_properties.analysis.equal_loudness": 0.0,
        "lowlevel.loudness_ebu128.short_term.var": 26.829420819878578,
        "rhythm.beats_loudness.dvar2": 0.0002840208471752703,
        "rhythm.bpm_histogram_second_peak_bpm": 125.5,
        "lowlevel.loudness_ebu128.momentary.mean": -13.588730335235596,
        "lowlevel.loudness_ebu128.short_term.max": -7.364531755447388,
        "rhythm.beats_loudness.stdev": 0.013137578964233398,
        "lowlevel.loudness_ebu128.momentary.dmean": 0.7263182997703552,
        "lowlevel.spectral_centroid.mean": 1533.668212890625,
        "lowlevel.spectral_centroid.stdev": 561.4712829589844,
        "rhythm.beats_loudness.median": 0.021704538725316525,
        "lowlevel.loudness_ebu128.short_term.dmean": 0.1120850257575512,
        "lowlevel.loudness_ebu128.short_term.dvar2": 0.014999031322076917,
        "rhythm.beats_loudness.dmean2": 0.01749247033149004,
        "lowlevel.loudness_ebu128.short_term.mean": -12.990070343017578,
        "lowlevel.loudness_ebu128.momentary.var": 35.3975784778595,
        "rhythm.beats_loudness.dmean": 0.010268358513712883,
        "lowlevel.loudness_ebu128.momentary.min": -35.176859855651855,
        "lowlevel.loudness_ebu128.momentary.dvar": 0.5440703108906746,
        "lowlevel.spectral_centroid.dmean": 235.8696060180664,
        "lowlevel.spectral_centroid.var": 317115.3125,
        "rhythm.beats_loudness.min": 0.0012819585763281793,
        "lowlevel.average_loudness": 0.6770687848329544,
        "lowlevel.loudness_ebu128.short_term.dmean2": 0.10342569649219513,
        "lowlevel.loudness_ebu128.short_term.min": -25.810832500457764,
        "rhythm.bpm_histogram_first_peak_bpm": 119.5,
        "lowlevel.loudness_ebu128.momentary.max": -5.451351881027222,
        "lowlevel.spectral_centroid.dmean2": 354.5928955078125,
        "rhythm.bpm_histogram_second_peak_spread": 0.11975526809692383,
        "lowlevel.loudness_ebu128.short_term.dvar": 0.022582569392398,
        "lowlevel.loudness_ebu128.momentary.median": -12.064417839050293,
        "rhythm.danceability": 1.1703259944915771,
        "lowlevel.spectral_centroid.dvar": 57426.302734375,
        "rhythm.bpm_histogram_first_peak_weight": 0.5677002966403961,
        "lowlevel.loudness_ebu128.momentary.dvar2": 0.67017862200737,
        "lowlevel.spectral_centroid.dvar2": 118310.5390625
    },
    "outlier_flag": true,
    "outlier_reasons": [
        "Danceability Variance: 0.30 (limit 0.2)"
    ],
    "raw_versions": [
        {
            "id": "NBKZUH06qcE",
            "title": "Big Boy Pete - Henry J. Kaiser 11/21/1985",
            "views": 14347,
            "features": {
                "lowlevel.average_loudness": 0.9641449451446533,
                "lowlevel.loudness_ebu128.integrated": -8.581439971923828,
                "lowlevel.loudness_ebu128.loudness_range": 1.6734743118286133,
                "lowlevel.loudness_ebu128.momentary.dmean": 0.5772461891174316,
                "lowlevel.loudness_ebu128.momentary.dmean2": 0.6857920289039612,
                "lowlevel.loudness_ebu128.momentary.dvar": 0.24768371880054474,
                "lowlevel.loudness_ebu128.momentary.dvar2": 0.3963266611099243,
                "lowlevel.loudness_ebu128.momentary.max": -5.013999938964844,
                "lowlevel.loudness_ebu128.momentary.mean": -8.801133155822754,
                "lowlevel.loudness_ebu128.momentary.median": -8.654914855957031,
                "lowlevel.loudness_ebu128.momentary.min": -17.164358139038086,
                "lowlevel.loudness_ebu128.momentary.stdev": 1.4580435752868652,
                "lowlevel.loudness_ebu128.momentary.var": 2.1258912086486816,
                "lowlevel.loudness_ebu128.short_term.dmean": 0.07276036590337753,
                "lowlevel.loudness_ebu128.short_term.dmean2": 0.07464291155338287,
                "lowlevel.loudness_ebu128.short_term.dvar": 0.0035546408034861088,
                "lowlevel.loudness_ebu128.short_term.dvar2": 0.004329773131757975,
                "lowlevel.loudness_ebu128.short_term.max": -6.710203647613525,
                "lowlevel.loudness_ebu128.short_term.mean": -8.634469985961914,
                "lowlevel.loudness_ebu128.short_term.median": -8.587181091308594,
                "lowlevel.loudness_ebu128.short_term.min": -10.908614158630371,
                "lowlevel.loudness_ebu128.short_term.stdev": 0.6074921488761902,
                "lowlevel.loudness_ebu128.short_term.var": 0.36904671788215637,
                "lowlevel.spectral_centroid.dmean": 292.612548828125,
                "lowlevel.spectral_centroid.dmean2": 444.6628112792969,
                "lowlevel.spectral_centroid.dvar": 78862.03125,
                "lowlevel.spectral_centroid.dvar2": 166531.671875,
                "lowlevel.spectral_centroid.max": 11296.7041015625,
                "lowlevel.spectral_centroid.mean": 1972.752685546875,
                "lowlevel.spectral_centroid.median": 1959.1904296875,
                "lowlevel.spectral_centroid.min": 257.44378662109375,
                "lowlevel.spectral_centroid.stdev": 604.6607666015625,
                "lowlevel.spectral_centroid.var": 365614.625,
                "metadata.audio_properties.analysis.equal_loudness": 0.0,
                "rhythm.beats_loudness.dmean": 0.00857765693217516,
                "rhythm.beats_loudness.dmean2": 0.014750281348824501,
                "rhythm.beats_loudness.dvar": 4.6906199713703245e-05,
                "rhythm.beats_loudness.dvar2": 0.00013381073949858546,
                "rhythm.beats_loudness.max": 0.05066594481468201,
                "rhythm.beats_loudness.mean": 0.024162566289305687,
                "rhythm.beats_loudness.median": 0.024515077471733093,
                "rhythm.beats_loudness.min": 0.002546804491430521,
                "rhythm.beats_loudness.stdev": 0.007803631946444511,
                "rhythm.beats_loudness.var": 6.089666931075044e-05,
                "rhythm.bpm": 110.65547943115234,
                "rhythm.bpm_histogram_first_peak_bpm": 110.0,
                "rhythm.bpm_histogram_first_peak_weight": 0.5879999995231628,
                "rhythm.bpm_histogram_second_peak_bpm": 115.0,
                "rhythm.bpm_histogram_second_peak_spread": 0.05769234895706177,
                "rhythm.bpm_histogram_second_peak_weight": 0.14000000059604645,
                "rhythm.danceability": 1.3208667039871216
            }
        },
        {
            "id": "rs4F9yy5QZA",
            "title": "Grateful Dead - Big Boy Pete 1966-11-29",
            "views": 5406,
            "features": {
                "lowlevel.average_loudness": 0.3899926245212555,
                "lowlevel.loudness_ebu128.integrated": -13.369882583618164,
                "lowlevel.loudness_ebu128.loudness_range": 16.010093688964844,
                "lowlevel.loudness_ebu128.momentary.dmean": 0.8753904104232788,