{
    "song_title": "Big Railroad Blues",
    "artist": "Grateful Dead",
    "num_versions_processed": 3,
    "average_features": {
        "lowlevel.loudness_ebu128.momentary.dmean2": 0.6517033775647482,
        "lowlevel.loudness_ebu128.short_term.median": -12.180735270182291,
        "lowlevel.spectral_centroid.median": 755.877685546875,
        "rhythm.beats_loudness.var": 0.0004188736202195287,
        "rhythm.beats_loudness.dvar": 0.00021083875374946123,
        "lowlevel.loudness_ebu128.short_term.stdev": 5.757688005765279,
        "lowlevel.loudness_ebu128.integrated": -11.958019574483236,
        "rhythm.beats_loudness.max": 0.11162179708480835,
        "lowlevel.spectral_centroid.max": 8906.0,
        "lowlevel.spectral_centroid.min": 169.71393839518228,
        "lowlevel.loudness_ebu128.momentary.stdev": 7.9790275891621905,
        "rhythm.bpm": 154.82962544759116,
        "lowlevel.loudness_ebu128.loudness_range": 11.625981966654459,
        "rhythm.beats_loudness.mean": 0.03195928409695625,
        "rhythm.bpm_histogram_second_peak_weight": 0.1623936134080092,
        "metadata.audio_properties.analysis.equal_loudness": 0.0,
        "lowlevel.loudness_ebu128.short_term.var": 43.224825382232666,
        "rhythm.beats_loudness.dvar2": 0.0006163069435084859,
        "rhythm.bpm_histogram_second_peak_bpm": 158.33333333333334,
        "lowlevel.loudness_ebu128.momentary.mean": -15.828787485758463,
        "lowlevel.loudness_ebu128.short_term.max": -9.729112307230631,
        "rhythm.beats_loudness.stdev": 0.02031955122947693,
        "lowlevel.loudness_ebu128.momentary.dmean": 0.6182395219802856,
        "lowlevel.spectral_centroid.mean": 821.2673136393229,
        "lowlevel.spectral_centroid.stdev": 378.1731770833333,
        "rhythm.beats_loudness.median": 0.031009004761775334,
        "lowlevel.loudness_ebu128.short_term.dmean": 0.11892893413702647,
        "lowlevel.loudness_ebu128.short_term.dvar2": 0.03084813174791634,
        "rhythm.beats_loudness.dmean2": 0.023854864140351612,
        "lowlevel.loudness_ebu128.short_term.mean": -14.980434735616049,
        "lowlevel.loudness_ebu128.momentary.var": 68.4949270884196,
        "rhythm.beats_loudness.dmean": 0.013845864062507948,
        "lowlevel.loudness_ebu128.momentary.min": -61.98180389404297,
        "lowlevel.loudness_ebu128.momentary.dvar": 0.7021817366282145,
        "lowlevel.spectral_centroid.dmean": 128.5231475830078,
        "lowlevel.spectral_centroid.var": 146609.02604166666,
        "rhythm.beats_loudness.min": 3.629455477494048e-06,
        "lowlevel.average_loudness": 0.7741719086964926,
        "lowlevel.loudness_ebu128.short_term.dmean2": 0.10347397377093633,
        "lowlevel.loudness_ebu128.short_term.min": -35.04641532897949,
        "rhythm.bpm_histogram_first_peak_bpm": 155.66666666666666,
        "lowlevel.loudness_ebu128.momentary.max": -7.266098658243815,
        "lowlevel.spectral_centroid.dmean2": 195.62768046061197,
        "rhythm.bpm_histogram_second_peak_spread": 0.23713445663452148,
        "lowlevel.loudness_ebu128.short_term.dvar": 0.043420256581157446,
        "lowlevel.loudness_ebu128.momentary.median": -12.563440322875977,
        "rhythm.danceability": 1.1112512548764546,
        "lowlevel.spectral_centroid.dvar": 26587.287760416668,
        "rhythm.bpm_histogram_first_peak_weight": 0.1842105189959208,
        "lowlevel.loudness_ebu128.momentary.dvar2": 0.8423892557621002,
        "lowlevel.spectral_centroid.dvar2": 54428.274739583336
    },
    "outlier_flag": true,
    "outlier_reasons": [
        "Danceability Variance: 0.30 (limit 0.2)"
    ],
    "raw_versions": [
        {
            "id": "ieNCBfHaZkw",
            "title": "Big Railroad Blues (Live at Manhattan Center, New York, NY, April 5, 1971)",
            "views": 328049,
            "features": {
                "lowlevel.average_loudness": 0.9138588309288025,
                "lowlevel.loudness_ebu128.integrated": -11.90544319152832,
                "lowlevel.loudness_ebu128.loudness_range": 2.3216915130615234,
                "lowlevel.loudness_ebu128.momentary.dmean": 0.39907580614089966,
                "lowlevel.loudness_ebu128.momentary.dmean2": 0.4313719868659973,
                "lowlevel.loudness_ebu128.momentary.dvar": 0.22789621353149414,
                "lowlevel.loudness_ebu128.momentary.dvar2": 0.18212172389030457,
                "lowlevel.loudness_ebu128.momentary.max": -8.495770454406738,
                "lowlevel.loudness_ebu128.momentary.mean": -12.656394004821777,
                "lowlevel.loudness_ebu128.momentary.median": -12.007434844970703,
                "lowlevel.loudness_ebu128.momentary.min": -88.73339080810547,
                "lowlevel.loudness_ebu128.momentary.stdev": 5.366201400756836,
                "lowlevel.loudness_ebu128.momentary.var": 28.796117782592773,
                "lowlevel.loudness_ebu128.short_term.dmean": 0.07390593737363815,
                "lowlevel.loudness_ebu128.short_term.dmean2": 0.07492075860500336,
                "lowlevel.loudness_ebu128.short_term.dvar": 0.006375849712640047,
                "lowlevel.loudness_ebu128.short_term.dvar2": 0.0036063024308532476,
                "lowlevel.loudness_ebu128.short_term.max": -9.717347145080566,
                "lowlevel.loudness_ebu128.short_term.mean": -12.064448356628418,
                "lowlevel.loudness_ebu128.short_term.median": -11.899595260620117,
                "lowlevel.loudness_ebu128.short_term.min": -28.294565200805664,
                "lowlevel.loudness_ebu128.short_term.stdev": 1.3718751668930054,
                "lowlevel.loudness_ebu128.short_term.var": 1.8820414543151855,
                "lowlevel.spectral_centroid.dmean": 177.1525115966797,
                "lowlevel.spectral_centroid.dmean2": 269.8262023925781,
                "lowlevel.spectral_centroid.dvar": 41772.56640625,
                "lowlevel.spectral_centroid.dvar2": 84740.1796875,
                "lowlevel.spectral_centroid.max": 11733.79296875,
                "lowlevel.spectral_centroid.mean": 1007.1137084960938,
                "lowlevel.spectral_centroid.median": 948.3680419921875,
                "lowlevel.spectral_centroid.min": 192.76040649414062,
                "lowlevel.spectral_centroid.stdev": 462.5479431152344,
                "lowlevel.spectral_centroid.var": 213950.609375,
                "metadata.audio_properties.analysis.equal_loudness": 0.0,
                "rhythm.beats_loudness.dmean": 0.01504431664943695,
                "rhythm.beats_loudness.dmean2": 0.02607077732682228,
                "rhythm.beats_loudness.dvar": 0.0001696892868494615,
                "rhythm.beats_loudness.dvar2": 0.0004995328490622342,
                "rhythm.beats_loudness.max": 0.1032322347164154,
                "rhythm.beats_loudness.mean": 0.04040226340293884,
                "rhythm.beats_loudness.median": 0.037966128438711166,
                "rhythm.beats_loudness.min": 5.371930456021801e-09,
                "rhythm.beats_loudness.stdev": 0.016970548778772354,
                "rhythm.beats_loudness.var": 0.000287999544525519,
                "rhythm.bpm": 147.7471160888672,
                "rhythm.bpm_histogram_first_peak_bpm": 148.0,
                "rhythm.bpm_histogram_first_peak_weight": 0.39878541231155396,
                "rhythm.bpm_histogram_second_peak_bpm": 157.0,
                "rhythm.bpm_histogram_second_peak_spread": 0.41379308700561523,
                "rhythm.bpm_histogram_second_peak_weight": 0.03231939300894737,
                "rhythm.danceability": 1.2145458459854126
            }
        },
        {
            "id": "-MY6Tuv09dU",
            "title": "Grateful Dead - Big Railroad Blues 1972",
            "views": 47002,
            "features": {
                "lowlevel.average_loudness": 0.7364497184753418,
                "lowlevel.loudness_ebu128.integrated": -12.514404296875,
                "lowlevel.loudness_ebu128.loudness_range": 17.816028594970703,