{
    "song_title": "Big River",
    "artist": "Grateful Dead",
    "num_versions_processed": 3,
    "average_features": {
        "lowlevel.loudness_ebu128.short_term.dvar2": 0.022325759753584862,
        "lowlevel.loudness_ebu128.momentary.var": 38.58476479848226,
        "lowlevel.loudness_ebu128.momentary.min": -68.57982126871745,
        "lowlevel.spectral_centroid.dvar": 63171.9296875,
        "rhythm.beats_loudness.min": 1.6691348317869153e-05,
        "lowlevel.spectral_centroid.mean": 1163.8433634440105,
        "rhythm.beats_loudness.dvar": 0.0003180399362463504,
        "rhythm.bpm_histogram_first_peak_bpm": 117.0,
        "rhythm.beats_loudness.median": 0.028819880758722622,
        "lowlevel.loudness_ebu128.integrated": -20.45009485880534,
        "lowlevel.loudness_ebu128.short_term.mean": -22.102577209472656,
        "rhythm.beats_loudness.dmean2": 0.02941220874587695,
        "lowlevel.loudness_ebu128.momentary.dvar2": 1.1927915414174397,
        "rhythm.bpm_histogram_second_peak_weight": 0.036517919351657234,
        "lowlevel.loudness_ebu128.loudness_range": 4.835611343383789,
        "rhythm.bpm_histogram_second_peak_bpm": 109.66666666666667,
        "lowlevel.loudness_ebu128.short_term.min": -46.77253723144531,
        "lowlevel.loudness_ebu128.short_term.stdev": 4.467085202534993,
        "lowlevel.loudness_ebu128.short_term.dmean2": 0.1455053836107254,
        "lowlevel.loudness_ebu128.short_term.var": 28.493161996205647,
        "rhythm.beats_loudness.mean": 0.03257443942129612,
        "lowlevel.spectral_centroid.max": 9238.528157552084,
        "lowlevel.loudness_ebu128.momentary.dvar": 0.5841371019681295,
        "rhythm.beats_loudness.stdev": 0.021960794925689697,
        "lowlevel.loudness_ebu128.momentary.max": -14.092418352762857,
        "lowlevel.spectral_centroid.median": 1072.0079956054688,
        "lowlevel.loudness_ebu128.momentary.dmean": 0.8136917551358541,
        "lowlevel.loudness_ebu128.short_term.dvar": 0.020214539021253586,
        "rhythm.beats_loudness.var": 0.0004849728138651699,
        "lowlevel.loudness_ebu128.momentary.stdev": 5.69408384958903,
        "lowlevel.loudness_ebu128.momentary.mean": -22.5364990234375,
        "rhythm.beats_loudness.dmean": 0.017065113720794518,
        "lowlevel.average_loudness": 0.8197591304779053,
        "lowlevel.loudness_ebu128.short_term.median": -20.594764709472656,
        "rhythm.beats_loudness.max": 0.15275700390338898,
        "metadata.audio_properties.analysis.equal_loudness": 0.0,
        "lowlevel.loudness_ebu128.momentary.dmean2": 1.269276221593221,
        "lowlevel.spectral_centroid.dvar2": 125351.95833333333,
        "lowlevel.loudness_ebu128.short_term.max": -17.16589069366455,
        "lowlevel.spectral_centroid.var": 271774.078125,
        "rhythm.bpm_histogram_first_peak_weight": 0.46117933591206867,
        "lowlevel.loudness_ebu128.momentary.median": -20.90117581685384,
        "rhythm.bpm": 116.60145314534505,
        "rhythm.beats_loudness.dvar2": 0.0008735264030595621,
        "lowlevel.loudness_ebu128.short_term.dmean": 0.11142350733280182,
        "lowlevel.spectral_centroid.stdev": 520.5486653645834,
        "lowlevel.spectral_centroid.dmean": 215.55596415201822,
        "lowlevel.spectral_centroid.dmean2": 322.4144287109375,
        "rhythm.danceability": 1.4208712577819824,
        "lowlevel.spectral_centroid.min": 259.79925028483075,
        "rhythm.bpm_histogram_second_peak_spread": 0.31514181693394977
    },
    "outlier_flag": false,
    "outlier_reasons": null,
    "raw_versions": [
        {
            "id": "lupsEjczgr8",
            "title": "Grateful Dead - Me and My Uncle / Big River (Raleigh, NC 7/10/90)",
            "views": 156165,
            "features": {
                "lowlevel.average_loudness": 0.8064714670181274,
                "lowlevel.loudness_ebu128.integrated": -19.235525131225586,
                "lowlevel.loudness_ebu128.loudness_range": 4.154621124267578,
                "lowlevel.loudness_ebu128.momentary.dmean": 0.8959785103797913,
                "lowlevel.loudness_ebu128.momentary.dmean2": 1.4354232549667358,
                "lowlevel.loudness_ebu128.momentary.dvar": 0.8280730247497559,
                "lowlevel.loudness_ebu128.momentary.dvar2": 1.7143018245697021,
                "lowlevel.loudness_ebu128.momentary.max": -11.12533187866211,
                "lowlevel.loudness_ebu128.momentary.mean": -20.371532440185547,
                "lowlevel.loudness_ebu128.momentary.median": -19.65593719482422,
                "lowlevel.loudness_ebu128.momentary.min": -90.6938247680664,
                "lowlevel.loudness_ebu128.momentary.stdev": 5.106764316558838,
                "lowlevel.loudness_ebu128.momentary.var": 26.079042434692383,
                "lowlevel.loudness_ebu128.short_term.dmean": 0.11353126168251038,
                "lowlevel.loudness_ebu128.short_term.dmean2": 0.1474669724702835,
                "lowlevel.loudness_ebu128.short_term.dvar": 0.02779664844274521,
                "lowlevel.loudness_ebu128.short_term.dvar2": 0.02416468784213066,
                "lowlevel.loudness_ebu128.short_term.max": -16.079410552978516,
                "lowlevel.loudness_ebu128.short_term.mean": -19.796337127685547,
                "lowlevel.loudness_ebu128.short_term.median": -19.396268844604492,
                "lowlevel.loudness_ebu128.short_term.min": -49.51597595214844,
                "lowlevel.loudness_ebu128.short_term.stdev": 2.947204828262329,
                "lowlevel.loudness_ebu128.short_term.var": 8.686016082763672,
                "lowlevel.spectral_centroid.dmean": 190.0774383544922,
                "lowlevel.spectral_centroid.dmean2": 285.71466064453125,
                "lowlevel.spectral_centroid.dvar": 57832.41796875,
                "lowlevel.spectral_centroid.dvar2": 115825.03125,
                "lowlevel.spectral_centroid.max": 5679.23583984375,
                "lowlevel.spectral_centroid.mean": 827.8151245117188,
                "lowlevel.spectral_centroid.median": 699.9779663085938,
                "lowlevel.spectral_centroid.min": 205.4751739501953,
                "lowlevel.spectral_centroid.stdev": 483.18408203125,
                "lowlevel.spectral_centroid.var": 233466.859375,
                "metadata.audio_properties.analysis.equal_loudness": 0.0,
                "rhythm.beats_loudness.dmean": 0.019219016656279564,
                "rhythm.beats_loudness.dmean2": 0.033067695796489716,
                "rhythm.beats_loudness.dvar": 0.00037334937951527536,
                "rhythm.beats_loudness.dvar2": 0.0010763611644506454,
                "rhythm.beats_loudness.max": 0.18186387419700623,
                "rhythm.beats_loudness.mean": 0.03696637600660324,
                "rhythm.beats_loudness.median": 0.033013716340065,
                "rhythm.beats_loudness.min": 2.3589348252528453e-09,
                "rhythm.beats_loudness.stdev": 0.02301231026649475,
                "rhythm.beats_loudness.var": 0.0005295664304867387,
                "rhythm.bpm": 117.1534194946289,
                "rhythm.bpm_histogram_first_peak_bpm": 117.0,
                "rhythm.bpm_histogram_first_peak_weight": 0.3935135006904602,
                "rhythm.bpm_histogram_second_peak_bpm": 112.0,
                "rhythm.bpm_histogram_second_peak_spread": 0.3404255509376526,
                "rhythm.bpm_histogram_second_peak_weight": 0.031155778095126152,
                "rhythm.danceability": 1.315170168876648
            }
        },
        {
            "id": "xEuhT0PsCYk",
            "title": "Grateful Dead - Big River 12-31-78",
            "views": 45830,
            "features": {
                "lowlevel.average_loudness": 0.9396063089370728,
                "lowlevel.loudness_ebu128.integrated": -23.8867130279541,
                "lowlevel.loudness_ebu128.loudness_range": 4.008951187133789,
                "lowlevel.loudness_ebu128.momentary.dmean": 0.7726725935935974,