{
    "song_title": "Black Throated Wind",
    "artist": "Grateful Dead",
    "num_versions_processed": 1,
    "average_features": {
        "lowlevel.loudness_ebu128.short_term.dvar2": 0.02184005081653595,
        "lowlevel.loudness_ebu128.momentary.var": 67.81892395019531,
        "lowlevel.loudness_ebu128.momentary.min": -65.1044692993164,
        "lowlevel.spectral_centroid.dvar": 30901.546875,
        "rhythm.beats_loudness.min": 8.754218470130581e-07,
        "lowlevel.spectral_centroid.mean": 792.33203125,
        "rhythm.beats_loudness.dvar": 0.00042230371036566794,
        "rhythm.bpm_histogram_first_peak_bpm": 81.0,
        "rhythm.beats_loudness.median": 0.03241082280874252,
        "lowlevel.loudness_ebu128.integrated": -23.881267547607422,
        "lowlevel.loudness_ebu128.short_term.mean": -27.10660171508789,
        "rhythm.beats_loudness.dmean2": 0.031125683337450027,
        "lowlevel.loudness_ebu128.momentary.dvar2": 1.4320857524871826,
        "rhythm.bpm_histogram_second_peak_weight": 0.0799347460269928,
        "lowlevel.loudness_ebu128.loudness_range": 9.899765014648438,
        "rhythm.bpm_histogram_second_peak_bpm": 167.0,
        "lowlevel.loudness_ebu128.short_term.min": -60.514678955078125,
        "lowlevel.loudness_ebu128.short_term.stdev": 7.190746307373047,
        "lowlevel.loudness_ebu128.short_term.dmean2": 0.10943876206874847,
        "lowlevel.loudness_ebu128.short_term.var": 51.70682907104492,
        "rhythm.beats_loudness.mean": 0.03935873135924339,
        "lowlevel.spectral_centroid.max": 5171.2939453125,
        "lowlevel.loudness_ebu128.momentary.dvar": 1.121829628944397,
        "rhythm.beats_loudness.stdev": 0.03308694809675217,
        "lowlevel.loudness_ebu128.momentary.max": -17.598594665527344,
        "lowlevel.spectral_centroid.median": 696.134765625,
        "lowlevel.loudness_ebu128.momentary.dmean": 0.9241598844528198,
        "lowlevel.loudness_ebu128.short_term.dvar": 0.0369785875082016,
        "rhythm.beats_loudness.var": 0.0010947460541501641,
        "lowlevel.loudness_ebu128.momentary.stdev": 8.235224723815918,
        "lowlevel.loudness_ebu128.momentary.mean": -27.878677368164062,
        "rhythm.beats_loudness.dmean": 0.01848817616701126,
        "lowlevel.average_loudness": 0.4312947392463684,
        "lowlevel.loudness_ebu128.short_term.median": -25.01705551147461,
        "rhythm.beats_loudness.max": 0.1607021540403366,
        "metadata.audio_properties.analysis.equal_loudness": 0.0,
        "lowlevel.loudness_ebu128.momentary.dmean2": 1.0025200843811035,
        "lowlevel.spectral_centroid.dvar2": 64443.03515625,
        "lowlevel.loudness_ebu128.short_term.max": -19.20865821838379,
        "lowlevel.spectral_centroid.var": 148525.671875,
        "rhythm.bpm_histogram_first_peak_weight": 0.1555023193359375,
        "lowlevel.loudness_ebu128.momentary.median": -25.520803451538086,
        "rhythm.bpm": 80.9775619506836,
        "rhythm.beats_loudness.dvar2": 0.0013128118589520454,
        "lowlevel.loudness_ebu128.short_term.dmean": 0.12615586817264557,
        "lowlevel.spectral_centroid.stdev": 385.3902893066406,
        "lowlevel.spectral_centroid.dmean": 124.89537811279297,
        "lowlevel.spectral_centroid.dmean2": 187.13540649414062,
        "rhythm.danceability": 1.112354040145874,
        "lowlevel.spectral_centroid.min": 173.62814331054688,
        "rhythm.bpm_histogram_second_peak_spread": 0.0
    },
    "outlier_flag": false,
    "outlier_reasons": null,
    "raw_versions": [
        {
            "id": "S217ejT538w",
            "title": "Grateful Dead with Branford Marsalis \"Black Throated Wind\" 9/10/91 New York, NY",
            "views": 2611,
            "features": {
                "lowlevel.average_loudness": 0.4312947392463684,
                "lowlevel.loudness_ebu128.integrated": -23.881267547607422,
                "lowlevel.loudness_ebu128.loudness_range": 9.899765014648438,
                "lowlevel.loudness_ebu128.momentary.dmean": 0.9241598844528198,
                "lowlevel.loudness_ebu128.momentary.dmean2": 1.0025200843811035,
                "lowlevel.loudness_ebu128.momentary.dvar": 1.121829628944397,
                "lowlevel.loudness_ebu128.momentary.dvar2": 1.4320857524871826,
                "lowlevel.loudness_ebu128.momentary.max": -17.598594665527344,
                "lowlevel.loudness_ebu128.momentary.mean": -27.878677368164062,
                "lowlevel.loudness_ebu128.momentary.median": -25.520803451538086,
                "lowlevel.loudness_ebu128.momentary.min": -65.1044692993164,
                "lowlevel.loudness_ebu128.momentary.stdev": 8.235224723815918,
                "lowlevel.loudness_ebu128.momentary.var": 67.81892395019531,
                "lowlevel.loudness_ebu128.short_term.dmean": 0.12615586817264557,
                "lowlevel.loudness_ebu128.short_term.dmean2": 0.10943876206874847,
                "lowlevel.loudness_ebu128.short_term.dvar": 0.0369785875082016,
                "lowlevel.loudness_ebu128.short_term.dvar2": 0.02184005081653595,
                "lowlevel.loudness_ebu128.short_term.max": -19.20865821838379,
                "lowlevel.loudness_ebu128.short_term.mean": -27.10660171508789,
                "lowlevel.loudness_ebu128.short_term.median": -25.01705551147461,
                "lowlevel.loudness_ebu128.short_term.min": -60.514678955078125,
                "lowlevel.loudness_ebu128.short_term.stdev": 7.190746307373047,
                "lowlevel.loudness_ebu128.short_term.var": 51.70682907104492,
                "lowlevel.spectral_centroid.dmean": 124.89537811279297,
                "lowlevel.spectral_centroid.dmean2": 187.13540649414062,
                "lowlevel.spectral_centroid.dvar": 30901.546875,
                "lowlevel.spectral_centroid.dvar2": 64443.03515625,
                "lowlevel.spectral_centroid.max": 5171.2939453125,
                "lowlevel.spectral_centroid.mean": 792.33203125,
                "lowlevel.spectral_centroid.median": 696.134765625,
                "lowlevel.spectral_centroid.min": 173.62814331054688,
                "lowlevel.spectral_centroid.stdev": 385.3902893066406,
                "lowlevel.spectral_centroid.var": 148525.671875,
                "metadata.audio_properties.analysis.equal_loudness": 0.0,
                "rhythm.beats_loudness.dmean": 0.01848817616701126,
                "rhythm.beats_loudness.dmean2": 0.031125683337450027,
                "rhythm.beats_loudness.dvar": 0.00042230371036566794,
                "rhythm.beats_loudness.dvar2": 0.0013128118589520454,
                "rhythm.beats_loudness.max": 0.1607021540403366,
                "rhythm.beats_loudness.mean": 0.03935873135924339,
                "rhythm.beats_loudness.median": 0.03241082280874252,
                "rhythm.beats_loudness.min": 8.754218470130581e-07,
                "rhythm.beats_loudness.stdev": 0.03308694809675217,
                "rhythm.beats_loudness.var": 0.0010947460541501641,
                "rhythm.bpm": 80.9775619506836,
                "rhythm.bpm_histogram_first_peak_bpm": 81.0,
                "rhythm.bpm_histogram_first_peak_weight": 0.1555023193359375,
                "rhythm.bpm_histogram_second_peak_bpm": 167.0,
                "rhythm.bpm_histogram_second_peak_spread": 0.0,
                "rhythm.bpm_histogram_second_peak_weight": 0.0799347460269928,
                "rhythm.danceability": 1.112354040145874
            }
        }
    ]
}