{
    "song_title": "Black Muddy River",
    "artist": "Grateful Dead",
    "num_versions_processed": 2,
    "average_features": {
        "rhythm.beats_loudness.dvar": 0.00040202197851613164,
        "lowlevel.loudness_ebu128.momentary.median": -17.956093788146973,
        "lowlevel.loudness_ebu128.short_term.min": -40.41912078857422,
        "lowlevel.loudness_ebu128.short_term.dvar": 0.025834759697318077,
        "rhythm.beats_loudness.dvar2": 0.0011495778162498027,
        "rhythm.beats_loudness.min": 7.369349326435959e-06,
        "lowlevel.loudness_ebu128.momentary.min": -70.03302001953125,
        "rhythm.bpm_histogram_second_peak_weight": 0.10095493867993355,
        "lowlevel.spectral_centroid.min": 151.13046264648438,
        "lowlevel.spectral_centroid.var": 166606.625,
        "lowlevel.loudness_ebu128.short_term.dvar2": 0.017601944506168365,
        "lowlevel.loudness_ebu128.short_term.stdev": 3.9862358570098877,
        "rhythm.beats_loudness.max": 0.17233005911111832,
        "lowlevel.loudness_ebu128.momentary.dvar2": 1.2307214140892029,
        "lowlevel.spectral_centroid.dvar2": 54370.646484375,
        "lowlevel.loudness_ebu128.momentary.max": -10.629502296447754,
        "lowlevel.average_loudness": 0.5409475862979889,
        "lowlevel.loudness_ebu128.momentary.var": 34.03768062591553,
        "lowlevel.loudness_ebu128.loudness_range": 7.985964298248291,
        "rhythm.beats_loudness.dmean": 0.019397994503378868,
        "lowlevel.loudness_ebu128.momentary.dvar": 0.8563232421875,
        "metadata.audio_properties.analysis.equal_loudness": 0.0,
        "lowlevel.spectral_centroid.dmean": 97.63025665283203,
        "rhythm.bpm": 122.08071517944336,
        "lowlevel.spectral_centroid.dvar": 29793.6845703125,
        "lowlevel.loudness_ebu128.momentary.dmean2": 0.9542303085327148,
        "rhythm.bpm_histogram_first_peak_weight": 0.5787247121334076,
        "rhythm.bpm_histogram_second_peak_spread": 0.2325218915939331,
        "lowlevel.loudness_ebu128.momentary.mean": -19.1912202835083,
        "lowlevel.loudness_ebu128.momentary.dmean": 0.8794069588184357,
        "rhythm.beats_loudness.mean": 0.03253765590488911,
        "rhythm.bpm_histogram_second_peak_bpm": 127.5,
        "lowlevel.loudness_ebu128.integrated": -16.8805251121521,
        "rhythm.beats_loudness.var": 0.000723140939953737,
        "lowlevel.loudness_ebu128.momentary.stdev": 5.782148599624634,
        "lowlevel.loudness_ebu128.short_term.var": 15.906497955322266,
        "lowlevel.spectral_centroid.max": 8876.40234375,
        "rhythm.beats_loudness.dmean2": 0.0344478702172637,
        "rhythm.danceability": 0.9872109293937683,
        "lowlevel.loudness_ebu128.short_term.max": -12.599770069122314,
        "lowlevel.spectral_centroid.mean": 665.0307006835938,
        "rhythm.beats_loudness.stdev": 0.026521691121160984,
        "lowlevel.loudness_ebu128.short_term.dmean2": 0.10645540058612823,
        "lowlevel.loudness_ebu128.short_term.dmean": 0.14177390187978745,
        "lowlevel.loudness_ebu128.short_term.mean": -18.283679008483887,
        "rhythm.bpm_histogram_first_peak_bpm": 121.5,
        "lowlevel.loudness_ebu128.short_term.median": -17.530601501464844,
        "lowlevel.spectral_centroid.median": 586.4660949707031,
        "lowlevel.spectral_centroid.stdev": 407.1752624511719,
        "lowlevel.spectral_centroid.dmean2": 148.02277755737305,
        "rhythm.beats_loudness.median": 0.02641443721950054
    },
    "outlier_flag": false,
    "outlier_reasons": null,
    "raw_versions": [
        {
            "id": "NFwswNXKsak",
            "title": "Grateful Dead - Black Muddy River (Live at Shoreline Amphitheatre;  CA 10/02/87) [Official Video]",
            "views": 87590,
            "features": {
                "lowlevel.average_loudness": 0.6609075665473938,
                "lowlevel.loudness_ebu128.integrated": -14.872017860412598,
                "lowlevel.loudness_ebu128.loudness_range": 8.129918098449707,
                "lowlevel.loudness_ebu128.momentary.dmean": 0.9509873390197754,
                "lowlevel.loudness_ebu128.momentary.dmean2": 0.9109411835670471,
                "lowlevel.loudness_ebu128.momentary.dvar": 0.978359580039978,
                "lowlevel.loudness_ebu128.momentary.dvar2": 1.115024447441101,
                "lowlevel.loudness_ebu128.momentary.max": -9.232439041137695,
                "lowlevel.loudness_ebu128.momentary.mean": -17.498088836669922,
                "lowlevel.loudness_ebu128.momentary.median": -16.015623092651367,
                "lowlevel.loudness_ebu128.momentary.min": -90.2359390258789,
                "lowlevel.loudness_ebu128.momentary.stdev": 6.559604644775391,
                "lowlevel.loudness_ebu128.momentary.var": 43.028411865234375,
                "lowlevel.loudness_ebu128.short_term.dmean": 0.15191788971424103,
                "lowlevel.loudness_ebu128.short_term.dmean2": 0.10330067574977875,
                "lowlevel.loudness_ebu128.short_term.dvar": 0.037329498678445816,
                "lowlevel.loudness_ebu128.short_term.dvar2": 0.02252683974802494,
                "lowlevel.loudness_ebu128.short_term.max": -11.208598136901855,
                "lowlevel.loudness_ebu128.short_term.mean": -16.30221939086914,
                "lowlevel.loudness_ebu128.short_term.median": -15.460445404052734,
                "lowlevel.loudness_ebu128.short_term.min": -35.87640380859375,
                "lowlevel.loudness_ebu128.short_term.stdev": 3.858090400695801,
                "lowlevel.loudness_ebu128.short_term.var": 14.88486099243164,
                "lowlevel.spectral_centroid.dmean": 66.12690734863281,
                "lowlevel.spectral_centroid.dmean2": 98.0148696899414,
                "lowlevel.spectral_centroid.dvar": 19496.947265625,
                "lowlevel.spectral_centroid.dvar2": 36192.07421875,
                "lowlevel.spectral_centroid.max": 6361.1787109375,
                "lowlevel.spectral_centroid.mean": 557.0160522460938,
                "lowlevel.spectral_centroid.median": 488.47625732421875,
                "lowlevel.spectral_centroid.min": 136.67225646972656,
                "lowlevel.spectral_centroid.stdev": 378.62835693359375,
                "lowlevel.spectral_centroid.var": 143359.4375,
                "metadata.audio_properties.analysis.equal_loudness": 0.0,
                "rhythm.beats_loudness.dmean": 0.017205605283379555,
                "rhythm.beats_loudness.dmean2": 0.030576420947909355,
                "rhythm.beats_loudness.dvar": 0.0002936632954515517,
                "rhythm.beats_loudness.dvar2": 0.0008307707612402737,
                "rhythm.beats_loudness.max": 0.14348040521144867,
                "rhythm.beats_loudness.mean": 0.026834886521100998,
                "rhythm.beats_loudness.median": 0.022281967103481293,
                "rhythm.beats_loudness.min": 8.572416110297354e-10,
                "rhythm.beats_loudness.stdev": 0.0220786239951849,
                "rhythm.beats_loudness.var": 0.00048746561515145004,
                "rhythm.bpm": 120.55316925048828,
                "rhythm.bpm_histogram_first_peak_bpm": 120.0,
                "rhythm.bpm_histogram_first_peak_weight": 0.6152416467666626,
                "rhythm.bpm_histogram_second_peak_bpm": 126.0,
                "rhythm.bpm_histogram_second_peak_spread": 0.3384615182876587,
                "rhythm.bpm_histogram_second_peak_weight": 0.11039794236421585,
                "rhythm.danceability": 0.9922419786453247
            }
        },
        {
            "id": "7jgscbCMmeU",
            "title": "Black Muddy River ~ (2 cam) - Grateful Dead - 12-27-1986 Kaiser Conv. Center, Oakland, Ca. (set2-03)",
            "views": 31982,
            "features": {
                "lowlevel.average_loudness": 0.420987606048584,
                "lowlevel.loudness_ebu128.integrated": -18.8890323638916,
                "lowlevel.loudness_ebu128.loudness_range": 7.842010498046875,