{
    "song_title": "Blackbird",
    "artist": "Grateful Dead",
    "num_versions_processed": 1,
    "average_features": {
        "rhythm.beats_loudness.dvar": 0.0007326246704906225,
        "lowlevel.loudness_ebu128.momentary.median": -36.49979782104492,
        "lowlevel.loudness_ebu128.short_term.min": -90.11802673339844,
        "lowlevel.loudness_ebu128.short_term.dvar": 0.7522466778755188,
        "rhythm.beats_loudness.dvar2": 0.0017273598350584507,
        "rhythm.beats_loudness.min": 1.8106579346977014e-08,
        "lowlevel.loudness_ebu128.momentary.min": -90.86971282958984,
        "rhythm.bpm_histogram_second_peak_weight": 0.07424593716859818,
        "lowlevel.spectral_centroid.min": 284.9979553222656,
        "lowlevel.spectral_centroid.var": 3361889.75,
        "lowlevel.loudness_ebu128.short_term.dvar2": 0.6522992253303528,
        "lowlevel.loudness_ebu128.short_term.stdev": 26.22651481628418,
        "rhythm.beats_loudness.max": 0.23395247757434845,
        "lowlevel.loudness_ebu128.momentary.dvar2": 2.043445587158203,
        "lowlevel.spectral_centroid.dvar2": 75281.4609375,
        "lowlevel.loudness_ebu128.momentary.max": -17.820608139038086,
        "lowlevel.average_loudness": 0.0033662961795926094,
        "lowlevel.loudness_ebu128.momentary.var": 670.0830078125,
        "lowlevel.loudness_ebu128.loudness_range": 11.934011459350586,
        "rhythm.beats_loudness.dmean": 0.013011813163757324,
        "lowlevel.loudness_ebu128.momentary.dvar": 1.9876413345336914,
        "metadata.audio_properties.analysis.equal_loudness": 0.0,
        "lowlevel.spectral_centroid.dmean": 171.3568572998047,
        "rhythm.bpm": 123.29151916503906,
        "lowlevel.spectral_centroid.dvar": 37034.08203125,
        "lowlevel.loudness_ebu128.momentary.dmean2": 0.6500661373138428,
        "rhythm.bpm_histogram_first_peak_weight": 0.1102941632270813,
        "rhythm.bpm_histogram_second_peak_spread": 0.46666669845581055,
        "lowlevel.loudness_ebu128.momentary.mean": -49.08755874633789,
        "lowlevel.loudness_ebu128.momentary.dmean": 0.6775437593460083,
        "rhythm.beats_loudness.mean": 0.01573302038013935,
        "rhythm.bpm_histogram_second_peak_bpm": 115.0,
        "lowlevel.loudness_ebu128.integrated": -29.302309036254883,
        "rhythm.beats_loudness.var": 0.0010948429116979241,
        "lowlevel.loudness_ebu128.momentary.stdev": 25.885961532592773,
        "lowlevel.loudness_ebu128.short_term.var": 687.830078125,
        "lowlevel.spectral_centroid.max": 5458.60693359375,
        "rhythm.beats_loudness.dmean2": 0.02170005440711975,
        "rhythm.danceability": 0.8925504088401794,
        "lowlevel.loudness_ebu128.short_term.max": -21.973709106445312,
        "lowlevel.spectral_centroid.mean": 2018.2369384765625,
        "rhythm.beats_loudness.stdev": 0.03308841213583946,
        "lowlevel.loudness_ebu128.short_term.dmean2": 0.12503543496131897,
        "lowlevel.loudness_ebu128.short_term.dmean": 0.18305204808712006,
        "lowlevel.loudness_ebu128.short_term.mean": -47.313499450683594,
        "rhythm.bpm_histogram_first_peak_bpm": 123.0,
        "lowlevel.loudness_ebu128.short_term.median": -33.21042251586914,
        "lowlevel.spectral_centroid.median": 1014.779541015625,
        "lowlevel.spectral_centroid.stdev": 1833.545654296875,
        "lowlevel.spectral_centroid.dmean2": 286.607421875,
        "rhythm.beats_loudness.median": 0.0026958948001265526
    },
    "outlier_flag": false,
    "outlier_reasons": null,
    "raw_versions": [
        {
            "id": "o75b3qFXc38",
            "title": "The Grateful Dead - Blackbird",
            "views": 11489,
            "features": {
                "lowlevel.average_loudness": 0.0033662961795926094,
                "lowlevel.loudness_ebu128.integrated": -29.302309036254883,
                "lowlevel.loudness_ebu128.loudness_range": 11.934011459350586,
                "lowlevel.loudness_ebu128.momentary.dmean": 0.6775437593460083,
                "lowlevel.loudness_ebu128.momentary.dmean2": 0.6500661373138428,
                "lowlevel.loudness_ebu128.momentary.dvar": 1.9876413345336914,
                "lowlevel.loudness_ebu128.momentary.dvar2": 2.043445587158203,
                "lowlevel.loudness_ebu128.momentary.max": -17.820608139038086,
                "lowlevel.loudness_ebu128.momentary.mean": -49.08755874633789,
                "lowlevel.loudness_ebu128.momentary.median": -36.49979782104492,
                "lowlevel.loudness_ebu128.momentary.min": -90.86971282958984,
                "lowlevel.loudness_ebu128.momentary.stdev": 25.885961532592773,
                "lowlevel.loudness_ebu128.momentary.var": 670.0830078125,
                "lowlevel.loudness_ebu128.short_term.dmean": 0.18305204808712006,
                "lowlevel.loudness_ebu128.short_term.dmean2": 0.12503543496131897,
                "lowlevel.loudness_ebu128.short_term.dvar": 0.7522466778755188,
                "lowlevel.loudness_ebu128.short_term.dvar2": 0.6522992253303528,
                "lowlevel.loudness_ebu128.short_term.max": -21.973709106445312,
                "lowlevel.loudness_ebu128.short_term.mean": -47.313499450683594,
                "lowlevel.loudness_ebu128.short_term.median": -33.21042251586914,
                "lowlevel.loudness_ebu128.short_term.min": -90.11802673339844,
                "lowlevel.loudness_ebu128.short_term.stdev": 26.22651481628418,
                "lowlevel.loudness_ebu128.short_term.var": 687.830078125,
                "lowlevel.spectral_centroid.dmean": 171.3568572998047,
                "lowlevel.spectral_centroid.dmean2": 286.607421875,
                "lowlevel.spectral_centroid.dvar": 37034.08203125,
                "lowlevel.spectral_centroid.dvar2": 75281.4609375,
                "lowlevel.spectral_centroid.max": 5458.60693359375,
                "lowlevel.spectral_centroid.mean": 2018.2369384765625,
                "lowlevel.spectral_centroid.median": 1014.779541015625,
                "lowlevel.spectral_centroid.min": 284.9979553222656,
                "lowlevel.spectral_centroid.stdev": 1833.545654296875,
                "lowlevel.spectral_centroid.var": 3361889.75,
                "metadata.audio_properties.analysis.equal_loudness": 0.0,
                "rhythm.beats_loudness.dmean": 0.013011813163757324,
                "rhythm.beats_loudness.dmean2": 0.02170005440711975,
                "rhythm.beats_loudness.dvar": 0.0007326246704906225,
                "rhythm.beats_loudness.dvar2": 0.0017273598350584507,
                "rhythm.beats_loudness.max": 0.23395247757434845,
                "rhythm.beats_loudness.mean": 0.01573302038013935,
                "rhythm.beats_loudness.median": 0.0026958948001265526,
                "rhythm.beats_loudness.min": 1.8106579346977014e-08,
                "rhythm.beats_loudness.stdev": 0.03308841213583946,
                "rhythm.beats_loudness.var": 0.0010948429116979241,
                "rhythm.bpm": 123.29151916503906,
                "rhythm.bpm_histogram_first_peak_bpm": 123.0,
                "rhythm.bpm_histogram_first_peak_weight": 0.1102941632270813,
                "rhythm.bpm_histogram_second_peak_bpm": 115.0,
                "rhythm.bpm_histogram_second_peak_spread": 0.46666669845581055,
                "rhythm.bpm_histogram_second_peak_weight": 0.07424593716859818,
                "rhythm.danceability": 0.8925504088401794
            }
        }
    ]
}