{
    "song_title": "Blow Away",
    "artist": "Grateful Dead",
    "num_versions_processed": 3,
    "average_features": {
        "rhythm.beats_loudness.dvar": 0.0002495547426709284,
        "lowlevel.loudness_ebu128.momentary.median": -16.936779975891113,
        "lowlevel.loudness_ebu128.short_term.min": -38.036044438680015,
        "lowlevel.loudness_ebu128.short_term.dvar": 0.01792926698302229,
        "rhythm.beats_loudness.dvar2": 0.0007156372012104839,
        "rhythm.beats_loudness.min": 0.00013301291650073357,
        "lowlevel.loudness_ebu128.momentary.min": -55.22063954671224,
        "rhythm.bpm_histogram_second_peak_weight": 0.09345303227504094,
        "lowlevel.spectral_centroid.min": 184.63398234049478,
        "lowlevel.spectral_centroid.var": 272382.8229166667,
        "lowlevel.loudness_ebu128.short_term.dvar2": 0.014830231123293439,
        "lowlevel.loudness_ebu128.short_term.stdev": 4.116492668787639,
        "rhythm.beats_loudness.max": 0.16049247731765112,
        "lowlevel.loudness_ebu128.momentary.dvar2": 0.5318305691083273,
        "lowlevel.spectral_centroid.dvar2": 95735.79036458333,
        "lowlevel.loudness_ebu128.momentary.max": -9.133195400238037,
        "lowlevel.average_loudness": 0.5096241757273674,
        "lowlevel.loudness_ebu128.momentary.var": 28.473897298177082,
        "lowlevel.loudness_ebu128.loudness_range": 6.781042098999023,
        "rhythm.beats_loudness.dmean": 0.015394501698513826,
        "lowlevel.loudness_ebu128.momentary.dvar": 0.41824325919151306,
        "metadata.audio_properties.analysis.equal_loudness": 0.0,
        "lowlevel.spectral_centroid.dmean": 187.00951639811197,
        "rhythm.bpm": 148.67344665527344,
        "lowlevel.spectral_centroid.dvar": 45239.496744791664,
        "lowlevel.loudness_ebu128.momentary.dmean2": 0.6567051708698273,
        "rhythm.bpm_histogram_first_peak_weight": 0.3517669637997945,
        "rhythm.bpm_histogram_second_peak_spread": 0.1715399424235026,
        "lowlevel.loudness_ebu128.momentary.mean": -17.993295351664226,
        "lowlevel.loudness_ebu128.momentary.dmean": 0.6114986737569174,
        "rhythm.beats_loudness.mean": 0.028050081804394722,
        "rhythm.bpm_histogram_second_peak_bpm": 142.66666666666666,
        "lowlevel.loudness_ebu128.integrated": -16.21756649017334,
        "rhythm.beats_loudness.var": 0.00040720231481827796,
        "lowlevel.loudness_ebu128.momentary.stdev": 4.990837415059407,
        "lowlevel.loudness_ebu128.short_term.var": 18.630657196044922,
        "lowlevel.spectral_centroid.max": 7329.648274739583,
        "rhythm.beats_loudness.dmean2": 0.027709539358814556,
        "rhythm.danceability": 1.0895799001057942,
        "lowlevel.loudness_ebu128.short_term.max": -11.00147279103597,
        "lowlevel.spectral_centroid.mean": 1078.48681640625,
        "rhythm.beats_loudness.stdev": 0.019790248324473698,
        "lowlevel.loudness_ebu128.short_term.dmean2": 0.0975731909275055,
        "lowlevel.loudness_ebu128.short_term.dmean": 0.10120419909556706,
        "lowlevel.loudness_ebu128.short_term.mean": -17.5289519627889,
        "rhythm.bpm_histogram_first_peak_bpm": 149.66666666666666,
        "lowlevel.loudness_ebu128.short_term.median": -16.574556350708008,
        "lowlevel.spectral_centroid.median": 988.9464314778646,
        "lowlevel.spectral_centroid.stdev": 516.6805725097656,
        "lowlevel.spectral_centroid.dmean2": 282.3502705891927,
        "rhythm.beats_loudness.median": 0.024668400486310322
    },
    "outlier_flag": false,
    "outlier_reasons": null,
    "raw_versions": [
        {
            "id": "yXbpxNghcCw",
            "title": "Grateful Dead - Blow Away (Orchard Park, NY 7/16/90)",
            "views": 293578,
            "features": {
                "lowlevel.average_loudness": 0.025237537920475006,
                "lowlevel.loudness_ebu128.integrated": -17.27414894104004,
                "lowlevel.loudness_ebu128.loudness_range": 6.251953125,
                "lowlevel.loudness_ebu128.momentary.dmean": 0.7917665839195251,
                "lowlevel.loudness_ebu128.momentary.dmean2": 0.9120000004768372,
                "lowlevel.loudness_ebu128.momentary.dvar": 0.7669345736503601,
                "lowlevel.loudness_ebu128.momentary.dvar2": 1.0253732204437256,
                "lowlevel.loudness_ebu128.momentary.max": -7.261616230010986,
                "lowlevel.loudness_ebu128.momentary.mean": -20.17786407470703,
                "lowlevel.loudness_ebu128.momentary.median": -18.597030639648438,
                "lowlevel.loudness_ebu128.momentary.min": -90.19205474853516,
                "lowlevel.loudness_ebu128.momentary.stdev": 7.543998718261719,
                "lowlevel.loudness_ebu128.momentary.var": 56.91191864013672,
                "lowlevel.loudness_ebu128.short_term.dmean": 0.1278231292963028,
                "lowlevel.loudness_ebu128.short_term.dmean2": 0.13083726167678833,
                "lowlevel.loudness_ebu128.short_term.dvar": 0.038748010993003845,
                "lowlevel.loudness_ebu128.short_term.dvar2": 0.031465474516153336,
                "lowlevel.loudness_ebu128.short_term.max": -9.27940845489502,
                "lowlevel.loudness_ebu128.short_term.mean": -19.3403263092041,
                "lowlevel.loudness_ebu128.short_term.median": -18.01209259033203,
                "lowlevel.loudness_ebu128.short_term.min": -46.789710998535156,
                "lowlevel.loudness_ebu128.short_term.stdev": 5.804780960083008,
                "lowlevel.loudness_ebu128.short_term.var": 33.69548416137695,
                "lowlevel.spectral_centroid.dmean": 140.17202758789062,
                "lowlevel.spectral_centroid.dmean2": 209.56826782226562,
                "lowlevel.spectral_centroid.dvar": 29512.498046875,
                "lowlevel.spectral_centroid.dvar2": 60528.46484375,
                "lowlevel.spectral_centroid.max": 5696.2978515625,
                "lowlevel.spectral_centroid.mean": 812.8258056640625,
                "lowlevel.spectral_centroid.median": 716.3983154296875,
                "lowlevel.spectral_centroid.min": 203.82154846191406,
                "lowlevel.spectral_centroid.stdev": 433.31414794921875,
                "lowlevel.spectral_centroid.var": 187761.15625,
                "metadata.audio_properties.analysis.equal_loudness": 0.0,
                "rhythm.beats_loudness.dmean": 0.01840226911008358,
                "rhythm.beats_loudness.dmean2": 0.03375473618507385,
                "rhythm.beats_loudness.dvar": 0.0004328904615249485,
                "rhythm.beats_loudness.dvar2": 0.0012312442995607853,
                "rhythm.beats_loudness.max": 0.23946917057037354,
                "rhythm.beats_loudness.mean": 0.024357663467526436,
                "rhythm.beats_loudness.median": 0.018092285841703415,
                "rhythm.beats_loudness.min": 1.194176424412774e-09,
                "rhythm.beats_loudness.stdev": 0.02512143738567829,
                "rhythm.beats_loudness.var": 0.0006310865865088999,
                "rhythm.bpm": 155.14686584472656,
                "rhythm.bpm_histogram_first_peak_bpm": 157.0,
                "rhythm.bpm_histogram_first_peak_weight": 0.2460317611694336,
                "rhythm.bpm_histogram_second_peak_bpm": 152.0,
                "rhythm.bpm_histogram_second_peak_spread": 0.1111111044883728,
                "rhythm.bpm_histogram_second_peak_weight": 0.23826715350151062,
                "rhythm.danceability": 1.0635569095611572
            }
        },
        {
            "id": "MHU5FywUBEk",
            "title": "Grateful Dead - Blow Away (Philadelphia 7/7/89) (Official Live Video)",
            "views": 764923,
            "features": {
                "lowlevel.average_loudness": 0.8630488514900208,
                "lowlevel.loudness_ebu128.integrated": -12.892241477966309,
                "lowlevel.loudness_ebu128.loudness_range": 6.601716995239258,