{
    "song_title": "Blue Moon",
    "artist": "Grateful Dead",
    "num_versions_processed": 3,
    "average_features": {
        "lowlevel.loudness_ebu128.momentary.dmean2": 0.8468150496482849,
        "lowlevel.loudness_ebu128.short_term.median": -19.510557174682617,
        "lowlevel.spectral_centroid.median": 815.3794148763021,
        "rhythm.beats_loudness.var": 0.0012696064659394324,
        "rhythm.beats_loudness.dvar": 0.0009160063636954874,
        "lowlevel.loudness_ebu128.short_term.stdev": 6.660067081451416,
        "lowlevel.loudness_ebu128.integrated": -16.677663167317707,
        "rhythm.beats_loudness.max": 0.23950661718845367,
        "lowlevel.spectral_centroid.max": 10876.143229166666,
        "lowlevel.spectral_centroid.min": 134.17110697428384,
        "lowlevel.loudness_ebu128.momentary.stdev": 9.439186890920004,
        "rhythm.bpm": 101.71901957194011,
        "lowlevel.loudness_ebu128.loudness_range": 12.051359176635742,
        "rhythm.beats_loudness.mean": 0.02985764543215434,
        "rhythm.bpm_histogram_second_peak_weight": 0.06303804616133372,
        "metadata.audio_properties.analysis.equal_loudness": 0.0,
        "lowlevel.loudness_ebu128.short_term.var": 53.36525821685791,
        "rhythm.beats_loudness.dvar2": 0.002883704767252008,
        "rhythm.bpm_histogram_second_peak_bpm": 113.0,
        "lowlevel.loudness_ebu128.momentary.mean": -21.712446848551433,
        "lowlevel.loudness_ebu128.short_term.max": -11.980751673380533,
        "rhythm.beats_loudness.stdev": 0.03403945763905843,
        "lowlevel.loudness_ebu128.momentary.dmean": 0.8498204350471497,
        "lowlevel.spectral_centroid.mean": 961.0232747395834,
        "lowlevel.spectral_centroid.stdev": 654.9558919270834,
        "rhythm.beats_loudness.median": 0.019909455130497616,
        "lowlevel.loudness_ebu128.short_term.dmean": 0.16424783070882162,
        "lowlevel.loudness_ebu128.short_term.dvar2": 0.2715936762591203,
        "rhythm.beats_loudness.dmean2": 0.03612904312709967,
        "lowlevel.loudness_ebu128.short_term.mean": -20.32864252726237,
        "lowlevel.loudness_ebu128.momentary.var": 103.06781260172527,
        "rhythm.beats_loudness.dmean": 0.01983014928797881,
        "lowlevel.loudness_ebu128.momentary.min": -80.94765726725261,
        "lowlevel.loudness_ebu128.momentary.dvar": 1.305301547050476,
        "lowlevel.spectral_centroid.dmean": 129.3556874593099,
        "lowlevel.spectral_centroid.var": 446191.84375,
        "rhythm.beats_loudness.min": 8.83094002627575e-07,
        "lowlevel.average_loudness": 0.31140447532137233,
        "lowlevel.loudness_ebu128.short_term.dmean2": 0.12369465827941895,
        "lowlevel.loudness_ebu128.short_term.min": -57.91574350992838,
        "rhythm.bpm_histogram_first_peak_bpm": 102.33333333333333,
        "lowlevel.loudness_ebu128.momentary.max": -9.677105585734049,
        "lowlevel.spectral_centroid.dmean2": 195.45590209960938,
        "rhythm.bpm_histogram_second_peak_spread": 0.5879237254460653,
        "lowlevel.loudness_ebu128.short_term.dvar": 0.2368193638200561,
        "lowlevel.loudness_ebu128.momentary.median": -19.99187978108724,
        "rhythm.danceability": 1.002781907717387,
        "lowlevel.spectral_centroid.dvar": 44073.170572916664,
        "rhythm.bpm_histogram_first_peak_weight": 0.5876419544219971,
        "lowlevel.loudness_ebu128.momentary.dvar2": 1.7127562363942463,
        "lowlevel.spectral_centroid.dvar2": 85268.96875
    },
    "outlier_flag": true,
    "outlier_reasons": [
        "BPM Variance: 29.24 (limit 20)"
    ],
    "raw_versions": [
        {
            "id": "sCFnAxMH0a8",
            "title": "Grateful Dead - Blue Moon (9-7-1969 at Family Dog)",
            "views": 419,
            "features": {
                "lowlevel.average_loudness": 0.15105095505714417,
                "lowlevel.loudness_ebu128.integrated": -16.32068634033203,
                "lowlevel.loudness_ebu128.loudness_range": 11.83613395690918,
                "lowlevel.loudness_ebu128.momentary.dmean": 0.7858695387840271,
                "lowlevel.loudness_ebu128.momentary.dmean2": 0.8801645040512085,
                "lowlevel.loudness_ebu128.momentary.dvar": 1.7277699708938599,
                "lowlevel.loudness_ebu128.momentary.dvar2": 2.4826040267944336,
                "lowlevel.loudness_ebu128.momentary.max": -8.63692569732666,
                "lowlevel.loudness_ebu128.momentary.mean": -22.550922393798828,
                "lowlevel.loudness_ebu128.momentary.median": -18.219905853271484,
                "lowlevel.loudness_ebu128.momentary.min": -90.71896362304688,
                "lowlevel.loudness_ebu128.momentary.stdev": 14.606903076171875,
                "lowlevel.loudness_ebu128.momentary.var": 213.3616180419922,
                "lowlevel.loudness_ebu128.short_term.dmean": 0.1814059168100357,
                "lowlevel.loudness_ebu128.short_term.dmean2": 0.15468062460422516,
                "lowlevel.loudness_ebu128.short_term.dvar": 0.6236096620559692,
                "lowlevel.loudness_ebu128.short_term.dvar2": 0.7597022652626038,
                "lowlevel.loudness_ebu128.short_term.max": -11.4150390625,
                "lowlevel.loudness_ebu128.short_term.mean": -20.555978775024414,
                "lowlevel.loudness_ebu128.short_term.median": -18.012117385864258,
                "lowlevel.loudness_ebu128.short_term.min": -90.10076141357422,
                "lowlevel.loudness_ebu128.short_term.stdev": 10.372424125671387,
                "lowlevel.loudness_ebu128.short_term.var": 107.58717346191406,
                "lowlevel.spectral_centroid.dmean": 158.51072692871094,
                "lowlevel.spectral_centroid.dmean2": 244.7071075439453,
                "lowlevel.spectral_centroid.dvar": 42601.65625,
                "lowlevel.spectral_centroid.dvar2": 83598.3671875,
                "lowlevel.spectral_centroid.max": 10762.3251953125,
                "lowlevel.spectral_centroid.mean": 1419.843994140625,
                "lowlevel.spectral_centroid.median": 1324.1778564453125,
                "lowlevel.spectral_centroid.min": 153.47964477539062,
                "lowlevel.spectral_centroid.stdev": 839.212158203125,
                "lowlevel.spectral_centroid.var": 704277.0,
                "metadata.audio_properties.analysis.equal_loudness": 0.0,
                "rhythm.beats_loudness.dmean": 0.01160823367536068,
                "rhythm.beats_loudness.dmean2": 0.01995464228093624,
                "rhythm.beats_loudness.dvar": 0.0004117105563636869,
                "rhythm.beats_loudness.dvar2": 0.0009070667438209057,
                "rhythm.beats_loudness.max": 0.18145865201950073,
                "rhythm.beats_loudness.mean": 0.02187366783618927,
                "rhythm.beats_loudness.median": 0.015821805223822594,
                "rhythm.beats_loudness.min": 1.3080798666464943e-09,
                "rhythm.beats_loudness.stdev": 0.025824857875704765,
                "rhythm.beats_loudness.var": 0.0006669232971034944,
                "rhythm.bpm": 119.56216430664062,
                "rhythm.bpm_histogram_first_peak_bpm": 120.0,
                "rhythm.bpm_histogram_first_peak_weight": 0.4873417615890503,
                "rhythm.bpm_histogram_second_peak_bpm": 140.0,
                "rhythm.bpm_histogram_second_peak_spread": 0.5833333730697632,
                "rhythm.bpm_histogram_second_peak_weight": 0.060975611209869385,
                "rhythm.danceability": 0.9196921586990356
            }
        },
        {
            "id": "x65DQgGbqIc",
            "title": "Grateful Dead [4k Remaster]  Stella Blue - Winterland 1974",
            "views": 125397,
            "features": {
                "lowlevel.average_loudness": 0.039694663137197495,
                "lowlevel.loudness_ebu128.integrated": -16.5040225982666,
                "lowlevel.loudness_ebu128.loudness_range": 18.0165958404541,