{
    "song_title": "Born On The Bayou",
    "artist": "Grateful Dead",
    "num_versions_processed": 2,
    "average_features": {
        "rhythm.beats_loudness.dvar": 0.0002918739337474108,
        "lowlevel.loudness_ebu128.momentary.median": -15.249337196350098,
        "lowlevel.loudness_ebu128.short_term.min": -40.414161682128906,
        "lowlevel.loudness_ebu128.short_term.dvar": 0.06353029981255531,
        "rhythm.beats_loudness.dvar2": 0.0008984097221400589,
        "rhythm.beats_loudness.min": 7.809302587702405e-06,
        "lowlevel.loudness_ebu128.momentary.min": -49.35755920410156,
        "rhythm.bpm_histogram_second_peak_weight": 0.05455941520631313,
        "lowlevel.spectral_centroid.min": 167.47915649414062,
        "lowlevel.spectral_centroid.var": 177149.5546875,
        "lowlevel.loudness_ebu128.short_term.dvar2": 0.04574558138847351,
        "lowlevel.loudness_ebu128.short_term.stdev": 3.709968686103821,
        "rhythm.beats_loudness.max": 0.1131785623729229,
        "lowlevel.loudness_ebu128.momentary.dvar2": 2.237226128578186,
        "lowlevel.spectral_centroid.dvar2": 77842.453125,
        "lowlevel.loudness_ebu128.momentary.max": -6.952144145965576,
        "lowlevel.average_loudness": 0.46850454807281494,
        "lowlevel.loudness_ebu128.momentary.var": 31.778742790222168,
        "lowlevel.loudness_ebu128.loudness_range": 5.4397969245910645,
        "rhythm.beats_loudness.dmean": 0.0195366395637393,
        "lowlevel.loudness_ebu128.momentary.dvar": 1.3822083473205566,
        "metadata.audio_properties.analysis.equal_loudness": 0.0,
        "lowlevel.spectral_centroid.dmean": 166.13578033447266,
        "rhythm.bpm": 118.22207641601562,
        "lowlevel.spectral_centroid.dvar": 38498.9833984375,
        "lowlevel.loudness_ebu128.momentary.dmean2": 1.423846185207367,
        "rhythm.bpm_histogram_first_peak_weight": 0.49821195006370544,
        "rhythm.bpm_histogram_second_peak_spread": 0.13823530077934265,
        "lowlevel.loudness_ebu128.momentary.mean": -16.331957817077637,
        "lowlevel.loudness_ebu128.momentary.dmean": 0.9355151355266571,
        "rhythm.beats_loudness.mean": 0.03596275486052036,
        "rhythm.bpm_histogram_second_peak_bpm": 123.0,
        "lowlevel.loudness_ebu128.integrated": -14.479327201843262,
        "rhythm.beats_loudness.var": 0.0005259599711280316,
        "lowlevel.loudness_ebu128.momentary.stdev": 5.63726282119751,
        "lowlevel.loudness_ebu128.short_term.var": 13.767508029937744,
        "lowlevel.spectral_centroid.max": 8437.8994140625,
        "rhythm.beats_loudness.dmean2": 0.03555631265044212,
        "rhythm.danceability": 1.1952098608016968,
        "lowlevel.loudness_ebu128.short_term.max": -9.42184066772461,
        "lowlevel.spectral_centroid.mean": 910.917236328125,
        "rhythm.beats_loudness.stdev": 0.022933611646294594,
        "lowlevel.loudness_ebu128.short_term.dmean2": 0.12231602147221565,
        "lowlevel.loudness_ebu128.short_term.dmean": 0.11611754819750786,
        "lowlevel.loudness_ebu128.short_term.mean": -15.572875499725342,
        "rhythm.bpm_histogram_first_peak_bpm": 117.0,
        "lowlevel.loudness_ebu128.short_term.median": -15.023462295532227,
        "lowlevel.spectral_centroid.median": 831.1990051269531,
        "lowlevel.spectral_centroid.stdev": 419.4927062988281,
        "lowlevel.spectral_centroid.dmean2": 254.58000946044922,
        "rhythm.beats_loudness.median": 0.03307105973362923
    },
    "outlier_flag": false,
    "outlier_reasons": null,
    "raw_versions": [
        {
            "id": "nuTj2f6Za4A",
            "title": "Grateful Dead\u2b50VA~Bill Graham memorial Concert,\u2b50Born On The Bayou (feat John Fogerty)\u2b50((*2024*))",
            "views": 50,
            "features": {
                "lowlevel.average_loudness": 0.4794206917285919,
                "lowlevel.loudness_ebu128.integrated": -13.446611404418945,
                "lowlevel.loudness_ebu128.loudness_range": 5.299284934997559,
                "lowlevel.loudness_ebu128.momentary.dmean": 0.9312626719474792,
                "lowlevel.loudness_ebu128.momentary.dmean2": 1.4234079122543335,
                "lowlevel.loudness_ebu128.momentary.dvar": 1.331701397895813,
                "lowlevel.loudness_ebu128.momentary.dvar2": 2.1324515342712402,
                "lowlevel.loudness_ebu128.momentary.max": -6.18674373626709,
                "lowlevel.loudness_ebu128.momentary.mean": -15.29057502746582,
                "lowlevel.loudness_ebu128.momentary.median": -14.248601913452148,
                "lowlevel.loudness_ebu128.momentary.min": -48.486366271972656,
                "lowlevel.loudness_ebu128.momentary.stdev": 5.633675575256348,
                "lowlevel.loudness_ebu128.momentary.var": 31.738298416137695,
                "lowlevel.loudness_ebu128.short_term.dmean": 0.11432106047868729,
                "lowlevel.loudness_ebu128.short_term.dmean2": 0.11747991293668747,
                "lowlevel.loudness_ebu128.short_term.dvar": 0.060572557151317596,
                "lowlevel.loudness_ebu128.short_term.dvar2": 0.035930972546339035,
                "lowlevel.loudness_ebu128.short_term.max": -8.538020133972168,
                "lowlevel.loudness_ebu128.short_term.mean": -14.5121431350708,
                "lowlevel.loudness_ebu128.short_term.median": -14.021224975585938,
                "lowlevel.loudness_ebu128.short_term.min": -39.480438232421875,
                "lowlevel.loudness_ebu128.short_term.stdev": 3.6496355533599854,
                "lowlevel.loudness_ebu128.short_term.var": 13.319839477539062,
                "lowlevel.spectral_centroid.dmean": 153.62451171875,
                "lowlevel.spectral_centroid.dmean2": 237.4387664794922,
                "lowlevel.spectral_centroid.dvar": 28846.541015625,
                "lowlevel.spectral_centroid.dvar2": 63979.421875,
                "lowlevel.spectral_centroid.max": 5850.90625,
                "lowlevel.spectral_centroid.mean": 837.48193359375,
                "lowlevel.spectral_centroid.median": 757.3555908203125,
                "lowlevel.spectral_centroid.min": 182.18472290039062,
                "lowlevel.spectral_centroid.stdev": 385.2082214355469,
                "lowlevel.spectral_centroid.var": 148385.375,
                "metadata.audio_properties.analysis.equal_loudness": 0.0,
                "rhythm.beats_loudness.dmean": 0.020179767161607742,
                "rhythm.beats_loudness.dmean2": 0.03681953623890877,
                "rhythm.beats_loudness.dvar": 0.0003039743169210851,
                "rhythm.beats_loudness.dvar2": 0.0009568752720952034,
                "rhythm.beats_loudness.max": 0.107366181910038,
                "rhythm.beats_loudness.mean": 0.03716496750712395,
                "rhythm.beats_loudness.median": 0.03496650233864784,
                "rhythm.beats_loudness.min": 8.356175385415554e-06,
                "rhythm.beats_loudness.stdev": 0.023030679672956467,
                "rhythm.beats_loudness.var": 0.0005304121877998114,
                "rhythm.bpm": 118.30490112304688,
                "rhythm.bpm_histogram_first_peak_bpm": 117.0,
                "rhythm.bpm_histogram_first_peak_weight": 0.514851450920105,
                "rhythm.bpm_histogram_second_peak_bpm": 123.0,
                "rhythm.bpm_histogram_second_peak_spread": 0.09999996423721313,
                "rhythm.bpm_histogram_second_peak_weight": 0.05421686917543411,
                "rhythm.danceability": 1.1986780166625977
            }
        },
        {
            "id": "2d63xDHEITo",
            "title": "Grateful Dead (With John Fogerty) [1080p Remaster]  11 03 1991 Born on the Bayou  [SBD: Miller]",
            "views": 1756,
            "features": {
                "lowlevel.average_loudness": 0.45758840441703796,
                "lowlevel.loudness_ebu128.integrated": -15.512042999267578,
                "lowlevel.loudness_ebu128.loudness_range": 5.58030891418457,