{
    "song_title": "Can't Come Down",
    "artist": "Grateful Dead",
    "num_versions_processed": 3,
    "features": {
        "lowlevel.loudness_ebu128.momentary.mean": -17.25852870941162,
        "rhythm.beats_loudness.min": 7.703474314742683e-07,
        "lowlevel.loudness_ebu128.short_term.stdev": 11.685976386070251,
        "lowlevel.spectral_centroid.dvar": 75209.44140625,
        "lowlevel.loudness_ebu128.short_term.min": -127.47573343912761,
        "lowlevel.spectral_centroid.mean": 1673.513671875,
        "lowlevel.loudness_ebu128.momentary.var": 660.952761332194,
        "lowlevel.loudness_ebu128.short_term.dvar": 5.009570176713169,
        "lowlevel.loudness_ebu128.momentary.max": -8.425455093383789,
        "lowlevel.spectral_centroid.median": 1577.635009765625,
        "rhythm.bpm_histogram_first_peak_weight": 0.0,
        "rhythm.bpm_histogram_second_peak_bpm": 168.66666666666666,
        "rhythm.bpm_histogram_first_peak_bpm": 170.33333333333334,
        "lowlevel.spectral_centroid.min": 276.3098958333333,
        "rhythm.danceability": 1.1621816555658977,
        "lowlevel.loudness_ebu128.momentary.median": -13.93793805440267,
        "rhythm.bpm": 170.24948120117188,
        "lowlevel.loudness_ebu128.short_term.var": 293.4451608657837,
        "lowlevel.loudness_ebu128.loudness_range": 3.5821456909179688,
        "lowlevel.spectral_centroid.dvar2": 168783.86197916666,
        "lowlevel.loudness_ebu128.momentary.dvar2": 6.89811905225118,
        "lowlevel.spectral_centroid.dmean2": 411.7038981119792,
        "lowlevel.loudness_ebu128.short_term.mean": -15.417916933695475,
        "lowlevel.spectral_centroid.dmean": 267.58823649088544,
        "rhythm.beats_loudness.var": 0.0011746120993241977,
        "rhythm.bpm_histogram_second_peak_spread": 0.0,
        "lowlevel.loudness_ebu128.momentary.dmean": 0.6319316625595093,
        "rhythm.beats_loudness.max": 0.18572148183981577,
        "lowlevel.spectral_centroid.var": 953701.8229166666,
        "rhythm.beats_loudness.mean": 0.041116269305348396,
        "rhythm.beats_loudness.dmean": 0.024872328465183575,
        "lowlevel.loudness_ebu128.short_term.max": -10.327891031901041,
        "lowlevel.loudness_ebu128.short_term.median": -13.920772234598795,
        "lowlevel.loudness_ebu128.momentary.dmean2": 0.8199544747670492,
        "lowlevel.spectral_centroid.max": 11469.902669270834,
        "lowlevel.loudness_ebu128.short_term.dmean2": 0.16488248109817505,
        "rhythm.beats_loudness.dmean2": 0.04650358110666275,
        "lowlevel.spectral_centroid.stdev": 840.0556945800781,
        "metadata.audio_properties.analysis.equal_loudness": 0.0,
        "rhythm.beats_loudness.stdev": 0.02749949072798093,
        "lowlevel.loudness_ebu128.momentary.stdev": 18.407625516255695,
        "rhythm.beats_loudness.dvar2": 0.0028468228168397522,
        "rhythm.beats_loudness.median": 0.0352506215373675,
        "rhythm.beats_loudness.dvar": 0.0009261709928978235,
        "lowlevel.average_loudness": 0.7055547634760538,
        "lowlevel.loudness_ebu128.short_term.dmean": 0.14376469949881235,
        "lowlevel.loudness_ebu128.momentary.dvar": 6.402594685554504,
        "lowlevel.loudness_ebu128.momentary.min": -158.1568603515625,
        "lowlevel.loudness_ebu128.short_term.dvar2": 5.822578760329634,
        "lowlevel.loudness_ebu128.integrated": -13.432605107625326,
        "rhythm.bpm_histogram_second_peak_weight": 0.3160815139611562
    },
    "outlier_reasons": null,
    "outlier_flag": false
}