{
    "song_title": "Candyman",
    "artist": "Grateful Dead",
    "num_versions_processed": 3,
    "average_features": {
        "lowlevel.loudness_ebu128.momentary.dmean2": 1.1302592953046162,
        "lowlevel.loudness_ebu128.short_term.median": -18.92508856455485,
        "lowlevel.spectral_centroid.median": 652.8310038248698,
        "rhythm.beats_loudness.var": 0.0005920018447795883,
        "rhythm.beats_loudness.dvar": 0.00036031510777926695,
        "lowlevel.loudness_ebu128.short_term.stdev": 4.645491123199463,
        "lowlevel.loudness_ebu128.integrated": -17.34879716237386,
        "rhythm.beats_loudness.max": 0.16466677437225977,
        "lowlevel.spectral_centroid.max": 10986.976888020834,
        "lowlevel.spectral_centroid.min": 168.2271957397461,
        "lowlevel.loudness_ebu128.momentary.stdev": 5.57464861869812,
        "rhythm.bpm": 104.35994974772136,
        "lowlevel.loudness_ebu128.loudness_range": 8.853710810343424,
        "rhythm.beats_loudness.mean": 0.029990727081894875,
        "rhythm.bpm_histogram_second_peak_weight": 0.20807236433029175,
        "metadata.audio_properties.analysis.equal_loudness": 0.0,
        "lowlevel.loudness_ebu128.short_term.var": 25.93164809544881,
        "rhythm.beats_loudness.dvar2": 0.0010353887531285484,
        "rhythm.bpm_histogram_second_peak_bpm": 71.0,
        "lowlevel.loudness_ebu128.momentary.mean": -19.931513786315918,
        "lowlevel.loudness_ebu128.short_term.max": -11.815476099650065,
        "rhythm.beats_loudness.stdev": 0.023647117738922436,
        "lowlevel.loudness_ebu128.momentary.dmean": 0.9212191899617513,
        "lowlevel.spectral_centroid.mean": 802.0982666015625,
        "lowlevel.spectral_centroid.stdev": 550.0789896647135,
        "rhythm.beats_loudness.median": 0.023723251186311245,
        "lowlevel.loudness_ebu128.short_term.dmean": 0.13485543429851532,
        "lowlevel.loudness_ebu128.short_term.dvar2": 0.02388702208797137,
        "rhythm.beats_loudness.dmean2": 0.029922408362229664,
        "lowlevel.loudness_ebu128.short_term.mean": -19.27930736541748,
        "lowlevel.loudness_ebu128.momentary.var": 35.67434279123942,
        "rhythm.beats_loudness.dmean": 0.017087357118725777,
        "lowlevel.loudness_ebu128.momentary.min": -51.83761215209961,
        "lowlevel.loudness_ebu128.momentary.dvar": 1.0081433653831482,
        "lowlevel.spectral_centroid.dmean": 141.72347513834634,
        "lowlevel.spectral_centroid.var": 309784.1510416667,
        "rhythm.beats_loudness.min": 0.00021123742519169042,
        "lowlevel.average_loudness": 0.4068994919459025,
        "lowlevel.loudness_ebu128.short_term.dmean2": 0.12433151404062907,
        "lowlevel.loudness_ebu128.short_term.min": -47.96525573730469,
        "rhythm.bpm_histogram_first_peak_bpm": 103.66666666666667,
        "lowlevel.loudness_ebu128.momentary.max": -8.8973388671875,
        "lowlevel.spectral_centroid.dmean2": 217.8900146484375,
        "rhythm.bpm_histogram_second_peak_spread": 0.28461670875549316,
        "lowlevel.loudness_ebu128.short_term.dvar": 0.03176947496831417,
        "lowlevel.loudness_ebu128.momentary.median": -19.413706461588543,
        "rhythm.danceability": 1.0792030493418376,
        "lowlevel.spectral_centroid.dvar": 52272.755208333336,
        "rhythm.bpm_histogram_first_peak_weight": 0.5266729394594828,
        "lowlevel.loudness_ebu128.momentary.dvar2": 1.6991620461146038,
        "lowlevel.spectral_centroid.dvar2": 110722.08072916667
    },
    "outlier_flag": true,
    "outlier_reasons": [
        "Loudness Variance: 12.24 (limit 6.0)"
    ],
    "raw_versions": [
        {
            "id": "zpNITaz92SI",
            "title": "Grateful Dead - Candyman - 10/29/1980 - Radio City Music Hall (Official)",
            "views": 34835,
            "features": {
                "lowlevel.average_loudness": 0.8486058712005615,
                "lowlevel.loudness_ebu128.integrated": -12.03603458404541,
                "lowlevel.loudness_ebu128.loudness_range": 4.377899169921875,
                "lowlevel.loudness_ebu128.momentary.dmean": 0.7681105136871338,
                "lowlevel.loudness_ebu128.momentary.dmean2": 0.9449828267097473,
                "lowlevel.loudness_ebu128.momentary.dvar": 0.7623607516288757,
                "lowlevel.loudness_ebu128.momentary.dvar2": 1.4810445308685303,
                "lowlevel.loudness_ebu128.momentary.max": -7.115473747253418,
                "lowlevel.loudness_ebu128.momentary.mean": -12.863198280334473,
                "lowlevel.loudness_ebu128.momentary.median": -12.311683654785156,
                "lowlevel.loudness_ebu128.momentary.min": -31.045909881591797,
                "lowlevel.loudness_ebu128.momentary.stdev": 3.0174949169158936,
                "lowlevel.loudness_ebu128.momentary.var": 9.10527515411377,
                "lowlevel.loudness_ebu128.short_term.dmean": 0.10470396280288696,
                "lowlevel.loudness_ebu128.short_term.dmean2": 0.09657461941242218,
                "lowlevel.loudness_ebu128.short_term.dvar": 0.008966239169239998,
                "lowlevel.loudness_ebu128.short_term.dvar2": 0.008733510971069336,
                "lowlevel.loudness_ebu128.short_term.max": -9.247628211975098,
                "lowlevel.loudness_ebu128.short_term.mean": -12.419299125671387,
                "lowlevel.loudness_ebu128.short_term.median": -11.973811149597168,
                "lowlevel.loudness_ebu128.short_term.min": -28.836076736450195,
                "lowlevel.loudness_ebu128.short_term.stdev": 2.0169057846069336,
                "lowlevel.loudness_ebu128.short_term.var": 4.067908763885498,
                "lowlevel.spectral_centroid.dmean": 100.25889587402344,
                "lowlevel.spectral_centroid.dmean2": 154.95272827148438,
                "lowlevel.spectral_centroid.dvar": 34703.2265625,
                "lowlevel.spectral_centroid.dvar2": 73668.9296875,
                "lowlevel.spectral_centroid.max": 11342.19921875,
                "lowlevel.spectral_centroid.mean": 624.987548828125,
                "lowlevel.spectral_centroid.median": 496.6252746582031,
                "lowlevel.spectral_centroid.min": 177.9557647705078,
                "lowlevel.spectral_centroid.stdev": 438.0422058105469,
                "lowlevel.spectral_centroid.var": 191880.984375,
                "metadata.audio_properties.analysis.equal_loudness": 0.0,
                "rhythm.beats_loudness.dmean": 0.015756642445921898,
                "rhythm.beats_loudness.dmean2": 0.02738521248102188,
                "rhythm.beats_loudness.dvar": 0.00016061034693848342,
                "rhythm.beats_loudness.dvar2": 0.0004981484962627292,
                "rhythm.beats_loudness.max": 0.0869441106915474,
                "rhythm.beats_loudness.mean": 0.03218768164515495,
                "rhythm.beats_loudness.median": 0.03158841282129288,
                "rhythm.beats_loudness.min": 0.00035116917570121586,
                "rhythm.beats_loudness.stdev": 0.015559051185846329,
                "rhythm.beats_loudness.var": 0.00024208407558035105,
                "rhythm.bpm": 103.29122924804688,
                "rhythm.bpm_histogram_first_peak_bpm": 103.0,
                "rhythm.bpm_histogram_first_peak_weight": 0.5379464030265808,
                "rhythm.bpm_histogram_second_peak_bpm": 70.0,
                "rhythm.bpm_histogram_second_peak_spread": 0.28846150636672974,
                "rhythm.bpm_histogram_second_peak_weight": 0.1608695685863495,
                "rhythm.danceability": 1.100537657737732
            }
        },
        {
            "id": "WqpU6hr7OYw",
            "title": "Grateful Dead - Candyman - Egypt 9-16-1978",
            "views": 113821,
            "features": {
                "lowlevel.average_loudness": 0.27939295768737793,
                "lowlevel.loudness_ebu128.integrated": -24.272552490234375,
                "lowlevel.loudness_ebu128.loudness_range": 8.151683807373047,