{
    "song_title": "Cardboard Cowboy",
    "artist": "Grateful Dead",
    "num_versions_processed": 2,
    "average_features": {
        "lowlevel.loudness_ebu128.momentary.dmean2": 0.7007530629634857,
        "lowlevel.loudness_ebu128.short_term.median": -16.892681121826172,
        "lowlevel.spectral_centroid.median": 1079.1267700195312,
        "rhythm.beats_loudness.var": 0.000649879511911422,
        "rhythm.beats_loudness.dvar": 0.0003134739527013153,
        "lowlevel.loudness_ebu128.short_term.stdev": 9.981541395187378,
        "lowlevel.loudness_ebu128.integrated": -15.635334014892578,
        "rhythm.beats_loudness.max": 0.14564254879951477,
        "lowlevel.spectral_centroid.max": 7622.670654296875,
        "lowlevel.spectral_centroid.min": 122.30023956298828,
        "lowlevel.loudness_ebu128.momentary.stdev": 11.850896835327148,
        "rhythm.bpm": 150.13304901123047,
        "lowlevel.loudness_ebu128.loudness_range": 15.642357349395752,
        "rhythm.beats_loudness.mean": 0.0289026889950037,
        "rhythm.bpm_histogram_second_peak_weight": 0.08849092945456505,
        "metadata.audio_properties.analysis.equal_loudness": 0.0,
        "lowlevel.loudness_ebu128.short_term.var": 106.03668975830078,
        "rhythm.beats_loudness.dvar2": 0.000900674844160676,
        "rhythm.bpm_histogram_second_peak_bpm": 148.5,
        "lowlevel.loudness_ebu128.momentary.mean": -22.814794540405273,
        "lowlevel.loudness_ebu128.short_term.max": -11.877522945404053,
        "rhythm.beats_loudness.stdev": 0.025484253652393818,
        "lowlevel.loudness_ebu128.momentary.dmean": 0.6828663051128387,
        "lowlevel.spectral_centroid.mean": 1242.5734252929688,
        "lowlevel.spectral_centroid.stdev": 765.9275817871094,
        "rhythm.beats_loudness.median": 0.025391201488673687,
        "lowlevel.loudness_ebu128.short_term.dmean": 0.1616252139210701,
        "lowlevel.loudness_ebu128.short_term.dvar2": 0.585350014269352,
        "rhythm.beats_loudness.dmean2": 0.02576923556625843,
        "lowlevel.loudness_ebu128.short_term.mean": -21.57318925857544,
        "lowlevel.loudness_ebu128.momentary.var": 149.0952262878418,
        "rhythm.beats_loudness.dmean": 0.01469413936138153,
        "lowlevel.loudness_ebu128.momentary.min": -71.22991180419922,
        "lowlevel.loudness_ebu128.momentary.dvar": 1.300769567489624,
        "lowlevel.spectral_centroid.dmean": 203.81884765625,
        "lowlevel.spectral_centroid.var": 601972.484375,
        "rhythm.beats_loudness.min": 1.590554471686545e-06,
        "lowlevel.average_loudness": 0.39506687223911285,
        "lowlevel.loudness_ebu128.short_term.dmean2": 0.147187490016222,
        "lowlevel.loudness_ebu128.short_term.min": -70.09249496459961,
        "rhythm.bpm_histogram_first_peak_bpm": 150.0,
        "lowlevel.loudness_ebu128.momentary.max": -8.968349933624268,
        "lowlevel.spectral_centroid.dmean2": 312.9614715576172,
        "rhythm.bpm_histogram_second_peak_spread": 0.2052314281463623,
        "lowlevel.loudness_ebu128.short_term.dvar": 0.4223310574889183,
        "lowlevel.loudness_ebu128.momentary.median": -17.630513191223145,
        "rhythm.danceability": 1.075742483139038,
        "lowlevel.spectral_centroid.dvar": 63292.048828125,
        "rhythm.bpm_histogram_first_peak_weight": 0.4334888756275177,
        "lowlevel.loudness_ebu128.momentary.dvar2": 1.7958088517189026,
        "lowlevel.spectral_centroid.dvar2": 127590.03125
    },
    "outlier_flag": false,
    "outlier_reasons": null,
    "raw_versions": [
        {
            "id": "v3ONc5CaiEs",
            "title": "Cardboard Cowboy (Live at P.N.E. Garden Auditorium, Vancouver, British Columbia, Canada 7/29/66)",
            "views": 7602,
            "features": {
                "lowlevel.average_loudness": 0.6716766953468323,
                "lowlevel.loudness_ebu128.integrated": -12.858226776123047,
                "lowlevel.loudness_ebu128.loudness_range": 9.450699806213379,
                "lowlevel.loudness_ebu128.momentary.dmean": 0.6326828598976135,
                "lowlevel.loudness_ebu128.momentary.dmean2": 0.6478224992752075,
                "lowlevel.loudness_ebu128.momentary.dvar": 0.6548218727111816,
                "lowlevel.loudness_ebu128.momentary.dvar2": 0.8638414144515991,
                "lowlevel.loudness_ebu128.momentary.max": -6.760987281799316,
                "lowlevel.loudness_ebu128.momentary.mean": -16.654802322387695,
                "lowlevel.loudness_ebu128.momentary.median": -13.941448211669922,
                "lowlevel.loudness_ebu128.momentary.min": -51.750892639160156,
                "lowlevel.loudness_ebu128.momentary.stdev": 8.90955924987793,
                "lowlevel.loudness_ebu128.momentary.var": 79.38024139404297,
                "lowlevel.loudness_ebu128.short_term.dmean": 0.14071694016456604,
                "lowlevel.loudness_ebu128.short_term.dmean2": 0.12498798221349716,
                "lowlevel.loudness_ebu128.short_term.dvar": 0.12333302199840546,
                "lowlevel.loudness_ebu128.short_term.dvar2": 0.13063772022724152,
                "lowlevel.loudness_ebu128.short_term.max": -9.552887916564941,
                "lowlevel.loudness_ebu128.short_term.mean": -15.77463436126709,
                "lowlevel.loudness_ebu128.short_term.median": -13.389636993408203,
                "lowlevel.loudness_ebu128.short_term.min": -50.08550262451172,
                "lowlevel.loudness_ebu128.short_term.stdev": 7.450628757476807,
                "lowlevel.loudness_ebu128.short_term.var": 55.511871337890625,
                "lowlevel.spectral_centroid.dmean": 191.9794158935547,
                "lowlevel.spectral_centroid.dmean2": 294.06097412109375,
                "lowlevel.spectral_centroid.dvar": 58404.79296875,
                "lowlevel.spectral_centroid.dvar2": 120963.828125,
                "lowlevel.spectral_centroid.max": 4100.04541015625,
                "lowlevel.spectral_centroid.mean": 1087.049560546875,
                "lowlevel.spectral_centroid.median": 958.31201171875,
                "lowlevel.spectral_centroid.min": 80.91767883300781,
                "lowlevel.spectral_centroid.stdev": 642.1234741210938,
                "lowlevel.spectral_centroid.var": 412322.53125,
                "metadata.audio_properties.analysis.equal_loudness": 0.0,
                "rhythm.beats_loudness.dmean": 0.016363123431801796,
                "rhythm.beats_loudness.dmean2": 0.028864340856671333,
                "rhythm.beats_loudness.dvar": 0.00028418985311873257,
                "rhythm.beats_loudness.dvar2": 0.0007939389906823635,
                "rhythm.beats_loudness.max": 0.12651756405830383,
                "rhythm.beats_loudness.mean": 0.03425970673561096,
                "rhythm.beats_loudness.median": 0.03287392854690552,
                "rhythm.beats_loudness.min": 3.177470716764219e-06,
                "rhythm.beats_loudness.stdev": 0.02482672594487667,
                "rhythm.beats_loudness.var": 0.0006163663347251713,
                "rhythm.bpm": 148.76564025878906,
                "rhythm.bpm_histogram_first_peak_bpm": 148.0,
                "rhythm.bpm_histogram_first_peak_weight": 0.5449438095092773,
                "rhythm.bpm_histogram_second_peak_bpm": 140.0,
                "rhythm.bpm_histogram_second_peak_spread": 0.14285719394683838,
                "rhythm.bpm_histogram_second_peak_weight": 0.08294931054115295,
                "rhythm.danceability": 1.086370825767517
            }
        },
        {
            "id": "xrsHz6DJsGY",
            "title": "Grateful Dead - Cardboard Cowboy (7-29-1966 at P.N.E. Garden Auditorium)",
            "views": 99,
            "features": {
                "lowlevel.average_loudness": 0.11845704913139343,
                "lowlevel.loudness_ebu128.integrated": -18.41244125366211,
                "lowlevel.loudness_ebu128.loudness_range": 21.834014892578125,