{
    "song_title": "Caution (Do Not Stop On Tracks)",
    "artist": "Grateful Dead",
    "num_versions_processed": 3,
    "features": {
        "lowlevel.loudness_ebu128.momentary.mean": -17.753090540568035,
        "rhythm.beats_loudness.min": 4.7223924922364563e-07,
        "lowlevel.loudness_ebu128.short_term.stdev": 8.780705293019613,
        "lowlevel.spectral_centroid.dvar": 40273.498697916664,
        "lowlevel.loudness_ebu128.short_term.min": -145.48088582356772,
        "lowlevel.spectral_centroid.mean": 936.1753743489584,
        "lowlevel.loudness_ebu128.momentary.var": 140.40348943074545,
        "lowlevel.loudness_ebu128.short_term.dvar": 0.38150787353515625,
        "lowlevel.loudness_ebu128.momentary.max": -7.129311243693034,
        "lowlevel.spectral_centroid.median": 817.7641194661459,
        "rhythm.bpm_histogram_first_peak_weight": 0.4983036319414775,
        "rhythm.bpm_histogram_second_peak_bpm": 127.33333333333333,
        "rhythm.bpm_histogram_first_peak_bpm": 139.0,
        "lowlevel.spectral_centroid.min": 130.61898040771484,
        "rhythm.danceability": 1.0136346022288005,
        "lowlevel.loudness_ebu128.momentary.median": -15.654327392578125,
        "rhythm.bpm": 138.46277364095053,
        "lowlevel.loudness_ebu128.short_term.var": 94.80566215515137,
        "lowlevel.loudness_ebu128.loudness_range": 10.531075159708658,
        "lowlevel.spectral_centroid.dvar2": 90889.05208333333,
        "lowlevel.loudness_ebu128.momentary.dvar2": 1.0288700461387634,
        "lowlevel.spectral_centroid.dmean2": 257.9833119710286,
        "lowlevel.loudness_ebu128.short_term.mean": -17.141424496968586,
        "lowlevel.spectral_centroid.dmean": 166.3343760172526,
        "rhythm.beats_loudness.var": 0.000442376845361044,
        "rhythm.bpm_histogram_second_peak_spread": 0.34235050280888873,
        "lowlevel.loudness_ebu128.momentary.dmean": 0.560187300046285,
        "rhythm.beats_loudness.max": 0.19019773602485657,
        "lowlevel.spectral_centroid.var": 413427.0729166667,
        "rhythm.beats_loudness.mean": 0.027905262385805447,
        "rhythm.beats_loudness.dmean": 0.012577153431872526,
        "lowlevel.loudness_ebu128.short_term.max": -8.710913499196371,
        "lowlevel.loudness_ebu128.short_term.median": -15.504740715026855,
        "lowlevel.loudness_ebu128.momentary.dmean2": 0.6479604840278625,
        "lowlevel.spectral_centroid.max": 9152.846028645834,
        "lowlevel.loudness_ebu128.short_term.dmean2": 0.09239229063193004,
        "rhythm.beats_loudness.dmean2": 0.021939077725013096,
        "lowlevel.spectral_centroid.stdev": 635.4427998860677,
        "metadata.audio_properties.analysis.equal_loudness": 0.0,
        "rhythm.beats_loudness.stdev": 0.020958854506413143,
        "lowlevel.loudness_ebu128.momentary.stdev": 10.630763371785482,
        "rhythm.beats_loudness.dvar2": 0.000539070829593887,
        "rhythm.beats_loudness.median": 0.024674707402785618,
        "rhythm.beats_loudness.dvar": 0.00018832101583636054,
        "lowlevel.average_loudness": 0.24768736337622008,
        "lowlevel.loudness_ebu128.short_term.dmean": 0.10504241784413655,
        "lowlevel.loudness_ebu128.momentary.dvar": 0.9371390144030253,
        "lowlevel.loudness_ebu128.momentary.min": -148.6468022664388,
        "lowlevel.loudness_ebu128.short_term.dvar2": 0.23535258633395037,
        "lowlevel.loudness_ebu128.integrated": -14.756724993387857,
        "rhythm.bpm_histogram_second_peak_weight": 0.10343570758899052
    }
}