{
    "song_title": "Caution (Do Not Stop On Tracks) Jam",
    "artist": "Grateful Dead",
    "num_versions_processed": 2,
    "average_features": {
        "lowlevel.loudness_ebu128.momentary.dmean2": 0.752467691898346,
        "lowlevel.loudness_ebu128.short_term.median": -15.813232421875,
        "lowlevel.spectral_centroid.median": 822.1023254394531,
        "rhythm.beats_loudness.var": 0.0007559967634733766,
        "rhythm.beats_loudness.dvar": 0.0003419095592107624,
        "lowlevel.loudness_ebu128.short_term.stdev": 3.918562650680542,
        "lowlevel.loudness_ebu128.integrated": -15.088223457336426,
        "rhythm.beats_loudness.max": 0.20989152044057846,
        "lowlevel.spectral_centroid.max": 3996.6053466796875,
        "lowlevel.spectral_centroid.min": 166.8220329284668,
        "lowlevel.loudness_ebu128.momentary.stdev": 4.570540904998779,
        "rhythm.bpm": 131.02417373657227,
        "lowlevel.loudness_ebu128.loudness_range": 10.721068382263184,
        "rhythm.beats_loudness.mean": 0.03240936994552612,
        "rhythm.bpm_histogram_second_peak_weight": 0.1342385746538639,
        "metadata.audio_properties.analysis.equal_loudness": 0.0,
        "lowlevel.loudness_ebu128.short_term.var": 15.528276920318604,
        "rhythm.beats_loudness.dvar2": 0.000957221316639334,
        "rhythm.bpm_histogram_second_peak_bpm": 153.5,
        "lowlevel.loudness_ebu128.momentary.mean": -17.13490867614746,
        "lowlevel.loudness_ebu128.short_term.max": -10.095799446105957,
        "rhythm.beats_loudness.stdev": 0.027494189329445362,
        "lowlevel.loudness_ebu128.momentary.dmean": 0.6467674374580383,
        "lowlevel.spectral_centroid.mean": 955.4015502929688,
        "lowlevel.spectral_centroid.stdev": 511.4110412597656,
        "rhythm.beats_loudness.median": 0.02586591336876154,
        "lowlevel.loudness_ebu128.short_term.dmean": 0.09747638553380966,
        "lowlevel.loudness_ebu128.short_term.dvar2": 0.015401746379211545,
        "rhythm.beats_loudness.dmean2": 0.02865223865956068,
        "lowlevel.loudness_ebu128.short_term.mean": -16.745555877685547,
        "lowlevel.loudness_ebu128.momentary.var": 21.18777370452881,
        "rhythm.beats_loudness.dmean": 0.016508749686181545,
        "lowlevel.loudness_ebu128.momentary.min": -37.82994079589844,
        "lowlevel.loudness_ebu128.momentary.dvar": 0.5257636308670044,
        "lowlevel.spectral_centroid.dmean": 189.07865142822266,
        "lowlevel.spectral_centroid.var": 274292.3203125,
        "rhythm.beats_loudness.min": 0.0001632878447708208,
        "lowlevel.average_loudness": 0.36759620904922485,
        "lowlevel.loudness_ebu128.short_term.dmean2": 0.09497618675231934,
        "lowlevel.loudness_ebu128.short_term.min": -32.122775077819824,
        "rhythm.bpm_histogram_first_peak_bpm": 132.0,
        "lowlevel.loudness_ebu128.momentary.max": -8.666218996047974,
        "lowlevel.spectral_centroid.dmean2": 291.6352996826172,
        "rhythm.bpm_histogram_second_peak_spread": 0.28949615359306335,
        "lowlevel.loudness_ebu128.short_term.dvar": 0.01612307969480753,
        "lowlevel.loudness_ebu128.momentary.median": -16.0222806930542,
        "rhythm.danceability": 1.0766067504882812,
        "lowlevel.spectral_centroid.dvar": 47561.38671875,
        "rhythm.bpm_histogram_first_peak_weight": 0.5698474645614624,
        "lowlevel.loudness_ebu128.momentary.dvar2": 0.7704624831676483,
        "lowlevel.spectral_centroid.dvar2": 107160.55078125
    },
    "outlier_flag": true,
    "outlier_reasons": [
        "BPM Variance: 39.02 (limit 20)"
    ],
    "raw_versions": [
        {
            "id": "aztbwYvgGNc",
            "title": "Caution (Do Not Stop on Tracks) / Spanish Jam (Live in Nassau Coliseum, May 6, 1981)",
            "views": 10210,
            "features": {
                "lowlevel.average_loudness": 0.2329319715499878,
                "lowlevel.loudness_ebu128.integrated": -16.479732513427734,
                "lowlevel.loudness_ebu128.loudness_range": 9.893349647521973,
                "lowlevel.loudness_ebu128.momentary.dmean": 0.6441411972045898,
                "lowlevel.loudness_ebu128.momentary.dmean2": 0.7449111342430115,
                "lowlevel.loudness_ebu128.momentary.dvar": 0.349761426448822,
                "lowlevel.loudness_ebu128.momentary.dvar2": 0.5125946402549744,
                "lowlevel.loudness_ebu128.momentary.max": -9.721719741821289,
                "lowlevel.loudness_ebu128.momentary.mean": -18.17299461364746,
                "lowlevel.loudness_ebu128.momentary.median": -17.73612403869629,
                "lowlevel.loudness_ebu128.momentary.min": -36.85328674316406,
                "lowlevel.loudness_ebu128.momentary.stdev": 4.024712562561035,
                "lowlevel.loudness_ebu128.momentary.var": 16.198312759399414,
                "lowlevel.loudness_ebu128.short_term.dmean": 0.09250065684318542,
                "lowlevel.loudness_ebu128.short_term.dmean2": 0.09090925008058548,
                "lowlevel.loudness_ebu128.short_term.dvar": 0.00790177658200264,
                "lowlevel.loudness_ebu128.short_term.dvar2": 0.00735807279124856,
                "lowlevel.loudness_ebu128.short_term.max": -11.04298210144043,
                "lowlevel.loudness_ebu128.short_term.mean": -17.832265853881836,
                "lowlevel.loudness_ebu128.short_term.median": -17.49949073791504,
                "lowlevel.loudness_ebu128.short_term.min": -31.105634689331055,
                "lowlevel.loudness_ebu128.short_term.stdev": 3.5024561882019043,
                "lowlevel.loudness_ebu128.short_term.var": 12.267199516296387,
                "lowlevel.spectral_centroid.dmean": 158.3961944580078,
                "lowlevel.spectral_centroid.dmean2": 246.15505981445312,
                "lowlevel.spectral_centroid.dvar": 36031.80078125,
                "lowlevel.spectral_centroid.dvar2": 80804.9765625,
                "lowlevel.spectral_centroid.max": 4225.7265625,
                "lowlevel.spectral_centroid.mean": 874.9765625,
                "lowlevel.spectral_centroid.median": 784.0836181640625,
                "lowlevel.spectral_centroid.min": 210.39028930664062,
                "lowlevel.spectral_centroid.stdev": 398.490478515625,
                "lowlevel.spectral_centroid.var": 158794.671875,
                "metadata.audio_properties.analysis.equal_loudness": 0.0,
                "rhythm.beats_loudness.dmean": 0.016252977773547173,
                "rhythm.beats_loudness.dmean2": 0.02815677598118782,
                "rhythm.beats_loudness.dvar": 0.00036679868935607374,
                "rhythm.beats_loudness.dvar2": 0.0010369475930929184,
                "rhythm.beats_loudness.max": 0.25384098291397095,
                "rhythm.beats_loudness.mean": 0.030977338552474976,
                "rhythm.beats_loudness.median": 0.022904716432094574,
                "rhythm.beats_loudness.min": 0.00024914389359764755,
                "rhythm.beats_loudness.stdev": 0.02775169163942337,
                "rhythm.beats_loudness.var": 0.0007701563881710172,
                "rhythm.bpm": 111.5127944946289,
                "rhythm.bpm_histogram_first_peak_bpm": 112.0,
                "rhythm.bpm_histogram_first_peak_weight": 0.6742081642150879,
                "rhythm.bpm_histogram_second_peak_bpm": 167.0,
                "rhythm.bpm_histogram_second_peak_spread": 0.0,
                "rhythm.bpm_histogram_second_peak_weight": 0.10038986057043076,
                "rhythm.danceability": 1.1170556545257568
            }
        },
        {
            "id": "_nh3EELgQrw",
            "title": "Caution (Do Not Stop on Tracks) (Live at Carousel Ballroom, San Francisco, CA, March 17, 1968)",
            "views": 2507,
            "features": {
                "lowlevel.average_loudness": 0.5022604465484619,
                "lowlevel.loudness_ebu128.integrated": -13.696714401245117,
                "lowlevel.loudness_ebu128.loudness_range": 11.548787117004395,