{
    "song_title": "Children Of The Eighties",
    "artist": "Grateful Dead",
    "num_versions_processed": 3,
    "average_features": {
        "lowlevel.loudness_ebu128.short_term.dvar2": 0.014487757813185453,
        "lowlevel.loudness_ebu128.momentary.var": 20.74103577931722,
        "lowlevel.loudness_ebu128.momentary.min": -41.62772878011068,
        "lowlevel.spectral_centroid.dvar": 41918.16015625,
        "rhythm.beats_loudness.min": 0.0001454073635613895,
        "lowlevel.spectral_centroid.mean": 698.7921651204427,
        "rhythm.beats_loudness.dvar": 0.00031934326398186386,
        "rhythm.bpm_histogram_first_peak_bpm": 93.33333333333333,
        "rhythm.beats_loudness.median": 0.020683859785397846,
        "lowlevel.loudness_ebu128.integrated": -17.95012664794922,
        "lowlevel.loudness_ebu128.short_term.mean": -19.120113372802734,
        "rhythm.beats_loudness.dmean2": 0.027263316015402477,
        "lowlevel.loudness_ebu128.momentary.dvar2": 1.3081212143103282,
        "rhythm.bpm_histogram_second_peak_weight": 0.033092835918068886,
        "lowlevel.loudness_ebu128.loudness_range": 9.025579770406088,
        "rhythm.bpm_histogram_second_peak_bpm": 116.0,
        "lowlevel.loudness_ebu128.short_term.min": -33.17016283671061,
        "lowlevel.loudness_ebu128.short_term.stdev": 3.337104320526123,
        "lowlevel.loudness_ebu128.short_term.dmean2": 0.09619028369585673,
        "lowlevel.loudness_ebu128.short_term.var": 11.31889263788859,
        "rhythm.beats_loudness.mean": 0.025876893972357113,
        "lowlevel.spectral_centroid.max": 6842.38330078125,
        "lowlevel.loudness_ebu128.momentary.dvar": 0.946265866359075,
        "rhythm.beats_loudness.stdev": 0.022700898970166843,
        "lowlevel.loudness_ebu128.momentary.max": -10.574834187825521,
        "lowlevel.spectral_centroid.median": 565.1204427083334,
        "lowlevel.loudness_ebu128.momentary.dmean": 0.7881094415982565,
        "lowlevel.loudness_ebu128.short_term.dvar": 0.01772594591602683,
        "rhythm.beats_loudness.var": 0.0005162048425214986,
        "lowlevel.loudness_ebu128.momentary.stdev": 4.473377545674642,
        "lowlevel.loudness_ebu128.momentary.mean": -19.833106994628906,
        "rhythm.beats_loudness.dmean": 0.015769054492314655,
        "lowlevel.average_loudness": 0.4879753092924754,
        "lowlevel.loudness_ebu128.short_term.median": -18.429866790771484,
        "rhythm.beats_loudness.max": 0.15673935413360596,
        "metadata.audio_properties.analysis.equal_loudness": 0.0,
        "lowlevel.loudness_ebu128.momentary.dmean2": 0.8001108566919962,
        "lowlevel.spectral_centroid.dvar2": 83130.84635416667,
        "lowlevel.loudness_ebu128.short_term.max": -13.258848508199057,
        "lowlevel.spectral_centroid.var": 208936.08854166666,
        "rhythm.bpm_histogram_first_peak_weight": 0.34862422943115234,
        "lowlevel.loudness_ebu128.momentary.median": -19.160023371378582,
        "rhythm.bpm": 93.46084086100261,
        "rhythm.beats_loudness.dvar2": 0.0009189705791262289,
        "lowlevel.loudness_ebu128.short_term.dmean": 0.12426546464363734,
        "lowlevel.spectral_centroid.stdev": 456.17836507161456,
        "lowlevel.spectral_centroid.dmean": 122.77078247070312,
        "lowlevel.spectral_centroid.dmean2": 182.65323384602866,
        "rhythm.danceability": 1.0246924757957458,
        "lowlevel.spectral_centroid.min": 177.91486612955728,
        "rhythm.bpm_histogram_second_peak_spread": 0.48264606793721515
    },
    "outlier_flag": false,
    "outlier_reasons": null,
    "raw_versions": [
        {
            "id": "wCofAde9xfE",
            "title": "Joan Baez - Children of the 80s - 12/31/1981 - Oakland Auditorium (Official)",
            "views": 9771,
            "features": {
                "lowlevel.average_loudness": 0.3784889876842499,
                "lowlevel.loudness_ebu128.integrated": -18.538278579711914,
                "lowlevel.loudness_ebu128.loudness_range": 9.417606353759766,
                "lowlevel.loudness_ebu128.momentary.dmean": 0.7100372314453125,
                "lowlevel.loudness_ebu128.momentary.dmean2": 0.7485653162002563,
                "lowlevel.loudness_ebu128.momentary.dvar": 0.4983212947845459,
                "lowlevel.loudness_ebu128.momentary.dvar2": 0.599068284034729,
                "lowlevel.loudness_ebu128.momentary.max": -10.028874397277832,
                "lowlevel.loudness_ebu128.momentary.mean": -20.45429039001465,
                "lowlevel.loudness_ebu128.momentary.median": -19.868492126464844,
                "lowlevel.loudness_ebu128.momentary.min": -43.57219696044922,
                "lowlevel.loudness_ebu128.momentary.stdev": 4.449831485748291,
                "lowlevel.loudness_ebu128.momentary.var": 19.80099868774414,
                "lowlevel.loudness_ebu128.short_term.dmean": 0.11542605608701706,
                "lowlevel.loudness_ebu128.short_term.dmean2": 0.09479380398988724,
                "lowlevel.loudness_ebu128.short_term.dvar": 0.011800806038081646,
                "lowlevel.loudness_ebu128.short_term.dvar2": 0.008874012157320976,
                "lowlevel.loudness_ebu128.short_term.max": -13.251099586486816,
                "lowlevel.loudness_ebu128.short_term.mean": -19.904884338378906,
                "lowlevel.loudness_ebu128.short_term.median": -19.395492553710938,
                "lowlevel.loudness_ebu128.short_term.min": -34.97911071777344,
                "lowlevel.loudness_ebu128.short_term.stdev": 3.6573331356048584,
                "lowlevel.loudness_ebu128.short_term.var": 13.37608528137207,
                "lowlevel.spectral_centroid.dmean": 156.8784942626953,
                "lowlevel.spectral_centroid.dmean2": 229.0802764892578,
                "lowlevel.spectral_centroid.dvar": 51270.51171875,
                "lowlevel.spectral_centroid.dvar2": 98375.1953125,
                "lowlevel.spectral_centroid.max": 5293.23779296875,
                "lowlevel.spectral_centroid.mean": 827.5446166992188,
                "lowlevel.spectral_centroid.median": 711.6038818359375,
                "lowlevel.spectral_centroid.min": 194.37696838378906,
                "lowlevel.spectral_centroid.stdev": 453.3191223144531,
                "lowlevel.spectral_centroid.var": 205498.234375,
                "metadata.audio_properties.analysis.equal_loudness": 0.0,
                "rhythm.beats_loudness.dmean": 0.016084831207990646,
                "rhythm.beats_loudness.dmean2": 0.028159253299236298,
                "rhythm.beats_loudness.dvar": 0.00039172417018562555,
                "rhythm.beats_loudness.dvar2": 0.0011499765096232295,
                "rhythm.beats_loudness.max": 0.20368541777133942,
                "rhythm.beats_loudness.mean": 0.025278354063630104,
                "rhythm.beats_loudness.median": 0.019997427240014076,
                "rhythm.beats_loudness.min": 8.309548320539761e-06,
                "rhythm.beats_loudness.stdev": 0.023734312504529953,
                "rhythm.beats_loudness.var": 0.0005633175605908036,
                "rhythm.bpm": 88.49220275878906,
                "rhythm.bpm_histogram_first_peak_bpm": 89.0,
                "rhythm.bpm_histogram_first_peak_weight": 0.2184368371963501,
                "rhythm.bpm_histogram_second_peak_bpm": 105.0,
                "rhythm.bpm_histogram_second_peak_spread": 0.25,
                "rhythm.bpm_histogram_second_peak_weight": 0.011627906933426857,
                "rhythm.danceability": 1.0538311004638672
            }
        },
        {
            "id": "wI_RpYFHhO8",
            "title": "Joan Baez - Children Of The Eighties (The Concert And Beyond. December 24, 1980)",
            "views": 8485,
            "features": {
                "lowlevel.average_loudness": 0.3449292778968811,
                "lowlevel.loudness_ebu128.integrated": -16.77294158935547,
                "lowlevel.loudness_ebu128.loudness_range": 9.97674560546875,