{
    "song_title": "Chimes Of Freedom",
    "artist": "Grateful Dead",
    "num_versions_processed": 3,
    "average_features": {
        "rhythm.beats_loudness.dvar": 0.0002964441276465853,
        "lowlevel.loudness_ebu128.momentary.median": -15.9863494237264,
        "lowlevel.loudness_ebu128.short_term.min": -36.5267079671224,
        "lowlevel.loudness_ebu128.short_term.dvar": 0.013759750251968702,
        "rhythm.beats_loudness.dvar2": 0.0008380454188833634,
        "rhythm.beats_loudness.min": 9.062143484091696e-05,
        "lowlevel.loudness_ebu128.momentary.min": -46.06390126546224,
        "rhythm.bpm_histogram_second_peak_weight": 0.06998142351706822,
        "lowlevel.spectral_centroid.min": 176.5178197224935,
        "lowlevel.spectral_centroid.var": 168399.875,
        "lowlevel.loudness_ebu128.short_term.dvar2": 0.011826668245097002,
        "lowlevel.loudness_ebu128.short_term.stdev": 3.6333704789479575,
        "rhythm.beats_loudness.max": 0.15112809836864471,
        "lowlevel.loudness_ebu128.momentary.dvar2": 0.6049697001775106,
        "lowlevel.spectral_centroid.dvar2": 66769.4140625,
        "lowlevel.loudness_ebu128.momentary.max": -8.631317138671875,
        "lowlevel.average_loudness": 0.699264407157898,
        "lowlevel.loudness_ebu128.momentary.var": 21.93705113728841,
        "lowlevel.loudness_ebu128.loudness_range": 7.187330881754558,
        "rhythm.beats_loudness.dmean": 0.017585907752315205,
        "lowlevel.loudness_ebu128.momentary.dvar": 0.49008964498837787,
        "metadata.audio_properties.analysis.equal_loudness": 0.0,
        "lowlevel.spectral_centroid.dmean": 174.31881713867188,
        "rhythm.bpm": 126.62151845296223,
        "lowlevel.spectral_centroid.dvar": 30458.825520833332,
        "lowlevel.loudness_ebu128.momentary.dmean2": 0.8548213243484497,
        "rhythm.bpm_histogram_first_peak_weight": 0.5054636001586914,
        "rhythm.bpm_histogram_second_peak_spread": 0.1542303760846456,
        "lowlevel.loudness_ebu128.momentary.mean": -16.940484682718914,
        "lowlevel.loudness_ebu128.momentary.dmean": 0.7755828698476156,
        "rhythm.beats_loudness.mean": 0.0292027002821366,
        "rhythm.bpm_histogram_second_peak_bpm": 121.0,
        "lowlevel.loudness_ebu128.integrated": -15.21573575337728,
        "rhythm.beats_loudness.var": 0.0004336727724876255,
        "lowlevel.loudness_ebu128.momentary.stdev": 4.490979512532552,
        "lowlevel.loudness_ebu128.short_term.var": 15.263604323069254,
        "lowlevel.spectral_centroid.max": 6103.783365885417,
        "rhythm.beats_loudness.dmean2": 0.030946666995684307,
        "rhythm.danceability": 1.1839530070622761,
        "lowlevel.loudness_ebu128.short_term.max": -11.049047787984213,
        "lowlevel.spectral_centroid.mean": 1203.8932698567708,
        "rhythm.beats_loudness.stdev": 0.02079646351436774,
        "lowlevel.loudness_ebu128.short_term.dmean2": 0.10613600164651871,
        "lowlevel.loudness_ebu128.short_term.dmean": 0.10972399761279424,
        "lowlevel.loudness_ebu128.short_term.mean": -16.39544614156087,
        "rhythm.bpm_histogram_first_peak_bpm": 127.0,
        "lowlevel.loudness_ebu128.short_term.median": -15.371699651082357,
        "lowlevel.spectral_centroid.median": 1182.4418131510417,
        "lowlevel.spectral_centroid.stdev": 409.45257568359375,
        "lowlevel.spectral_centroid.dmean2": 262.8565165201823,
        "rhythm.beats_loudness.median": 0.02552240031460921
    },
    "outlier_flag": false,
    "outlier_reasons": null,
    "raw_versions": [
        {
            "id": "_IrZgSgY06I",
            "title": "Bob Dylan & the Grateful Dead - Chimes of Freedom 7/4/1987, Foxboro, MA",
            "views": 344,
            "features": {
                "lowlevel.average_loudness": 0.6650583148002625,
                "lowlevel.loudness_ebu128.integrated": -12.638213157653809,
                "lowlevel.loudness_ebu128.loudness_range": 5.139680862426758,
                "lowlevel.loudness_ebu128.momentary.dmean": 0.7033546566963196,
                "lowlevel.loudness_ebu128.momentary.dmean2": 0.814575731754303,
                "lowlevel.loudness_ebu128.momentary.dvar": 0.363509863615036,
                "lowlevel.loudness_ebu128.momentary.dvar2": 0.5081369876861572,
                "lowlevel.loudness_ebu128.momentary.max": -6.451498985290527,
                "lowlevel.loudness_ebu128.momentary.mean": -13.643218040466309,
                "lowlevel.loudness_ebu128.momentary.median": -13.127734184265137,
                "lowlevel.loudness_ebu128.momentary.min": -34.55097961425781,
                "lowlevel.loudness_ebu128.momentary.stdev": 3.382219076156616,
                "lowlevel.loudness_ebu128.momentary.var": 11.43940544128418,
                "lowlevel.loudness_ebu128.short_term.dmean": 0.0976177230477333,
                "lowlevel.loudness_ebu128.short_term.dmean2": 0.09718172252178192,
                "lowlevel.loudness_ebu128.short_term.dvar": 0.008591383695602417,
                "lowlevel.loudness_ebu128.short_term.dvar2": 0.007865680381655693,
                "lowlevel.loudness_ebu128.short_term.max": -8.868829727172852,
                "lowlevel.loudness_ebu128.short_term.mean": -13.209875106811523,
                "lowlevel.loudness_ebu128.short_term.median": -12.585290908813477,
                "lowlevel.loudness_ebu128.short_term.min": -30.114036560058594,
                "lowlevel.loudness_ebu128.short_term.stdev": 2.6239166259765625,
                "lowlevel.loudness_ebu128.short_term.var": 6.8849382400512695,
                "lowlevel.spectral_centroid.dmean": 153.9988555908203,
                "lowlevel.spectral_centroid.dmean2": 227.82342529296875,
                "lowlevel.spectral_centroid.dvar": 25972.751953125,
                "lowlevel.spectral_centroid.dvar2": 55992.390625,
                "lowlevel.spectral_centroid.max": 3715.867431640625,
                "lowlevel.spectral_centroid.mean": 1057.9591064453125,
                "lowlevel.spectral_centroid.median": 1001.66455078125,
                "lowlevel.spectral_centroid.min": 247.42886352539062,
                "lowlevel.spectral_centroid.stdev": 371.5894470214844,
                "lowlevel.spectral_centroid.var": 138078.71875,
                "metadata.audio_properties.analysis.equal_loudness": 0.0,
                "rhythm.beats_loudness.dmean": 0.017183121293783188,
                "rhythm.beats_loudness.dmean2": 0.03031017631292343,
                "rhythm.beats_loudness.dvar": 0.00032226750045083463,
                "rhythm.beats_loudness.dvar2": 0.000876556383445859,
                "rhythm.beats_loudness.max": 0.14528758823871613,
                "rhythm.beats_loudness.mean": 0.02967984788119793,
                "rhythm.beats_loudness.median": 0.025358524173498154,
                "rhythm.beats_loudness.min": 9.818372200243175e-05,
                "rhythm.beats_loudness.stdev": 0.020484132692217827,
                "rhythm.beats_loudness.var": 0.00041959970258176327,
                "rhythm.bpm": 123.3988265991211,
                "rhythm.bpm_histogram_first_peak_bpm": 123.0,
                "rhythm.bpm_histogram_first_peak_weight": 0.4792332053184509,
                "rhythm.bpm_histogram_second_peak_bpm": 117.0,
                "rhythm.bpm_histogram_second_peak_spread": 0.22222226858139038,
                "rhythm.bpm_histogram_second_peak_weight": 0.049226440489292145,
                "rhythm.danceability": 1.2062559127807617
            }
        },
        {
            "id": "_EO11zCaJjQ",
            "title": "Grateful Dead - \"Chimes of Freedom\" with Guest Vocals 7/12/87",
            "views": 803,
            "features": {
                "lowlevel.average_loudness": 0.8219797015190125,
                "lowlevel.loudness_ebu128.integrated": -20.026630401611328,
                "lowlevel.loudness_ebu128.loudness_range": 5.931669235229492,
                "lowlevel.loudness_ebu128.momentary.dmean": 0.8060720562934875,