{
    "song_title": "China Cat Sunflower Jam",
    "artist": "Grateful Dead",
    "num_versions_processed": 2,
    "average_features": {
        "lowlevel.loudness_ebu128.short_term.dvar2": 0.018103828188031912,
        "lowlevel.loudness_ebu128.momentary.var": 21.026360511779785,
        "lowlevel.loudness_ebu128.momentary.min": -90.48373031616211,
        "lowlevel.spectral_centroid.dvar": 36100.6328125,
        "rhythm.beats_loudness.min": 3.530424508291219e-09,
        "lowlevel.spectral_centroid.mean": 881.3283081054688,
        "rhythm.beats_loudness.dvar": 0.00041872909059748054,
        "rhythm.bpm_histogram_first_peak_bpm": 131.5,
        "rhythm.beats_loudness.median": 0.02817393932491541,
        "lowlevel.loudness_ebu128.integrated": -20.63206958770752,
        "lowlevel.loudness_ebu128.short_term.mean": -21.67067527770996,
        "rhythm.beats_loudness.dmean2": 0.03494980186223984,
        "lowlevel.loudness_ebu128.momentary.dvar2": 1.2804060876369476,
        "rhythm.bpm_histogram_second_peak_weight": 0.11026023328304291,
        "lowlevel.loudness_ebu128.loudness_range": 7.457691192626953,
        "rhythm.bpm_histogram_second_peak_bpm": 93.5,
        "lowlevel.loudness_ebu128.short_term.min": -41.92451095581055,
        "lowlevel.loudness_ebu128.short_term.stdev": 3.2494802474975586,
        "lowlevel.loudness_ebu128.short_term.dmean2": 0.13327061012387276,
        "lowlevel.loudness_ebu128.short_term.var": 10.820054054260254,
        "rhythm.beats_loudness.mean": 0.03372087702155113,
        "lowlevel.spectral_centroid.max": 5371.323974609375,
        "lowlevel.loudness_ebu128.momentary.dvar": 0.8516893088817596,
        "rhythm.beats_loudness.stdev": 0.025865059345960617,
        "lowlevel.loudness_ebu128.momentary.max": -12.254273414611816,
        "lowlevel.spectral_centroid.median": 779.3003845214844,
        "lowlevel.loudness_ebu128.momentary.dmean": 0.8352687358856201,
        "lowlevel.loudness_ebu128.short_term.dvar": 0.014609196223318577,
        "rhythm.beats_loudness.var": 0.0006690014852210879,
        "lowlevel.loudness_ebu128.momentary.stdev": 4.5627312660217285,
        "lowlevel.loudness_ebu128.momentary.mean": -22.172725677490234,
        "rhythm.beats_loudness.dmean": 0.019621066749095917,
        "lowlevel.average_loudness": 0.2433706745505333,
        "lowlevel.loudness_ebu128.short_term.median": -21.492674827575684,
        "rhythm.beats_loudness.max": 0.2777361124753952,
        "metadata.audio_properties.analysis.equal_loudness": 0.0,
        "lowlevel.loudness_ebu128.momentary.dmean2": 1.0674384236335754,
        "lowlevel.spectral_centroid.dvar2": 75771.2265625,
        "lowlevel.loudness_ebu128.short_term.max": -14.459177494049072,
        "lowlevel.spectral_centroid.var": 196089.0546875,
        "rhythm.bpm_histogram_first_peak_weight": 0.3431752324104309,
        "lowlevel.loudness_ebu128.momentary.median": -21.610169410705566,
        "rhythm.bpm": 129.65178680419922,
        "rhythm.beats_loudness.dvar2": 0.0011841997620649636,
        "lowlevel.loudness_ebu128.short_term.dmean": 0.11570167168974876,
        "lowlevel.spectral_centroid.stdev": 438.5403594970703,
        "lowlevel.spectral_centroid.dmean": 154.35581970214844,
        "lowlevel.spectral_centroid.dmean2": 235.98802947998047,
        "rhythm.danceability": 1.1456806063652039,
        "lowlevel.spectral_centroid.min": 204.69513702392578,
        "rhythm.bpm_histogram_second_peak_spread": 0.5009110569953918
    },
    "outlier_flag": true,
    "outlier_reasons": [
        "BPM Variance: 69.56 (limit 60)"
    ],
    "raw_versions": [
        {
            "id": "EvPe4CEkSbE",
            "title": "Grateful Dead - China Cat Sunflower/I Know You Rider (Winterland 10/17/74)",
            "views": 1976934,
            "features": {
                "lowlevel.average_loudness": 0.44431743025779724,
                "lowlevel.loudness_ebu128.integrated": -18.318174362182617,
                "lowlevel.loudness_ebu128.loudness_range": 7.375020980834961,
                "lowlevel.loudness_ebu128.momentary.dmean": 0.7960965037345886,
                "lowlevel.loudness_ebu128.momentary.dmean2": 0.9347997903823853,
                "lowlevel.loudness_ebu128.momentary.dvar": 0.6608282923698425,
                "lowlevel.loudness_ebu128.momentary.dvar2": 0.9442279934883118,
                "lowlevel.loudness_ebu128.momentary.max": -11.874433517456055,
                "lowlevel.loudness_ebu128.momentary.mean": -19.991262435913086,
                "lowlevel.loudness_ebu128.momentary.median": -19.095827102661133,
                "lowlevel.loudness_ebu128.momentary.min": -90.92517852783203,
                "lowlevel.loudness_ebu128.momentary.stdev": 5.018628120422363,
                "lowlevel.loudness_ebu128.momentary.var": 25.186630249023438,
                "lowlevel.loudness_ebu128.short_term.dmean": 0.11093400418758392,
                "lowlevel.loudness_ebu128.short_term.dmean2": 0.11710142344236374,
                "lowlevel.loudness_ebu128.short_term.dvar": 0.013820722699165344,
                "lowlevel.loudness_ebu128.short_term.dvar2": 0.014493568800389767,
                "lowlevel.loudness_ebu128.short_term.max": -13.529230117797852,
                "lowlevel.loudness_ebu128.short_term.mean": -19.475570678710938,
                "lowlevel.loudness_ebu128.short_term.median": -18.97709846496582,
                "lowlevel.loudness_ebu128.short_term.min": -44.046592712402344,
                "lowlevel.loudness_ebu128.short_term.stdev": 3.7602953910827637,
                "lowlevel.loudness_ebu128.short_term.var": 14.139822006225586,
                "lowlevel.spectral_centroid.dmean": 165.66905212402344,
                "lowlevel.spectral_centroid.dmean2": 250.4549560546875,
                "lowlevel.spectral_centroid.dvar": 40555.38671875,
                "lowlevel.spectral_centroid.dvar2": 82481.375,
                "lowlevel.spectral_centroid.max": 5404.49658203125,
                "lowlevel.spectral_centroid.mean": 1015.2504272460938,
                "lowlevel.spectral_centroid.median": 897.4501953125,
                "lowlevel.spectral_centroid.min": 225.3457489013672,
                "lowlevel.spectral_centroid.stdev": 499.9521484375,
                "lowlevel.spectral_centroid.var": 249952.140625,
                "metadata.audio_properties.analysis.equal_loudness": 0.0,
                "rhythm.beats_loudness.dmean": 0.019392093643546104,
                "rhythm.beats_loudness.dmean2": 0.03423422574996948,
                "rhythm.beats_loudness.dvar": 0.00036700296914204955,
                "rhythm.beats_loudness.dvar2": 0.0010987988207489252,
                "rhythm.beats_loudness.max": 0.22411632537841797,
                "rhythm.beats_loudness.mean": 0.03581304848194122,
                "rhythm.beats_loudness.median": 0.030031124129891396,
                "rhythm.beats_loudness.min": 2.1453054888098677e-09,
                "rhythm.beats_loudness.stdev": 0.02585114911198616,
                "rhythm.beats_loudness.var": 0.0006682819221168756,
                "rhythm.bpm": 164.4326934814453,
                "rhythm.bpm_histogram_first_peak_bpm": 167.0,
                "rhythm.bpm_histogram_first_peak_weight": 0.0,
                "rhythm.bpm_histogram_second_peak_bpm": 96.0,
                "rhythm.bpm_histogram_second_peak_spread": 0.6268221139907837,
                "rhythm.bpm_histogram_second_peak_weight": 0.1424596607685089,
                "rhythm.danceability": 1.1844217777252197
            }
        },
        {
            "id": "QFhH8sSIvsA",
            "title": "Grateful Dead - China Cat Sunflower/I Know You Rider (Louisville, KY 7/6/90)",
            "views": 352410,
            "features": {
                "lowlevel.average_loudness": 0.04242391884326935,
                "lowlevel.loudness_ebu128.integrated": -22.945964813232422,
                "lowlevel.loudness_ebu128.loudness_range": 7.540361404418945,