{
    "song_title": "Chinatown Shuffle",
    "artist": "Grateful Dead",
    "num_versions_processed": 1,
    "average_features": {
        "lowlevel.loudness_ebu128.short_term.dvar2": 0.0032412332948297262,
        "lowlevel.loudness_ebu128.momentary.var": 19.24005126953125,
        "lowlevel.loudness_ebu128.momentary.min": -37.10395050048828,
        "lowlevel.spectral_centroid.dvar": 20842.71875,
        "rhythm.beats_loudness.min": 0.00026328928652219474,
        "lowlevel.spectral_centroid.mean": 619.7715454101562,
        "rhythm.beats_loudness.dvar": 7.396092405542731e-05,
        "rhythm.bpm_histogram_first_peak_bpm": 148.0,
        "rhythm.beats_loudness.median": 0.0448809415102005,
        "lowlevel.loudness_ebu128.integrated": -12.419096946716309,
        "lowlevel.loudness_ebu128.short_term.mean": -13.502861022949219,
        "rhythm.beats_loudness.dmean2": 0.015440966002643108,
        "lowlevel.loudness_ebu128.momentary.dvar2": 0.1306418627500534,
        "rhythm.bpm_histogram_second_peak_weight": 0.030805686488747597,
        "lowlevel.loudness_ebu128.loudness_range": 5.604644775390625,
        "rhythm.bpm_histogram_second_peak_bpm": 140.0,
        "lowlevel.loudness_ebu128.short_term.min": -28.495372772216797,
        "lowlevel.loudness_ebu128.short_term.stdev": 3.543644666671753,
        "lowlevel.loudness_ebu128.short_term.dmean2": 0.05215330049395561,
        "lowlevel.loudness_ebu128.short_term.var": 12.557416915893555,
        "rhythm.beats_loudness.mean": 0.0427684411406517,
        "lowlevel.spectral_centroid.max": 5080.99365234375,
        "lowlevel.loudness_ebu128.momentary.dvar": 0.10896030813455582,
        "rhythm.beats_loudness.stdev": 0.017593301832675934,
        "lowlevel.loudness_ebu128.momentary.max": -10.248608589172363,
        "lowlevel.spectral_centroid.median": 558.6434326171875,
        "lowlevel.loudness_ebu128.momentary.dmean": 0.31865429878234863,
        "lowlevel.loudness_ebu128.short_term.dvar": 0.004981778096407652,
        "rhythm.beats_loudness.var": 0.0003095242427662015,
        "lowlevel.loudness_ebu128.momentary.stdev": 4.386348247528076,
        "lowlevel.loudness_ebu128.momentary.mean": -13.879216194152832,
        "rhythm.beats_loudness.dmean": 0.009211167693138123,
        "lowlevel.average_loudness": 0.9612185955047607,
        "lowlevel.loudness_ebu128.short_term.median": -12.306662559509277,
        "rhythm.beats_loudness.max": 0.09404449909925461,
        "metadata.audio_properties.analysis.equal_loudness": 0.0,
        "lowlevel.loudness_ebu128.momentary.dmean2": 0.33524614572525024,
        "lowlevel.spectral_centroid.dvar2": 44090.12890625,
        "lowlevel.loudness_ebu128.short_term.max": -11.42898178100586,
        "lowlevel.spectral_centroid.var": 112802.7578125,
        "rhythm.bpm_histogram_first_peak_weight": 0.4649350643157959,
        "lowlevel.loudness_ebu128.momentary.median": -12.343293190002441,
        "rhythm.bpm": 147.7891082763672,
        "rhythm.beats_loudness.dvar2": 0.00022246809385251254,
        "lowlevel.loudness_ebu128.short_term.dmean": 0.0566059947013855,
        "lowlevel.spectral_centroid.stdev": 335.8612060546875,
        "lowlevel.spectral_centroid.dmean": 111.86930084228516,
        "lowlevel.spectral_centroid.dmean2": 168.31552124023438,
        "rhythm.danceability": 1.1013386249542236,
        "lowlevel.spectral_centroid.min": 116.87078857421875,
        "rhythm.bpm_histogram_second_peak_spread": 0.43478262424468994
    },
    "outlier_flag": false,
    "outlier_reasons": null,
    "raw_versions": [
        {
            "id": "oX72kiF1T20",
            "title": "Grateful Dead - Chinatown Shuffle",
            "views": 20307,
            "features": {
                "lowlevel.average_loudness": 0.9612185955047607,
                "lowlevel.loudness_ebu128.integrated": -12.419096946716309,
                "lowlevel.loudness_ebu128.loudness_range": 5.604644775390625,
                "lowlevel.loudness_ebu128.momentary.dmean": 0.31865429878234863,
                "lowlevel.loudness_ebu128.momentary.dmean2": 0.33524614572525024,
                "lowlevel.loudness_ebu128.momentary.dvar": 0.10896030813455582,
                "lowlevel.loudness_ebu128.momentary.dvar2": 0.1306418627500534,
                "lowlevel.loudness_ebu128.momentary.max": -10.248608589172363,
                "lowlevel.loudness_ebu128.momentary.mean": -13.879216194152832,
                "lowlevel.loudness_ebu128.momentary.median": -12.343293190002441,
                "lowlevel.loudness_ebu128.momentary.min": -37.10395050048828,
                "lowlevel.loudness_ebu128.momentary.stdev": 4.386348247528076,
                "lowlevel.loudness_ebu128.momentary.var": 19.24005126953125,
                "lowlevel.loudness_ebu128.short_term.dmean": 0.0566059947013855,
                "lowlevel.loudness_ebu128.short_term.dmean2": 0.05215330049395561,
                "lowlevel.loudness_ebu128.short_term.dvar": 0.004981778096407652,
                "lowlevel.loudness_ebu128.short_term.dvar2": 0.0032412332948297262,
                "lowlevel.loudness_ebu128.short_term.max": -11.42898178100586,
                "lowlevel.loudness_ebu128.short_term.mean": -13.502861022949219,
                "lowlevel.loudness_ebu128.short_term.median": -12.306662559509277,
                "lowlevel.loudness_ebu128.short_term.min": -28.495372772216797,
                "lowlevel.loudness_ebu128.short_term.stdev": 3.543644666671753,
                "lowlevel.loudness_ebu128.short_term.var": 12.557416915893555,
                "lowlevel.spectral_centroid.dmean": 111.86930084228516,
                "lowlevel.spectral_centroid.dmean2": 168.31552124023438,
                "lowlevel.spectral_centroid.dvar": 20842.71875,
                "lowlevel.spectral_centroid.dvar2": 44090.12890625,
                "lowlevel.spectral_centroid.max": 5080.99365234375,
                "lowlevel.spectral_centroid.mean": 619.7715454101562,
                "lowlevel.spectral_centroid.median": 558.6434326171875,
                "lowlevel.spectral_centroid.min": 116.87078857421875,
                "lowlevel.spectral_centroid.stdev": 335.8612060546875,
                "lowlevel.spectral_centroid.var": 112802.7578125,
                "metadata.audio_properties.analysis.equal_loudness": 0.0,
                "rhythm.beats_loudness.dmean": 0.009211167693138123,
                "rhythm.beats_loudness.dmean2": 0.015440966002643108,
                "rhythm.beats_loudness.dvar": 7.396092405542731e-05,
                "rhythm.beats_loudness.dvar2": 0.00022246809385251254,
                "rhythm.beats_loudness.max": 0.09404449909925461,
                "rhythm.beats_loudness.mean": 0.0427684411406517,
                "rhythm.beats_loudness.median": 0.0448809415102005,
                "rhythm.beats_loudness.min": 0.00026328928652219474,
                "rhythm.beats_loudness.stdev": 0.017593301832675934,
                "rhythm.beats_loudness.var": 0.0003095242427662015,
                "rhythm.bpm": 147.7891082763672,
                "rhythm.bpm_histogram_first_peak_bpm": 148.0,
                "rhythm.bpm_histogram_first_peak_weight": 0.4649350643157959,
                "rhythm.bpm_histogram_second_peak_bpm": 140.0,
                "rhythm.bpm_histogram_second_peak_spread": 0.43478262424468994,
                "rhythm.bpm_histogram_second_peak_weight": 0.030805686488747597,
                "rhythm.danceability": 1.1013386249542236
            }
        }
    ]
}