{
    "song_title": "China Doll",
    "artist": "Grateful Dead",
    "num_versions_processed": 3,
    "average_features": {
        "lowlevel.loudness_ebu128.short_term.dvar2": 0.04142217275997003,
        "lowlevel.loudness_ebu128.momentary.var": 38.630858739217125,
        "lowlevel.loudness_ebu128.momentary.min": -62.876670837402344,
        "lowlevel.spectral_centroid.dvar": 37282.397135416664,
        "rhythm.beats_loudness.min": 2.4291917725349776e-05,
        "lowlevel.spectral_centroid.mean": 818.6364339192709,
        "rhythm.beats_loudness.dvar": 0.0010704277277303238,
        "rhythm.bpm_histogram_first_peak_bpm": 131.66666666666666,
        "rhythm.beats_loudness.median": 0.012553308469553789,
        "lowlevel.loudness_ebu128.integrated": -19.955942789713543,
        "lowlevel.loudness_ebu128.short_term.mean": -22.707434972127277,
        "rhythm.beats_loudness.dmean2": 0.03688067321976026,
        "lowlevel.loudness_ebu128.momentary.dvar2": 1.9009827375411987,
        "rhythm.bpm_histogram_second_peak_weight": 0.14017080267270407,
        "lowlevel.loudness_ebu128.loudness_range": 12.790429751078287,
        "rhythm.bpm_histogram_second_peak_bpm": 129.33333333333334,
        "lowlevel.loudness_ebu128.short_term.min": -40.636802673339844,
        "lowlevel.loudness_ebu128.short_term.stdev": 4.996896425882976,
        "lowlevel.loudness_ebu128.short_term.dmean2": 0.13093059758345285,
        "lowlevel.loudness_ebu128.short_term.var": 26.601374944051106,
        "rhythm.beats_loudness.mean": 0.026058133070667584,
        "lowlevel.spectral_centroid.max": 11058.9658203125,
        "lowlevel.loudness_ebu128.momentary.dvar": 1.2435737252235413,
        "rhythm.beats_loudness.stdev": 0.03565401149292787,
        "lowlevel.loudness_ebu128.momentary.max": -10.509041786193848,
        "lowlevel.spectral_centroid.median": 669.0745646158854,
        "lowlevel.loudness_ebu128.momentary.dmean": 0.9103917082150778,
        "lowlevel.loudness_ebu128.short_term.dvar": 0.054727004220088325,
        "rhythm.beats_loudness.var": 0.0012955220687823992,
        "lowlevel.loudness_ebu128.momentary.stdev": 6.1402201652526855,
        "lowlevel.loudness_ebu128.momentary.mean": -23.775967280069988,
        "rhythm.beats_loudness.dmean": 0.02104370358089606,
        "lowlevel.average_loudness": 0.057438251872857414,
        "lowlevel.loudness_ebu128.short_term.median": -21.936065673828125,
        "rhythm.beats_loudness.max": 0.29827646414438885,
        "metadata.audio_properties.analysis.equal_loudness": 0.0,
        "lowlevel.loudness_ebu128.momentary.dmean2": 0.9924211104710897,
        "lowlevel.spectral_centroid.dvar2": 68944.04947916667,
        "lowlevel.loudness_ebu128.short_term.max": -13.403787930806478,
        "lowlevel.spectral_centroid.var": 256027.65104166666,
        "rhythm.bpm_histogram_first_peak_weight": 0.384799063205719,
        "lowlevel.loudness_ebu128.momentary.median": -23.217561721801758,
        "rhythm.bpm": 132.14891560872397,
        "rhythm.beats_loudness.dvar2": 0.0029103656221802035,
        "lowlevel.loudness_ebu128.short_term.dmean": 0.17327984174092612,
        "lowlevel.spectral_centroid.stdev": 499.8263651529948,
        "lowlevel.spectral_centroid.dmean": 113.1172383626302,
        "lowlevel.spectral_centroid.dmean2": 170.03042602539062,
        "rhythm.danceability": 0.9732475479443868,
        "lowlevel.spectral_centroid.min": 144.5078379313151,
        "rhythm.bpm_histogram_second_peak_spread": 0.20791063706080118
    },
    "outlier_flag": true,
    "outlier_reasons": [
        "BPM Variance: 72.51 (limit 60)"
    ],
    "raw_versions": [
        {
            "id": "2oy_zZBMf9Q",
            "title": "Grateful Dead Perform \"China Doll\" -Shoreline- 6/16/90",
            "views": 228487,
            "features": {
                "lowlevel.average_loudness": 0.05692267790436745,
                "lowlevel.loudness_ebu128.integrated": -19.73756980895996,
                "lowlevel.loudness_ebu128.loudness_range": 11.773185729980469,
                "lowlevel.loudness_ebu128.momentary.dmean": 0.9248583316802979,
                "lowlevel.loudness_ebu128.momentary.dmean2": 1.0418752431869507,
                "lowlevel.loudness_ebu128.momentary.dvar": 1.639378309249878,
                "lowlevel.loudness_ebu128.momentary.dvar2": 2.554506301879883,
                "lowlevel.loudness_ebu128.momentary.max": -9.501130104064941,
                "lowlevel.loudness_ebu128.momentary.mean": -22.86319351196289,
                "lowlevel.loudness_ebu128.momentary.median": -22.205469131469727,
                "lowlevel.loudness_ebu128.momentary.min": -90.64897918701172,
                "lowlevel.loudness_ebu128.momentary.stdev": 5.479076862335205,
                "lowlevel.loudness_ebu128.momentary.var": 30.020282745361328,
                "lowlevel.loudness_ebu128.short_term.dmean": 0.17994020879268646,
                "lowlevel.loudness_ebu128.short_term.dmean2": 0.14199146628379822,
                "lowlevel.loudness_ebu128.short_term.dvar": 0.06428790837526321,
                "lowlevel.loudness_ebu128.short_term.dvar2": 0.04645254462957382,
                "lowlevel.loudness_ebu128.short_term.max": -13.154165267944336,
                "lowlevel.loudness_ebu128.short_term.mean": -21.75105094909668,
                "lowlevel.loudness_ebu128.short_term.median": -20.642961502075195,
                "lowlevel.loudness_ebu128.short_term.min": -32.84801483154297,
                "lowlevel.loudness_ebu128.short_term.stdev": 4.1431145668029785,
                "lowlevel.loudness_ebu128.short_term.var": 17.16539764404297,
                "lowlevel.spectral_centroid.dmean": 98.20787811279297,
                "lowlevel.spectral_centroid.dmean2": 148.59544372558594,
                "lowlevel.spectral_centroid.dvar": 25148.1640625,
                "lowlevel.spectral_centroid.dvar2": 46514.765625,
                "lowlevel.spectral_centroid.max": 11025.2822265625,
                "lowlevel.spectral_centroid.mean": 742.6283569335938,
                "lowlevel.spectral_centroid.median": 647.6934814453125,
                "lowlevel.spectral_centroid.min": 131.50994873046875,
                "lowlevel.spectral_centroid.stdev": 390.2814636230469,
                "lowlevel.spectral_centroid.var": 152319.609375,
                "metadata.audio_properties.analysis.equal_loudness": 0.0,
                "rhythm.beats_loudness.dmean": 0.022089919075369835,
                "rhythm.beats_loudness.dmean2": 0.03914102911949158,
                "rhythm.beats_loudness.dvar": 0.0010072062723338604,
                "rhythm.beats_loudness.dvar2": 0.0026722680777311325,
                "rhythm.beats_loudness.max": 0.3019880950450897,
                "rhythm.beats_loudness.mean": 0.02571847476065159,
                "rhythm.beats_loudness.median": 0.013949736021459103,
                "rhythm.beats_loudness.min": 1.274494206882082e-05,
                "rhythm.beats_loudness.stdev": 0.03396402299404144,
                "rhythm.beats_loudness.var": 0.0011535548837855458,
                "rhythm.bpm": 105.69922637939453,
                "rhythm.bpm_histogram_first_peak_bpm": 105.0,
                "rhythm.bpm_histogram_first_peak_weight": 0.5976744890213013,
                "rhythm.bpm_histogram_second_peak_bpm": 99.0,
                "rhythm.bpm_histogram_second_peak_spread": 0.269565224647522,
                "rhythm.bpm_histogram_second_peak_weight": 0.12103746831417084,
                "rhythm.danceability": 0.9775735139846802
            }
        },
        {
            "id": "WgPe5XkiJVQ",
            "title": "Grateful Dead 9-21-74 China Doll",
            "views": 18778,
            "features": {
                "lowlevel.average_loudness": 0.0427180640399456,
                "lowlevel.loudness_ebu128.integrated": -21.17230987548828,
                "lowlevel.loudness_ebu128.loudness_range": 10.913908004760742,