{
    "song_title": "China Cat Sunflower",
    "artist": "Grateful Dead",
    "num_versions_processed": 1,
    "average_features": {
        "lowlevel.loudness_ebu128.momentary.dmean2": 0.9336504936218262,
        "lowlevel.loudness_ebu128.short_term.median": -18.99004554748535,
        "lowlevel.spectral_centroid.median": 900.701416015625,
        "rhythm.beats_loudness.var": 0.0006987522356212139,
        "rhythm.beats_loudness.dvar": 0.00038712043897248805,
        "lowlevel.loudness_ebu128.short_term.stdev": 4.062739849090576,
        "lowlevel.loudness_ebu128.integrated": -18.318613052368164,
        "rhythm.beats_loudness.max": 0.22813238203525543,
        "lowlevel.spectral_centroid.max": 10939.2919921875,
        "lowlevel.spectral_centroid.min": 242.2804718017578,
        "lowlevel.loudness_ebu128.momentary.stdev": 5.7472662925720215,
        "rhythm.bpm": 164.3317108154297,
        "lowlevel.loudness_ebu128.loudness_range": 7.376470565795898,
        "rhythm.beats_loudness.mean": 0.03635058552026749,
        "rhythm.bpm_histogram_second_peak_weight": 0.14579856395721436,
        "metadata.audio_properties.analysis.equal_loudness": 0.0,
        "lowlevel.loudness_ebu128.short_term.var": 16.505855560302734,
        "rhythm.beats_loudness.dvar2": 0.0011601060396060348,
        "rhythm.bpm_histogram_second_peak_bpm": 161.0,
        "lowlevel.loudness_ebu128.momentary.mean": -20.1662654876709,
        "lowlevel.loudness_ebu128.short_term.max": -13.525996208190918,
        "rhythm.beats_loudness.stdev": 0.026433922350406647,
        "lowlevel.loudness_ebu128.momentary.dmean": 0.8004327416419983,
        "lowlevel.spectral_centroid.mean": 1020.27734375,
        "lowlevel.spectral_centroid.stdev": 519.9481201171875,
        "rhythm.beats_loudness.median": 0.030569281429052353,
        "lowlevel.loudness_ebu128.short_term.dmean": 0.11150463670492172,
        "lowlevel.loudness_ebu128.short_term.dvar2": 0.014590661972761154,
        "rhythm.beats_loudness.dmean2": 0.03492952138185501,
        "lowlevel.loudness_ebu128.short_term.mean": -19.584138870239258,
        "lowlevel.loudness_ebu128.momentary.var": 33.031070709228516,
        "rhythm.beats_loudness.dmean": 0.019766107201576233,
        "lowlevel.loudness_ebu128.momentary.min": -91.14102172851562,
        "lowlevel.loudness_ebu128.momentary.dvar": 0.6860148906707764,
        "lowlevel.spectral_centroid.dmean": 164.603515625,
        "lowlevel.spectral_centroid.var": 270346.03125,
        "rhythm.beats_loudness.min": 2.1845778519491432e-09,
        "lowlevel.average_loudness": 0.4294229745864868,
        "lowlevel.loudness_ebu128.short_term.dmean2": 0.11696767807006836,
        "lowlevel.loudness_ebu128.short_term.min": -47.306373596191406,
        "rhythm.bpm_histogram_first_peak_bpm": 167.0,
        "lowlevel.loudness_ebu128.momentary.max": -11.789558410644531,
        "lowlevel.spectral_centroid.dmean2": 249.00515747070312,
        "rhythm.bpm_histogram_second_peak_spread": 0.17088603973388672,
        "lowlevel.loudness_ebu128.short_term.dvar": 0.014079002663493156,
        "lowlevel.loudness_ebu128.momentary.median": -19.128643035888672,
        "rhythm.danceability": 1.1835277080535889,
        "lowlevel.spectral_centroid.dvar": 41955.44921875,
        "rhythm.bpm_histogram_first_peak_weight": 0.0,
        "lowlevel.loudness_ebu128.momentary.dvar2": 0.9591289758682251,
        "lowlevel.spectral_centroid.dvar2": 83521.5859375
    },
    "outlier_flag": false,
    "outlier_reasons": null,
    "raw_versions": [
        {
            "id": "EvPe4CEkSbE",
            "title": "Grateful Dead - China Cat Sunflower/I Know You Rider (Winterland 10/17/74)",
            "views": 1976690,
            "features": {
                "lowlevel.average_loudness": 0.4294229745864868,
                "lowlevel.loudness_ebu128.integrated": -18.318613052368164,
                "lowlevel.loudness_ebu128.loudness_range": 7.376470565795898,
                "lowlevel.loudness_ebu128.momentary.dmean": 0.8004327416419983,
                "lowlevel.loudness_ebu128.momentary.dmean2": 0.9336504936218262,
                "lowlevel.loudness_ebu128.momentary.dvar": 0.6860148906707764,
                "lowlevel.loudness_ebu128.momentary.dvar2": 0.9591289758682251,
                "lowlevel.loudness_ebu128.momentary.max": -11.789558410644531,
                "lowlevel.loudness_ebu128.momentary.mean": -20.1662654876709,
                "lowlevel.loudness_ebu128.momentary.median": -19.128643035888672,
                "lowlevel.loudness_ebu128.momentary.min": -91.14102172851562,
                "lowlevel.loudness_ebu128.momentary.stdev": 5.7472662925720215,
                "lowlevel.loudness_ebu128.momentary.var": 33.031070709228516,
                "lowlevel.loudness_ebu128.short_term.dmean": 0.11150463670492172,
                "lowlevel.loudness_ebu128.short_term.dmean2": 0.11696767807006836,
                "lowlevel.loudness_ebu128.short_term.dvar": 0.014079002663493156,
                "lowlevel.loudness_ebu128.short_term.dvar2": 0.014590661972761154,
                "lowlevel.loudness_ebu128.short_term.max": -13.525996208190918,
                "lowlevel.loudness_ebu128.short_term.mean": -19.584138870239258,
                "lowlevel.loudness_ebu128.short_term.median": -18.99004554748535,
                "lowlevel.loudness_ebu128.short_term.min": -47.306373596191406,
                "lowlevel.loudness_ebu128.short_term.stdev": 4.062739849090576,
                "lowlevel.loudness_ebu128.short_term.var": 16.505855560302734,
                "lowlevel.spectral_centroid.dmean": 164.603515625,
                "lowlevel.spectral_centroid.dmean2": 249.00515747070312,
                "lowlevel.spectral_centroid.dvar": 41955.44921875,
                "lowlevel.spectral_centroid.dvar2": 83521.5859375,
                "lowlevel.spectral_centroid.max": 10939.2919921875,
                "lowlevel.spectral_centroid.mean": 1020.27734375,
                "lowlevel.spectral_centroid.median": 900.701416015625,
                "lowlevel.spectral_centroid.min": 242.2804718017578,
                "lowlevel.spectral_centroid.stdev": 519.9481201171875,
                "lowlevel.spectral_centroid.var": 270346.03125,
                "metadata.audio_properties.analysis.equal_loudness": 0.0,
                "rhythm.beats_loudness.dmean": 0.019766107201576233,
                "rhythm.beats_loudness.dmean2": 0.03492952138185501,
                "rhythm.beats_loudness.dvar": 0.00038712043897248805,
                "rhythm.beats_loudness.dvar2": 0.0011601060396060348,
                "rhythm.beats_loudness.max": 0.22813238203525543,
                "rhythm.beats_loudness.mean": 0.03635058552026749,
                "rhythm.beats_loudness.median": 0.030569281429052353,
                "rhythm.beats_loudness.min": 2.1845778519491432e-09,
                "rhythm.beats_loudness.stdev": 0.026433922350406647,
                "rhythm.beats_loudness.var": 0.0006987522356212139,
                "rhythm.bpm": 164.3317108154297,
                "rhythm.bpm_histogram_first_peak_bpm": 167.0,
                "rhythm.bpm_histogram_first_peak_weight": 0.0,
                "rhythm.bpm_histogram_second_peak_bpm": 161.0,
                "rhythm.bpm_histogram_second_peak_spread": 0.17088603973388672,
                "rhythm.bpm_histogram_second_peak_weight": 0.14579856395721436,
                "rhythm.danceability": 1.1835277080535889
            }
        }
    ]
}