{
    "song_title": "Clementine",
    "artist": "Grateful Dead",
    "num_versions_processed": 3,
    "average_features": {
        "lowlevel.loudness_ebu128.momentary.dmean2": 0.5800769925117493,
        "lowlevel.loudness_ebu128.short_term.median": -17.19282627105713,
        "lowlevel.spectral_centroid.median": 596.5687255859375,
        "rhythm.beats_loudness.var": 0.0008089544135145843,
        "rhythm.beats_loudness.dvar": 0.0003517417353577912,
        "lowlevel.loudness_ebu128.short_term.stdev": 4.715715249379476,
        "lowlevel.loudness_ebu128.integrated": -16.263970375061035,
        "rhythm.beats_loudness.max": 0.16745768735806146,
        "lowlevel.spectral_centroid.max": 11021.27734375,
        "lowlevel.spectral_centroid.min": 127.11000569661458,
        "lowlevel.loudness_ebu128.momentary.stdev": 6.0475287437438965,
        "rhythm.bpm": 134.03401947021484,
        "lowlevel.loudness_ebu128.loudness_range": 9.3049955368042,
        "rhythm.beats_loudness.mean": 0.03854197760423025,
        "rhythm.bpm_histogram_second_peak_weight": 0.11197745054960251,
        "metadata.audio_properties.analysis.equal_loudness": 0.0,
        "lowlevel.loudness_ebu128.short_term.var": 25.338168780008953,
        "rhythm.beats_loudness.dvar2": 0.0009753887522189567,
        "rhythm.bpm_histogram_second_peak_bpm": 122.0,
        "lowlevel.loudness_ebu128.momentary.mean": -18.86257489522298,
        "lowlevel.loudness_ebu128.short_term.max": -11.996648152669271,
        "rhythm.beats_loudness.stdev": 0.027626608808835346,
        "lowlevel.loudness_ebu128.momentary.dmean": 0.6082048416137695,
        "lowlevel.spectral_centroid.mean": 672.3067728678385,
        "lowlevel.spectral_centroid.stdev": 371.50124104817706,
        "rhythm.beats_loudness.median": 0.033313759292165436,
        "lowlevel.loudness_ebu128.short_term.dmean": 0.09709699203570683,
        "lowlevel.loudness_ebu128.short_term.dvar2": 0.006041779648512602,
        "rhythm.beats_loudness.dmean2": 0.030300185084342957,
        "lowlevel.loudness_ebu128.short_term.mean": -18.300877571105957,
        "lowlevel.loudness_ebu128.momentary.var": 39.21301015218099,
        "rhythm.beats_loudness.dmean": 0.017560902051627636,
        "lowlevel.loudness_ebu128.momentary.min": -69.62555440266927,
        "lowlevel.loudness_ebu128.momentary.dvar": 0.4218764106432597,
        "lowlevel.spectral_centroid.dmean": 110.64952341715495,
        "lowlevel.spectral_centroid.var": 144723.1171875,
        "rhythm.beats_loudness.min": 5.323823734230497e-06,
        "lowlevel.average_loudness": 0.6093485852082571,
        "lowlevel.loudness_ebu128.short_term.dmean2": 0.07277023543914159,
        "lowlevel.loudness_ebu128.short_term.min": -43.312052408854164,
        "rhythm.bpm_histogram_first_peak_bpm": 134.33333333333334,
        "lowlevel.loudness_ebu128.momentary.max": -10.465241114298502,
        "lowlevel.spectral_centroid.dmean2": 166.72613271077475,
        "rhythm.bpm_histogram_second_peak_spread": 0.36793718735376996,
        "lowlevel.loudness_ebu128.short_term.dvar": 0.011194237507879734,
        "lowlevel.loudness_ebu128.momentary.median": -17.47871494293213,
        "rhythm.danceability": 1.0143450299898784,
        "lowlevel.spectral_centroid.dvar": 20060.699869791668,
        "rhythm.bpm_histogram_first_peak_weight": 0.534526526927948,
        "lowlevel.loudness_ebu128.momentary.dvar2": 0.44676640133063,
        "lowlevel.spectral_centroid.dvar2": 39409.516276041664
    },
    "outlier_flag": true,
    "outlier_reasons": [
        "Loudness Variance: 8.37 (limit 6.0)"
    ],
    "raw_versions": [
        {
            "id": "dJ-qpYqi3TQ",
            "title": "Grateful Dead - Clementine 1968-01-20",
            "views": 8054,
            "features": {
                "lowlevel.average_loudness": 0.7888351678848267,
                "lowlevel.loudness_ebu128.integrated": -21.582645416259766,
                "lowlevel.loudness_ebu128.loudness_range": 7.824893951416016,
                "lowlevel.loudness_ebu128.momentary.dmean": 0.5152090191841125,
                "lowlevel.loudness_ebu128.momentary.dmean2": 0.5221210718154907,
                "lowlevel.loudness_ebu128.momentary.dvar": 0.23655769228935242,
                "lowlevel.loudness_ebu128.momentary.dvar2": 0.24830223619937897,
                "lowlevel.loudness_ebu128.momentary.max": -15.115959167480469,
                "lowlevel.loudness_ebu128.momentary.mean": -22.98008155822754,
                "lowlevel.loudness_ebu128.momentary.median": -22.20055389404297,
                "lowlevel.loudness_ebu128.momentary.min": -66.16385650634766,
                "lowlevel.loudness_ebu128.momentary.stdev": 4.229011535644531,
                "lowlevel.loudness_ebu128.momentary.var": 17.884536743164062,
                "lowlevel.loudness_ebu128.short_term.dmean": 0.08673164248466492,
                "lowlevel.loudness_ebu128.short_term.dmean2": 0.07247389107942581,
                "lowlevel.loudness_ebu128.short_term.dvar": 0.007138483226299286,
                "lowlevel.loudness_ebu128.short_term.dvar2": 0.004918141756206751,
                "lowlevel.loudness_ebu128.short_term.max": -16.309982299804688,
                "lowlevel.loudness_ebu128.short_term.mean": -22.5350284576416,
                "lowlevel.loudness_ebu128.short_term.median": -22.011545181274414,
                "lowlevel.loudness_ebu128.short_term.min": -38.05425262451172,
                "lowlevel.loudness_ebu128.short_term.stdev": 3.0256917476654053,
                "lowlevel.loudness_ebu128.short_term.var": 9.154809951782227,
                "lowlevel.spectral_centroid.dmean": 141.17681884765625,
                "lowlevel.spectral_centroid.dmean2": 211.70298767089844,
                "lowlevel.spectral_centroid.dvar": 24575.466796875,
                "lowlevel.spectral_centroid.dvar2": 48713.5234375,
                "lowlevel.spectral_centroid.max": 11200.04296875,
                "lowlevel.spectral_centroid.mean": 785.9324340820312,
                "lowlevel.spectral_centroid.median": 720.39599609375,
                "lowlevel.spectral_centroid.min": 148.7809600830078,
                "lowlevel.spectral_centroid.stdev": 363.3583068847656,
                "lowlevel.spectral_centroid.var": 132029.265625,
                "metadata.audio_properties.analysis.equal_loudness": 0.0,
                "rhythm.beats_loudness.dmean": 0.013338078744709492,
                "rhythm.beats_loudness.dmean2": 0.023054342716932297,
                "rhythm.beats_loudness.dvar": 0.00014072839985601604,
                "rhythm.beats_loudness.dvar2": 0.0003985081857535988,
                "rhythm.beats_loudness.max": 0.10928776115179062,
                "rhythm.beats_loudness.mean": 0.031046375632286072,
                "rhythm.beats_loudness.median": 0.028396157547831535,
                "rhythm.beats_loudness.min": 1.2039517059747595e-05,
                "rhythm.beats_loudness.stdev": 0.01915912516415119,
                "rhythm.beats_loudness.var": 0.00036707206163555384,
                "rhythm.bpm": 136.01742553710938,
                "rhythm.bpm_histogram_first_peak_bpm": 136.0,
                "rhythm.bpm_histogram_first_peak_weight": 0.44074565172195435,
                "rhythm.bpm_histogram_second_peak_bpm": 129.0,
                "rhythm.bpm_histogram_second_peak_spread": 0.23255813121795654,
                "rhythm.bpm_histogram_second_peak_weight": 0.040391676127910614,
                "rhythm.danceability": 1.01007878780365
            }
        },
        {
            "id": "zXsmFJLJDDE",
            "title": "Clementine (Live at Avalon Ballroom, San Francisco, CA, 1/26/69)",
            "views": 10154,
            "features": {
                "lowlevel.average_loudness": 0.2272171676158905,
                "lowlevel.loudness_ebu128.integrated": -13.216983795166016,
                "lowlevel.loudness_ebu128.loudness_range": 13.818325996398926,