{
    "song_title": "Cocaine Blues",
    "artist": "Grateful Dead",
    "num_versions_processed": 2,
    "average_features": {
        "lowlevel.loudness_ebu128.short_term.dvar2": 1.0021173506975174,
        "lowlevel.loudness_ebu128.momentary.var": 103.06942558288574,
        "lowlevel.loudness_ebu128.momentary.min": -86.71833801269531,
        "lowlevel.spectral_centroid.dvar": 69578.583984375,
        "rhythm.beats_loudness.min": 1.2991826020075647e-05,
        "lowlevel.spectral_centroid.mean": 946.13623046875,
        "rhythm.beats_loudness.dvar": 0.0005940830451436341,
        "rhythm.bpm_histogram_first_peak_bpm": 109.0,
        "rhythm.beats_loudness.median": 0.026408092118799686,
        "lowlevel.loudness_ebu128.integrated": -15.066516399383545,
        "lowlevel.loudness_ebu128.short_term.mean": -16.088404655456543,
        "rhythm.beats_loudness.dmean2": 0.03788585960865021,
        "lowlevel.loudness_ebu128.momentary.dvar2": 2.8890944123268127,
        "rhythm.bpm_histogram_second_peak_weight": 0.06409506499767303,
        "lowlevel.loudness_ebu128.loudness_range": 6.096209526062012,
        "rhythm.bpm_histogram_second_peak_bpm": 146.5,
        "lowlevel.loudness_ebu128.short_term.min": -60.01156139373779,
        "lowlevel.loudness_ebu128.short_term.stdev": 5.020530939102173,
        "lowlevel.loudness_ebu128.short_term.dmean2": 0.17374448850750923,
        "lowlevel.loudness_ebu128.short_term.var": 31.335367918014526,
        "rhythm.beats_loudness.mean": 0.03322347439825535,
        "lowlevel.spectral_centroid.max": 11282.67822265625,
        "lowlevel.loudness_ebu128.momentary.dvar": 2.1039002537727356,
        "rhythm.beats_loudness.stdev": 0.02845295239239931,
        "lowlevel.loudness_ebu128.momentary.max": -8.344228267669678,
        "lowlevel.spectral_centroid.median": 754.5794677734375,
        "lowlevel.loudness_ebu128.momentary.dmean": 0.9684679508209229,
        "lowlevel.loudness_ebu128.short_term.dvar": 0.7504545506089926,
        "rhythm.beats_loudness.var": 0.0008306468080263585,
        "lowlevel.loudness_ebu128.momentary.stdev": 9.075181007385254,
        "lowlevel.loudness_ebu128.momentary.mean": -17.72412395477295,
        "rhythm.beats_loudness.dmean": 0.021932940930128098,
        "lowlevel.average_loudness": 0.7663790285587311,
        "lowlevel.loudness_ebu128.short_term.median": -15.24612283706665,
        "rhythm.beats_loudness.max": 0.16145296394824982,
        "metadata.audio_properties.analysis.equal_loudness": 0.0,
        "lowlevel.loudness_ebu128.momentary.dmean2": 1.2713688611984253,
        "lowlevel.spectral_centroid.dvar2": 137093.19921875,
        "lowlevel.loudness_ebu128.short_term.max": -11.770960807800293,
        "lowlevel.spectral_centroid.var": 537476.125,
        "rhythm.bpm_histogram_first_peak_weight": 0.6025772094726562,
        "lowlevel.loudness_ebu128.momentary.median": -16.245317459106445,
        "rhythm.bpm": 109.61278533935547,
        "rhythm.beats_loudness.dvar2": 0.001681959896814078,
        "lowlevel.loudness_ebu128.short_term.dmean": 0.16235819831490517,
        "lowlevel.spectral_centroid.stdev": 727.1342163085938,
        "lowlevel.spectral_centroid.dmean": 194.8741912841797,
        "lowlevel.spectral_centroid.dmean2": 303.3153533935547,
        "rhythm.danceability": 1.168321669101715,
        "lowlevel.spectral_centroid.min": 137.36089324951172,
        "rhythm.bpm_histogram_second_peak_spread": 0.031249970197677612
    },
    "outlier_flag": false,
    "outlier_reasons": null,
    "raw_versions": [
        {
            "id": "SWCqKtUEAN0",
            "title": "Grateful Dead - Tell It To Me (Cocaine Blues) 8/5/70",
            "views": 24955,
            "features": {
                "lowlevel.average_loudness": 0.7342302799224854,
                "lowlevel.loudness_ebu128.integrated": -17.014930725097656,
                "lowlevel.loudness_ebu128.loudness_range": 5.912289619445801,
                "lowlevel.loudness_ebu128.momentary.dmean": 0.8622939586639404,
                "lowlevel.loudness_ebu128.momentary.dmean2": 1.1866295337677002,
                "lowlevel.loudness_ebu128.momentary.dvar": 1.4235128164291382,
                "lowlevel.loudness_ebu128.momentary.dvar2": 1.9077717065811157,
                "lowlevel.loudness_ebu128.momentary.max": -10.255555152893066,
                "lowlevel.loudness_ebu128.momentary.mean": -18.419696807861328,
                "lowlevel.loudness_ebu128.momentary.median": -17.590988159179688,
                "lowlevel.loudness_ebu128.momentary.min": -82.59747314453125,
                "lowlevel.loudness_ebu128.momentary.stdev": 4.524300575256348,
                "lowlevel.loudness_ebu128.momentary.var": 20.469295501708984,
                "lowlevel.loudness_ebu128.short_term.dmean": 0.11556728929281235,
                "lowlevel.loudness_ebu128.short_term.dmean2": 0.12486926466226578,
                "lowlevel.loudness_ebu128.short_term.dvar": 0.01747215911746025,
                "lowlevel.loudness_ebu128.short_term.dvar2": 0.017466098070144653,
                "lowlevel.loudness_ebu128.short_term.max": -13.902565002441406,
                "lowlevel.loudness_ebu128.short_term.mean": -17.66411781311035,
                "lowlevel.loudness_ebu128.short_term.median": -17.13880157470703,
                "lowlevel.loudness_ebu128.short_term.min": -29.908720016479492,
                "lowlevel.loudness_ebu128.short_term.stdev": 2.5447206497192383,
                "lowlevel.loudness_ebu128.short_term.var": 6.475602626800537,
                "lowlevel.spectral_centroid.dmean": 223.17083740234375,
                "lowlevel.spectral_centroid.dmean2": 353.5172424316406,
                "lowlevel.spectral_centroid.dvar": 93495.234375,
                "lowlevel.spectral_centroid.dvar2": 203705.640625,
                "lowlevel.spectral_centroid.max": 11338.646484375,
                "lowlevel.spectral_centroid.mean": 783.9146728515625,
                "lowlevel.spectral_centroid.median": 566.5694580078125,
                "lowlevel.spectral_centroid.min": 135.30618286132812,
                "lowlevel.spectral_centroid.stdev": 633.5824584960938,
                "lowlevel.spectral_centroid.var": 401426.75,
                "metadata.audio_properties.analysis.equal_loudness": 0.0,
                "rhythm.beats_loudness.dmean": 0.02419133298099041,
                "rhythm.beats_loudness.dmean2": 0.04072653874754906,
                "rhythm.beats_loudness.dvar": 0.0005934929358772933,
                "rhythm.beats_loudness.dvar2": 0.0015392154455184937,
                "rhythm.beats_loudness.max": 0.16670092940330505,
                "rhythm.beats_loudness.mean": 0.041310206055641174,
                "rhythm.beats_loudness.median": 0.03354555368423462,
                "rhythm.beats_loudness.min": 2.5983183149946854e-05,
                "rhythm.beats_loudness.stdev": 0.033043842762708664,
                "rhythm.beats_loudness.var": 0.0010918956249952316,
                "rhythm.bpm": 108.78324127197266,
                "rhythm.bpm_histogram_first_peak_bpm": 108.0,
                "rhythm.bpm_histogram_first_peak_weight": 0.5852713584899902,
                "rhythm.bpm_histogram_second_peak_bpm": 178.0,
                "rhythm.bpm_histogram_second_peak_spread": 0.0,
                "rhythm.bpm_histogram_second_peak_weight": 0.055374592542648315,
                "rhythm.danceability": 1.1809358596801758
            }
        },
        {
            "id": "pY4IjkCG30k",
            "title": "Grateful Dead 8/19/1970   Cocaine Blues",
            "views": 475,
            "features": {
                "lowlevel.average_loudness": 0.7985277771949768,
                "lowlevel.loudness_ebu128.integrated": -13.118102073669434,
                "lowlevel.loudness_ebu128.loudness_range": 6.280129432678223,
                "lowlevel.loudness_ebu128.momentary.dmean": 1.0746419429779053,