{
    "song_title": "Comes A Time",
    "artist": "Grateful Dead",
    "num_versions_processed": 3,
    "average_features": {
        "lowlevel.loudness_ebu128.short_term.dvar2": 0.029084014395872753,
        "lowlevel.loudness_ebu128.momentary.var": 23.58681297302246,
        "lowlevel.loudness_ebu128.momentary.min": -43.213539123535156,
        "lowlevel.spectral_centroid.dvar": 34578.598958333336,
        "rhythm.beats_loudness.min": 0.0002770503936820508,
        "lowlevel.spectral_centroid.mean": 728.6726684570312,
        "rhythm.beats_loudness.dvar": 0.0011866705026477575,
        "rhythm.bpm_histogram_first_peak_bpm": 107.0,
        "rhythm.beats_loudness.median": 0.02497624761114518,
        "lowlevel.loudness_ebu128.integrated": -22.0775883992513,
        "lowlevel.loudness_ebu128.short_term.mean": -23.53165054321289,
        "rhythm.beats_loudness.dmean2": 0.053855316092570625,
        "lowlevel.loudness_ebu128.momentary.dvar2": 1.6208558479944866,
        "rhythm.bpm_histogram_second_peak_weight": 0.0651584609101216,
        "lowlevel.loudness_ebu128.loudness_range": 9.24940554300944,
        "rhythm.bpm_histogram_second_peak_bpm": 125.0,
        "lowlevel.loudness_ebu128.short_term.min": -36.102237701416016,
        "lowlevel.loudness_ebu128.short_term.stdev": 3.5158890088399253,
        "lowlevel.loudness_ebu128.short_term.dmean2": 0.12146719296773274,
        "lowlevel.loudness_ebu128.short_term.var": 12.586660385131836,
        "rhythm.beats_loudness.mean": 0.0357362845291694,
        "lowlevel.spectral_centroid.max": 9042.191569010416,
        "lowlevel.loudness_ebu128.momentary.dvar": 1.1766971747080486,
        "rhythm.beats_loudness.stdev": 0.03602090726296107,
        "lowlevel.loudness_ebu128.momentary.max": -12.808245340983072,
        "lowlevel.spectral_centroid.median": 621.4182942708334,
        "lowlevel.loudness_ebu128.momentary.dmean": 0.9617154200871786,
        "lowlevel.loudness_ebu128.short_term.dvar": 0.03894490314026674,
        "rhythm.beats_loudness.var": 0.0013269713381305337,
        "lowlevel.loudness_ebu128.momentary.stdev": 4.850533803304036,
        "lowlevel.loudness_ebu128.momentary.mean": -24.562292734781902,
        "rhythm.beats_loudness.dmean": 0.02966594696044922,
        "lowlevel.average_loudness": 0.1720280647277832,
        "lowlevel.loudness_ebu128.short_term.median": -23.01022783915202,
        "rhythm.beats_loudness.max": 0.2679777294397354,
        "metadata.audio_properties.analysis.equal_loudness": 0.0,
        "lowlevel.loudness_ebu128.momentary.dmean2": 1.0161657929420471,
        "lowlevel.spectral_centroid.dvar2": 61431.239583333336,
        "lowlevel.loudness_ebu128.short_term.max": -16.80834197998047,
        "lowlevel.spectral_centroid.var": 184173.55208333334,
        "rhythm.bpm_histogram_first_peak_weight": 0.25918851296106976,
        "lowlevel.loudness_ebu128.momentary.median": -23.93789545694987,
        "rhythm.bpm": 106.93587239583333,
        "rhythm.beats_loudness.dvar2": 0.0034638917228827872,
        "lowlevel.loudness_ebu128.short_term.dmean": 0.15471933285395303,
        "lowlevel.spectral_centroid.stdev": 426.4533182779948,
        "lowlevel.spectral_centroid.dmean": 105.13620249430339,
        "lowlevel.spectral_centroid.dmean2": 155.19851684570312,
        "rhythm.danceability": 1.0181815028190613,
        "lowlevel.spectral_centroid.min": 149.18144734700522,
        "rhythm.bpm_histogram_second_peak_spread": 0.39750444889068604
    },
    "outlier_flag": true,
    "outlier_reasons": [
        "BPM Variance: 107.42 (limit 60)"
    ],
    "raw_versions": [
        {
            "id": "R_DaVCv89F0",
            "title": "Comes a Time ~ (2 cam) - Grateful Dead - 12-27-1986 Kaiser Conv. Center, Oakland, Ca. (set2-10)",
            "views": 25734,
            "features": {
                "lowlevel.average_loudness": 0.2685585916042328,
                "lowlevel.loudness_ebu128.integrated": -19.38711929321289,
                "lowlevel.loudness_ebu128.loudness_range": 8.83146858215332,
                "lowlevel.loudness_ebu128.momentary.dmean": 0.8731966018676758,
                "lowlevel.loudness_ebu128.momentary.dmean2": 0.8893653750419617,
                "lowlevel.loudness_ebu128.momentary.dvar": 0.8705806732177734,
                "lowlevel.loudness_ebu128.momentary.dvar2": 1.1804438829421997,
                "lowlevel.loudness_ebu128.momentary.max": -10.693970680236816,
                "lowlevel.loudness_ebu128.momentary.mean": -21.678007125854492,
                "lowlevel.loudness_ebu128.momentary.median": -20.909685134887695,
                "lowlevel.loudness_ebu128.momentary.min": -39.2310791015625,
                "lowlevel.loudness_ebu128.momentary.stdev": 4.741456031799316,
                "lowlevel.loudness_ebu128.momentary.var": 22.481407165527344,
                "lowlevel.loudness_ebu128.short_term.dmean": 0.14951610565185547,
                "lowlevel.loudness_ebu128.short_term.dmean2": 0.10765683650970459,
                "lowlevel.loudness_ebu128.short_term.dvar": 0.03102852962911129,
                "lowlevel.loudness_ebu128.short_term.dvar2": 0.019693871960043907,
                "lowlevel.loudness_ebu128.short_term.max": -14.541970252990723,
                "lowlevel.loudness_ebu128.short_term.mean": -20.77818489074707,
                "lowlevel.loudness_ebu128.short_term.median": -19.947525024414062,
                "lowlevel.loudness_ebu128.short_term.min": -35.494041442871094,
                "lowlevel.loudness_ebu128.short_term.stdev": 3.6250503063201904,
                "lowlevel.loudness_ebu128.short_term.var": 13.140990257263184,
                "lowlevel.spectral_centroid.dmean": 95.79302978515625,
                "lowlevel.spectral_centroid.dmean2": 138.8658905029297,
                "lowlevel.spectral_centroid.dvar": 30865.91015625,
                "lowlevel.spectral_centroid.dvar2": 52230.3359375,
                "lowlevel.spectral_centroid.max": 11025.3271484375,
                "lowlevel.spectral_centroid.mean": 662.5362548828125,
                "lowlevel.spectral_centroid.median": 556.9862060546875,
                "lowlevel.spectral_centroid.min": 128.76649475097656,
                "lowlevel.spectral_centroid.stdev": 423.1094970703125,
                "lowlevel.spectral_centroid.var": 179021.640625,
                "metadata.audio_properties.analysis.equal_loudness": 0.0,
                "rhythm.beats_loudness.dmean": 0.028498470783233643,
                "rhythm.beats_loudness.dmean2": 0.052392274141311646,
                "rhythm.beats_loudness.dvar": 0.0008427308639511466,
                "rhythm.beats_loudness.dvar2": 0.0025367222260683775,
                "rhythm.beats_loudness.max": 0.20673491060733795,
                "rhythm.beats_loudness.mean": 0.03766293078660965,
                "rhythm.beats_loudness.median": 0.029590412974357605,
                "rhythm.beats_loudness.min": 0.00044215237721800804,
                "rhythm.beats_loudness.stdev": 0.03246079757809639,
                "rhythm.beats_loudness.var": 0.0010537034831941128,
                "rhythm.bpm": 71.81359100341797,
                "rhythm.bpm_histogram_first_peak_bpm": 72.0,
                "rhythm.bpm_histogram_first_peak_weight": 0.4117646813392639,
                "rhythm.bpm_histogram_second_peak_bpm": 78.0,
                "rhythm.bpm_histogram_second_peak_spread": 0.5454545021057129,
                "rhythm.bpm_histogram_second_peak_weight": 0.037664785981178284,
                "rhythm.danceability": 0.977859616279602
            }
        },
        {
            "id": "_WaQHPi3NfA",
            "title": "Grateful Dead - Comes A Time - 9/16/91",
            "views": 96192,
            "features": {
                "lowlevel.average_loudness": 0.16535580158233643,
                "lowlevel.loudness_ebu128.integrated": -21.14183235168457,
                "lowlevel.loudness_ebu128.loudness_range": 8.15809440612793,