{
    "song_title": "Cream Puff War",
    "artist": "Grateful Dead",
    "num_versions_processed": 2,
    "average_features": {
        "lowlevel.spectral_centroid.dmean": 156.07048797607422,
        "lowlevel.loudness_ebu128.short_term.mean": -13.63242244720459,
        "rhythm.bpm_histogram_first_peak_weight": 0.0,
        "lowlevel.loudness_ebu128.short_term.median": -12.58542251586914,
        "lowlevel.loudness_ebu128.momentary.dvar": 0.6326066255569458,
        "lowlevel.loudness_ebu128.short_term.stdev": 6.4153711795806885,
        "rhythm.bpm_histogram_second_peak_spread": 0.1141868531703949,
        "rhythm.beats_loudness.dmean": 0.009964755736291409,
        "rhythm.beats_loudness.min": 2.1932852628775423e-05,
        "lowlevel.loudness_ebu128.momentary.dmean2": 0.5408367663621902,
        "rhythm.danceability": 1.0574225187301636,
        "lowlevel.loudness_ebu128.momentary.stdev": 7.840314626693726,
        "metadata.audio_properties.analysis.equal_loudness": 0.0,
        "rhythm.beats_loudness.stdev": 0.013680818025022745,
        "lowlevel.loudness_ebu128.momentary.mean": -14.148190021514893,
        "lowlevel.loudness_ebu128.momentary.median": -12.815059661865234,
        "lowlevel.loudness_ebu128.momentary.max": -6.879885673522949,
        "rhythm.beats_loudness.median": 0.020712675526738167,
        "rhythm.beats_loudness.dmean2": 0.017075552605092525,
        "lowlevel.loudness_ebu128.loudness_range": 5.373000621795654,
        "lowlevel.spectral_centroid.dmean2": 245.22840118408203,
        "lowlevel.loudness_ebu128.integrated": -12.243842601776123,
        "rhythm.beats_loudness.dvar": 0.00010408869275124744,
        "lowlevel.loudness_ebu128.short_term.dmean": 0.08783407881855965,
        "lowlevel.spectral_centroid.var": 200063.0859375,
        "rhythm.beats_loudness.max": 0.11142001301050186,
        "lowlevel.loudness_ebu128.short_term.dmean2": 0.07570555433630943,
        "lowlevel.loudness_ebu128.short_term.max": -8.375627040863037,
        "lowlevel.spectral_centroid.min": 341.6199188232422,
        "lowlevel.average_loudness": 0.7279065847396851,
        "lowlevel.loudness_ebu128.short_term.min": -63.61482238769531,
        "rhythm.bpm_histogram_second_peak_bpm": 128.0,
        "lowlevel.loudness_ebu128.short_term.dvar": 0.04052959568798542,
        "rhythm.beats_loudness.dvar2": 0.0002916078519774601,
        "lowlevel.loudness_ebu128.short_term.var": 45.261704444885254,
        "rhythm.beats_loudness.var": 0.00018765916320262477,
        "rhythm.bpm_histogram_first_peak_bpm": 172.0,
        "lowlevel.loudness_ebu128.momentary.var": 67.92928504943848,
        "lowlevel.spectral_centroid.median": 1505.84716796875,
        "lowlevel.spectral_centroid.stdev": 445.06512451171875,
        "lowlevel.spectral_centroid.max": 8248.84228515625,
        "lowlevel.loudness_ebu128.short_term.dvar2": 0.018398955464363098,
        "rhythm.beats_loudness.mean": 0.022906949743628502,
        "lowlevel.loudness_ebu128.momentary.dmean": 0.4736584275960922,
        "rhythm.bpm": 172.26549530029297,
        "lowlevel.spectral_centroid.dvar": 20760.39892578125,
        "lowlevel.spectral_centroid.mean": 1532.0739135742188,
        "lowlevel.loudness_ebu128.momentary.min": -90.87599182128906,
        "lowlevel.loudness_ebu128.momentary.dvar2": 0.8452806025743484,
        "rhythm.bpm_histogram_second_peak_weight": 0.20385252684354782,
        "lowlevel.spectral_centroid.dvar2": 47746.005859375
    },
    "outlier_flag": false,
    "outlier_reasons": null,
    "raw_versions": [
        {
            "id": "C1M5xqDQW58",
            "title": "Grateful Dead - Cream Puff War 1967",
            "views": 148412,
            "features": {
                "lowlevel.average_loudness": 0.7631979584693909,
                "lowlevel.loudness_ebu128.integrated": -11.67660903930664,
                "lowlevel.loudness_ebu128.loudness_range": 6.037298202514648,
                "lowlevel.loudness_ebu128.momentary.dmean": 0.41353878378868103,
                "lowlevel.loudness_ebu128.momentary.dmean2": 0.45768317580223083,
                "lowlevel.loudness_ebu128.momentary.dvar": 0.32522594928741455,
                "lowlevel.loudness_ebu128.momentary.dvar2": 0.339423805475235,
                "lowlevel.loudness_ebu128.momentary.max": -6.658857345581055,
                "lowlevel.loudness_ebu128.momentary.mean": -13.829451560974121,
                "lowlevel.loudness_ebu128.momentary.median": -12.11539077758789,
                "lowlevel.loudness_ebu128.momentary.min": -90.5267105102539,
                "lowlevel.loudness_ebu128.momentary.stdev": 10.381722450256348,
                "lowlevel.loudness_ebu128.momentary.var": 107.78015899658203,
                "lowlevel.loudness_ebu128.short_term.dmean": 0.08426578342914581,
                "lowlevel.loudness_ebu128.short_term.dmean2": 0.06530290842056274,
                "lowlevel.loudness_ebu128.short_term.dvar": 0.053953398019075394,
                "lowlevel.loudness_ebu128.short_term.dvar2": 0.012823889032006264,
                "lowlevel.loudness_ebu128.short_term.max": -8.039118766784668,
                "lowlevel.loudness_ebu128.short_term.mean": -13.18874454498291,
                "lowlevel.loudness_ebu128.short_term.median": -11.937225341796875,
                "lowlevel.loudness_ebu128.short_term.min": -90.07817077636719,
                "lowlevel.loudness_ebu128.short_term.stdev": 8.441381454467773,
                "lowlevel.loudness_ebu128.short_term.var": 71.25691986083984,
                "lowlevel.spectral_centroid.dmean": 140.2421417236328,
                "lowlevel.spectral_centroid.dmean2": 217.31846618652344,
                "lowlevel.spectral_centroid.dvar": 15379.0751953125,
                "lowlevel.spectral_centroid.dvar2": 35381.73046875,
                "lowlevel.spectral_centroid.max": 5730.1240234375,
                "lowlevel.spectral_centroid.mean": 1891.0001220703125,
                "lowlevel.spectral_centroid.median": 1874.375732421875,
                "lowlevel.spectral_centroid.min": 451.3585510253906,
                "lowlevel.spectral_centroid.stdev": 489.5637512207031,
                "lowlevel.spectral_centroid.var": 239672.65625,
                "metadata.audio_properties.analysis.equal_loudness": 0.0,
                "rhythm.beats_loudness.dmean": 0.008522962220013142,
                "rhythm.beats_loudness.dmean2": 0.014728957787156105,
                "rhythm.beats_loudness.dvar": 8.821369556244463e-05,
                "rhythm.beats_loudness.dvar2": 0.0002452000044286251,
                "rhythm.beats_loudness.max": 0.12053088843822479,
                "rhythm.beats_loudness.mean": 0.021238848567008972,
                "rhythm.beats_loudness.median": 0.018980883061885834,
                "rhythm.beats_loudness.min": 6.411858266552883e-10,
                "rhythm.beats_loudness.stdev": 0.012977692298591137,
                "rhythm.beats_loudness.var": 0.00016842049080878496,
                "rhythm.bpm": 172.265869140625,
                "rhythm.bpm_histogram_first_peak_bpm": 172.0,
                "rhythm.bpm_histogram_first_peak_weight": 0.0,
                "rhythm.bpm_histogram_second_peak_bpm": 89.0,
                "rhythm.bpm_histogram_second_peak_spread": 0.2283737063407898,
                "rhythm.bpm_histogram_second_peak_weight": 0.2480533868074417,
                "rhythm.danceability": 1.016281008720398
            }
        },
        {
            "id": "837L3yBRLF8",
            "title": "Grateful Dead - Cream Puff War 12-1-66",
            "views": 10167,
            "features": {
                "lowlevel.average_loudness": 0.6926152110099792,
                "lowlevel.loudness_ebu128.integrated": -12.811076164245605,
                "lowlevel.loudness_ebu128.loudness_range": 4.70870304107666,
                "lowlevel.loudness_ebu128.momentary.dmean": 0.5337780714035034,
                "lowlevel.loudness_ebu128.momentary.dmean2": 0.6239903569221497,