{
    "song_title": "Cumberland Blues",
    "artist": "Grateful Dead",
    "num_versions_processed": 2,
    "average_features": {
        "lowlevel.loudness_ebu128.momentary.dmean2": 0.8761843740940094,
        "lowlevel.loudness_ebu128.short_term.median": -14.739073753356934,
        "lowlevel.spectral_centroid.median": 881.05419921875,
        "rhythm.beats_loudness.var": 0.0005005260172765702,
        "rhythm.beats_loudness.dvar": 0.00028289069450693205,
        "lowlevel.loudness_ebu128.short_term.stdev": 3.28156578540802,
        "lowlevel.loudness_ebu128.integrated": -13.781239032745361,
        "rhythm.beats_loudness.max": 0.14930450916290283,
        "lowlevel.spectral_centroid.max": 11302.2138671875,
        "lowlevel.spectral_centroid.min": 173.89334869384766,
        "lowlevel.loudness_ebu128.momentary.stdev": 5.134219646453857,
        "rhythm.bpm": 122.23612213134766,
        "lowlevel.loudness_ebu128.loudness_range": 7.090209007263184,
        "rhythm.beats_loudness.mean": 0.0288666021078825,
        "rhythm.bpm_histogram_second_peak_weight": 0.09899081662297249,
        "metadata.audio_properties.analysis.equal_loudness": 0.0,
        "lowlevel.loudness_ebu128.short_term.var": 11.241076469421387,
        "rhythm.beats_loudness.dvar2": 0.0007975500193424523,
        "rhythm.bpm_histogram_second_peak_bpm": 117.5,
        "lowlevel.loudness_ebu128.momentary.mean": -15.43204402923584,
        "lowlevel.loudness_ebu128.short_term.max": -9.033306121826172,
        "rhythm.beats_loudness.stdev": 0.02221678663045168,
        "lowlevel.loudness_ebu128.momentary.dmean": 0.6857830584049225,
        "lowlevel.spectral_centroid.mean": 931.1932983398438,
        "lowlevel.spectral_centroid.stdev": 402.09925842285156,
        "rhythm.beats_loudness.median": 0.02347873104736209,
        "lowlevel.loudness_ebu128.short_term.dmean": 0.10224850103259087,
        "lowlevel.loudness_ebu128.short_term.dvar2": 0.013921968638896942,
        "rhythm.beats_loudness.dmean2": 0.02457090374082327,
        "lowlevel.loudness_ebu128.short_term.mean": -14.842229843139648,
        "lowlevel.loudness_ebu128.momentary.var": 26.36427593231201,
        "rhythm.beats_loudness.dmean": 0.014247044920921326,
        "lowlevel.loudness_ebu128.momentary.min": -70.11931228637695,
        "lowlevel.loudness_ebu128.momentary.dvar": 0.9102252423763275,
        "lowlevel.spectral_centroid.dmean": 146.80770111083984,
        "lowlevel.spectral_centroid.var": 162660.3203125,
        "rhythm.beats_loudness.min": 1.1615113155727386e-06,
        "lowlevel.average_loudness": 0.4899347200989723,
        "lowlevel.loudness_ebu128.short_term.dmean2": 0.10538766533136368,
        "lowlevel.loudness_ebu128.short_term.min": -41.50630569458008,
        "rhythm.bpm_histogram_first_peak_bpm": 123.0,
        "lowlevel.loudness_ebu128.momentary.max": -6.467801332473755,
        "lowlevel.spectral_centroid.dmean2": 223.53377532958984,
        "rhythm.bpm_histogram_second_peak_spread": 0.2994179427623749,
        "lowlevel.loudness_ebu128.short_term.dvar": 0.019677067175507545,
        "lowlevel.loudness_ebu128.momentary.median": -15.046786308288574,
        "rhythm.danceability": 1.1900639533996582,
        "lowlevel.spectral_centroid.dvar": 29576.482421875,
        "rhythm.bpm_histogram_first_peak_weight": 0.5191118121147156,
        "lowlevel.loudness_ebu128.momentary.dvar2": 1.5012552440166473,
        "lowlevel.spectral_centroid.dvar2": 60126.666015625
    },
    "outlier_flag": false,
    "outlier_reasons": null,
    "raw_versions": [
        {
            "id": "M4p3832SsIU",
            "title": "Cumberland Blues (Live in England, 1972) (2001 Remaster)",
            "views": 457305,
            "features": {
                "lowlevel.average_loudness": 0.7885663509368896,
                "lowlevel.loudness_ebu128.integrated": -11.170355796813965,
                "lowlevel.loudness_ebu128.loudness_range": 5.54036808013916,
                "lowlevel.loudness_ebu128.momentary.dmean": 0.5649803280830383,
                "lowlevel.loudness_ebu128.momentary.dmean2": 0.7296454310417175,
                "lowlevel.loudness_ebu128.momentary.dvar": 1.2082046270370483,
                "lowlevel.loudness_ebu128.momentary.dvar2": 2.0654313564300537,
                "lowlevel.loudness_ebu128.momentary.max": -5.76266622543335,
                "lowlevel.loudness_ebu128.momentary.mean": -12.244779586791992,
                "lowlevel.loudness_ebu128.momentary.median": -11.564092636108398,
                "lowlevel.loudness_ebu128.momentary.min": -87.8521728515625,
                "lowlevel.loudness_ebu128.momentary.stdev": 5.1979594230651855,
                "lowlevel.loudness_ebu128.momentary.var": 27.018783569335938,
                "lowlevel.loudness_ebu128.short_term.dmean": 0.08060071617364883,
                "lowlevel.loudness_ebu128.short_term.dmean2": 0.07775507867336273,
                "lowlevel.loudness_ebu128.short_term.dvar": 0.011812059208750725,
                "lowlevel.loudness_ebu128.short_term.dvar2": 0.006287408992648125,
                "lowlevel.loudness_ebu128.short_term.max": -7.7542009353637695,
                "lowlevel.loudness_ebu128.short_term.mean": -11.748893737792969,
                "lowlevel.loudness_ebu128.short_term.median": -11.24934196472168,
                "lowlevel.loudness_ebu128.short_term.min": -40.93281555175781,
                "lowlevel.loudness_ebu128.short_term.stdev": 2.5942506790161133,
                "lowlevel.loudness_ebu128.short_term.var": 6.730136871337891,
                "lowlevel.spectral_centroid.dmean": 146.672119140625,
                "lowlevel.spectral_centroid.dmean2": 219.57815551757812,
                "lowlevel.spectral_centroid.dvar": 26876.087890625,
                "lowlevel.spectral_centroid.dvar2": 50663.63671875,
                "lowlevel.spectral_centroid.max": 11346.185546875,
                "lowlevel.spectral_centroid.mean": 1009.7814331054688,
                "lowlevel.spectral_centroid.median": 984.317626953125,
                "lowlevel.spectral_centroid.min": 125.18118286132812,
                "lowlevel.spectral_centroid.stdev": 433.3485107421875,
                "lowlevel.spectral_centroid.var": 187790.921875,
                "metadata.audio_properties.analysis.equal_loudness": 0.0,
                "rhythm.beats_loudness.dmean": 0.014900004491209984,
                "rhythm.beats_loudness.dmean2": 0.026101866737008095,
                "rhythm.beats_loudness.dvar": 0.00017450306040700525,
                "rhythm.beats_loudness.dvar2": 0.0005119125125929713,
                "rhythm.beats_loudness.max": 0.12665189802646637,
                "rhythm.beats_loudness.mean": 0.03620966151356697,
                "rhythm.beats_loudness.median": 0.03362368792295456,
                "rhythm.beats_loudness.min": 2.188393821711543e-08,
                "rhythm.beats_loudness.stdev": 0.019582323729991913,
                "rhythm.beats_loudness.var": 0.0003834674134850502,
                "rhythm.bpm": 119.53556060791016,
                "rhythm.bpm_histogram_first_peak_bpm": 120.0,
                "rhythm.bpm_histogram_first_peak_weight": 0.5116279125213623,
                "rhythm.bpm_histogram_second_peak_bpm": 115.0,
                "rhythm.bpm_histogram_second_peak_spread": 0.3524590730667114,
                "rhythm.bpm_histogram_second_peak_weight": 0.11773472279310226,
                "rhythm.danceability": 1.2539762258529663
            }
        },
        {
            "id": "asyaoLRnKq0",
            "title": "Grateful Dead - Cumberland Blues - 12/31/1982 - Oakland Auditorium",
            "views": 19464,
            "features": {
                "lowlevel.average_loudness": 0.191303089261055,
                "lowlevel.loudness_ebu128.integrated": -16.392122268676758,
                "lowlevel.loudness_ebu128.loudness_range": 8.640049934387207,
                "lowlevel.loudness_ebu128.momentary.dmean": 0.8065857887268066,