{
    "song_title": "Dancing In The Streets",
    "artist": "Grateful Dead",
    "num_versions_processed": 3,
    "average_features": {
        "lowlevel.loudness_ebu128.momentary.dmean2": 1.469475785891215,
        "lowlevel.loudness_ebu128.short_term.median": -19.663933753967285,
        "lowlevel.spectral_centroid.median": 739.0944417317709,
        "rhythm.beats_loudness.var": 0.0010076795200196405,
        "rhythm.beats_loudness.dvar": 0.0008455665229121223,
        "lowlevel.loudness_ebu128.short_term.stdev": 3.916443347930908,
        "lowlevel.loudness_ebu128.integrated": -19.640748341878254,
        "rhythm.beats_loudness.max": 0.2106257975101471,
        "lowlevel.spectral_centroid.max": 9073.805826822916,
        "lowlevel.spectral_centroid.min": 145.69862111409506,
        "lowlevel.loudness_ebu128.momentary.stdev": 5.147167841593425,
        "rhythm.bpm": 117.4979248046875,
        "lowlevel.loudness_ebu128.loudness_range": 5.5410207112630205,
        "rhythm.beats_loudness.mean": 0.04879191517829895,
        "rhythm.bpm_histogram_second_peak_weight": 0.08681752284367879,
        "metadata.audio_properties.analysis.equal_loudness": 0.0,
        "lowlevel.loudness_ebu128.short_term.var": 19.53006108601888,
        "rhythm.beats_loudness.dvar2": 0.002627283916808665,
        "rhythm.bpm_histogram_second_peak_bpm": 122.0,
        "lowlevel.loudness_ebu128.momentary.mean": -21.0077699025472,
        "lowlevel.loudness_ebu128.short_term.max": -16.36506462097168,
        "rhythm.beats_loudness.stdev": 0.030135517939925194,
        "lowlevel.loudness_ebu128.momentary.dmean": 0.9683727622032166,
        "lowlevel.spectral_centroid.mean": 854.5240681966146,
        "lowlevel.spectral_centroid.stdev": 508.9690755208333,
        "rhythm.beats_loudness.median": 0.04345692445834478,
        "lowlevel.loudness_ebu128.short_term.dmean": 0.1215659851829211,
        "lowlevel.loudness_ebu128.short_term.dvar2": 0.03277145978063345,
        "rhythm.beats_loudness.dmean2": 0.05449296968678633,
        "lowlevel.loudness_ebu128.short_term.mean": -20.56175963083903,
        "lowlevel.loudness_ebu128.momentary.var": 30.820295333862305,
        "rhythm.beats_loudness.dmean": 0.029964573681354523,
        "lowlevel.loudness_ebu128.momentary.min": -90.04962412516277,
        "lowlevel.loudness_ebu128.momentary.dvar": 1.6363584399223328,
        "lowlevel.spectral_centroid.dmean": 187.62293497721353,
        "lowlevel.spectral_centroid.var": 265326.8333333333,
        "rhythm.beats_loudness.min": 1.5971116854955152e-08,
        "lowlevel.average_loudness": 0.7231413324673971,
        "lowlevel.loudness_ebu128.short_term.dmean2": 0.16578611979881921,
        "lowlevel.loudness_ebu128.short_term.min": -59.61758931477865,
        "rhythm.bpm_histogram_first_peak_bpm": 116.66666666666667,
        "lowlevel.loudness_ebu128.momentary.max": -13.565487543741861,
        "lowlevel.spectral_centroid.dmean2": 279.82666015625,
        "rhythm.bpm_histogram_second_peak_spread": 0.07059566179911296,
        "lowlevel.loudness_ebu128.short_term.dvar": 0.020902597655852635,
        "lowlevel.loudness_ebu128.momentary.median": -19.976001103719074,
        "rhythm.danceability": 1.4433382749557495,
        "lowlevel.spectral_centroid.dvar": 62525.376302083336,
        "rhythm.bpm_histogram_first_peak_weight": 0.5359023014704386,
        "lowlevel.loudness_ebu128.momentary.dvar2": 3.8016533851623535,
        "lowlevel.spectral_centroid.dvar2": 125728.25520833333
    },
    "outlier_flag": true,
    "outlier_reasons": [
        "Danceability Variance: 0.20 (limit 0.2)"
    ],
    "raw_versions": [
        {
            "id": "eV16Ysr03Vw",
            "title": "Dancing in the Street (Live at Barton Hall, Cornell University, Ithaca, NY 5/8/77)",
            "views": 478292,
            "features": {
                "lowlevel.average_loudness": 0.8164194226264954,
                "lowlevel.loudness_ebu128.integrated": -14.327899932861328,
                "lowlevel.loudness_ebu128.loudness_range": 5.850069046020508,
                "lowlevel.loudness_ebu128.momentary.dmean": 1.1889472007751465,
                "lowlevel.loudness_ebu128.momentary.dmean2": 1.9414150714874268,
                "lowlevel.loudness_ebu128.momentary.dvar": 2.919646978378296,
                "lowlevel.loudness_ebu128.momentary.dvar2": 7.307491302490234,
                "lowlevel.loudness_ebu128.momentary.max": -7.944284439086914,
                "lowlevel.loudness_ebu128.momentary.mean": -16.44387435913086,
                "lowlevel.loudness_ebu128.momentary.median": -14.591535568237305,
                "lowlevel.loudness_ebu128.momentary.min": -89.03816223144531,
                "lowlevel.loudness_ebu128.momentary.stdev": 7.991774559020996,
                "lowlevel.loudness_ebu128.momentary.var": 63.86846160888672,
                "lowlevel.loudness_ebu128.short_term.dmean": 0.1394103616476059,
                "lowlevel.loudness_ebu128.short_term.dmean2": 0.19905759394168854,
                "lowlevel.loudness_ebu128.short_term.dvar": 0.032325003296136856,
                "lowlevel.loudness_ebu128.short_term.dvar2": 0.051483023911714554,
                "lowlevel.loudness_ebu128.short_term.max": -11.39467716217041,
                "lowlevel.loudness_ebu128.short_term.mean": -15.864794731140137,
                "lowlevel.loudness_ebu128.short_term.median": -14.366190910339355,
                "lowlevel.loudness_ebu128.short_term.min": -87.9177474975586,
                "lowlevel.loudness_ebu128.short_term.stdev": 6.669942855834961,
                "lowlevel.loudness_ebu128.short_term.var": 44.48814010620117,
                "lowlevel.spectral_centroid.dmean": 191.61907958984375,
                "lowlevel.spectral_centroid.dmean2": 280.21856689453125,
                "lowlevel.spectral_centroid.dvar": 79259.0234375,
                "lowlevel.spectral_centroid.dvar2": 150690.859375,
                "lowlevel.spectral_centroid.max": 11411.2529296875,
                "lowlevel.spectral_centroid.mean": 856.1453857421875,
                "lowlevel.spectral_centroid.median": 705.8358154296875,
                "lowlevel.spectral_centroid.min": 106.98950958251953,
                "lowlevel.spectral_centroid.stdev": 620.9960327148438,
                "lowlevel.spectral_centroid.var": 385636.0625,
                "metadata.audio_properties.analysis.equal_loudness": 0.0,
                "rhythm.beats_loudness.dmean": 0.038723234087228775,
                "rhythm.beats_loudness.dmean2": 0.07171802967786789,
                "rhythm.beats_loudness.dvar": 0.0012666763504967093,
                "rhythm.beats_loudness.dvar2": 0.003979192581027746,
                "rhythm.beats_loudness.max": 0.2259327471256256,
                "rhythm.beats_loudness.mean": 0.056785956025123596,
                "rhythm.beats_loudness.median": 0.05003606900572777,
                "rhythm.beats_loudness.min": 7.597635298672856e-10,
                "rhythm.beats_loudness.stdev": 0.03767738863825798,
                "rhythm.beats_loudness.var": 0.0014195856638252735,
                "rhythm.bpm": 113.21931457519531,
                "rhythm.bpm_histogram_first_peak_bpm": 112.0,
                "rhythm.bpm_histogram_first_peak_weight": 0.48890256881713867,
                "rhythm.bpm_histogram_second_peak_bpm": 117.0,
                "rhythm.bpm_histogram_second_peak_spread": 0.10232555866241455,
                "rhythm.bpm_histogram_second_peak_weight": 0.10265957564115524,
                "rhythm.danceability": 1.5516126155853271
            }
        },
        {
            "id": "T7k-DUMWCUQ",
            "title": "Dancin' in the Streets - Grateful Dead - 4-26-1977 Passaic, NJ set2-03",
            "views": 19137,
            "features": {
                "lowlevel.average_loudness": 0.7635852694511414,
                "lowlevel.loudness_ebu128.integrated": -27.632272720336914,