{
    "song_title": "Dark Star",
    "artist": "Grateful Dead",
    "num_versions_processed": 2,
    "average_features": {
        "lowlevel.loudness_ebu128.momentary.dmean2": 0.8384474515914917,
        "lowlevel.loudness_ebu128.short_term.median": -20.190324783325195,
        "lowlevel.spectral_centroid.median": 643.1014709472656,
        "rhythm.beats_loudness.var": 0.0006667088309768587,
        "rhythm.beats_loudness.dvar": 0.000315241668431554,
        "lowlevel.loudness_ebu128.short_term.stdev": 4.253852367401123,
        "lowlevel.loudness_ebu128.integrated": -19.0086727142334,
        "rhythm.beats_loudness.max": 0.18410013616085052,
        "lowlevel.spectral_centroid.max": 11490.0888671875,
        "lowlevel.spectral_centroid.min": 117.52181625366211,
        "lowlevel.loudness_ebu128.momentary.stdev": 5.7341296672821045,
        "rhythm.bpm": 110.79888534545898,
        "lowlevel.loudness_ebu128.loudness_range": 10.162751197814941,
        "rhythm.beats_loudness.mean": 0.029902861453592777,
        "rhythm.bpm_histogram_second_peak_weight": 0.1488088071346283,
        "metadata.audio_properties.analysis.equal_loudness": 0.0,
        "lowlevel.loudness_ebu128.short_term.var": 18.107398986816406,
        "rhythm.beats_loudness.dvar2": 0.0009131095139309764,
        "rhythm.bpm_histogram_second_peak_bpm": 107.5,
        "lowlevel.loudness_ebu128.momentary.mean": -21.358341217041016,
        "lowlevel.loudness_ebu128.short_term.max": -12.935815334320068,
        "rhythm.beats_loudness.stdev": 0.02578093484044075,
        "lowlevel.loudness_ebu128.momentary.dmean": 0.7602222859859467,
        "lowlevel.spectral_centroid.mean": 781.226806640625,
        "lowlevel.spectral_centroid.stdev": 509.1066436767578,
        "rhythm.beats_loudness.median": 0.02328120358288288,
        "lowlevel.loudness_ebu128.short_term.dmean": 0.11642278730869293,
        "lowlevel.loudness_ebu128.short_term.dvar2": 0.013193906750530005,
        "rhythm.beats_loudness.dmean2": 0.02908268291503191,
        "lowlevel.loudness_ebu128.short_term.mean": -20.702192306518555,
        "lowlevel.loudness_ebu128.momentary.var": 32.95100402832031,
        "rhythm.beats_loudness.dmean": 0.016809018328785896,
        "lowlevel.loudness_ebu128.momentary.min": -88.71874237060547,
        "lowlevel.loudness_ebu128.momentary.dvar": 0.6969517767429352,
        "lowlevel.spectral_centroid.dmean": 127.2581558227539,
        "lowlevel.spectral_centroid.var": 259235.5,
        "rhythm.beats_loudness.min": 9.045872495505591e-09,
        "lowlevel.average_loudness": 0.29119686037302017,
        "lowlevel.loudness_ebu128.short_term.dmean2": 0.09916521236300468,
        "lowlevel.loudness_ebu128.short_term.min": -61.36391830444336,
        "rhythm.bpm_histogram_first_peak_bpm": 152.5,
        "lowlevel.loudness_ebu128.momentary.max": -11.088640213012695,
        "lowlevel.spectral_centroid.dmean2": 194.79432678222656,
        "rhythm.bpm_histogram_second_peak_spread": 0.5366865396499634,
        "lowlevel.loudness_ebu128.short_term.dvar": 0.018697145394980907,
        "lowlevel.loudness_ebu128.momentary.median": -20.47706699371338,
        "rhythm.danceability": 1.0723659992218018,
        "lowlevel.spectral_centroid.dvar": 29926.1357421875,
        "rhythm.bpm_histogram_first_peak_weight": 0.2841765284538269,
        "lowlevel.loudness_ebu128.momentary.dvar2": 0.9867890477180481,
        "lowlevel.spectral_centroid.dvar2": 62979.185546875
    },
    "outlier_flag": true,
    "outlier_reasons": [
        "BPM Variance: 41.89 (limit 20)"
    ],
    "raw_versions": [
        {
            "id": "AlWqitKLnfs",
            "title": "Grateful Dead - Dark Star (Winterland 10/18/74)",
            "views": 279709,
            "features": {
                "lowlevel.average_loudness": 0.11563380062580109,
                "lowlevel.loudness_ebu128.integrated": -21.113447189331055,
                "lowlevel.loudness_ebu128.loudness_range": 10.91827392578125,
                "lowlevel.loudness_ebu128.momentary.dmean": 0.8610816597938538,
                "lowlevel.loudness_ebu128.momentary.dmean2": 1.0205143690109253,
                "lowlevel.loudness_ebu128.momentary.dvar": 0.8809880018234253,
                "lowlevel.loudness_ebu128.momentary.dvar2": 1.348634123802185,
                "lowlevel.loudness_ebu128.momentary.max": -12.857413291931152,
                "lowlevel.loudness_ebu128.momentary.mean": -23.763532638549805,
                "lowlevel.loudness_ebu128.momentary.median": -23.039003372192383,
                "lowlevel.loudness_ebu128.momentary.min": -90.15812683105469,
                "lowlevel.loudness_ebu128.momentary.stdev": 6.0001397132873535,
                "lowlevel.loudness_ebu128.momentary.var": 36.00167465209961,
                "lowlevel.loudness_ebu128.short_term.dmean": 0.13116982579231262,
                "lowlevel.loudness_ebu128.short_term.dmean2": 0.11964238435029984,
                "lowlevel.loudness_ebu128.short_term.dvar": 0.02434423938393593,
                "lowlevel.loudness_ebu128.short_term.dvar2": 0.0181250162422657,
                "lowlevel.loudness_ebu128.short_term.max": -14.936186790466309,
                "lowlevel.loudness_ebu128.short_term.mean": -22.938554763793945,
                "lowlevel.loudness_ebu128.short_term.median": -22.474306106567383,
                "lowlevel.loudness_ebu128.short_term.min": -50.44287109375,
                "lowlevel.loudness_ebu128.short_term.stdev": 4.143674850463867,
                "lowlevel.loudness_ebu128.short_term.var": 17.170040130615234,
                "lowlevel.spectral_centroid.dmean": 149.72439575195312,
                "lowlevel.spectral_centroid.dmean2": 230.69772338867188,
                "lowlevel.spectral_centroid.dvar": 36916.5859375,
                "lowlevel.spectral_centroid.dvar2": 78456.8359375,
                "lowlevel.spectral_centroid.max": 11653.521484375,
                "lowlevel.spectral_centroid.mean": 838.13330078125,
                "lowlevel.spectral_centroid.median": 725.5565795898438,
                "lowlevel.spectral_centroid.min": 151.59121704101562,
                "lowlevel.spectral_centroid.stdev": 502.3298034667969,
                "lowlevel.spectral_centroid.var": 252335.21875,
                "metadata.audio_properties.analysis.equal_loudness": 0.0,
                "rhythm.beats_loudness.dmean": 0.0179824810475111,
                "rhythm.beats_loudness.dmean2": 0.03135303407907486,
                "rhythm.beats_loudness.dvar": 0.00039151826058514416,
                "rhythm.beats_loudness.dvar2": 0.0011298494646325707,
                "rhythm.beats_loudness.max": 0.20082393288612366,
                "rhythm.beats_loudness.mean": 0.026975875720381737,
                "rhythm.beats_loudness.median": 0.018304605036973953,
                "rhythm.beats_loudness.min": 3.532978354314764e-09,
                "rhythm.beats_loudness.stdev": 0.027213502675294876,
                "rhythm.beats_loudness.var": 0.0007405747310258448,
                "rhythm.bpm": 131.74205017089844,
                "rhythm.bpm_histogram_first_peak_bpm": 133.0,
                "rhythm.bpm_histogram_first_peak_weight": 0.5683530569076538,
                "rhythm.bpm_histogram_second_peak_bpm": 126.0,
                "rhythm.bpm_histogram_second_peak_spread": 0.49380528926849365,
                "rhythm.bpm_histogram_second_peak_weight": 0.13191881775856018,
                "rhythm.danceability": 1.090604543685913
            }
        },
        {
            "id": "-Xic-CHInek",
            "title": "Grateful Dead - Dark Star (Live/Dead) 1969",
            "views": 1724292,
            "features": {
                "lowlevel.average_loudness": 0.46675992012023926,
                "lowlevel.loudness_ebu128.integrated": -16.903898239135742,
                "lowlevel.loudness_ebu128.loudness_range": 9.407228469848633,
                "lowlevel.loudness_ebu128.momentary.dmean": 0.6593629121780396,