{
    "song_title": "Day Tripper",
    "artist": "Grateful Dead",
    "num_versions_processed": 3,
    "average_features": {
        "lowlevel.loudness_ebu128.short_term.dvar2": 0.04152617727716764,
        "lowlevel.loudness_ebu128.momentary.var": 19.108113447825115,
        "lowlevel.loudness_ebu128.momentary.min": -61.297950744628906,
        "lowlevel.spectral_centroid.dvar": 37503.22265625,
        "rhythm.beats_loudness.min": 3.328910475586255e-05,
        "lowlevel.spectral_centroid.mean": 909.0783894856771,
        "rhythm.beats_loudness.dvar": 0.0004450616446168472,
        "rhythm.bpm_histogram_first_peak_bpm": 150.33333333333334,
        "rhythm.beats_loudness.median": 0.028068864718079567,
        "lowlevel.loudness_ebu128.integrated": -17.08827781677246,
        "lowlevel.loudness_ebu128.short_term.mean": -17.481627146402996,
        "rhythm.beats_loudness.dmean2": 0.03318101540207863,
        "lowlevel.loudness_ebu128.momentary.dvar2": 0.43942561745643616,
        "rhythm.bpm_histogram_second_peak_weight": 0.1256038062274456,
        "lowlevel.loudness_ebu128.loudness_range": 4.078310012817383,
        "rhythm.bpm_histogram_second_peak_bpm": 148.66666666666666,
        "lowlevel.loudness_ebu128.short_term.min": -50.0045363108317,
        "lowlevel.loudness_ebu128.short_term.stdev": 2.561024030049642,
        "lowlevel.loudness_ebu128.short_term.dmean2": 0.0928625116745631,
        "lowlevel.loudness_ebu128.short_term.var": 7.77650801340739,
        "rhythm.beats_loudness.mean": 0.033783139660954475,
        "lowlevel.spectral_centroid.max": 5635.405436197917,
        "lowlevel.loudness_ebu128.momentary.dvar": 0.34925557176272076,
        "rhythm.beats_loudness.stdev": 0.023702527085940044,
        "lowlevel.loudness_ebu128.momentary.max": -10.94732920328776,
        "lowlevel.spectral_centroid.median": 792.9257405598959,
        "lowlevel.loudness_ebu128.momentary.dmean": 0.5879302422205607,
        "lowlevel.loudness_ebu128.short_term.dvar": 0.042775932078560196,
        "rhythm.beats_loudness.var": 0.0005886988947167993,
        "lowlevel.loudness_ebu128.momentary.stdev": 4.102284987767537,
        "lowlevel.loudness_ebu128.momentary.mean": -17.950191497802734,
        "rhythm.beats_loudness.dmean": 0.018972340350349743,
        "lowlevel.average_loudness": 0.6869849065939585,
        "lowlevel.loudness_ebu128.short_term.median": -17.187006950378418,
        "rhythm.beats_loudness.max": 0.2070722629626592,
        "metadata.audio_properties.analysis.equal_loudness": 0.0,
        "lowlevel.loudness_ebu128.momentary.dmean2": 0.6420600414276123,
        "lowlevel.spectral_centroid.dvar2": 83316.80598958333,
        "lowlevel.loudness_ebu128.short_term.max": -13.78276252746582,
        "lowlevel.spectral_centroid.var": 235563.25,
        "rhythm.bpm_histogram_first_peak_weight": 0.33375855286916095,
        "lowlevel.loudness_ebu128.momentary.median": -17.480733553568523,
        "rhythm.bpm": 149.29315185546875,
        "rhythm.beats_loudness.dvar2": 0.0012222956283949316,
        "lowlevel.loudness_ebu128.short_term.dmean": 0.09334426621596019,
        "lowlevel.spectral_centroid.stdev": 482.1206766764323,
        "lowlevel.spectral_centroid.dmean": 165.58527119954428,
        "lowlevel.spectral_centroid.dmean2": 257.4300537109375,
        "rhythm.danceability": 1.2050029039382935,
        "lowlevel.spectral_centroid.min": 205.23519897460938,
        "rhythm.bpm_histogram_second_peak_spread": 0.09956711530685425
    },
    "outlier_flag": false,
    "outlier_reasons": null,
    "raw_versions": [
        {
            "id": "DzCiloZTmzM",
            "title": "Grateful Dead - Day Tripper 3/31/1985",
            "views": 3714,
            "features": {
                "lowlevel.average_loudness": 0.8775765299797058,
                "lowlevel.loudness_ebu128.integrated": -18.160390853881836,
                "lowlevel.loudness_ebu128.loudness_range": 3.8548202514648438,
                "lowlevel.loudness_ebu128.momentary.dmean": 0.5591495633125305,
                "lowlevel.loudness_ebu128.momentary.dmean2": 0.6559905409812927,
                "lowlevel.loudness_ebu128.momentary.dvar": 0.2532208263874054,
                "lowlevel.loudness_ebu128.momentary.dvar2": 0.35959821939468384,
                "lowlevel.loudness_ebu128.momentary.max": -12.458168983459473,
                "lowlevel.loudness_ebu128.momentary.mean": -18.700775146484375,
                "lowlevel.loudness_ebu128.momentary.median": -18.539695739746094,
                "lowlevel.loudness_ebu128.momentary.min": -44.31053161621094,
                "lowlevel.loudness_ebu128.momentary.stdev": 2.533752918243408,
                "lowlevel.loudness_ebu128.momentary.var": 6.4199042320251465,
                "lowlevel.loudness_ebu128.short_term.dmean": 0.08300624787807465,
                "lowlevel.loudness_ebu128.short_term.dmean2": 0.08660761266946793,
                "lowlevel.loudness_ebu128.short_term.dvar": 0.006464242935180664,
                "lowlevel.loudness_ebu128.short_term.dvar2": 0.006042822264134884,
                "lowlevel.loudness_ebu128.short_term.max": -14.993115425109863,
                "lowlevel.loudness_ebu128.short_term.mean": -18.34980010986328,
                "lowlevel.loudness_ebu128.short_term.median": -18.2514591217041,
                "lowlevel.loudness_ebu128.short_term.min": -28.31468963623047,
                "lowlevel.loudness_ebu128.short_term.stdev": 1.31402587890625,
                "lowlevel.loudness_ebu128.short_term.var": 1.7266640663146973,
                "lowlevel.spectral_centroid.dmean": 137.9845428466797,
                "lowlevel.spectral_centroid.dmean2": 207.67874145507812,
                "lowlevel.spectral_centroid.dvar": 28949.484375,
                "lowlevel.spectral_centroid.dvar2": 61420.33203125,
                "lowlevel.spectral_centroid.max": 4518.02880859375,
                "lowlevel.spectral_centroid.mean": 838.8160400390625,
                "lowlevel.spectral_centroid.median": 738.799072265625,
                "lowlevel.spectral_centroid.min": 178.40098571777344,
                "lowlevel.spectral_centroid.stdev": 403.6634826660156,
                "lowlevel.spectral_centroid.var": 162944.21875,
                "metadata.audio_properties.analysis.equal_loudness": 0.0,
                "rhythm.beats_loudness.dmean": 0.01777932047843933,
                "rhythm.beats_loudness.dmean2": 0.03174327686429024,
                "rhythm.beats_loudness.dvar": 0.00027913833037018776,
                "rhythm.beats_loudness.dvar2": 0.0007868630927987397,
                "rhythm.beats_loudness.max": 0.14533208310604095,
                "rhythm.beats_loudness.mean": 0.03527619689702988,
                "rhythm.beats_loudness.median": 0.03121742233633995,
                "rhythm.beats_loudness.min": 5.8736044593388215e-05,
                "rhythm.beats_loudness.stdev": 0.01878298819065094,
                "rhythm.beats_loudness.var": 0.000352800649125129,
                "rhythm.bpm": 138.4713897705078,
                "rhythm.bpm_histogram_first_peak_bpm": 140.0,
                "rhythm.bpm_histogram_first_peak_weight": 0.49361705780029297,
                "rhythm.bpm_histogram_second_peak_bpm": 133.0,
                "rhythm.bpm_histogram_second_peak_spread": 0.238095223903656,
                "rhythm.bpm_histogram_second_peak_weight": 0.03162055462598801,
                "rhythm.danceability": 1.2181614637374878
            }
        },
        {
            "id": "sMSv4XgDFWI",
            "title": "The Grateful Dead ~ 21 - Day Tripper (Encore) ~ 12-28-1984 ~ San Francisco, CA",
            "views": 676,
            "features": {
                "lowlevel.average_loudness": 0.7469276189804077,
                "lowlevel.loudness_ebu128.integrated": -15.248767852783203,
                "lowlevel.loudness_ebu128.loudness_range": 3.6412277221679688,
                "lowlevel.loudness_ebu128.momentary.dmean": 0.6203731894493103,