{
    "song_title": "Deal",
    "artist": "Grateful Dead",
    "num_versions_processed": 2,
    "average_features": {
        "lowlevel.loudness_ebu128.short_term.dvar2": 0.005759259220212698,
        "lowlevel.loudness_ebu128.momentary.var": 191.59280514717102,
        "lowlevel.loudness_ebu128.momentary.min": -58.45543193817139,
        "lowlevel.spectral_centroid.dvar": 55069.234375,
        "rhythm.beats_loudness.min": 0.0011051523231810356,
        "lowlevel.spectral_centroid.mean": 1493.5555419921875,
        "rhythm.beats_loudness.dvar": 0.0002321429674339015,
        "rhythm.bpm_histogram_first_peak_bpm": 140.0,
        "rhythm.beats_loudness.median": 0.044469439424574375,
        "lowlevel.loudness_ebu128.integrated": -13.732298851013184,
        "lowlevel.loudness_ebu128.short_term.mean": -16.514042377471924,
        "rhythm.beats_loudness.dmean2": 0.028650101274251938,
        "lowlevel.loudness_ebu128.momentary.dvar2": 0.17777515947818756,
        "rhythm.bpm_histogram_second_peak_weight": 0.03391290921717882,
        "lowlevel.loudness_ebu128.loudness_range": 3.35622501373291,
        "rhythm.bpm_histogram_second_peak_bpm": 127.5,
        "lowlevel.loudness_ebu128.short_term.min": -55.8438720703125,
        "lowlevel.loudness_ebu128.short_term.stdev": 10.356471836566925,
        "lowlevel.loudness_ebu128.short_term.dmean2": 0.06553232669830322,
        "lowlevel.loudness_ebu128.short_term.var": 181.72476756572723,
        "rhythm.beats_loudness.mean": 0.04462303966283798,
        "lowlevel.spectral_centroid.max": 11140.1328125,
        "lowlevel.loudness_ebu128.momentary.dvar": 0.1458982601761818,
        "rhythm.beats_loudness.stdev": 0.020369902718812227,
        "lowlevel.loudness_ebu128.momentary.max": -10.648800373077393,
        "lowlevel.spectral_centroid.median": 1347.56494140625,
        "lowlevel.loudness_ebu128.momentary.dmean": 0.375282421708107,
        "lowlevel.loudness_ebu128.short_term.dvar": 0.013784341630525887,
        "rhythm.beats_loudness.var": 0.00046243164251791313,
        "lowlevel.loudness_ebu128.momentary.stdev": 10.802401900291443,
        "lowlevel.loudness_ebu128.momentary.mean": -16.75506830215454,
        "rhythm.beats_loudness.dmean": 0.016608580481261015,
        "lowlevel.average_loudness": 0.8938430547714233,
        "lowlevel.loudness_ebu128.short_term.median": -13.66948938369751,
        "rhythm.beats_loudness.max": 0.12252842262387276,
        "metadata.audio_properties.analysis.equal_loudness": 0.0,
        "lowlevel.loudness_ebu128.momentary.dmean2": 0.4169881045818329,
        "lowlevel.spectral_centroid.dvar2": 115773.6171875,
        "lowlevel.loudness_ebu128.short_term.max": -11.466106414794922,
        "lowlevel.spectral_centroid.var": 758783.734375,
        "rhythm.bpm_histogram_first_peak_weight": 0.3665800094604492,
        "lowlevel.loudness_ebu128.momentary.median": -13.712235450744629,
        "rhythm.bpm": 139.79067993164062,
        "rhythm.beats_loudness.dvar2": 0.0007017701864242554,
        "lowlevel.loudness_ebu128.short_term.dmean": 0.0638484638184309,
        "lowlevel.spectral_centroid.stdev": 845.6413879394531,
        "lowlevel.spectral_centroid.dmean": 223.07423400878906,
        "lowlevel.spectral_centroid.dmean2": 343.57232666015625,
        "rhythm.danceability": 1.2765600681304932,
        "lowlevel.spectral_centroid.min": 251.23834991455078,
        "rhythm.bpm_histogram_second_peak_spread": 0.32340914011001587
    },
    "outlier_flag": false,
    "outlier_reasons": null,
    "raw_versions": [
        {
            "id": "qa5ctzEyWZU",
            "title": "Deal : Grateful Dead 1989",
            "views": 422836,
            "features": {
                "lowlevel.average_loudness": 0.8502302765846252,
                "lowlevel.loudness_ebu128.integrated": -14.775779724121094,
                "lowlevel.loudness_ebu128.loudness_range": 4.562686920166016,
                "lowlevel.loudness_ebu128.momentary.dmean": 0.44400712847709656,
                "lowlevel.loudness_ebu128.momentary.dmean2": 0.4917702376842499,
                "lowlevel.loudness_ebu128.momentary.dvar": 0.17272721230983734,
                "lowlevel.loudness_ebu128.momentary.dvar2": 0.22899793088436127,
                "lowlevel.loudness_ebu128.momentary.max": -10.77141284942627,
                "lowlevel.loudness_ebu128.momentary.mean": -15.23934268951416,
                "lowlevel.loudness_ebu128.momentary.median": -14.81698989868164,
                "lowlevel.loudness_ebu128.momentary.min": -25.78017234802246,
                "lowlevel.loudness_ebu128.momentary.stdev": 2.147869825363159,
                "lowlevel.loudness_ebu128.momentary.var": 4.613344669342041,
                "lowlevel.loudness_ebu128.short_term.dmean": 0.06658254563808441,
                "lowlevel.loudness_ebu128.short_term.dmean2": 0.0693972185254097,
                "lowlevel.loudness_ebu128.short_term.dvar": 0.0038266743067651987,
                "lowlevel.loudness_ebu128.short_term.dvar2": 0.004588225856423378,
                "lowlevel.loudness_ebu128.short_term.max": -11.590778350830078,
                "lowlevel.loudness_ebu128.short_term.mean": -15.07790470123291,
                "lowlevel.loudness_ebu128.short_term.median": -14.722882270812988,
                "lowlevel.loudness_ebu128.short_term.min": -21.541259765625,
                "lowlevel.loudness_ebu128.short_term.stdev": 1.726972222328186,
                "lowlevel.loudness_ebu128.short_term.var": 2.9824330806732178,
                "lowlevel.spectral_centroid.dmean": 226.70152282714844,
                "lowlevel.spectral_centroid.dmean2": 340.3748779296875,
                "lowlevel.spectral_centroid.dvar": 56909.37890625,
                "lowlevel.spectral_centroid.dvar2": 114360.25,
                "lowlevel.spectral_centroid.max": 11091.4736328125,
                "lowlevel.spectral_centroid.mean": 1571.9888916015625,
                "lowlevel.spectral_centroid.median": 1588.08349609375,
                "lowlevel.spectral_centroid.min": 246.58653259277344,
                "lowlevel.spectral_centroid.stdev": 636.6571655273438,
                "lowlevel.spectral_centroid.var": 405332.34375,
                "metadata.audio_properties.analysis.equal_loudness": 0.0,
                "rhythm.beats_loudness.dmean": 0.011911741457879543,
                "rhythm.beats_loudness.dmean2": 0.020341046154499054,
                "rhythm.beats_loudness.dvar": 0.00010020385525422171,
                "rhythm.beats_loudness.dvar2": 0.0002920469269156456,
                "rhythm.beats_loudness.max": 0.08743595331907272,
                "rhythm.beats_loudness.mean": 0.03231963887810707,
                "rhythm.beats_loudness.median": 0.031194498762488365,
                "rhythm.beats_loudness.min": 0.0022103034425526857,
                "rhythm.beats_loudness.stdev": 0.013477970845997334,
                "rhythm.beats_loudness.var": 0.0001816557050915435,
                "rhythm.bpm": 135.93846130371094,
                "rhythm.bpm_histogram_first_peak_bpm": 136.0,
                "rhythm.bpm_histogram_first_peak_weight": 0.4564102292060852,
                "rhythm.bpm_histogram_second_peak_bpm": 129.0,
                "rhythm.bpm_histogram_second_peak_spread": 0.3720930218696594,
                "rhythm.bpm_histogram_second_peak_weight": 0.020817270502448082,
                "rhythm.danceability": 1.2288340330123901
            }
        },
        {
            "id": "-Vxc9nRBFG0",
            "title": "Grateful Dead - Deal - Rockpalast 3/28/81",
            "views": 29617,
            "features": {
                "lowlevel.average_loudness": 0.9374558329582214,
                "lowlevel.loudness_ebu128.integrated": -12.688817977905273,
                "lowlevel.loudness_ebu128.loudness_range": 2.1497631072998047,
                "lowlevel.loudness_ebu128.momentary.dmean": 0.30655771493911743,