{
    "song_title": "Dear Mr. Fantasy",
    "artist": "Grateful Dead",
    "num_versions_processed": 2,
    "average_features": {
        "lowlevel.loudness_ebu128.short_term.dvar2": 0.008944355882704258,
        "lowlevel.loudness_ebu128.momentary.var": 14.021173477172852,
        "lowlevel.loudness_ebu128.momentary.min": -64.19453048706055,
        "lowlevel.spectral_centroid.dvar": 43878.615234375,
        "rhythm.beats_loudness.min": 6.889538700621811e-05,
        "lowlevel.spectral_centroid.mean": 1471.0198364257812,
        "rhythm.beats_loudness.dvar": 0.0003162329230690375,
        "rhythm.bpm_histogram_first_peak_bpm": 134.5,
        "rhythm.beats_loudness.median": 0.042701732367277145,
        "lowlevel.loudness_ebu128.integrated": -11.801542282104492,
        "lowlevel.loudness_ebu128.short_term.mean": -12.726476192474365,
        "rhythm.beats_loudness.dmean2": 0.03800923563539982,
        "lowlevel.loudness_ebu128.momentary.dvar2": 1.5757182240486145,
        "rhythm.bpm_histogram_second_peak_weight": 0.16316469758749008,
        "lowlevel.loudness_ebu128.loudness_range": 7.753949403762817,
        "rhythm.bpm_histogram_second_peak_bpm": 128.0,
        "lowlevel.loudness_ebu128.short_term.min": -26.732641220092773,
        "lowlevel.loudness_ebu128.short_term.stdev": 2.9955921173095703,
        "lowlevel.loudness_ebu128.short_term.dmean2": 0.08317464217543602,
        "lowlevel.loudness_ebu128.short_term.var": 9.310914754867554,
        "rhythm.beats_loudness.mean": 0.04362122900784016,
        "lowlevel.spectral_centroid.max": 11096.271484375,
        "lowlevel.loudness_ebu128.momentary.dvar": 0.7592540085315704,
        "rhythm.beats_loudness.stdev": 0.025289147160947323,
        "lowlevel.loudness_ebu128.momentary.max": -7.233691692352295,
        "lowlevel.spectral_centroid.median": 1446.0596923828125,
        "lowlevel.loudness_ebu128.momentary.dmean": 0.5797643065452576,
        "lowlevel.loudness_ebu128.short_term.dvar": 0.008380836807191372,
        "rhythm.beats_loudness.var": 0.0006557407468790188,
        "lowlevel.loudness_ebu128.momentary.stdev": 3.7004934549331665,
        "lowlevel.loudness_ebu128.momentary.mean": -13.033768653869629,
        "rhythm.beats_loudness.dmean": 0.02107301726937294,
        "lowlevel.average_loudness": 0.8280430734157562,
        "lowlevel.loudness_ebu128.short_term.median": -11.851500511169434,
        "rhythm.beats_loudness.max": 0.13992087543010712,
        "metadata.audio_properties.analysis.equal_loudness": 0.0,
        "lowlevel.loudness_ebu128.momentary.dmean2": 0.660851389169693,
        "lowlevel.spectral_centroid.dvar2": 96308.0078125,
        "lowlevel.loudness_ebu128.short_term.max": -8.54347276687622,
        "lowlevel.spectral_centroid.var": 295094.9609375,
        "rhythm.bpm_histogram_first_peak_weight": 0.5736790299415588,
        "lowlevel.loudness_ebu128.momentary.median": -12.006728172302246,
        "rhythm.bpm": 134.63079833984375,
        "rhythm.beats_loudness.dvar2": 0.0009587716194801033,
        "lowlevel.loudness_ebu128.short_term.dmean": 0.0852111466228962,
        "lowlevel.spectral_centroid.stdev": 542.3347930908203,
        "lowlevel.spectral_centroid.dmean": 206.62889862060547,
        "lowlevel.spectral_centroid.dmean2": 317.9460754394531,
        "rhythm.danceability": 1.2065615057945251,
        "lowlevel.spectral_centroid.min": 178.5767822265625,
        "rhythm.bpm_histogram_second_peak_spread": 0.2547854483127594
    },
    "outlier_flag": false,
    "outlier_reasons": null,
    "raw_versions": [
        {
            "id": "2IA4a0_ODpo",
            "title": "Grateful Dead - Hey Jude \u2192  Dear Mr. Fantasy 3/22/1990",
            "views": 22821,
            "features": {
                "lowlevel.average_loudness": 0.8009189367294312,
                "lowlevel.loudness_ebu128.integrated": -14.957444190979004,
                "lowlevel.loudness_ebu128.loudness_range": 9.197811126708984,
                "lowlevel.loudness_ebu128.momentary.dmean": 0.5799406170845032,
                "lowlevel.loudness_ebu128.momentary.dmean2": 0.7101403474807739,
                "lowlevel.loudness_ebu128.momentary.dvar": 1.1766877174377441,
                "lowlevel.loudness_ebu128.momentary.dvar2": 2.6884994506835938,
                "lowlevel.loudness_ebu128.momentary.max": -10.338447570800781,
                "lowlevel.loudness_ebu128.momentary.mean": -16.526227951049805,
                "lowlevel.loudness_ebu128.momentary.median": -15.256034851074219,
                "lowlevel.loudness_ebu128.momentary.min": -89.12088012695312,
                "lowlevel.loudness_ebu128.momentary.stdev": 4.2727885246276855,
                "lowlevel.loudness_ebu128.momentary.var": 18.25672149658203,
                "lowlevel.loudness_ebu128.short_term.dmean": 0.08588917553424835,
                "lowlevel.loudness_ebu128.short_term.dmean2": 0.08397199958562851,
                "lowlevel.loudness_ebu128.short_term.dvar": 0.010478369891643524,
                "lowlevel.loudness_ebu128.short_term.dvar2": 0.01077545341104269,
                "lowlevel.loudness_ebu128.short_term.max": -11.726463317871094,
                "lowlevel.loudness_ebu128.short_term.mean": -16.228286743164062,
                "lowlevel.loudness_ebu128.short_term.median": -15.177074432373047,
                "lowlevel.loudness_ebu128.short_term.min": -34.80036926269531,
                "lowlevel.loudness_ebu128.short_term.stdev": 3.576404094696045,
                "lowlevel.loudness_ebu128.short_term.var": 12.790666580200195,
                "lowlevel.spectral_centroid.dmean": 199.07760620117188,
                "lowlevel.spectral_centroid.dmean2": 310.05596923828125,
                "lowlevel.spectral_centroid.dvar": 40351.1953125,
                "lowlevel.spectral_centroid.dvar2": 89553.6875,
                "lowlevel.spectral_centroid.max": 11579.6455078125,
                "lowlevel.spectral_centroid.mean": 1382.0859375,
                "lowlevel.spectral_centroid.median": 1357.203857421875,
                "lowlevel.spectral_centroid.min": 154.51470947265625,
                "lowlevel.spectral_centroid.stdev": 511.2230529785156,
                "lowlevel.spectral_centroid.var": 261349.015625,
                "metadata.audio_properties.analysis.equal_loudness": 0.0,
                "rhythm.beats_loudness.dmean": 0.022502047941088676,
                "rhythm.beats_loudness.dmean2": 0.03994005173444748,
                "rhythm.beats_loudness.dvar": 0.0003777619858738035,
                "rhythm.beats_loudness.dvar2": 0.0011441513197496533,
                "rhythm.beats_loudness.max": 0.14774776995182037,
                "rhythm.beats_loudness.mean": 0.04717893898487091,
                "rhythm.beats_loudness.median": 0.046378228813409805,
                "rhythm.beats_loudness.min": 1.0897810431842458e-09,
                "rhythm.beats_loudness.stdev": 0.02931404672563076,
                "rhythm.beats_loudness.var": 0.0008593132952228189,
                "rhythm.bpm": 130.03329467773438,
                "rhythm.bpm_histogram_first_peak_bpm": 129.0,
                "rhythm.bpm_histogram_first_peak_weight": 0.5781512260437012,
                "rhythm.bpm_histogram_second_peak_bpm": 123.0,
                "rhythm.bpm_histogram_second_peak_spread": 0.3085399866104126,
                "rhythm.bpm_histogram_second_peak_weight": 0.14525462687015533,
                "rhythm.danceability": 1.179045557975769
            }
        },
        {
            "id": "X-32fDEiPTo",
            "title": "Grateful Dead - Dear Mr. Fantasy",
            "views": 90043,
            "features": {
                "lowlevel.average_loudness": 0.8551672101020813,
                "lowlevel.loudness_ebu128.integrated": -8.64564037322998,
                "lowlevel.loudness_ebu128.loudness_range": 6.31008768081665,
                "lowlevel.loudness_ebu128.momentary.dmean": 0.579587996006012,