{
    "song_title": "Dear Prudence Jam",
    "artist": "Grateful Dead",
    "num_versions_processed": 3,
    "average_features": {
        "rhythm.beats_loudness.dvar": 0.0005373267971056824,
        "lowlevel.loudness_ebu128.momentary.median": -17.87528387705485,
        "lowlevel.loudness_ebu128.short_term.min": -29.616345087687176,
        "lowlevel.loudness_ebu128.short_term.dvar": 0.008417853775123755,
        "rhythm.beats_loudness.dvar2": 0.0015395232864345114,
        "rhythm.beats_loudness.min": 0.0002295824281948929,
        "lowlevel.loudness_ebu128.momentary.min": -39.10923767089844,
        "rhythm.bpm_histogram_second_peak_weight": 0.182262455423673,
        "lowlevel.spectral_centroid.min": 202.7176259358724,
        "lowlevel.spectral_centroid.var": 312933.1197916667,
        "lowlevel.loudness_ebu128.short_term.dvar2": 0.009354911899815002,
        "lowlevel.loudness_ebu128.short_term.stdev": 2.371188243230184,
        "rhythm.beats_loudness.max": 0.20925205945968628,
        "lowlevel.loudness_ebu128.momentary.dvar2": 0.4777073860168457,
        "lowlevel.spectral_centroid.dvar2": 97075.91666666667,
        "lowlevel.loudness_ebu128.momentary.max": -11.86667807896932,
        "lowlevel.average_loudness": 0.7478028535842896,
        "lowlevel.loudness_ebu128.momentary.var": 8.978399753570557,
        "lowlevel.loudness_ebu128.loudness_range": 5.662174224853516,
        "rhythm.beats_loudness.dmean": 0.019289263524115086,
        "lowlevel.loudness_ebu128.momentary.dvar": 0.31893278161684674,
        "metadata.audio_properties.analysis.equal_loudness": 0.0,
        "lowlevel.spectral_centroid.dmean": 177.565185546875,
        "rhythm.bpm": 145.0995839436849,
        "lowlevel.spectral_centroid.dvar": 46412.401041666664,
        "lowlevel.loudness_ebu128.momentary.dmean2": 0.6497920453548431,
        "rhythm.bpm_histogram_first_peak_weight": 0.3100675741831462,
        "rhythm.bpm_histogram_second_peak_spread": 0.1410388151804606,
        "lowlevel.loudness_ebu128.momentary.mean": -18.57114251454671,
        "lowlevel.loudness_ebu128.momentary.dmean": 0.5448397795359293,
        "rhythm.beats_loudness.mean": 0.038291571040948234,
        "rhythm.bpm_histogram_second_peak_bpm": 144.0,
        "lowlevel.loudness_ebu128.integrated": -17.737256685892742,
        "rhythm.beats_loudness.var": 0.0006824187003076077,
        "lowlevel.loudness_ebu128.momentary.stdev": 2.987978219985962,
        "lowlevel.loudness_ebu128.short_term.var": 5.670158863067627,
        "lowlevel.spectral_centroid.max": 8622.924479166666,
        "rhythm.beats_loudness.dmean2": 0.0328779648989439,
        "rhythm.danceability": 1.1866331895192463,
        "lowlevel.loudness_ebu128.short_term.max": -14.296575228373209,
        "lowlevel.spectral_centroid.mean": 1100.78564453125,
        "rhythm.beats_loudness.stdev": 0.02489723948140939,
        "lowlevel.loudness_ebu128.short_term.dmean2": 0.0951383610566457,
        "lowlevel.loudness_ebu128.short_term.dmean": 0.08831953257322311,
        "lowlevel.loudness_ebu128.short_term.mean": -18.292101224263508,
        "rhythm.bpm_histogram_first_peak_bpm": 146.0,
        "lowlevel.loudness_ebu128.short_term.median": -17.730390548706055,
        "lowlevel.spectral_centroid.median": 974.8117065429688,
        "lowlevel.spectral_centroid.stdev": 553.6943766276041,
        "lowlevel.spectral_centroid.dmean2": 269.5918731689453,
        "rhythm.beats_loudness.median": 0.03350196095804373
    },
    "outlier_flag": false,
    "outlier_reasons": null,
    "raw_versions": [
        {
            "id": "Cy_uuh8rLlc",
            "title": "Phish - Dear Prudence - 6/29/16 - Philadelphia, PA",
            "views": 12966,
            "features": {
                "lowlevel.average_loudness": 0.856616735458374,
                "lowlevel.loudness_ebu128.integrated": -12.166743278503418,
                "lowlevel.loudness_ebu128.loudness_range": 5.869565963745117,
                "lowlevel.loudness_ebu128.momentary.dmean": 0.4209277629852295,
                "lowlevel.loudness_ebu128.momentary.dmean2": 0.41996172070503235,
                "lowlevel.loudness_ebu128.momentary.dvar": 0.23602068424224854,
                "lowlevel.loudness_ebu128.momentary.dvar2": 0.22641029953956604,
                "lowlevel.loudness_ebu128.momentary.max": -7.706373691558838,
                "lowlevel.loudness_ebu128.momentary.mean": -12.937882423400879,
                "lowlevel.loudness_ebu128.momentary.median": -12.362271308898926,
                "lowlevel.loudness_ebu128.momentary.min": -33.24403381347656,
                "lowlevel.loudness_ebu128.momentary.stdev": 2.9029996395111084,
                "lowlevel.loudness_ebu128.momentary.var": 8.427406311035156,
                "lowlevel.loudness_ebu128.short_term.dmean": 0.07414408773183823,
                "lowlevel.loudness_ebu128.short_term.dmean2": 0.07232148200273514,
                "lowlevel.loudness_ebu128.short_term.dvar": 0.004542242269963026,
                "lowlevel.loudness_ebu128.short_term.dvar2": 0.0047854105941951275,
                "lowlevel.loudness_ebu128.short_term.max": -9.06822395324707,
                "lowlevel.loudness_ebu128.short_term.mean": -12.674576759338379,
                "lowlevel.loudness_ebu128.short_term.median": -12.327371597290039,
                "lowlevel.loudness_ebu128.short_term.min": -18.66136360168457,
                "lowlevel.loudness_ebu128.short_term.stdev": 2.2172372341156006,
                "lowlevel.loudness_ebu128.short_term.var": 4.916140556335449,
                "lowlevel.spectral_centroid.dmean": 148.99713134765625,
                "lowlevel.spectral_centroid.dmean2": 233.61842346191406,
                "lowlevel.spectral_centroid.dvar": 33690.87109375,
                "lowlevel.spectral_centroid.dvar2": 70816.3359375,
                "lowlevel.spectral_centroid.max": 10399.142578125,
                "lowlevel.spectral_centroid.mean": 1058.43798828125,
                "lowlevel.spectral_centroid.median": 983.93310546875,
                "lowlevel.spectral_centroid.min": 253.6796112060547,
                "lowlevel.spectral_centroid.stdev": 465.61334228515625,
                "lowlevel.spectral_centroid.var": 216795.796875,
                "metadata.audio_properties.analysis.equal_loudness": 0.0,
                "rhythm.beats_loudness.dmean": 0.02476510964334011,
                "rhythm.beats_loudness.dmean2": 0.043178196996450424,
                "rhythm.beats_loudness.dvar": 0.0010982550447806716,
                "rhythm.beats_loudness.dvar2": 0.0030967406928539276,
                "rhythm.beats_loudness.max": 0.23113080859184265,
                "rhythm.beats_loudness.mean": 0.04302750155329704,
                "rhythm.beats_loudness.median": 0.033714812248945236,
                "rhythm.beats_loudness.min": 0.00012100742605980486,
                "rhythm.beats_loudness.stdev": 0.036076921969652176,
                "rhythm.beats_loudness.var": 0.001301544369198382,
                "rhythm.bpm": 152.22531127929688,
                "rhythm.bpm_histogram_first_peak_bpm": 152.0,
                "rhythm.bpm_histogram_first_peak_weight": 0.2434988021850586,
                "rhythm.bpm_histogram_second_peak_bpm": 157.0,
                "rhythm.bpm_histogram_second_peak_spread": 0.17333334684371948,
                "rhythm.bpm_histogram_second_peak_weight": 0.20129869878292084,
                "rhythm.danceability": 1.1497136354446411
            }
        },
        {
            "id": "DQESUfhmDns",
            "title": "Jerry Garcia Band - Dear Prudence | Live at Capitol Theatre (1980)",
            "views": 475454,
            "features": {
                "lowlevel.average_loudness": 0.9164153337478638,
                "lowlevel.loudness_ebu128.integrated": -16.185707092285156,
                "lowlevel.loudness_ebu128.loudness_range": 4.541784286499023,
                "lowlevel.loudness_ebu128.momentary.dmean": 0.6213691234588623,