{
    "song_title": "Death Letter Blues",
    "artist": "Grateful Dead",
    "num_versions_processed": 3,
    "average_features": {
        "lowlevel.loudness_ebu128.momentary.dmean2": 0.8532901406288147,
        "lowlevel.loudness_ebu128.short_term.median": -13.713417371114096,
        "lowlevel.spectral_centroid.median": 972.5696411132812,
        "rhythm.beats_loudness.var": 0.0008213690404469768,
        "rhythm.beats_loudness.dvar": 0.000494702224386856,
        "lowlevel.loudness_ebu128.short_term.stdev": 6.3997124036153155,
        "lowlevel.loudness_ebu128.integrated": -13.287267049153646,
        "rhythm.beats_loudness.max": 0.18251927693684897,
        "lowlevel.spectral_centroid.max": 11177.073893229166,
        "lowlevel.spectral_centroid.min": 140.70123291015625,
        "lowlevel.loudness_ebu128.momentary.stdev": 7.3541685740153,
        "rhythm.bpm": 97.31421661376953,
        "lowlevel.loudness_ebu128.loudness_range": 7.00982125600179,
        "rhythm.beats_loudness.mean": 0.03841043760379156,
        "rhythm.bpm_histogram_second_peak_weight": 0.10207415372133255,
        "metadata.audio_properties.analysis.equal_loudness": 0.0,
        "lowlevel.loudness_ebu128.short_term.var": 75.99827102820079,
        "rhythm.beats_loudness.dvar2": 0.0013602446221436064,
        "rhythm.bpm_histogram_second_peak_bpm": 94.33333333333333,
        "lowlevel.loudness_ebu128.momentary.mean": -15.54715887705485,
        "lowlevel.loudness_ebu128.short_term.max": -9.091469923655191,
        "rhythm.beats_loudness.stdev": 0.02805228593448798,
        "lowlevel.loudness_ebu128.momentary.dmean": 0.7676523923873901,
        "lowlevel.spectral_centroid.mean": 1133.269999186198,
        "lowlevel.spectral_centroid.stdev": 755.8836669921875,
        "rhythm.beats_loudness.median": 0.032101109623909,
        "lowlevel.loudness_ebu128.short_term.dmean": 0.11155357708533604,
        "lowlevel.loudness_ebu128.short_term.dvar2": 0.09274562805270155,
        "rhythm.beats_loudness.dmean2": 0.0388497660557429,
        "lowlevel.loudness_ebu128.short_term.mean": -14.995192209879557,
        "lowlevel.loudness_ebu128.momentary.var": 88.70537106196086,
        "rhythm.beats_loudness.dmean": 0.022662075236439705,
        "lowlevel.loudness_ebu128.momentary.min": -74.06953430175781,
        "lowlevel.loudness_ebu128.momentary.dvar": 0.7760983308156332,
        "lowlevel.spectral_centroid.dmean": 212.46513875325522,
        "lowlevel.spectral_centroid.var": 598105.3020833334,
        "rhythm.beats_loudness.min": 0.00057486246661174,
        "lowlevel.average_loudness": 0.5844561060269674,
        "lowlevel.loudness_ebu128.short_term.dmean2": 0.10464998334646225,
        "lowlevel.loudness_ebu128.short_term.min": -46.42078145345052,
        "rhythm.bpm_histogram_first_peak_bpm": 97.66666666666667,
        "lowlevel.loudness_ebu128.momentary.max": -7.4303568204243975,
        "lowlevel.spectral_centroid.dmean2": 322.66656494140625,
        "rhythm.bpm_histogram_second_peak_spread": 0.2589668432871501,
        "lowlevel.loudness_ebu128.short_term.dvar": 0.07353294050941865,
        "lowlevel.loudness_ebu128.momentary.median": -13.938007990519205,
        "rhythm.danceability": 1.1065940856933594,
        "lowlevel.spectral_centroid.dvar": 66634.88541666667,
        "rhythm.bpm_histogram_first_peak_weight": 0.625088095664978,
        "lowlevel.loudness_ebu128.momentary.dvar2": 1.045969029267629,
        "lowlevel.spectral_centroid.dvar2": 140420.45833333334
    },
    "outlier_flag": false,
    "outlier_reasons": null,
    "raw_versions": [
        {
            "id": "Q63AmuDp_rk",
            "title": "Grateful Dead - Death Letter Blues 10-30-68",
            "views": 34119,
            "features": {
                "lowlevel.average_loudness": 0.4530714452266693,
                "lowlevel.loudness_ebu128.integrated": -11.639982223510742,
                "lowlevel.loudness_ebu128.loudness_range": 8.580924987792969,
                "lowlevel.loudness_ebu128.momentary.dmean": 0.8488773107528687,
                "lowlevel.loudness_ebu128.momentary.dmean2": 0.8864385485649109,
                "lowlevel.loudness_ebu128.momentary.dvar": 0.9496443271636963,
                "lowlevel.loudness_ebu128.momentary.dvar2": 1.0749449729919434,
                "lowlevel.loudness_ebu128.momentary.max": -5.027894496917725,
                "lowlevel.loudness_ebu128.momentary.mean": -13.251173973083496,
                "lowlevel.loudness_ebu128.momentary.median": -12.483329772949219,
                "lowlevel.loudness_ebu128.momentary.min": -90.330322265625,
                "lowlevel.loudness_ebu128.momentary.stdev": 4.214244842529297,
                "lowlevel.loudness_ebu128.momentary.var": 17.759859085083008,
                "lowlevel.loudness_ebu128.short_term.dmean": 0.11961598694324493,
                "lowlevel.loudness_ebu128.short_term.dmean2": 0.1073632687330246,
                "lowlevel.loudness_ebu128.short_term.dvar": 0.014287709258496761,
                "lowlevel.loudness_ebu128.short_term.dvar2": 0.01214624848216772,
                "lowlevel.loudness_ebu128.short_term.max": -6.72531270980835,
                "lowlevel.loudness_ebu128.short_term.mean": -12.678454399108887,
                "lowlevel.loudness_ebu128.short_term.median": -12.112576484680176,
                "lowlevel.loudness_ebu128.short_term.min": -26.7844295501709,
                "lowlevel.loudness_ebu128.short_term.stdev": 3.122209310531616,
                "lowlevel.loudness_ebu128.short_term.var": 9.748190879821777,
                "lowlevel.spectral_centroid.dmean": 205.19342041015625,
                "lowlevel.spectral_centroid.dmean2": 308.7264099121094,
                "lowlevel.spectral_centroid.dvar": 67117.46875,
                "lowlevel.spectral_centroid.dvar2": 138978.046875,
                "lowlevel.spectral_centroid.max": 11573.9072265625,
                "lowlevel.spectral_centroid.mean": 997.7703247070312,
                "lowlevel.spectral_centroid.median": 856.48779296875,
                "lowlevel.spectral_centroid.min": 135.7783660888672,
                "lowlevel.spectral_centroid.stdev": 631.3627319335938,
                "lowlevel.spectral_centroid.var": 398618.875,
                "metadata.audio_properties.analysis.equal_loudness": 0.0,
                "rhythm.beats_loudness.dmean": 0.024043330922722816,
                "rhythm.beats_loudness.dmean2": 0.04119309410452843,
                "rhythm.beats_loudness.dvar": 0.0005600361037068069,
                "rhythm.beats_loudness.dvar2": 0.0015013470547273755,
                "rhythm.beats_loudness.max": 0.2094464749097824,
                "rhythm.beats_loudness.mean": 0.037959013134241104,
                "rhythm.beats_loudness.median": 0.029772866517305374,
                "rhythm.beats_loudness.min": 4.21146432927344e-05,
                "rhythm.beats_loudness.stdev": 0.031402893364429474,
                "rhythm.beats_loudness.var": 0.0009861417347565293,
                "rhythm.bpm": 93.41471099853516,
                "rhythm.bpm_histogram_first_peak_bpm": 94.0,
                "rhythm.bpm_histogram_first_peak_weight": 0.5794117450714111,
                "rhythm.bpm_histogram_second_peak_bpm": 88.0,
                "rhythm.bpm_histogram_second_peak_spread": 0.27906978130340576,
                "rhythm.bpm_histogram_second_peak_weight": 0.0762607604265213,
                "rhythm.danceability": 1.0701923370361328
            }
        },
        {
            "id": "XFzC47EafYo",
            "title": "Grateful Dead- Death Letter Blues 10.30.69",
            "views": 4805,
            "features": {
                "lowlevel.average_loudness": 0.3958698809146881,
                "lowlevel.loudness_ebu128.integrated": -11.645206451416016,
                "lowlevel.loudness_ebu128.loudness_range": 8.635184288024902,
                "lowlevel.loudness_ebu128.momentary.dmean": 0.8224976658821106,