{
    "song_title": "Deep Elem Blues",
    "artist": "Grateful Dead",
    "num_versions_processed": 3,
    "average_features": {
        "lowlevel.loudness_ebu128.momentary.dmean2": 0.9053838054339091,
        "lowlevel.loudness_ebu128.short_term.median": -19.32363478342692,
        "lowlevel.spectral_centroid.median": 750.4010009765625,
        "rhythm.beats_loudness.var": 0.002240881857384617,
        "rhythm.beats_loudness.dvar": 0.0018355940555920824,
        "lowlevel.loudness_ebu128.short_term.stdev": 1.7506486972173054,
        "lowlevel.loudness_ebu128.integrated": -19.115925788879395,
        "rhythm.beats_loudness.max": 0.2369049514333407,
        "lowlevel.spectral_centroid.max": 8661.317057291666,
        "lowlevel.spectral_centroid.min": 203.99541727701822,
        "lowlevel.loudness_ebu128.momentary.stdev": 2.4978206952412925,
        "rhythm.bpm": 119.138916015625,
        "lowlevel.loudness_ebu128.loudness_range": 4.497145970662435,
        "rhythm.beats_loudness.mean": 0.05990583449602127,
        "rhythm.bpm_histogram_second_peak_weight": 0.10256660295029481,
        "metadata.audio_properties.analysis.equal_loudness": 0.0,
        "lowlevel.loudness_ebu128.short_term.var": 3.2654898961385093,
        "rhythm.beats_loudness.dvar2": 0.005269689698858808,
        "rhythm.bpm_histogram_second_peak_bpm": 118.33333333333333,
        "lowlevel.loudness_ebu128.momentary.mean": -19.76640510559082,
        "lowlevel.loudness_ebu128.short_term.max": -15.042368253072103,
        "rhythm.beats_loudness.stdev": 0.04116750073929628,
        "lowlevel.loudness_ebu128.momentary.dmean": 0.7179568409919739,
        "lowlevel.spectral_centroid.mean": 835.4690755208334,
        "lowlevel.spectral_centroid.stdev": 407.29071044921875,
        "rhythm.beats_loudness.median": 0.048614864548047386,
        "lowlevel.loudness_ebu128.short_term.dmean": 0.10192056745290756,
        "lowlevel.loudness_ebu128.short_term.dvar2": 0.012090818801273903,
        "rhythm.beats_loudness.dmean2": 0.07937794427076976,
        "lowlevel.loudness_ebu128.short_term.mean": -19.455208778381348,
        "lowlevel.loudness_ebu128.momentary.var": 6.463151137034099,
        "rhythm.beats_loudness.dmean": 0.043581092109282814,
        "lowlevel.loudness_ebu128.momentary.min": -35.85760752360026,
        "lowlevel.loudness_ebu128.momentary.dvar": 0.4321652849515279,
        "lowlevel.spectral_centroid.dmean": 160.53228251139322,
        "lowlevel.spectral_centroid.var": 171763.74739583334,
        "rhythm.beats_loudness.min": 0.002394463380672581,
        "lowlevel.average_loudness": 0.8345954418182373,
        "lowlevel.loudness_ebu128.short_term.dmean2": 0.12413330624500911,
        "lowlevel.loudness_ebu128.short_term.min": -28.486305236816406,
        "rhythm.bpm_histogram_first_peak_bpm": 120.33333333333333,
        "lowlevel.loudness_ebu128.momentary.max": -12.7507430712382,
        "lowlevel.spectral_centroid.dmean2": 244.71043904622397,
        "rhythm.bpm_histogram_second_peak_spread": 0.0158730149269104,
        "lowlevel.loudness_ebu128.short_term.dvar": 0.00871822036181887,
        "lowlevel.loudness_ebu128.momentary.median": -19.517195065816242,
        "rhythm.danceability": 1.3564534584681194,
        "lowlevel.spectral_centroid.dvar": 40660.141276041664,
        "rhythm.bpm_histogram_first_peak_weight": 0.3199696938196818,
        "lowlevel.loudness_ebu128.momentary.dvar2": 0.6482515931129456,
        "lowlevel.spectral_centroid.dvar2": 85105.44921875
    },
    "outlier_flag": true,
    "outlier_reasons": [
        "BPM Variance: 69.65 (limit 20)"
    ],
    "raw_versions": [
        {
            "id": "qx1LqnIJLj8",
            "title": "Grateful Dead - Deep Elem Blues (acoustic)",
            "views": 1151239,
            "features": {
                "lowlevel.average_loudness": 0.8829277157783508,
                "lowlevel.loudness_ebu128.integrated": -25.74640464782715,
                "lowlevel.loudness_ebu128.loudness_range": 3.2793445587158203,
                "lowlevel.loudness_ebu128.momentary.dmean": 0.6556406021118164,
                "lowlevel.loudness_ebu128.momentary.dmean2": 0.7727130651473999,
                "lowlevel.loudness_ebu128.momentary.dvar": 0.2798457145690918,
                "lowlevel.loudness_ebu128.momentary.dvar2": 0.4207581877708435,
                "lowlevel.loudness_ebu128.momentary.max": -19.389089584350586,
                "lowlevel.loudness_ebu128.momentary.mean": -26.125858306884766,
                "lowlevel.loudness_ebu128.momentary.median": -25.930429458618164,
                "lowlevel.loudness_ebu128.momentary.min": -33.43193054199219,
                "lowlevel.loudness_ebu128.momentary.stdev": 1.8592960834503174,
                "lowlevel.loudness_ebu128.momentary.var": 3.456982135772705,
                "lowlevel.loudness_ebu128.short_term.dmean": 0.08436686545610428,
                "lowlevel.loudness_ebu128.short_term.dmean2": 0.09288770705461502,
                "lowlevel.loudness_ebu128.short_term.dvar": 0.004985743667930365,
                "lowlevel.loudness_ebu128.short_term.dvar2": 0.006460838485509157,
                "lowlevel.loudness_ebu128.short_term.max": -22.71600914001465,
                "lowlevel.loudness_ebu128.short_term.mean": -25.931943893432617,
                "lowlevel.loudness_ebu128.short_term.median": -25.800674438476562,
                "lowlevel.loudness_ebu128.short_term.min": -29.834659576416016,
                "lowlevel.loudness_ebu128.short_term.stdev": 1.1787292957305908,
                "lowlevel.loudness_ebu128.short_term.var": 1.3894028663635254,
                "lowlevel.spectral_centroid.dmean": 119.74258422851562,
                "lowlevel.spectral_centroid.dmean2": 177.5789794921875,
                "lowlevel.spectral_centroid.dvar": 29446.658203125,
                "lowlevel.spectral_centroid.dvar2": 56535.37890625,
                "lowlevel.spectral_centroid.max": 10705.0283203125,
                "lowlevel.spectral_centroid.mean": 662.9066772460938,
                "lowlevel.spectral_centroid.median": 585.8364868164062,
                "lowlevel.spectral_centroid.min": 220.94915771484375,
                "lowlevel.spectral_centroid.stdev": 339.6315612792969,
                "lowlevel.spectral_centroid.var": 115349.6015625,
                "metadata.audio_properties.analysis.equal_loudness": 0.0,
                "rhythm.beats_loudness.dmean": 0.018583541736006737,
                "rhythm.beats_loudness.dmean2": 0.03322766721248627,
                "rhythm.beats_loudness.dvar": 0.0002364290558034554,
                "rhythm.beats_loudness.dvar2": 0.0006753284833393991,
                "rhythm.beats_loudness.max": 0.11475414782762527,
                "rhythm.beats_loudness.mean": 0.03717661276459694,
                "rhythm.beats_loudness.median": 0.033902980387210846,
                "rhythm.beats_loudness.min": 0.0067942519672214985,
                "rhythm.beats_loudness.stdev": 0.01805390976369381,
                "rhythm.beats_loudness.var": 0.0003259436634834856,
                "rhythm.bpm": 97.34033203125,
                "rhythm.bpm_histogram_first_peak_bpm": 98.0,
                "rhythm.bpm_histogram_first_peak_weight": 0.3375314474105835,
                "rhythm.bpm_histogram_second_peak_bpm": 92.0,
                "rhythm.bpm_histogram_second_peak_spread": 0.0,
                "rhythm.bpm_histogram_second_peak_weight": 0.017326733097434044,
                "rhythm.danceability": 1.3290477991104126
            }
        },
        {
            "id": "2n5Njv6IFDU",
            "title": "Dead & Company - Deep Elem Blues (Detroit, MI 11/24/17)",
            "views": 170709,
            "features": {
                "lowlevel.average_loudness": 0.8325492143630981,
                "lowlevel.loudness_ebu128.integrated": -18.061538696289062,
                "lowlevel.loudness_ebu128.loudness_range": 4.844734191894531,