{
    "song_title": "Deep Elem Blues",
    "artist": "Grateful Dead",
    "num_versions_processed": 1,
    "average_features": {
        "lowlevel.spectral_centroid.stdev": 354.81390380859375,
        "lowlevel.spectral_centroid.median": 585.7091674804688,
        "rhythm.beats_loudness.dmean2": 0.033233143389225006,
        "lowlevel.loudness_ebu128.momentary.dvar2": 0.4207180142402649,
        "lowlevel.loudness_ebu128.short_term.stdev": 1.1787186861038208,
        "lowlevel.spectral_centroid.dmean": 120.7536849975586,
        "lowlevel.loudness_ebu128.momentary.stdev": 1.8592839241027832,
        "lowlevel.loudness_ebu128.momentary.var": 3.456936836242676,
        "metadata.audio_properties.analysis.equal_loudness": 0.0,
        "rhythm.beats_loudness.dvar2": 0.0006755731883458793,
        "lowlevel.loudness_ebu128.loudness_range": 3.2795257568359375,
        "lowlevel.loudness_ebu128.momentary.dmean": 0.6556186676025391,
        "lowlevel.spectral_centroid.var": 125892.9140625,
        "rhythm.beats_loudness.dmean": 0.01858661323785782,
        "lowlevel.loudness_ebu128.momentary.dmean2": 0.7726700901985168,
        "lowlevel.loudness_ebu128.short_term.dvar": 0.004985501989722252,
        "lowlevel.loudness_ebu128.short_term.var": 1.3893777132034302,
        "lowlevel.loudness_ebu128.short_term.min": -29.834531784057617,
        "lowlevel.loudness_ebu128.momentary.median": -25.929668426513672,
        "rhythm.bpm_histogram_first_peak_bpm": 98.0,
        "lowlevel.loudness_ebu128.momentary.dvar": 0.27983418107032776,
        "lowlevel.spectral_centroid.dmean2": 178.70497131347656,
        "lowlevel.loudness_ebu128.short_term.max": -22.71603012084961,
        "rhythm.beats_loudness.stdev": 0.018057063221931458,
        "rhythm.beats_loudness.mean": 0.03718307241797447,
        "lowlevel.spectral_centroid.mean": 663.896728515625,
        "rhythm.bpm_histogram_second_peak_spread": 0.0,
        "lowlevel.spectral_centroid.dvar2": 69967.984375,
        "lowlevel.loudness_ebu128.integrated": -25.74639892578125,
        "rhythm.bpm_histogram_first_peak_weight": 0.3375314474105835,
        "rhythm.bpm_histogram_second_peak_bpm": 92.0,
        "lowlevel.loudness_ebu128.short_term.dvar2": 0.0064598796889185905,
        "lowlevel.loudness_ebu128.short_term.median": -25.800704956054688,
        "lowlevel.loudness_ebu128.momentary.max": -19.390012741088867,
        "lowlevel.loudness_ebu128.short_term.mean": -25.931949615478516,
        "rhythm.bpm_histogram_second_peak_weight": 0.017326733097434044,
        "lowlevel.loudness_ebu128.momentary.min": -33.429931640625,
        "rhythm.beats_loudness.median": 0.03390882536768913,
        "lowlevel.spectral_centroid.dvar": 40159.9375,
        "lowlevel.loudness_ebu128.short_term.dmean2": 0.09288216382265091,
        "rhythm.beats_loudness.var": 0.0003260575467720628,
        "lowlevel.spectral_centroid.max": 11025.0029296875,
        "rhythm.beats_loudness.max": 0.11477387696504593,
        "lowlevel.loudness_ebu128.short_term.dmean": 0.0843646377325058,
        "lowlevel.average_loudness": 0.8829294443130493,
        "lowlevel.spectral_centroid.min": 220.96214294433594,
        "rhythm.danceability": 1.3290644884109497,
        "rhythm.beats_loudness.min": 0.006795420311391354,
        "lowlevel.loudness_ebu128.momentary.mean": -26.125856399536133,
        "rhythm.bpm": 97.34033203125,
        "rhythm.beats_loudness.dvar": 0.0002365136460866779
    },
    "outlier_flag": false,
    "outlier_reasons": null,
    "raw_versions": [
        {
            "id": "qx1LqnIJLj8",
            "title": "Grateful Dead - Deep Elem Blues (acoustic)",
            "views": 1151321,
            "features": {
                "lowlevel.average_loudness": 0.8829294443130493,
                "lowlevel.loudness_ebu128.integrated": -25.74639892578125,
                "lowlevel.loudness_ebu128.loudness_range": 3.2795257568359375,
                "lowlevel.loudness_ebu128.momentary.dmean": 0.6556186676025391,
                "lowlevel.loudness_ebu128.momentary.dmean2": 0.7726700901985168,
                "lowlevel.loudness_ebu128.momentary.dvar": 0.27983418107032776,
                "lowlevel.loudness_ebu128.momentary.dvar2": 0.4207180142402649,
                "lowlevel.loudness_ebu128.momentary.max": -19.390012741088867,
                "lowlevel.loudness_ebu128.momentary.mean": -26.125856399536133,
                "lowlevel.loudness_ebu128.momentary.median": -25.929668426513672,
                "lowlevel.loudness_ebu128.momentary.min": -33.429931640625,
                "lowlevel.loudness_ebu128.momentary.stdev": 1.8592839241027832,
                "lowlevel.loudness_ebu128.momentary.var": 3.456936836242676,
                "lowlevel.loudness_ebu128.short_term.dmean": 0.0843646377325058,
                "lowlevel.loudness_ebu128.short_term.dmean2": 0.09288216382265091,
                "lowlevel.loudness_ebu128.short_term.dvar": 0.004985501989722252,
                "lowlevel.loudness_ebu128.short_term.dvar2": 0.0064598796889185905,
                "lowlevel.loudness_ebu128.short_term.max": -22.71603012084961,
                "lowlevel.loudness_ebu128.short_term.mean": -25.931949615478516,
                "lowlevel.loudness_ebu128.short_term.median": -25.800704956054688,
                "lowlevel.loudness_ebu128.short_term.min": -29.834531784057617,
                "lowlevel.loudness_ebu128.short_term.stdev": 1.1787186861038208,
                "lowlevel.loudness_ebu128.short_term.var": 1.3893777132034302,
                "lowlevel.spectral_centroid.dmean": 120.7536849975586,
                "lowlevel.spectral_centroid.dmean2": 178.70497131347656,
                "lowlevel.spectral_centroid.dvar": 40159.9375,
                "lowlevel.spectral_centroid.dvar2": 69967.984375,
                "lowlevel.spectral_centroid.max": 11025.0029296875,
                "lowlevel.spectral_centroid.mean": 663.896728515625,
                "lowlevel.spectral_centroid.median": 585.7091674804688,
                "lowlevel.spectral_centroid.min": 220.96214294433594,
                "lowlevel.spectral_centroid.stdev": 354.81390380859375,
                "lowlevel.spectral_centroid.var": 125892.9140625,
                "metadata.audio_properties.analysis.equal_loudness": 0.0,
                "rhythm.beats_loudness.dmean": 0.01858661323785782,
                "rhythm.beats_loudness.dmean2": 0.033233143389225006,
                "rhythm.beats_loudness.dvar": 0.0002365136460866779,
                "rhythm.beats_loudness.dvar2": 0.0006755731883458793,
                "rhythm.beats_loudness.max": 0.11477387696504593,
                "rhythm.beats_loudness.mean": 0.03718307241797447,
                "rhythm.beats_loudness.median": 0.03390882536768913,
                "rhythm.beats_loudness.min": 0.006795420311391354,
                "rhythm.beats_loudness.stdev": 0.018057063221931458,
                "rhythm.beats_loudness.var": 0.0003260575467720628,
                "rhythm.bpm": 97.34033203125,
                "rhythm.bpm_histogram_first_peak_bpm": 98.0,
                "rhythm.bpm_histogram_first_peak_weight": 0.3375314474105835,
                "rhythm.bpm_histogram_second_peak_bpm": 92.0,
                "rhythm.bpm_histogram_second_peak_spread": 0.0,
                "rhythm.bpm_histogram_second_peak_weight": 0.017326733097434044,
                "rhythm.danceability": 1.3290644884109497
            }
        }
    ]
}