{
    "song_title": "Desolation Row",
    "artist": "Grateful Dead",
    "num_versions_processed": 2,
    "average_features": {
        "rhythm.beats_loudness.dvar": 0.00021597809245577082,
        "lowlevel.loudness_ebu128.momentary.median": -14.241101741790771,
        "lowlevel.loudness_ebu128.short_term.min": -28.752256393432617,
        "lowlevel.loudness_ebu128.short_term.dvar": 0.017657809425145388,
        "rhythm.beats_loudness.dvar2": 0.0006176391034387052,
        "rhythm.beats_loudness.min": 0.00025597087187634315,
        "lowlevel.loudness_ebu128.momentary.min": -45.35641860961914,
        "rhythm.bpm_histogram_second_peak_weight": 0.02988807111978531,
        "lowlevel.spectral_centroid.min": 237.43246459960938,
        "lowlevel.spectral_centroid.var": 405390.4140625,
        "lowlevel.loudness_ebu128.short_term.dvar2": 0.01309845270588994,
        "lowlevel.loudness_ebu128.short_term.stdev": 2.858764410018921,
        "rhythm.beats_loudness.max": 0.151292622089386,
        "lowlevel.loudness_ebu128.momentary.dvar2": 0.6162593364715576,
        "lowlevel.spectral_centroid.dvar2": 148020.6015625,
        "lowlevel.loudness_ebu128.momentary.max": -7.31503438949585,
        "lowlevel.average_loudness": 0.5396769642829895,
        "lowlevel.loudness_ebu128.momentary.var": 15.190658569335938,
        "lowlevel.loudness_ebu128.loudness_range": 7.009113788604736,
        "rhythm.beats_loudness.dmean": 0.01324976934120059,
        "lowlevel.loudness_ebu128.momentary.dvar": 0.495862752199173,
        "metadata.audio_properties.analysis.equal_loudness": 0.0,
        "lowlevel.spectral_centroid.dmean": 206.9268035888672,
        "rhythm.bpm": 119.4398422241211,
        "lowlevel.spectral_centroid.dvar": 85866.04296875,
        "lowlevel.loudness_ebu128.momentary.dmean2": 0.7560352981090546,
        "rhythm.bpm_histogram_first_peak_weight": 0.49303656816482544,
        "rhythm.bpm_histogram_second_peak_spread": 0.1472727358341217,
        "lowlevel.loudness_ebu128.momentary.mean": -14.843199729919434,
        "lowlevel.loudness_ebu128.momentary.dmean": 0.6766431331634521,
        "rhythm.beats_loudness.mean": 0.02308467961847782,
        "rhythm.bpm_histogram_second_peak_bpm": 115.0,
        "lowlevel.loudness_ebu128.integrated": -13.407103538513184,
        "rhythm.beats_loudness.var": 0.0003281243843957782,
        "lowlevel.loudness_ebu128.momentary.stdev": 3.8907341957092285,
        "lowlevel.loudness_ebu128.short_term.var": 8.205495119094849,
        "lowlevel.spectral_centroid.max": 11010.03466796875,
        "rhythm.beats_loudness.dmean2": 0.022797750309109688,
        "rhythm.danceability": 1.0289793014526367,
        "lowlevel.loudness_ebu128.short_term.max": -8.514693260192871,
        "lowlevel.spectral_centroid.mean": 1096.2048645019531,
        "rhythm.beats_loudness.stdev": 0.0181028563529253,
        "lowlevel.loudness_ebu128.short_term.dmean2": 0.09062942489981651,
        "lowlevel.loudness_ebu128.short_term.dmean": 0.11516329646110535,
        "lowlevel.loudness_ebu128.short_term.mean": -14.249170780181885,
        "rhythm.bpm_histogram_first_peak_bpm": 120.0,
        "lowlevel.loudness_ebu128.short_term.median": -13.949356079101562,
        "lowlevel.spectral_centroid.median": 937.6760864257812,
        "lowlevel.spectral_centroid.stdev": 623.1378631591797,
        "lowlevel.spectral_centroid.dmean2": 299.68135833740234,
        "rhythm.beats_loudness.median": 0.019078451208770275
    },
    "outlier_flag": false,
    "outlier_reasons": null,
    "raw_versions": [
        {
            "id": "2_JjFeeYOLs",
            "title": "Grateful Dead-Desolation Row (3-24-90)",
            "views": 290236,
            "features": {
                "lowlevel.average_loudness": 0.8675276637077332,
                "lowlevel.loudness_ebu128.integrated": -9.716209411621094,
                "lowlevel.loudness_ebu128.loudness_range": 6.3463850021362305,
                "lowlevel.loudness_ebu128.momentary.dmean": 0.6228570342063904,
                "lowlevel.loudness_ebu128.momentary.dmean2": 0.6974343657493591,
                "lowlevel.loudness_ebu128.momentary.dvar": 0.4336676597595215,
                "lowlevel.loudness_ebu128.momentary.dvar2": 0.5464363694190979,
                "lowlevel.loudness_ebu128.momentary.max": -5.062177658081055,
                "lowlevel.loudness_ebu128.momentary.mean": -11.118532180786133,
                "lowlevel.loudness_ebu128.momentary.median": -10.002558708190918,
                "lowlevel.loudness_ebu128.momentary.min": -37.58844757080078,
                "lowlevel.loudness_ebu128.momentary.stdev": 4.120614528656006,
                "lowlevel.loudness_ebu128.momentary.var": 16.97946548461914,
                "lowlevel.loudness_ebu128.short_term.dmean": 0.10764309018850327,
                "lowlevel.loudness_ebu128.short_term.dmean2": 0.0847330242395401,
                "lowlevel.loudness_ebu128.short_term.dvar": 0.0197736918926239,
                "lowlevel.loudness_ebu128.short_term.dvar2": 0.015042065642774105,
                "lowlevel.loudness_ebu128.short_term.max": -6.555902481079102,
                "lowlevel.loudness_ebu128.short_term.mean": -10.536477088928223,
                "lowlevel.loudness_ebu128.short_term.median": -9.780872344970703,
                "lowlevel.loudness_ebu128.short_term.min": -30.395225524902344,
                "lowlevel.loudness_ebu128.short_term.stdev": 3.0403172969818115,
                "lowlevel.loudness_ebu128.short_term.var": 9.243529319763184,
                "lowlevel.spectral_centroid.dmean": 153.65948486328125,
                "lowlevel.spectral_centroid.dmean2": 227.4929656982422,
                "lowlevel.spectral_centroid.dvar": 56561.0546875,
                "lowlevel.spectral_centroid.dvar2": 101795.8125,
                "lowlevel.spectral_centroid.max": 10964.1083984375,
                "lowlevel.spectral_centroid.mean": 851.1531372070312,
                "lowlevel.spectral_centroid.median": 727.3406982421875,
                "lowlevel.spectral_centroid.min": 239.03485107421875,
                "lowlevel.spectral_centroid.stdev": 492.4106140136719,
                "lowlevel.spectral_centroid.var": 242468.203125,
                "metadata.audio_properties.analysis.equal_loudness": 0.0,
                "rhythm.beats_loudness.dmean": 0.013885743916034698,
                "rhythm.beats_loudness.dmean2": 0.023888975381851196,
                "rhythm.beats_loudness.dvar": 0.00019175837223883718,
                "rhythm.beats_loudness.dvar2": 0.0005378530477173626,
                "rhythm.beats_loudness.max": 0.13584674894809723,
                "rhythm.beats_loudness.mean": 0.025381267070770264,
                "rhythm.beats_loudness.median": 0.02293664589524269,
                "rhythm.beats_loudness.min": 4.675231684814207e-05,
                "rhythm.beats_loudness.stdev": 0.01746176928281784,
                "rhythm.beats_loudness.var": 0.0003049133811146021,
                "rhythm.bpm": 119.4158935546875,
                "rhythm.bpm_histogram_first_peak_bpm": 120.0,
                "rhythm.bpm_histogram_first_peak_weight": 0.47759854793548584,
                "rhythm.bpm_histogram_second_peak_bpm": 115.0,
                "rhythm.bpm_histogram_second_peak_spread": 0.24000000953674316,
                "rhythm.bpm_histogram_second_peak_weight": 0.016115352511405945,
                "rhythm.danceability": 1.0369336605072021
            }
        },
        {
            "id": "ZeqZl6OgOUA",
            "title": "Grateful Dead - Desolation Row",
            "views": 193593,
            "features": {
                "lowlevel.average_loudness": 0.21182626485824585,
                "lowlevel.loudness_ebu128.integrated": -17.097997665405273,
                "lowlevel.loudness_ebu128.loudness_range": 7.671842575073242,
                "lowlevel.loudness_ebu128.momentary.dmean": 0.7304292321205139,