{
    "song_title": "Doin' That Rag",
    "artist": "Grateful Dead",
    "num_versions_processed": 3,
    "average_features": {
        "lowlevel.loudness_ebu128.momentary.dmean2": 0.9857468406359354,
        "lowlevel.loudness_ebu128.short_term.median": -15.251638730367025,
        "lowlevel.spectral_centroid.median": 742.1253458658854,
        "rhythm.beats_loudness.var": 0.0006658045458607376,
        "rhythm.beats_loudness.dvar": 0.0004607522957182179,
        "lowlevel.loudness_ebu128.short_term.stdev": 6.122785170873006,
        "lowlevel.loudness_ebu128.integrated": -14.604413350423178,
        "rhythm.beats_loudness.max": 0.18180592358112335,
        "lowlevel.spectral_centroid.max": 8603.23388671875,
        "lowlevel.spectral_centroid.min": 154.68487040201822,
        "lowlevel.loudness_ebu128.momentary.stdev": 8.03679863611857,
        "rhythm.bpm": 161.1103719075521,
        "lowlevel.loudness_ebu128.loudness_range": 8.186479568481445,
        "rhythm.beats_loudness.mean": 0.032068284849325814,
        "rhythm.bpm_histogram_second_peak_weight": 0.15768911937872568,
        "metadata.audio_properties.analysis.equal_loudness": 0.0,
        "lowlevel.loudness_ebu128.short_term.var": 43.60918458302816,
        "rhythm.beats_loudness.dvar2": 0.0013711154460906982,
        "rhythm.bpm_histogram_second_peak_bpm": 160.0,
        "lowlevel.loudness_ebu128.momentary.mean": -18.059752146402996,
        "lowlevel.loudness_ebu128.short_term.max": -10.586126645406088,
        "rhythm.beats_loudness.stdev": 0.025752104818820953,
        "lowlevel.loudness_ebu128.momentary.dmean": 0.9701459606488546,
        "lowlevel.spectral_centroid.mean": 844.4654337565104,
        "lowlevel.spectral_centroid.stdev": 504.86095174153644,
        "rhythm.beats_loudness.median": 0.027671742873887222,
        "lowlevel.loudness_ebu128.short_term.dmean": 0.14285465578238168,
        "lowlevel.loudness_ebu128.short_term.dvar2": 0.03470354527235031,
        "rhythm.beats_loudness.dmean2": 0.03642271955808004,
        "lowlevel.loudness_ebu128.short_term.mean": -16.98453934987386,
        "lowlevel.loudness_ebu128.momentary.var": 70.76412582397461,
        "rhythm.beats_loudness.dmean": 0.020455519979198773,
        "lowlevel.loudness_ebu128.momentary.min": -61.791297912597656,
        "lowlevel.loudness_ebu128.momentary.dvar": 1.328409194946289,
        "lowlevel.spectral_centroid.dmean": 156.5367863972982,
        "lowlevel.spectral_centroid.var": 278626.75,
        "rhythm.beats_loudness.min": 3.7141272815214656e-05,
        "lowlevel.average_loudness": 0.6368465920289358,
        "lowlevel.loudness_ebu128.short_term.dmean2": 0.12514793624480566,
        "lowlevel.loudness_ebu128.short_term.min": -53.51008860270182,
        "rhythm.bpm_histogram_first_peak_bpm": 164.0,
        "lowlevel.loudness_ebu128.momentary.max": -8.083022912343344,
        "lowlevel.spectral_centroid.dmean2": 234.75635782877603,
        "rhythm.bpm_histogram_second_peak_spread": 0.2586246728897095,
        "lowlevel.loudness_ebu128.short_term.dvar": 0.040944257751107216,
        "lowlevel.loudness_ebu128.momentary.median": -15.764026323954264,
        "rhythm.danceability": 1.1019018093744914,
        "lowlevel.spectral_centroid.dvar": 46251.242838541664,
        "rhythm.bpm_histogram_first_peak_weight": 0.1849148670832316,
        "lowlevel.loudness_ebu128.momentary.dvar2": 1.7415772080421448,
        "lowlevel.spectral_centroid.dvar2": 91867.15364583333
    },
    "outlier_flag": true,
    "outlier_reasons": [
        "BPM Variance: 24.85 (limit 20)"
    ],
    "raw_versions": [
        {
            "id": "r-l2PleOO6k",
            "title": "Doin' That Rag (2013 Remaster)",
            "views": 286191,
            "features": {
                "lowlevel.average_loudness": 0.8615841865539551,
                "lowlevel.loudness_ebu128.integrated": -15.249874114990234,
                "lowlevel.loudness_ebu128.loudness_range": 5.407794952392578,
                "lowlevel.loudness_ebu128.momentary.dmean": 0.6633515954017639,
                "lowlevel.loudness_ebu128.momentary.dmean2": 0.689518392086029,
                "lowlevel.loudness_ebu128.momentary.dvar": 0.790981650352478,
                "lowlevel.loudness_ebu128.momentary.dvar2": 0.8952576518058777,
                "lowlevel.loudness_ebu128.momentary.max": -10.300312042236328,
                "lowlevel.loudness_ebu128.momentary.mean": -17.927196502685547,
                "lowlevel.loudness_ebu128.momentary.median": -15.792686462402344,
                "lowlevel.loudness_ebu128.momentary.min": -87.64092254638672,
                "lowlevel.loudness_ebu128.momentary.stdev": 9.335711479187012,
                "lowlevel.loudness_ebu128.momentary.var": 87.15550994873047,
                "lowlevel.loudness_ebu128.short_term.dmean": 0.11499902606010437,
                "lowlevel.loudness_ebu128.short_term.dmean2": 0.09663047641515732,
                "lowlevel.loudness_ebu128.short_term.dvar": 0.02508717030286789,
                "lowlevel.loudness_ebu128.short_term.dvar2": 0.014756811782717705,
                "lowlevel.loudness_ebu128.short_term.max": -11.974263191223145,
                "lowlevel.loudness_ebu128.short_term.mean": -16.92267417907715,
                "lowlevel.loudness_ebu128.short_term.median": -15.587793350219727,
                "lowlevel.loudness_ebu128.short_term.min": -80.05745697021484,
                "lowlevel.loudness_ebu128.short_term.stdev": 6.691562175750732,
                "lowlevel.loudness_ebu128.short_term.var": 44.77700424194336,
                "lowlevel.spectral_centroid.dmean": 228.8302764892578,
                "lowlevel.spectral_centroid.dmean2": 347.5601501464844,
                "lowlevel.spectral_centroid.dvar": 66658.578125,
                "lowlevel.spectral_centroid.dvar2": 134478.296875,
                "lowlevel.spectral_centroid.max": 10888.1455078125,
                "lowlevel.spectral_centroid.mean": 1190.9862060546875,
                "lowlevel.spectral_centroid.median": 1067.71533203125,
                "lowlevel.spectral_centroid.min": 160.02841186523438,
                "lowlevel.spectral_centroid.stdev": 712.0133056640625,
                "lowlevel.spectral_centroid.var": 506962.90625,
                "metadata.audio_properties.analysis.equal_loudness": 0.0,
                "rhythm.beats_loudness.dmean": 0.023561935871839523,
                "rhythm.beats_loudness.dmean2": 0.042083386331796646,
                "rhythm.beats_loudness.dvar": 0.0004988871514797211,
                "rhythm.beats_loudness.dvar2": 0.001489116344600916,
                "rhythm.beats_loudness.max": 0.1840808391571045,
                "rhythm.beats_loudness.mean": 0.04533984512090683,
                "rhythm.beats_loudness.median": 0.044256772845983505,
                "rhythm.beats_loudness.min": 1.6419434700765123e-09,
                "rhythm.beats_loudness.stdev": 0.027999719604849815,
                "rhythm.beats_loudness.var": 0.0007839842583052814,
                "rhythm.bpm": 163.65037536621094,
                "rhythm.bpm_histogram_first_peak_bpm": 172.0,
                "rhythm.bpm_histogram_first_peak_weight": 0.0,
                "rhythm.bpm_histogram_second_peak_bpm": 161.0,
                "rhythm.bpm_histogram_second_peak_spread": 0.3922262191772461,
                "rhythm.bpm_histogram_second_peak_weight": 0.21717171370983124,
                "rhythm.danceability": 1.1362756490707397
            }
        },
        {
            "id": "nZCt2mjdPgE",
            "title": "Grateful Dead - Doin That Rag 1969-05-31",
            "views": 13343,
            "features": {
                "lowlevel.average_loudness": 0.4986644685268402,
                "lowlevel.loudness_ebu128.integrated": -14.54571533203125,
                "lowlevel.loudness_ebu128.loudness_range": 7.690145492553711,
                "lowlevel.loudness_ebu128.momentary.dmean": 1.1697455644607544,