{
    "song_title": "Don't Ease Me In",
    "artist": "Grateful Dead",
    "num_versions_processed": 2,
    "average_features": {
        "lowlevel.spectral_centroid.dmean": 174.67577362060547,
        "lowlevel.loudness_ebu128.short_term.mean": -16.887085437774658,
        "rhythm.bpm_histogram_first_peak_weight": 0.37652847170829773,
        "lowlevel.loudness_ebu128.short_term.median": -16.34537696838379,
        "lowlevel.loudness_ebu128.momentary.dvar": 0.3689110577106476,
        "lowlevel.loudness_ebu128.short_term.stdev": 2.9872815012931824,
        "rhythm.bpm_histogram_second_peak_spread": 0.1041666567325592,
        "rhythm.beats_loudness.dmean": 0.014716274105012417,
        "rhythm.beats_loudness.min": 7.008249667705968e-05,
        "lowlevel.loudness_ebu128.momentary.dmean2": 0.6987866461277008,
        "rhythm.danceability": 1.2014878988265991,
        "lowlevel.loudness_ebu128.momentary.stdev": 3.9587873220443726,
        "metadata.audio_properties.analysis.equal_loudness": 0.0,
        "rhythm.beats_loudness.stdev": 0.01841223333030939,
        "lowlevel.loudness_ebu128.momentary.mean": -17.331607818603516,
        "lowlevel.loudness_ebu128.momentary.median": -16.61921453475952,
        "lowlevel.loudness_ebu128.momentary.max": -10.138404846191406,
        "rhythm.beats_loudness.median": 0.02838953398168087,
        "rhythm.beats_loudness.dmean2": 0.025822050869464874,
        "lowlevel.loudness_ebu128.loudness_range": 4.0277018547058105,
        "lowlevel.spectral_centroid.dmean2": 266.8262405395508,
        "lowlevel.loudness_ebu128.integrated": -16.041016578674316,
        "rhythm.beats_loudness.dvar": 0.00022775296383770183,
        "lowlevel.loudness_ebu128.short_term.dmean": 0.09573671221733093,
        "lowlevel.spectral_centroid.var": 249938.3515625,
        "rhythm.beats_loudness.max": 0.11059634760022163,
        "lowlevel.loudness_ebu128.short_term.dmean2": 0.09484566003084183,
        "lowlevel.loudness_ebu128.short_term.max": -13.150508880615234,
        "lowlevel.spectral_centroid.min": 291.43443298339844,
        "lowlevel.average_loudness": 0.7719995677471161,
        "lowlevel.loudness_ebu128.short_term.min": -31.238317489624023,
        "rhythm.bpm_histogram_second_peak_bpm": 153.5,
        "lowlevel.loudness_ebu128.short_term.dvar": 0.008686198852956295,
        "rhythm.beats_loudness.dvar2": 0.0006503025069832802,
        "lowlevel.loudness_ebu128.short_term.var": 11.415908575057983,
        "rhythm.beats_loudness.var": 0.0003418584819883108,
        "rhythm.bpm_histogram_first_peak_bpm": 138.0,
        "lowlevel.loudness_ebu128.momentary.var": 17.41036820411682,
        "lowlevel.spectral_centroid.median": 888.6776733398438,
        "lowlevel.spectral_centroid.stdev": 499.2646179199219,
        "lowlevel.spectral_centroid.max": 11289.21435546875,
        "lowlevel.loudness_ebu128.short_term.dvar2": 0.007155879167839885,
        "rhythm.beats_loudness.mean": 0.030744828283786774,
        "lowlevel.loudness_ebu128.momentary.dmean": 0.6228062808513641,
        "rhythm.bpm": 137.3806610107422,
        "lowlevel.spectral_centroid.dvar": 46440.611328125,
        "lowlevel.spectral_centroid.mean": 1009.2236938476562,
        "lowlevel.loudness_ebu128.momentary.min": -40.699928283691406,
        "lowlevel.loudness_ebu128.momentary.dvar2": 0.48190517723560333,
        "rhythm.bpm_histogram_second_peak_weight": 0.048637112602591515,
        "lowlevel.spectral_centroid.dvar2": 86786.82421875
    },
    "outlier_flag": false,
    "outlier_reasons": null,
    "raw_versions": [
        {
            "id": "lU948ubEDuU",
            "title": "Grateful Dead - Don't Ease Me In - 12/31/1983 - San Francisco Civic Auditorium (Official)",
            "views": 13108,
            "features": {
                "lowlevel.average_loudness": 0.6204892992973328,
                "lowlevel.loudness_ebu128.integrated": -16.590696334838867,
                "lowlevel.loudness_ebu128.loudness_range": 4.373772621154785,
                "lowlevel.loudness_ebu128.momentary.dmean": 0.5829492807388306,
                "lowlevel.loudness_ebu128.momentary.dmean2": 0.6035815477371216,
                "lowlevel.loudness_ebu128.momentary.dvar": 0.32838985323905945,
                "lowlevel.loudness_ebu128.momentary.dvar2": 0.3132878243923187,
                "lowlevel.loudness_ebu128.momentary.max": -10.55501937866211,
                "lowlevel.loudness_ebu128.momentary.mean": -18.571632385253906,
                "lowlevel.loudness_ebu128.momentary.median": -17.536575317382812,
                "lowlevel.loudness_ebu128.momentary.min": -44.20494842529297,
                "lowlevel.loudness_ebu128.momentary.stdev": 5.277260780334473,
                "lowlevel.loudness_ebu128.momentary.var": 27.84947967529297,
                "lowlevel.loudness_ebu128.short_term.dmean": 0.09253039211034775,
                "lowlevel.loudness_ebu128.short_term.dmean2": 0.08157451450824738,
                "lowlevel.loudness_ebu128.short_term.dvar": 0.009538205340504646,
                "lowlevel.loudness_ebu128.short_term.dvar2": 0.006518850103020668,
                "lowlevel.loudness_ebu128.short_term.max": -13.222762107849121,
                "lowlevel.loudness_ebu128.short_term.mean": -18.075448989868164,
                "lowlevel.loudness_ebu128.short_term.median": -17.169795989990234,
                "lowlevel.loudness_ebu128.short_term.min": -40.406394958496094,
                "lowlevel.loudness_ebu128.short_term.stdev": 4.565907001495361,
                "lowlevel.loudness_ebu128.short_term.var": 20.847505569458008,
                "lowlevel.spectral_centroid.dmean": 163.336181640625,
                "lowlevel.spectral_centroid.dmean2": 251.8966827392578,
                "lowlevel.spectral_centroid.dvar": 44783.89453125,
                "lowlevel.spectral_centroid.dvar2": 81099.625,
                "lowlevel.spectral_centroid.max": 11625.103515625,
                "lowlevel.spectral_centroid.mean": 987.607421875,
                "lowlevel.spectral_centroid.median": 873.3555908203125,
                "lowlevel.spectral_centroid.min": 309.6117248535156,
                "lowlevel.spectral_centroid.stdev": 473.31866455078125,
                "lowlevel.spectral_centroid.var": 224030.546875,
                "metadata.audio_properties.analysis.equal_loudness": 0.0,
                "rhythm.beats_loudness.dmean": 0.01361180655658245,
                "rhythm.beats_loudness.dmean2": 0.023603390902280807,
                "rhythm.beats_loudness.dvar": 0.00026843007071875036,
                "rhythm.beats_loudness.dvar2": 0.0007408649544231594,
                "rhythm.beats_loudness.max": 0.11840330064296722,
                "rhythm.beats_loudness.mean": 0.026778198778629303,
                "rhythm.beats_loudness.median": 0.022879470139741898,
                "rhythm.beats_loudness.min": 3.087740333285183e-05,
                "rhythm.beats_loudness.stdev": 0.020099876448512077,
                "rhythm.beats_loudness.var": 0.00040400505531579256,
                "rhythm.bpm": 139.91680908203125,
                "rhythm.bpm_histogram_first_peak_bpm": 140.0,
                "rhythm.bpm_histogram_first_peak_weight": 0.3656885027885437,
                "rhythm.bpm_histogram_second_peak_bpm": 178.0,
                "rhythm.bpm_histogram_second_peak_spread": 0.0,
                "rhythm.bpm_histogram_second_peak_weight": 0.06066536158323288,
                "rhythm.danceability": 1.130412220954895
            }
        },
        {
            "id": "pnhLE_L8ykk",
            "title": "Don't Ease Me In - Grateful Dead - 10-31-1980 Radio City, NY set3-01",
            "views": 17169,
            "features": {
                "lowlevel.average_loudness": 0.9235098361968994,
                "lowlevel.loudness_ebu128.integrated": -15.491336822509766,
                "lowlevel.loudness_ebu128.loudness_range": 3.681631088256836,