{
    "song_title": "Don't Need Love",
    "artist": "Grateful Dead",
    "num_versions_processed": 3,
    "average_features": {
        "lowlevel.loudness_ebu128.short_term.dvar2": 0.015607591718435287,
        "lowlevel.loudness_ebu128.momentary.var": 29.555680592854817,
        "lowlevel.loudness_ebu128.momentary.min": -54.99364725748698,
        "lowlevel.spectral_centroid.dvar": 54264.044270833336,
        "rhythm.beats_loudness.min": 0.00034632874033045197,
        "lowlevel.spectral_centroid.mean": 850.8106689453125,
        "rhythm.beats_loudness.dvar": 0.0003364682197570801,
        "rhythm.bpm_histogram_first_peak_bpm": 80.33333333333333,
        "rhythm.beats_loudness.median": 0.029173240065574646,
        "lowlevel.loudness_ebu128.integrated": -16.511075655619305,
        "lowlevel.loudness_ebu128.short_term.mean": -17.983639399210613,
        "rhythm.beats_loudness.dmean2": 0.03395130733648936,
        "lowlevel.loudness_ebu128.momentary.dvar2": 1.699988603591919,
        "rhythm.bpm_histogram_second_peak_weight": 0.022824985906481743,
        "lowlevel.loudness_ebu128.loudness_range": 8.970089276631674,
        "rhythm.bpm_histogram_second_peak_bpm": 105.0,
        "lowlevel.loudness_ebu128.short_term.min": -38.45623588562012,
        "lowlevel.loudness_ebu128.short_term.stdev": 3.8310662110646567,
        "lowlevel.loudness_ebu128.short_term.dmean2": 0.11072913805643718,
        "lowlevel.loudness_ebu128.short_term.var": 14.719860394795736,
        "rhythm.beats_loudness.mean": 0.03476081291834513,
        "lowlevel.spectral_centroid.max": 10920.368489583334,
        "lowlevel.loudness_ebu128.momentary.dvar": 1.039493441581726,
        "rhythm.beats_loudness.stdev": 0.02543816218773524,
        "lowlevel.loudness_ebu128.momentary.max": -7.282100518544515,
        "lowlevel.spectral_centroid.median": 706.6693522135416,
        "lowlevel.loudness_ebu128.momentary.dmean": 0.9465687473615011,
        "lowlevel.loudness_ebu128.short_term.dvar": 0.017081184312701225,
        "rhythm.beats_loudness.var": 0.0006475207240631183,
        "lowlevel.loudness_ebu128.momentary.stdev": 5.333896001180013,
        "lowlevel.loudness_ebu128.momentary.mean": -18.722763697306316,
        "rhythm.beats_loudness.dmean": 0.019100472331047058,
        "lowlevel.average_loudness": 0.23528498287002245,
        "lowlevel.loudness_ebu128.short_term.median": -17.63106060028076,
        "rhythm.beats_loudness.max": 0.16054774324099222,
        "metadata.audio_properties.analysis.equal_loudness": 0.0,
        "lowlevel.loudness_ebu128.momentary.dmean2": 1.2636359532674153,
        "lowlevel.spectral_centroid.dvar2": 114499.89322916667,
        "lowlevel.loudness_ebu128.short_term.max": -9.905956268310547,
        "lowlevel.spectral_centroid.var": 282524.5416666667,
        "rhythm.bpm_histogram_first_peak_weight": 0.3328024347623189,
        "lowlevel.loudness_ebu128.momentary.median": -17.998570760091145,
        "rhythm.bpm": 79.91134897867839,
        "rhythm.beats_loudness.dvar2": 0.000987243566972514,
        "lowlevel.loudness_ebu128.short_term.dmean": 0.12153603384892146,
        "lowlevel.spectral_centroid.stdev": 526.5761413574219,
        "lowlevel.spectral_centroid.dmean": 165.74815877278647,
        "lowlevel.spectral_centroid.dmean2": 255.13052368164062,
        "rhythm.danceability": 1.073920766512553,
        "lowlevel.spectral_centroid.min": 185.69493103027344,
        "rhythm.bpm_histogram_second_peak_spread": 0.2712643543879191
    },
    "outlier_flag": false,
    "outlier_reasons": null,
    "raw_versions": [
        {
            "id": "pv1ZUGtUlqo",
            "title": "Grateful Dead - Don't Need Love - 10/12/84 Set 2: 1/7",
            "views": 16612,
            "features": {
                "lowlevel.average_loudness": 0.5513248443603516,
                "lowlevel.loudness_ebu128.integrated": -15.458669662475586,
                "lowlevel.loudness_ebu128.loudness_range": 9.411286354064941,
                "lowlevel.loudness_ebu128.momentary.dmean": 0.8685582876205444,
                "lowlevel.loudness_ebu128.momentary.dmean2": 1.1451783180236816,
                "lowlevel.loudness_ebu128.momentary.dvar": 0.7980896234512329,
                "lowlevel.loudness_ebu128.momentary.dvar2": 1.2479004859924316,
                "lowlevel.loudness_ebu128.momentary.max": -6.9500861167907715,
                "lowlevel.loudness_ebu128.momentary.mean": -17.355932235717773,
                "lowlevel.loudness_ebu128.momentary.median": -17.006423950195312,
                "lowlevel.loudness_ebu128.momentary.min": -33.11839294433594,
                "lowlevel.loudness_ebu128.momentary.stdev": 4.220582008361816,
                "lowlevel.loudness_ebu128.momentary.var": 17.813312530517578,
                "lowlevel.loudness_ebu128.short_term.dmean": 0.10495775938034058,
                "lowlevel.loudness_ebu128.short_term.dmean2": 0.09646470844745636,
                "lowlevel.loudness_ebu128.short_term.dvar": 0.01281046587973833,
                "lowlevel.loudness_ebu128.short_term.dvar2": 0.012992269359529018,
                "lowlevel.loudness_ebu128.short_term.max": -10.33761978149414,
                "lowlevel.loudness_ebu128.short_term.mean": -16.82033348083496,
                "lowlevel.loudness_ebu128.short_term.median": -16.67605209350586,
                "lowlevel.loudness_ebu128.short_term.min": -28.748414993286133,
                "lowlevel.loudness_ebu128.short_term.stdev": 3.5399670600891113,
                "lowlevel.loudness_ebu128.short_term.var": 12.531367301940918,
                "lowlevel.spectral_centroid.dmean": 180.10177612304688,
                "lowlevel.spectral_centroid.dmean2": 289.1168518066406,
                "lowlevel.spectral_centroid.dvar": 59729.453125,
                "lowlevel.spectral_centroid.dvar2": 136764.859375,
                "lowlevel.spectral_centroid.max": 11024.908203125,
                "lowlevel.spectral_centroid.mean": 845.6865234375,
                "lowlevel.spectral_centroid.median": 727.3402099609375,
                "lowlevel.spectral_centroid.min": 198.22946166992188,
                "lowlevel.spectral_centroid.stdev": 474.36639404296875,
                "lowlevel.spectral_centroid.var": 225023.46875,
                "metadata.audio_properties.analysis.equal_loudness": 0.0,
                "rhythm.beats_loudness.dmean": 0.01773095689713955,
                "rhythm.beats_loudness.dmean2": 0.031316403299570084,
                "rhythm.beats_loudness.dvar": 0.00025947135873138905,
                "rhythm.beats_loudness.dvar2": 0.0007812067633494735,
                "rhythm.beats_loudness.max": 0.149113267660141,
                "rhythm.beats_loudness.mean": 0.04062696173787117,
                "rhythm.beats_loudness.median": 0.03502136841416359,
                "rhythm.beats_loudness.min": 0.0009349575266242027,
                "rhythm.beats_loudness.stdev": 0.025057679042220116,
                "rhythm.beats_loudness.var": 0.000627887318842113,
                "rhythm.bpm": 79.26860046386719,
                "rhythm.bpm_histogram_first_peak_bpm": 80.0,
                "rhythm.bpm_histogram_first_peak_weight": 0.3863636255264282,
                "rhythm.bpm_histogram_second_peak_bpm": 75.0,
                "rhythm.bpm_histogram_second_peak_spread": 0.0,
                "rhythm.bpm_histogram_second_peak_weight": 0.008196720853447914,
                "rhythm.danceability": 1.1629973649978638
            }
        },
        {
            "id": "phxZQpzHjfs",
            "title": "Grateful Dead-Don't Need Love, 10/26/1985",
            "views": 11403,
            "features": {
                "lowlevel.average_loudness": 0.12625272572040558,
                "lowlevel.loudness_ebu128.integrated": -15.162713050842285,
                "lowlevel.loudness_ebu128.loudness_range": 6.711204528808594,
                "lowlevel.loudness_ebu128.momentary.dmean": 0.9435631632804871,