{
    "song_title": "Don't Think Twice, It's Alright",
    "artist": "Grateful Dead",
    "num_versions_processed": 2,
    "average_features": {
        "rhythm.beats_loudness.dvar": 0.0003197961486876011,
        "lowlevel.loudness_ebu128.momentary.median": -24.038515090942383,
        "lowlevel.loudness_ebu128.short_term.min": -61.7401237487793,
        "lowlevel.loudness_ebu128.short_term.dvar": 0.05925130471587181,
        "rhythm.beats_loudness.dvar2": 0.0008870410965755582,
        "rhythm.beats_loudness.min": 0.0004949878969831012,
        "lowlevel.loudness_ebu128.momentary.min": -64.07655334472656,
        "rhythm.bpm_histogram_second_peak_weight": 0.1331491656601429,
        "lowlevel.spectral_centroid.min": 233.26793670654297,
        "lowlevel.spectral_centroid.var": 1169706.0,
        "lowlevel.loudness_ebu128.short_term.dvar2": 0.03154053632169962,
        "lowlevel.loudness_ebu128.short_term.stdev": 14.351229071617126,
        "rhythm.beats_loudness.max": 0.17847754806280136,
        "lowlevel.loudness_ebu128.momentary.dvar2": 0.5366002023220062,
        "lowlevel.spectral_centroid.dvar2": 88195.099609375,
        "lowlevel.loudness_ebu128.momentary.max": -13.384644985198975,
        "lowlevel.average_loudness": 0.24858797993510962,
        "lowlevel.loudness_ebu128.momentary.var": 334.8896732330322,
        "lowlevel.loudness_ebu128.loudness_range": 10.420608043670654,
        "rhythm.beats_loudness.dmean": 0.010744441766291857,
        "lowlevel.loudness_ebu128.momentary.dvar": 0.4368876665830612,
        "metadata.audio_properties.analysis.equal_loudness": 0.0,
        "lowlevel.spectral_centroid.dmean": 196.15816497802734,
        "rhythm.bpm": 101.04308700561523,
        "lowlevel.spectral_centroid.dvar": 44122.423828125,
        "lowlevel.loudness_ebu128.momentary.dmean2": 0.6831138432025909,
        "rhythm.bpm_histogram_first_peak_weight": 0.3346090018749237,
        "rhythm.bpm_histogram_second_peak_spread": 0.11210256814956665,
        "lowlevel.loudness_ebu128.momentary.mean": -29.084684371948242,
        "lowlevel.loudness_ebu128.momentary.dmean": 0.6005058884620667,
        "rhythm.beats_loudness.mean": 0.022345542442053556,
        "rhythm.bpm_histogram_second_peak_bpm": 119.0,
        "lowlevel.loudness_ebu128.integrated": -21.839272499084473,
        "rhythm.beats_loudness.var": 0.0005595102265942842,
        "lowlevel.loudness_ebu128.momentary.stdev": 14.7951979637146,
        "lowlevel.loudness_ebu128.short_term.var": 324.00013875961304,
        "lowlevel.spectral_centroid.max": 8333.678955078125,
        "rhythm.beats_loudness.dmean2": 0.018635968677699566,
        "rhythm.danceability": 1.03360515832901,
        "lowlevel.loudness_ebu128.short_term.max": -16.149511337280273,
        "lowlevel.spectral_centroid.mean": 1553.9070434570312,
        "rhythm.beats_loudness.stdev": 0.023547708988189697,
        "lowlevel.loudness_ebu128.short_term.dmean2": 0.09721425920724869,
        "lowlevel.loudness_ebu128.short_term.dmean": 0.12186438217759132,
        "lowlevel.loudness_ebu128.short_term.mean": -28.488409996032715,
        "rhythm.bpm_histogram_first_peak_bpm": 101.0,
        "lowlevel.loudness_ebu128.short_term.median": -23.40972328186035,
        "lowlevel.spectral_centroid.median": 1185.7144775390625,
        "lowlevel.spectral_centroid.stdev": 1039.6407165527344,
        "lowlevel.spectral_centroid.dmean2": 302.0985107421875,
        "rhythm.beats_loudness.median": 0.019545521587133408
    },
    "outlier_flag": false,
    "outlier_reasons": null,
    "raw_versions": [
        {
            "id": "DiV_AAdf2eI",
            "title": "Bob Dylan - Don't Think Twice It's alright (live 1965)",
            "views": 244018,
            "features": {
                "lowlevel.average_loudness": 0.027208177372813225,
                "lowlevel.loudness_ebu128.integrated": -25.975910186767578,
                "lowlevel.loudness_ebu128.loudness_range": 11.335479736328125,
                "lowlevel.loudness_ebu128.momentary.dmean": 0.760802149772644,
                "lowlevel.loudness_ebu128.momentary.dmean2": 0.8391493558883667,
                "lowlevel.loudness_ebu128.momentary.dvar": 0.5263810157775879,
                "lowlevel.loudness_ebu128.momentary.dvar2": 0.6278502941131592,
                "lowlevel.loudness_ebu128.momentary.max": -14.681365013122559,
                "lowlevel.loudness_ebu128.momentary.mean": -28.292980194091797,
                "lowlevel.loudness_ebu128.momentary.median": -29.140905380249023,
                "lowlevel.loudness_ebu128.momentary.min": -37.946250915527344,
                "lowlevel.loudness_ebu128.momentary.stdev": 4.0252485275268555,
                "lowlevel.loudness_ebu128.momentary.var": 16.202625274658203,
                "lowlevel.loudness_ebu128.short_term.dmean": 0.15218380093574524,
                "lowlevel.loudness_ebu128.short_term.dmean2": 0.12197879701852798,
                "lowlevel.loudness_ebu128.short_term.dvar": 0.04022202640771866,
                "lowlevel.loudness_ebu128.short_term.dvar2": 0.020431658253073692,
                "lowlevel.loudness_ebu128.short_term.max": -17.92597770690918,
                "lowlevel.loudness_ebu128.short_term.mean": -27.670604705810547,
                "lowlevel.loudness_ebu128.short_term.median": -28.37339973449707,
                "lowlevel.loudness_ebu128.short_term.min": -33.44194030761719,
                "lowlevel.loudness_ebu128.short_term.stdev": 3.4864985942840576,
                "lowlevel.loudness_ebu128.short_term.var": 12.155673027038574,
                "lowlevel.spectral_centroid.dmean": 191.2086944580078,
                "lowlevel.spectral_centroid.dmean2": 275.8084411621094,
                "lowlevel.spectral_centroid.dvar": 61079.296875,
                "lowlevel.spectral_centroid.dvar2": 111243.8203125,
                "lowlevel.spectral_centroid.max": 11024.8447265625,
                "lowlevel.spectral_centroid.mean": 1233.8092041015625,
                "lowlevel.spectral_centroid.median": 964.211669921875,
                "lowlevel.spectral_centroid.min": 236.41641235351562,
                "lowlevel.spectral_centroid.stdev": 741.5581665039062,
                "lowlevel.spectral_centroid.var": 549908.5,
                "metadata.audio_properties.analysis.equal_loudness": 0.0,
                "rhythm.beats_loudness.dmean": 0.010225437581539154,
                "rhythm.beats_loudness.dmean2": 0.01780674420297146,
                "rhythm.beats_loudness.dvar": 0.00042146965279243886,
                "rhythm.beats_loudness.dvar2": 0.0011428726138547063,
                "rhythm.beats_loudness.max": 0.22276155650615692,
                "rhythm.beats_loudness.mean": 0.015223517082631588,
                "rhythm.beats_loudness.median": 0.008820034563541412,
                "rhythm.beats_loudness.min": 0.0009899738943204284,
                "rhythm.beats_loudness.stdev": 0.021308142691850662,
                "rhythm.beats_loudness.var": 0.00045403692638501525,
                "rhythm.bpm": 110.37267303466797,
                "rhythm.bpm_histogram_first_peak_bpm": 110.0,
                "rhythm.bpm_histogram_first_peak_weight": 0.5426356792449951,
                "rhythm.bpm_histogram_second_peak_bpm": 115.0,
                "rhythm.bpm_histogram_second_peak_spread": 0.12820512056350708,
                "rhythm.bpm_histogram_second_peak_weight": 0.0760626420378685,
                "rhythm.danceability": 0.9251872301101685
            }
        },
        {
            "id": "5tnRMZyaWPE",
            "title": "E.Clapton - B.Dylan - Don't Think Twice, It's All Right - LIVE",
            "views": 5456057,
            "features": {
                "lowlevel.average_loudness": 0.469967782497406,
                "lowlevel.loudness_ebu128.integrated": -17.702634811401367,
                "lowlevel.loudness_ebu128.loudness_range": 9.505736351013184,