{
    "song_title": "Down So Long",
    "artist": "Grateful Dead",
    "num_versions_processed": 1,
    "average_features": {
        "lowlevel.spectral_centroid.dmean": 203.36537170410156,
        "lowlevel.loudness_ebu128.short_term.mean": -15.074082374572754,
        "rhythm.bpm_histogram_first_peak_weight": 0.10736191272735596,
        "lowlevel.loudness_ebu128.short_term.median": -14.4019136428833,
        "lowlevel.loudness_ebu128.momentary.dvar": 0.5059340596199036,
        "lowlevel.loudness_ebu128.short_term.stdev": 4.34047269821167,
        "rhythm.bpm_histogram_second_peak_spread": 0.043478310108184814,
        "rhythm.beats_loudness.dmean": 0.018038151785731316,
        "rhythm.beats_loudness.min": 0.00017157038382720202,
        "lowlevel.loudness_ebu128.momentary.dmean2": 0.6400721669197083,
        "rhythm.danceability": 1.1201789379119873,
        "lowlevel.loudness_ebu128.momentary.stdev": 5.140769004821777,
        "metadata.audio_properties.analysis.equal_loudness": 0.0,
        "rhythm.beats_loudness.stdev": 0.021304022520780563,
        "lowlevel.loudness_ebu128.momentary.mean": -15.619856834411621,
        "lowlevel.loudness_ebu128.momentary.median": -14.573183059692383,
        "lowlevel.loudness_ebu128.momentary.max": -4.2220683097839355,
        "rhythm.beats_loudness.median": 0.02756645530462265,
        "rhythm.beats_loudness.dmean2": 0.032597534358501434,
        "lowlevel.loudness_ebu128.loudness_range": 10.228795051574707,
        "lowlevel.spectral_centroid.dmean2": 313.67449951171875,
        "lowlevel.loudness_ebu128.integrated": -13.462235450744629,
        "rhythm.beats_loudness.dvar": 0.0003594500303734094,
        "lowlevel.loudness_ebu128.short_term.dmean": 0.099192775785923,
        "lowlevel.spectral_centroid.var": 273761.8125,
        "rhythm.beats_loudness.max": 0.2285728007555008,
        "lowlevel.loudness_ebu128.short_term.dmean2": 0.09550105035305023,
        "lowlevel.loudness_ebu128.short_term.max": -9.433355331420898,
        "lowlevel.spectral_centroid.min": 350.2467041015625,
        "lowlevel.average_loudness": 0.3320741653442383,
        "lowlevel.loudness_ebu128.short_term.min": -31.889421463012695,
        "rhythm.bpm_histogram_second_peak_bpm": 157.0,
        "lowlevel.loudness_ebu128.short_term.dvar": 0.01632779836654663,
        "rhythm.beats_loudness.dvar2": 0.0009863837622106075,
        "lowlevel.loudness_ebu128.short_term.var": 18.839704513549805,
        "rhythm.beats_loudness.var": 0.0004538614011835307,
        "rhythm.bpm_histogram_first_peak_bpm": 152.0,
        "lowlevel.loudness_ebu128.momentary.var": 26.427507400512695,
        "lowlevel.spectral_centroid.median": 1329.926025390625,
        "lowlevel.spectral_centroid.stdev": 523.2225341796875,
        "lowlevel.spectral_centroid.max": 11024.943359375,
        "lowlevel.loudness_ebu128.short_term.dvar2": 0.011732624843716621,
        "rhythm.beats_loudness.mean": 0.02960727922618389,
        "lowlevel.loudness_ebu128.momentary.dmean": 0.6195956468582153,
        "rhythm.bpm": 153.16024780273438,
        "lowlevel.spectral_centroid.dvar": 40797.85546875,
        "lowlevel.spectral_centroid.mean": 1397.515625,
        "lowlevel.loudness_ebu128.momentary.min": -34.444480895996094,
        "lowlevel.loudness_ebu128.momentary.dvar2": 0.6125807166099548,
        "rhythm.bpm_histogram_second_peak_weight": 0.27304965257644653,
        "lowlevel.spectral_centroid.dvar2": 83679.328125
    },
    "outlier_flag": false,
    "outlier_reasons": null,
    "raw_versions": [
        {
            "id": "VlfiLWERXco",
            "title": "Grateful Dead - Down So Long 12/1/66",
            "views": 3673,
            "features": {
                "lowlevel.average_loudness": 0.3320741653442383,
                "lowlevel.loudness_ebu128.integrated": -13.462235450744629,
                "lowlevel.loudness_ebu128.loudness_range": 10.228795051574707,
                "lowlevel.loudness_ebu128.momentary.dmean": 0.6195956468582153,
                "lowlevel.loudness_ebu128.momentary.dmean2": 0.6400721669197083,
                "lowlevel.loudness_ebu128.momentary.dvar": 0.5059340596199036,
                "lowlevel.loudness_ebu128.momentary.dvar2": 0.6125807166099548,
                "lowlevel.loudness_ebu128.momentary.max": -4.2220683097839355,
                "lowlevel.loudness_ebu128.momentary.mean": -15.619856834411621,
                "lowlevel.loudness_ebu128.momentary.median": -14.573183059692383,
                "lowlevel.loudness_ebu128.momentary.min": -34.444480895996094,
                "lowlevel.loudness_ebu128.momentary.stdev": 5.140769004821777,
                "lowlevel.loudness_ebu128.momentary.var": 26.427507400512695,
                "lowlevel.loudness_ebu128.short_term.dmean": 0.099192775785923,
                "lowlevel.loudness_ebu128.short_term.dmean2": 0.09550105035305023,
                "lowlevel.loudness_ebu128.short_term.dvar": 0.01632779836654663,
                "lowlevel.loudness_ebu128.short_term.dvar2": 0.011732624843716621,
                "lowlevel.loudness_ebu128.short_term.max": -9.433355331420898,
                "lowlevel.loudness_ebu128.short_term.mean": -15.074082374572754,
                "lowlevel.loudness_ebu128.short_term.median": -14.4019136428833,
                "lowlevel.loudness_ebu128.short_term.min": -31.889421463012695,
                "lowlevel.loudness_ebu128.short_term.stdev": 4.34047269821167,
                "lowlevel.loudness_ebu128.short_term.var": 18.839704513549805,
                "lowlevel.spectral_centroid.dmean": 203.36537170410156,
                "lowlevel.spectral_centroid.dmean2": 313.67449951171875,
                "lowlevel.spectral_centroid.dvar": 40797.85546875,
                "lowlevel.spectral_centroid.dvar2": 83679.328125,
                "lowlevel.spectral_centroid.max": 11024.943359375,
                "lowlevel.spectral_centroid.mean": 1397.515625,
                "lowlevel.spectral_centroid.median": 1329.926025390625,
                "lowlevel.spectral_centroid.min": 350.2467041015625,
                "lowlevel.spectral_centroid.stdev": 523.2225341796875,
                "lowlevel.spectral_centroid.var": 273761.8125,
                "metadata.audio_properties.analysis.equal_loudness": 0.0,
                "rhythm.beats_loudness.dmean": 0.018038151785731316,
                "rhythm.beats_loudness.dmean2": 0.032597534358501434,
                "rhythm.beats_loudness.dvar": 0.0003594500303734094,
                "rhythm.beats_loudness.dvar2": 0.0009863837622106075,
                "rhythm.beats_loudness.max": 0.2285728007555008,
                "rhythm.beats_loudness.mean": 0.02960727922618389,
                "rhythm.beats_loudness.median": 0.02756645530462265,
                "rhythm.beats_loudness.min": 0.00017157038382720202,
                "rhythm.beats_loudness.stdev": 0.021304022520780563,
                "rhythm.beats_loudness.var": 0.0004538614011835307,
                "rhythm.bpm": 153.16024780273438,
                "rhythm.bpm_histogram_first_peak_bpm": 152.0,
                "rhythm.bpm_histogram_first_peak_weight": 0.10736191272735596,
                "rhythm.bpm_histogram_second_peak_bpm": 157.0,
                "rhythm.bpm_histogram_second_peak_spread": 0.043478310108184814,
                "rhythm.bpm_histogram_second_peak_weight": 0.27304965257644653,
                "rhythm.danceability": 1.1201789379119873
            }
        }
    ]
}