{
    "song_title": "Down So Long",
    "artist": "Grateful Dead",
    "num_versions_processed": 3,
    "average_features": {
        "lowlevel.loudness_ebu128.momentary.dmean2": 0.8517922560373942,
        "lowlevel.loudness_ebu128.short_term.median": -16.095141728719074,
        "lowlevel.spectral_centroid.median": 962.3713989257812,
        "rhythm.beats_loudness.var": 0.0005796951397011677,
        "rhythm.beats_loudness.dvar": 0.00032544746742739034,
        "lowlevel.loudness_ebu128.short_term.stdev": 4.005587816238403,
        "lowlevel.loudness_ebu128.integrated": -15.46022923787435,
        "rhythm.beats_loudness.max": 0.17292535801728567,
        "lowlevel.spectral_centroid.max": 11019.43359375,
        "lowlevel.spectral_centroid.min": 117.22664642333984,
        "lowlevel.loudness_ebu128.momentary.stdev": 5.7218607266743975,
        "rhythm.bpm": 107.47232309977214,
        "lowlevel.loudness_ebu128.loudness_range": 8.54840342203776,
        "rhythm.beats_loudness.mean": 0.03214676616092523,
        "rhythm.bpm_histogram_second_peak_weight": 0.03995385052015384,
        "metadata.audio_properties.analysis.equal_loudness": 0.0,
        "lowlevel.loudness_ebu128.short_term.var": 17.66577418645223,
        "rhythm.beats_loudness.dvar2": 0.000997608663359036,
        "rhythm.bpm_histogram_second_peak_bpm": 135.66666666666666,
        "lowlevel.loudness_ebu128.momentary.mean": -17.545663515726726,
        "lowlevel.loudness_ebu128.short_term.max": -10.860536893208822,
        "rhythm.beats_loudness.stdev": 0.02383766695857048,
        "lowlevel.loudness_ebu128.momentary.dmean": 0.7427424391110738,
        "lowlevel.spectral_centroid.mean": 1094.2936401367188,
        "lowlevel.spectral_centroid.stdev": 590.5686848958334,
        "rhythm.beats_loudness.median": 0.02761944569647312,
        "lowlevel.loudness_ebu128.short_term.dmean": 0.1186807428797086,
        "lowlevel.loudness_ebu128.short_term.dvar2": 0.02058578220506509,
        "rhythm.beats_loudness.dmean2": 0.03101789578795433,
        "lowlevel.loudness_ebu128.short_term.mean": -16.91620667775472,
        "lowlevel.loudness_ebu128.momentary.var": 33.01790301005045,
        "rhythm.beats_loudness.dmean": 0.01748585483680169,
        "lowlevel.loudness_ebu128.momentary.min": -70.94099680582683,
        "lowlevel.loudness_ebu128.momentary.dvar": 0.6889877518018087,
        "lowlevel.spectral_centroid.dmean": 193.36902872721353,
        "lowlevel.spectral_centroid.var": 361128.4166666667,
        "rhythm.beats_loudness.min": 1.967165162430895e-06,
        "lowlevel.average_loudness": 0.5000889301300049,
        "lowlevel.loudness_ebu128.short_term.dmean2": 0.11252954353888829,
        "lowlevel.loudness_ebu128.short_term.min": -41.7176570892334,
        "rhythm.bpm_histogram_first_peak_bpm": 107.0,
        "lowlevel.loudness_ebu128.momentary.max": -8.732841650644938,
        "lowlevel.spectral_centroid.dmean2": 290.06064860026044,
        "rhythm.bpm_histogram_second_peak_spread": 0.056410253047943115,
        "lowlevel.loudness_ebu128.short_term.dvar": 0.023554968337217968,
        "lowlevel.loudness_ebu128.momentary.median": -16.423665364583332,
        "rhythm.danceability": 1.1122693220774333,
        "lowlevel.spectral_centroid.dvar": 67150.30859375,
        "rhythm.bpm_histogram_first_peak_weight": 0.5554297169049581,
        "lowlevel.loudness_ebu128.momentary.dvar2": 0.9067959984143575,
        "lowlevel.spectral_centroid.dvar2": 129671.41145833333
    },
    "outlier_flag": true,
    "outlier_reasons": [
        "BPM Variance: 44.96 (limit 20)"
    ],
    "raw_versions": [
        {
            "id": "hveoUtdJ2dw",
            "title": "Grateful Dead [4K Remaster]  Goin Down The Road Feelin' Bad - 74 Winterland [Pro Shot]",
            "views": 86220,
            "features": {
                "lowlevel.average_loudness": 0.5940925478935242,
                "lowlevel.loudness_ebu128.integrated": -13.536815643310547,
                "lowlevel.loudness_ebu128.loudness_range": 9.089040756225586,
                "lowlevel.loudness_ebu128.momentary.dmean": 0.7378754615783691,
                "lowlevel.loudness_ebu128.momentary.dmean2": 0.9135559797286987,
                "lowlevel.loudness_ebu128.momentary.dvar": 0.5127636790275574,
                "lowlevel.loudness_ebu128.momentary.dvar2": 0.765587329864502,
                "lowlevel.loudness_ebu128.momentary.max": -6.959500789642334,
                "lowlevel.loudness_ebu128.momentary.mean": -15.50577449798584,
                "lowlevel.loudness_ebu128.momentary.median": -14.530021667480469,
                "lowlevel.loudness_ebu128.momentary.min": -68.65655517578125,
                "lowlevel.loudness_ebu128.momentary.stdev": 5.249107837677002,
                "lowlevel.loudness_ebu128.momentary.var": 27.55313491821289,
                "lowlevel.loudness_ebu128.short_term.dmean": 0.11232104152441025,
                "lowlevel.loudness_ebu128.short_term.dmean2": 0.11568782478570938,
                "lowlevel.loudness_ebu128.short_term.dvar": 0.021694829687476158,
                "lowlevel.loudness_ebu128.short_term.dvar2": 0.016587750986218452,
                "lowlevel.loudness_ebu128.short_term.max": -9.266023635864258,
                "lowlevel.loudness_ebu128.short_term.mean": -15.074284553527832,
                "lowlevel.loudness_ebu128.short_term.median": -13.898462295532227,
                "lowlevel.loudness_ebu128.short_term.min": -43.18214416503906,
                "lowlevel.loudness_ebu128.short_term.stdev": 4.372500419616699,
                "lowlevel.loudness_ebu128.short_term.var": 19.118759155273438,
                "lowlevel.spectral_centroid.dmean": 169.294921875,
                "lowlevel.spectral_centroid.dmean2": 262.17108154296875,
                "lowlevel.spectral_centroid.dvar": 41095.0078125,
                "lowlevel.spectral_centroid.dvar2": 90320.6328125,
                "lowlevel.spectral_centroid.max": 10910.18359375,
                "lowlevel.spectral_centroid.mean": 993.8898315429688,
                "lowlevel.spectral_centroid.median": 909.3267822265625,
                "lowlevel.spectral_centroid.min": 94.58198547363281,
                "lowlevel.spectral_centroid.stdev": 467.34161376953125,
                "lowlevel.spectral_centroid.var": 218408.1875,
                "metadata.audio_properties.analysis.equal_loudness": 0.0,
                "rhythm.beats_loudness.dmean": 0.019709736108779907,
                "rhythm.beats_loudness.dmean2": 0.03488769382238388,
                "rhythm.beats_loudness.dvar": 0.00044824916403740644,
                "rhythm.beats_loudness.dvar2": 0.001421348424628377,
                "rhythm.beats_loudness.max": 0.19159473478794098,
                "rhythm.beats_loudness.mean": 0.03766641020774841,
                "rhythm.beats_loudness.median": 0.03308996185660362,
                "rhythm.beats_loudness.min": 9.961929237078948e-08,
                "rhythm.beats_loudness.stdev": 0.02719745598733425,
                "rhythm.beats_loudness.var": 0.0007397016161121428,
                "rhythm.bpm": 90.6717529296875,
                "rhythm.bpm_histogram_first_peak_bpm": 89.0,
                "rhythm.bpm_histogram_first_peak_weight": 0.5828877091407776,
                "rhythm.bpm_histogram_second_peak_bpm": 172.0,
                "rhythm.bpm_histogram_second_peak_spread": 0.0,
                "rhythm.bpm_histogram_second_peak_weight": 0.0787716954946518,
                "rhythm.danceability": 1.2088367938995361
            }
        },
        {
            "id": "6sFyRQPraJ8",
            "title": "Grateful Dead - So Many Roads - 7/9/95",
            "views": 4824441,
            "features": {
                "lowlevel.average_loudness": 0.2900051474571228,
                "lowlevel.loudness_ebu128.integrated": -16.682247161865234,
                "lowlevel.loudness_ebu128.loudness_range": 10.987137794494629,