{
    "song_title": "Drums",
    "artist": "Grateful Dead",
    "num_versions_processed": 3,
    "average_features": {
        "lowlevel.loudness_ebu128.momentary.dmean2": 0.9816533525784811,
        "lowlevel.loudness_ebu128.short_term.median": -23.475901285807293,
        "lowlevel.spectral_centroid.median": 776.7775268554688,
        "rhythm.beats_loudness.var": 0.0025623952775883176,
        "rhythm.beats_loudness.dvar": 0.0020181066841663173,
        "lowlevel.loudness_ebu128.short_term.stdev": 4.22432295481364,
        "lowlevel.loudness_ebu128.integrated": -22.140656153361004,
        "rhythm.beats_loudness.max": 0.3401879568894704,
        "lowlevel.spectral_centroid.max": 10959.784505208334,
        "lowlevel.spectral_centroid.min": 121.0799560546875,
        "lowlevel.loudness_ebu128.momentary.stdev": 4.998061895370483,
        "rhythm.bpm": 146.48018900553384,
        "lowlevel.loudness_ebu128.loudness_range": 11.574425220489502,
        "rhythm.beats_loudness.mean": 0.03934066121776899,
        "rhythm.bpm_histogram_second_peak_weight": 0.08132151265939076,
        "metadata.audio_properties.analysis.equal_loudness": 0.0,
        "lowlevel.loudness_ebu128.short_term.var": 20.849032402038574,
        "rhythm.beats_loudness.dvar2": 0.006097141459273796,
        "rhythm.bpm_histogram_second_peak_bpm": 127.33333333333333,
        "lowlevel.loudness_ebu128.momentary.mean": -24.875568707784016,
        "lowlevel.loudness_ebu128.short_term.max": -16.539008776346844,
        "rhythm.beats_loudness.stdev": 0.046237981567780174,
        "lowlevel.loudness_ebu128.momentary.dmean": 0.7480270067850748,
        "lowlevel.spectral_centroid.mean": 983.6774698893229,
        "lowlevel.spectral_centroid.stdev": 727.3477172851562,
        "rhythm.beats_loudness.median": 0.02319289743900299,
        "lowlevel.loudness_ebu128.short_term.dmean": 0.12408087402582169,
        "lowlevel.loudness_ebu128.short_term.dvar2": 0.029881793384750683,
        "rhythm.beats_loudness.dmean2": 0.05138741806149483,
        "lowlevel.loudness_ebu128.short_term.mean": -24.340856234232586,
        "lowlevel.loudness_ebu128.momentary.var": 27.587974230448406,
        "rhythm.beats_loudness.dmean": 0.029068140933911007,
        "lowlevel.loudness_ebu128.momentary.min": -57.552802403767906,
        "lowlevel.loudness_ebu128.momentary.dvar": 0.9025180538495382,
        "lowlevel.spectral_centroid.dmean": 262.83795674641925,
        "lowlevel.spectral_centroid.var": 571638.3489583334,
        "rhythm.beats_loudness.min": 0.00010935822259246682,
        "lowlevel.average_loudness": 0.3698395052924752,
        "lowlevel.loudness_ebu128.short_term.dmean2": 0.13225031892458597,
        "lowlevel.loudness_ebu128.short_term.min": -39.63615036010742,
        "rhythm.bpm_histogram_first_peak_bpm": 147.33333333333334,
        "lowlevel.loudness_ebu128.momentary.max": -14.759512265523275,
        "lowlevel.spectral_centroid.dmean2": 422.5209655761719,
        "rhythm.bpm_histogram_second_peak_spread": 0.5333863894144694,
        "lowlevel.loudness_ebu128.short_term.dvar": 0.02511058592547973,
        "lowlevel.loudness_ebu128.momentary.median": -23.858476638793945,
        "rhythm.danceability": 1.129257043202718,
        "lowlevel.spectral_centroid.dvar": 119383.20052083333,
        "rhythm.bpm_histogram_first_peak_weight": 0.33614548047383624,
        "lowlevel.loudness_ebu128.momentary.dvar2": 1.5896817843119304,
        "lowlevel.spectral_centroid.dvar2": 281965.3541666667
    },
    "outlier_flag": true,
    "outlier_reasons": [
        "BPM Variance: 41.98 (limit 20)",
        "Loudness Variance: 20.01 (limit 6.0)"
    ],
    "raw_versions": [
        {
            "id": "sJhu8LC_k-s",
            "title": "grateful dead alpine valley 1989 drums!",
            "views": 44750,
            "features": {
                "lowlevel.average_loudness": 0.5357534885406494,
                "lowlevel.loudness_ebu128.integrated": -10.241605758666992,
                "lowlevel.loudness_ebu128.loudness_range": 7.721965312957764,
                "lowlevel.loudness_ebu128.momentary.dmean": 0.6413992643356323,
                "lowlevel.loudness_ebu128.momentary.dmean2": 0.8721592426300049,
                "lowlevel.loudness_ebu128.momentary.dvar": 0.6578274369239807,
                "lowlevel.loudness_ebu128.momentary.dvar2": 1.1552555561065674,
                "lowlevel.loudness_ebu128.momentary.max": -5.18027400970459,
                "lowlevel.loudness_ebu128.momentary.mean": -11.532313346862793,
                "lowlevel.loudness_ebu128.momentary.median": -10.718029022216797,
                "lowlevel.loudness_ebu128.momentary.min": -29.55751609802246,
                "lowlevel.loudness_ebu128.momentary.stdev": 3.7086832523345947,
                "lowlevel.loudness_ebu128.momentary.var": 13.7543306350708,
                "lowlevel.loudness_ebu128.short_term.dmean": 0.10554434359073639,
                "lowlevel.loudness_ebu128.short_term.dmean2": 0.11900445818901062,
                "lowlevel.loudness_ebu128.short_term.dvar": 0.014853102155029774,
                "lowlevel.loudness_ebu128.short_term.dvar2": 0.017108863219618797,
                "lowlevel.loudness_ebu128.short_term.max": -5.677584648132324,
                "lowlevel.loudness_ebu128.short_term.mean": -11.140700340270996,
                "lowlevel.loudness_ebu128.short_term.median": -10.638277053833008,
                "lowlevel.loudness_ebu128.short_term.min": -25.45273208618164,
                "lowlevel.loudness_ebu128.short_term.stdev": 2.9168834686279297,
                "lowlevel.loudness_ebu128.short_term.var": 8.508209228515625,
                "lowlevel.spectral_centroid.dmean": 393.5943603515625,
                "lowlevel.spectral_centroid.dmean2": 633.1696166992188,
                "lowlevel.spectral_centroid.dvar": 163242.375,
                "lowlevel.spectral_centroid.dvar2": 388682.21875,
                "lowlevel.spectral_centroid.max": 10250.83203125,
                "lowlevel.spectral_centroid.mean": 1510.0482177734375,
                "lowlevel.spectral_centroid.median": 1299.310791015625,
                "lowlevel.spectral_centroid.min": 161.16905212402344,
                "lowlevel.spectral_centroid.stdev": 982.7772827148438,
                "lowlevel.spectral_centroid.var": 965851.1875,
                "metadata.audio_properties.analysis.equal_loudness": 0.0,
                "rhythm.beats_loudness.dmean": 0.029283614829182625,
                "rhythm.beats_loudness.dmean2": 0.05196604132652283,
                "rhythm.beats_loudness.dvar": 0.0013823501067236066,
                "rhythm.beats_loudness.dvar2": 0.0038673472590744495,
                "rhythm.beats_loudness.max": 0.30982303619384766,
                "rhythm.beats_loudness.mean": 0.04136098548769951,
                "rhythm.beats_loudness.median": 0.02985312044620514,
                "rhythm.beats_loudness.min": 0.00021418587130028754,
                "rhythm.beats_loudness.stdev": 0.04158737510442734,
                "rhythm.beats_loudness.var": 0.0017295096768066287,
                "rhythm.bpm": 122.8074951171875,
                "rhythm.bpm_histogram_first_peak_bpm": 123.0,
                "rhythm.bpm_histogram_first_peak_weight": 0.5714285969734192,
                "rhythm.bpm_histogram_second_peak_bpm": 108.0,
                "rhythm.bpm_histogram_second_peak_spread": 0.6115384697914124,
                "rhythm.bpm_histogram_second_peak_weight": 0.09609895199537277,
                "rhythm.danceability": 1.1678433418273926
            }
        },
        {
            "id": "6KT82cGO-RY",
            "title": "Grateful Dead - Drums - 12/31/1981 - Oakland Auditorium (Official)",
            "views": 6642,
            "features": {
                "lowlevel.average_loudness": 0.012865710072219372,
                "lowlevel.loudness_ebu128.integrated": -25.92811393737793,