{
    "song_title": "Drummers' Chant",
    "artist": "Grateful Dead",
    "num_versions_processed": 2,
    "average_features": {
        "lowlevel.loudness_ebu128.momentary.dmean2": 1.2402088642120361,
        "lowlevel.loudness_ebu128.short_term.median": -20.365281105041504,
        "lowlevel.spectral_centroid.median": 1298.8751220703125,
        "rhythm.beats_loudness.var": 0.0013431872939690948,
        "rhythm.beats_loudness.dvar": 0.0010325035254936665,
        "lowlevel.loudness_ebu128.short_term.stdev": 4.605443477630615,
        "lowlevel.loudness_ebu128.integrated": -18.271307945251465,
        "rhythm.beats_loudness.max": 0.3196938931941986,
        "lowlevel.spectral_centroid.max": 10927.22265625,
        "lowlevel.spectral_centroid.min": 131.60242462158203,
        "lowlevel.loudness_ebu128.momentary.stdev": 5.672960638999939,
        "rhythm.bpm": 122.78424072265625,
        "lowlevel.loudness_ebu128.loudness_range": 11.541847944259644,
        "rhythm.beats_loudness.mean": 0.03169896546751261,
        "rhythm.bpm_histogram_second_peak_weight": 0.10570288076996803,
        "metadata.audio_properties.analysis.equal_loudness": 0.0,
        "lowlevel.loudness_ebu128.short_term.var": 24.06134605407715,
        "rhythm.beats_loudness.dvar2": 0.0029558857204392552,
        "rhythm.bpm_histogram_second_peak_bpm": 112.5,
        "lowlevel.loudness_ebu128.momentary.mean": -21.36109495162964,
        "lowlevel.loudness_ebu128.short_term.max": -12.50575590133667,
        "rhythm.beats_loudness.stdev": 0.03626030404120684,
        "lowlevel.loudness_ebu128.momentary.dmean": 0.8782418966293335,
        "lowlevel.spectral_centroid.mean": 1461.4324951171875,
        "lowlevel.spectral_centroid.stdev": 893.7378540039062,
        "rhythm.beats_loudness.median": 0.019574514590203762,
        "lowlevel.loudness_ebu128.short_term.dmean": 0.13003069907426834,
        "lowlevel.loudness_ebu128.short_term.dvar2": 0.04670421313494444,
        "rhythm.beats_loudness.dmean2": 0.0405092965811491,
        "lowlevel.loudness_ebu128.short_term.mean": -20.70665979385376,
        "lowlevel.loudness_ebu128.momentary.var": 36.0408673286438,
        "rhythm.beats_loudness.dmean": 0.02275982964783907,
        "lowlevel.loudness_ebu128.momentary.min": -59.78593349456787,
        "lowlevel.loudness_ebu128.momentary.dvar": 1.3902632296085358,
        "lowlevel.spectral_centroid.dmean": 352.2599182128906,
        "lowlevel.spectral_centroid.var": 806753.65625,
        "rhythm.beats_loudness.min": 0.00010709882513548763,
        "lowlevel.average_loudness": 0.3182377964258194,
        "lowlevel.loudness_ebu128.short_term.dmean2": 0.15581105649471283,
        "lowlevel.loudness_ebu128.short_term.min": -49.70522117614746,
        "rhythm.bpm_histogram_first_peak_bpm": 123.0,
        "lowlevel.loudness_ebu128.momentary.max": -11.309134006500244,
        "lowlevel.spectral_centroid.dmean2": 555.3974151611328,
        "rhythm.bpm_histogram_second_peak_spread": 0.4596153795719147,
        "lowlevel.loudness_ebu128.short_term.dvar": 0.03563839057460427,
        "lowlevel.loudness_ebu128.momentary.median": -20.56613540649414,
        "rhythm.danceability": 1.1822903156280518,
        "lowlevel.spectral_centroid.dvar": 144927.62109375,
        "rhythm.bpm_histogram_first_peak_weight": 0.5740785300731659,
        "lowlevel.loudness_ebu128.momentary.dvar2": 2.673979878425598,
        "lowlevel.spectral_centroid.dvar2": 330850.484375
    },
    "outlier_flag": true,
    "outlier_reasons": [
        "Loudness Variance: 16.06 (limit 6.0)"
    ],
    "raw_versions": [
        {
            "id": "sJhu8LC_k-s",
            "title": "grateful dead alpine valley 1989 drums!",
            "views": 44750,
            "features": {
                "lowlevel.average_loudness": 0.5357534885406494,
                "lowlevel.loudness_ebu128.integrated": -10.241605758666992,
                "lowlevel.loudness_ebu128.loudness_range": 7.721965312957764,
                "lowlevel.loudness_ebu128.momentary.dmean": 0.6413992643356323,
                "lowlevel.loudness_ebu128.momentary.dmean2": 0.8721592426300049,
                "lowlevel.loudness_ebu128.momentary.dvar": 0.6578274369239807,
                "lowlevel.loudness_ebu128.momentary.dvar2": 1.1552555561065674,
                "lowlevel.loudness_ebu128.momentary.max": -5.18027400970459,
                "lowlevel.loudness_ebu128.momentary.mean": -11.532313346862793,
                "lowlevel.loudness_ebu128.momentary.median": -10.718029022216797,
                "lowlevel.loudness_ebu128.momentary.min": -29.55751609802246,
                "lowlevel.loudness_ebu128.momentary.stdev": 3.7086832523345947,
                "lowlevel.loudness_ebu128.momentary.var": 13.7543306350708,
                "lowlevel.loudness_ebu128.short_term.dmean": 0.10554434359073639,
                "lowlevel.loudness_ebu128.short_term.dmean2": 0.11900445818901062,
                "lowlevel.loudness_ebu128.short_term.dvar": 0.014853102155029774,
                "lowlevel.loudness_ebu128.short_term.dvar2": 0.017108863219618797,
                "lowlevel.loudness_ebu128.short_term.max": -5.677584648132324,
                "lowlevel.loudness_ebu128.short_term.mean": -11.140700340270996,
                "lowlevel.loudness_ebu128.short_term.median": -10.638277053833008,
                "lowlevel.loudness_ebu128.short_term.min": -25.45273208618164,
                "lowlevel.loudness_ebu128.short_term.stdev": 2.9168834686279297,
                "lowlevel.loudness_ebu128.short_term.var": 8.508209228515625,
                "lowlevel.spectral_centroid.dmean": 393.6296081542969,
                "lowlevel.spectral_centroid.dmean2": 633.204833984375,
                "lowlevel.spectral_centroid.dvar": 163623.75,
                "lowlevel.spectral_centroid.dvar2": 389052.9375,
                "lowlevel.spectral_centroid.max": 11041.5380859375,
                "lowlevel.spectral_centroid.mean": 1510.08349609375,
                "lowlevel.spectral_centroid.median": 1299.310791015625,
                "lowlevel.spectral_centroid.min": 161.16905212402344,
                "lowlevel.spectral_centroid.stdev": 983.10400390625,
                "lowlevel.spectral_centroid.var": 966493.5,
                "metadata.audio_properties.analysis.equal_loudness": 0.0,
                "rhythm.beats_loudness.dmean": 0.029283614829182625,
                "rhythm.beats_loudness.dmean2": 0.05196604132652283,
                "rhythm.beats_loudness.dvar": 0.0013823501067236066,
                "rhythm.beats_loudness.dvar2": 0.0038673472590744495,
                "rhythm.beats_loudness.max": 0.30982303619384766,
                "rhythm.beats_loudness.mean": 0.04136098548769951,
                "rhythm.beats_loudness.median": 0.02985312044620514,
                "rhythm.beats_loudness.min": 0.00021418587130028754,
                "rhythm.beats_loudness.stdev": 0.04158737510442734,
                "rhythm.beats_loudness.var": 0.0017295096768066287,
                "rhythm.bpm": 122.8074951171875,
                "rhythm.bpm_histogram_first_peak_bpm": 123.0,
                "rhythm.bpm_histogram_first_peak_weight": 0.5714285969734192,
                "rhythm.bpm_histogram_second_peak_bpm": 108.0,
                "rhythm.bpm_histogram_second_peak_spread": 0.6115384697914124,
                "rhythm.bpm_histogram_second_peak_weight": 0.09609895199537277,
                "rhythm.danceability": 1.1678433418273926
            }
        },
        {
            "id": "Kqe3UKuilow",
            "title": "\"Jerry drums\" - Grateful Dead - 4-12-1978 - Duke Univ, Durham, NC set2-06",
            "views": 16090,
            "features": {
                "lowlevel.average_loudness": 0.10072210431098938,
                "lowlevel.loudness_ebu128.integrated": -26.301010131835938,
                "lowlevel.loudness_ebu128.loudness_range": 15.361730575561523,