{
    "song_title": "Easy To Love You",
    "artist": "Grateful Dead",
    "num_versions_processed": 3,
    "average_features": {
        "lowlevel.loudness_ebu128.short_term.dvar2": 0.012329346810777983,
        "lowlevel.loudness_ebu128.momentary.var": 16.024812698364258,
        "lowlevel.loudness_ebu128.momentary.min": -42.6958974202474,
        "lowlevel.spectral_centroid.dvar": 49034.097005208336,
        "rhythm.beats_loudness.min": 0.00016135215021980306,
        "lowlevel.spectral_centroid.mean": 1123.695821126302,
        "rhythm.beats_loudness.dvar": 0.00029469304718077183,
        "rhythm.bpm_histogram_first_peak_bpm": 117.0,
        "rhythm.beats_loudness.median": 0.025234968091050785,
        "lowlevel.loudness_ebu128.integrated": -16.617595036824543,
        "lowlevel.loudness_ebu128.short_term.mean": -17.631098747253418,
        "rhythm.beats_loudness.dmean2": 0.027464235201478004,
        "lowlevel.loudness_ebu128.momentary.dvar2": 0.9163915912310282,
        "rhythm.bpm_histogram_second_peak_weight": 0.058842370907465615,
        "lowlevel.loudness_ebu128.loudness_range": 8.032232284545898,
        "rhythm.bpm_histogram_second_peak_bpm": 114.33333333333333,
        "lowlevel.loudness_ebu128.short_term.min": -31.70642344156901,
        "lowlevel.loudness_ebu128.short_term.stdev": 3.181765158971151,
        "lowlevel.loudness_ebu128.short_term.dmean2": 0.10535261780023575,
        "lowlevel.loudness_ebu128.short_term.var": 10.273407300313314,
        "rhythm.beats_loudness.mean": 0.028666770706574123,
        "lowlevel.spectral_centroid.max": 6295.895182291667,
        "lowlevel.loudness_ebu128.momentary.dvar": 0.5111865599950155,
        "rhythm.beats_loudness.stdev": 0.02156189704934756,
        "lowlevel.loudness_ebu128.momentary.max": -9.535566012064615,
        "lowlevel.spectral_centroid.median": 1027.1126708984375,
        "lowlevel.loudness_ebu128.momentary.dmean": 0.74392169713974,
        "lowlevel.loudness_ebu128.short_term.dvar": 0.012142344688375791,
        "rhythm.beats_loudness.var": 0.0004657348714924107,
        "lowlevel.loudness_ebu128.momentary.stdev": 3.9702316919962564,
        "lowlevel.loudness_ebu128.momentary.mean": -18.119954744974773,
        "rhythm.beats_loudness.dmean": 0.015986695885658264,
        "lowlevel.average_loudness": 0.5173106330136458,
        "lowlevel.loudness_ebu128.short_term.median": -16.886672655741375,
        "rhythm.beats_loudness.max": 0.16171001394589743,
        "metadata.audio_properties.analysis.equal_loudness": 0.0,
        "lowlevel.loudness_ebu128.momentary.dmean2": 0.9703468283017477,
        "lowlevel.spectral_centroid.dvar2": 106747.95963541667,
        "lowlevel.loudness_ebu128.short_term.max": -12.20474624633789,
        "lowlevel.spectral_centroid.var": 276064.4166666667,
        "rhythm.bpm_histogram_first_peak_weight": 0.4625658392906189,
        "lowlevel.loudness_ebu128.momentary.median": -17.276025772094727,
        "rhythm.bpm": 117.47160085042317,
        "rhythm.beats_loudness.dvar2": 0.0008082641870714724,
        "lowlevel.loudness_ebu128.short_term.dmean": 0.10537692407766978,
        "lowlevel.spectral_centroid.stdev": 517.3994852701823,
        "lowlevel.spectral_centroid.dmean": 195.7459971110026,
        "lowlevel.spectral_centroid.dmean2": 302.6029764811198,
        "rhythm.danceability": 1.1711411873499553,
        "lowlevel.spectral_centroid.min": 237.4569295247396,
        "rhythm.bpm_histogram_second_peak_spread": 0.4286536971728007
    },
    "outlier_flag": false,
    "outlier_reasons": null,
    "raw_versions": [
        {
            "id": "XrUTNG7QL5c",
            "title": "The Grateful Dead - Easy To Love You - 03-15-1990 - Capital Center - Landover, Md",
            "views": 28761,
            "features": {
                "lowlevel.average_loudness": 0.6589009165763855,
                "lowlevel.loudness_ebu128.integrated": -15.619756698608398,
                "lowlevel.loudness_ebu128.loudness_range": 7.057167053222656,
                "lowlevel.loudness_ebu128.momentary.dmean": 0.6687615513801575,
                "lowlevel.loudness_ebu128.momentary.dmean2": 0.9099085927009583,
                "lowlevel.loudness_ebu128.momentary.dvar": 0.40067434310913086,
                "lowlevel.loudness_ebu128.momentary.dvar2": 0.760461688041687,
                "lowlevel.loudness_ebu128.momentary.max": -8.6436767578125,
                "lowlevel.loudness_ebu128.momentary.mean": -16.690874099731445,
                "lowlevel.loudness_ebu128.momentary.median": -15.942169189453125,
                "lowlevel.loudness_ebu128.momentary.min": -53.45147705078125,
                "lowlevel.loudness_ebu128.momentary.stdev": 3.5725417137145996,
                "lowlevel.loudness_ebu128.momentary.var": 12.763053894042969,
                "lowlevel.loudness_ebu128.short_term.dmean": 0.09462783485651016,
                "lowlevel.loudness_ebu128.short_term.dmean2": 0.10419058799743652,
                "lowlevel.loudness_ebu128.short_term.dvar": 0.008988997898995876,
                "lowlevel.loudness_ebu128.short_term.dvar2": 0.010713758878409863,
                "lowlevel.loudness_ebu128.short_term.max": -12.245941162109375,
                "lowlevel.loudness_ebu128.short_term.mean": -16.32231330871582,
                "lowlevel.loudness_ebu128.short_term.median": -15.555281639099121,
                "lowlevel.loudness_ebu128.short_term.min": -30.758291244506836,
                "lowlevel.loudness_ebu128.short_term.stdev": 2.7894206047058105,
                "lowlevel.loudness_ebu128.short_term.var": 7.780867576599121,
                "lowlevel.spectral_centroid.dmean": 212.38291931152344,
                "lowlevel.spectral_centroid.dmean2": 326.27508544921875,
                "lowlevel.spectral_centroid.dvar": 56295.92578125,
                "lowlevel.spectral_centroid.dvar2": 122737.3125,
                "lowlevel.spectral_centroid.max": 10826.7138671875,
                "lowlevel.spectral_centroid.mean": 1163.09814453125,
                "lowlevel.spectral_centroid.median": 1057.9075927734375,
                "lowlevel.spectral_centroid.min": 255.56597900390625,
                "lowlevel.spectral_centroid.stdev": 538.2839965820312,
                "lowlevel.spectral_centroid.var": 289749.65625,
                "metadata.audio_properties.analysis.equal_loudness": 0.0,
                "rhythm.beats_loudness.dmean": 0.015867171809077263,
                "rhythm.beats_loudness.dmean2": 0.02722914330661297,
                "rhythm.beats_loudness.dvar": 0.0002886763832066208,
                "rhythm.beats_loudness.dvar2": 0.0008010550518520176,
                "rhythm.beats_loudness.max": 0.19659605622291565,
                "rhythm.beats_loudness.mean": 0.0318128727376461,
                "rhythm.beats_loudness.median": 0.028915269300341606,
                "rhythm.beats_loudness.min": 0.00010838159505510703,
                "rhythm.beats_loudness.stdev": 0.02201125957071781,
                "rhythm.beats_loudness.var": 0.0004844955401495099,
                "rhythm.bpm": 117.02853393554688,
                "rhythm.bpm_histogram_first_peak_bpm": 117.0,
                "rhythm.bpm_histogram_first_peak_weight": 0.39344263076782227,
                "rhythm.bpm_histogram_second_peak_bpm": 112.0,
                "rhythm.bpm_histogram_second_peak_spread": 0.585106372833252,
                "rhythm.bpm_histogram_second_peak_weight": 0.0625,
                "rhythm.danceability": 1.2238245010375977
            }
        },
        {
            "id": "PtjaV6Y1_cs",
            "title": "Grateful Dead \"Easy To Love You\" March 15, 1990 Capital Center, Landover, MD",
            "views": 4413,
            "features": {
                "lowlevel.average_loudness": 0.049347978085279465,
                "lowlevel.loudness_ebu128.integrated": -19.579345703125,
                "lowlevel.loudness_ebu128.loudness_range": 9.183345794677734,