{
    "song_title": "Easy Wind",
    "artist": "Grateful Dead",
    "num_versions_processed": 2,
    "average_features": {
        "lowlevel.loudness_ebu128.momentary.dmean2": 0.7294861972332001,
        "lowlevel.loudness_ebu128.short_term.median": -18.524638175964355,
        "lowlevel.spectral_centroid.median": 1080.262939453125,
        "rhythm.beats_loudness.var": 0.0003840828940155916,
        "rhythm.beats_loudness.dvar": 0.00032064229890238494,
        "lowlevel.loudness_ebu128.short_term.stdev": 3.0472598671913147,
        "lowlevel.loudness_ebu128.integrated": -17.580215454101562,
        "rhythm.beats_loudness.max": 0.12961365655064583,
        "lowlevel.spectral_centroid.max": 11089.92724609375,
        "lowlevel.spectral_centroid.min": 191.21417999267578,
        "lowlevel.loudness_ebu128.momentary.stdev": 4.8289395570755005,
        "rhythm.bpm": 139.45306396484375,
        "lowlevel.loudness_ebu128.loudness_range": 6.129866600036621,
        "rhythm.beats_loudness.mean": 0.025686840526759624,
        "rhythm.bpm_histogram_second_peak_weight": 0.18440502509474754,
        "metadata.audio_properties.analysis.equal_loudness": 0.0,
        "lowlevel.loudness_ebu128.short_term.var": 11.721087574958801,
        "rhythm.beats_loudness.dvar2": 0.0009492374229012057,
        "rhythm.bpm_histogram_second_peak_bpm": 94.5,
        "lowlevel.loudness_ebu128.momentary.mean": -19.277111053466797,
        "lowlevel.loudness_ebu128.short_term.max": -12.11339521408081,
        "rhythm.beats_loudness.stdev": 0.01883349008858204,
        "lowlevel.loudness_ebu128.momentary.dmean": 0.6733160316944122,
        "lowlevel.spectral_centroid.mean": 1147.9550170898438,
        "lowlevel.spectral_centroid.stdev": 494.8750457763672,
        "rhythm.beats_loudness.median": 0.02196325734257698,
        "lowlevel.loudness_ebu128.short_term.dmean": 0.11024234816431999,
        "lowlevel.loudness_ebu128.short_term.dvar2": 0.015168101992458105,
        "rhythm.beats_loudness.dmean2": 0.021896407939493656,
        "lowlevel.loudness_ebu128.short_term.mean": -18.611693382263184,
        "lowlevel.loudness_ebu128.momentary.var": 27.648093461990356,
        "rhythm.beats_loudness.dmean": 0.012696565128862858,
        "lowlevel.loudness_ebu128.momentary.min": -65.95968246459961,
        "lowlevel.loudness_ebu128.momentary.dvar": 0.5282693356275558,
        "lowlevel.spectral_centroid.dmean": 179.0325927734375,
        "lowlevel.spectral_centroid.var": 255138.796875,
        "rhythm.beats_loudness.min": 0.00010252628830753618,
        "lowlevel.average_loudness": 0.4940706044435501,
        "lowlevel.loudness_ebu128.short_term.dmean2": 0.09679866582155228,
        "lowlevel.loudness_ebu128.short_term.min": -45.918548583984375,
        "rhythm.bpm_histogram_first_peak_bpm": 140.5,
        "lowlevel.loudness_ebu128.momentary.max": -9.979425072669983,
        "lowlevel.spectral_centroid.dmean2": 263.8723449707031,
        "rhythm.bpm_histogram_second_peak_spread": 0.4573356807231903,
        "lowlevel.loudness_ebu128.short_term.dvar": 0.020626549841836095,
        "lowlevel.loudness_ebu128.momentary.median": -18.7922420501709,
        "rhythm.danceability": 1.0576030015945435,
        "lowlevel.spectral_centroid.dvar": 43782.8544921875,
        "rhythm.bpm_histogram_first_peak_weight": 0.3058139383792877,
        "lowlevel.loudness_ebu128.momentary.dvar2": 0.7035879194736481,
        "lowlevel.spectral_centroid.dvar2": 87627.8125
    },
    "outlier_flag": true,
    "outlier_reasons": [
        "BPM Variance: 90.24 (limit 20)"
    ],
    "raw_versions": [
        {
            "id": "SWIP2nQkBaw",
            "title": "Easy Wind (Live, New York, May 15, 1970)",
            "views": 22331,
            "features": {
                "lowlevel.average_loudness": 0.0527319610118866,
                "lowlevel.loudness_ebu128.integrated": -14.83187484741211,
                "lowlevel.loudness_ebu128.loudness_range": 9.197534561157227,
                "lowlevel.loudness_ebu128.momentary.dmean": 0.7693151831626892,
                "lowlevel.loudness_ebu128.momentary.dmean2": 0.8382747769355774,
                "lowlevel.loudness_ebu128.momentary.dvar": 0.7188422679901123,
                "lowlevel.loudness_ebu128.momentary.dvar2": 0.953095555305481,
                "lowlevel.loudness_ebu128.momentary.max": -3.1577579975128174,
                "lowlevel.loudness_ebu128.momentary.mean": -17.621501922607422,
                "lowlevel.loudness_ebu128.momentary.median": -17.23698616027832,
                "lowlevel.loudness_ebu128.momentary.min": -88.11438751220703,
                "lowlevel.loudness_ebu128.momentary.stdev": 6.909669399261475,
                "lowlevel.loudness_ebu128.momentary.var": 47.7435302734375,
                "lowlevel.loudness_ebu128.short_term.dmean": 0.1378234177827835,
                "lowlevel.loudness_ebu128.short_term.dmean2": 0.11993815004825592,
                "lowlevel.loudness_ebu128.short_term.dvar": 0.03519432246685028,
                "lowlevel.loudness_ebu128.short_term.dvar2": 0.025224843993782997,
                "lowlevel.loudness_ebu128.short_term.max": -6.705309867858887,
                "lowlevel.loudness_ebu128.short_term.mean": -16.654693603515625,
                "lowlevel.loudness_ebu128.short_term.median": -16.722881317138672,
                "lowlevel.loudness_ebu128.short_term.min": -58.44517517089844,
                "lowlevel.loudness_ebu128.short_term.stdev": 4.6078033447265625,
                "lowlevel.loudness_ebu128.short_term.var": 21.231849670410156,
                "lowlevel.spectral_centroid.dmean": 202.93321228027344,
                "lowlevel.spectral_centroid.dmean2": 296.7625732421875,
                "lowlevel.spectral_centroid.dvar": 57951.22265625,
                "lowlevel.spectral_centroid.dvar2": 115096.3828125,
                "lowlevel.spectral_centroid.max": 11321.2431640625,
                "lowlevel.spectral_centroid.mean": 1177.849365234375,
                "lowlevel.spectral_centroid.median": 1071.376220703125,
                "lowlevel.spectral_centroid.min": 139.46922302246094,
                "lowlevel.spectral_centroid.stdev": 596.0554809570312,
                "lowlevel.spectral_centroid.var": 355282.15625,
                "metadata.audio_properties.analysis.equal_loudness": 0.0,
                "rhythm.beats_loudness.dmean": 0.013332665897905827,
                "rhythm.beats_loudness.dmean2": 0.02344200387597084,
                "rhythm.beats_loudness.dvar": 0.000546916970051825,
                "rhythm.beats_loudness.dvar2": 0.0016331315273419023,
                "rhythm.beats_loudness.max": 0.18101847171783447,
                "rhythm.beats_loudness.mean": 0.01915874518454075,
                "rhythm.beats_loudness.median": 0.010755188763141632,
                "rhythm.beats_loudness.min": 2.7032853733288675e-09,
                "rhythm.beats_loudness.stdev": 0.024254055693745613,
                "rhythm.beats_loudness.var": 0.0005882592522539198,
                "rhythm.bpm": 94.33535766601562,
                "rhythm.bpm_histogram_first_peak_bpm": 96.0,
                "rhythm.bpm_histogram_first_peak_weight": 0.6116278767585754,
                "rhythm.bpm_histogram_second_peak_bpm": 91.0,
                "rhythm.bpm_histogram_second_peak_spread": 0.5249999761581421,
                "rhythm.bpm_histogram_second_peak_weight": 0.11515151709318161,
                "rhythm.danceability": 1.0002424716949463
            }
        },
        {
            "id": "rfrUSHIE6_c",
            "title": "The Grateful Dead - Easy Wind 7/1/1970 Winnipeg",
            "views": 657,
            "features": {
                "lowlevel.average_loudness": 0.9354092478752136,
                "lowlevel.loudness_ebu128.integrated": -20.328556060791016,
                "lowlevel.loudness_ebu128.loudness_range": 3.0621986389160156,
                "lowlevel.loudness_ebu128.momentary.dmean": 0.5773168802261353,