{
    "song_title": "Eighteen Children",
    "artist": "Grateful Dead",
    "num_versions_processed": 1,
    "average_features": {
        "lowlevel.loudness_ebu128.short_term.dvar2": 0.012172493152320385,
        "lowlevel.loudness_ebu128.momentary.var": 10.623780250549316,
        "lowlevel.loudness_ebu128.momentary.min": -33.5113525390625,
        "lowlevel.spectral_centroid.dvar": 59108.49609375,
        "rhythm.beats_loudness.min": 0.00015176132728811353,
        "lowlevel.spectral_centroid.mean": 2238.39111328125,
        "rhythm.beats_loudness.dvar": 5.990978388581425e-05,
        "rhythm.bpm_histogram_first_peak_bpm": 105.0,
        "rhythm.beats_loudness.median": 0.01808333583176136,
        "lowlevel.loudness_ebu128.integrated": -10.168208122253418,
        "lowlevel.loudness_ebu128.short_term.mean": -10.677450180053711,
        "rhythm.beats_loudness.dmean2": 0.01275723334401846,
        "lowlevel.loudness_ebu128.momentary.dvar2": 0.5569707751274109,
        "rhythm.bpm_histogram_second_peak_weight": 0.01955307275056839,
        "lowlevel.loudness_ebu128.loudness_range": 4.545903205871582,
        "rhythm.bpm_histogram_second_peak_bpm": 110.0,
        "lowlevel.loudness_ebu128.short_term.min": -26.993993759155273,
        "lowlevel.loudness_ebu128.short_term.stdev": 2.3819165229797363,
        "lowlevel.loudness_ebu128.short_term.dmean2": 0.080450139939785,
        "lowlevel.loudness_ebu128.short_term.var": 5.673525810241699,
        "rhythm.beats_loudness.mean": 0.019129732623696327,
        "lowlevel.spectral_centroid.max": 11025.2314453125,
        "lowlevel.loudness_ebu128.momentary.dvar": 0.41575345396995544,
        "rhythm.beats_loudness.stdev": 0.008511836640536785,
        "lowlevel.loudness_ebu128.momentary.max": -5.8412299156188965,
        "lowlevel.spectral_centroid.median": 2393.1904296875,
        "lowlevel.loudness_ebu128.momentary.dmean": 0.49809569120407104,
        "lowlevel.loudness_ebu128.short_term.dvar": 0.01654880680143833,
        "rhythm.beats_loudness.var": 7.245136657729745e-05,
        "lowlevel.loudness_ebu128.momentary.stdev": 3.2594141960144043,
        "lowlevel.loudness_ebu128.momentary.mean": -10.974709510803223,
        "rhythm.beats_loudness.dmean": 0.007360033690929413,
        "lowlevel.average_loudness": 0.9651678204536438,
        "lowlevel.loudness_ebu128.short_term.median": -10.045806884765625,
        "rhythm.beats_loudness.max": 0.06521002948284149,
        "metadata.audio_properties.analysis.equal_loudness": 0.0,
        "lowlevel.loudness_ebu128.momentary.dmean2": 0.6300637722015381,
        "lowlevel.spectral_centroid.dvar2": 113474.40625,
        "lowlevel.loudness_ebu128.short_term.max": -8.086174011230469,
        "lowlevel.spectral_centroid.var": 419448.75,
        "rhythm.bpm_histogram_first_peak_weight": 0.5641025304794312,
        "lowlevel.loudness_ebu128.momentary.median": -10.039132118225098,
        "rhythm.bpm": 105.1541976928711,
        "rhythm.beats_loudness.dvar2": 0.00018579891184344888,
        "lowlevel.loudness_ebu128.short_term.dmean": 0.08071695268154144,
        "lowlevel.spectral_centroid.stdev": 647.6486206054688,
        "lowlevel.spectral_centroid.dmean": 228.63641357421875,
        "lowlevel.spectral_centroid.dmean2": 350.5155944824219,
        "rhythm.danceability": 1.0961594581604004,
        "lowlevel.spectral_centroid.min": 373.6160583496094,
        "rhythm.bpm_histogram_second_peak_spread": 0.0
    },
    "outlier_flag": false,
    "outlier_reasons": null,
    "raw_versions": [
        {
            "id": "tj4Hd3v1JS0",
            "title": "Children 18:3-All In Your Head (Live @ Lifest 2017)",
            "views": 263,
            "features": {
                "lowlevel.average_loudness": 0.9651678204536438,
                "lowlevel.loudness_ebu128.integrated": -10.168208122253418,
                "lowlevel.loudness_ebu128.loudness_range": 4.545903205871582,
                "lowlevel.loudness_ebu128.momentary.dmean": 0.49809569120407104,
                "lowlevel.loudness_ebu128.momentary.dmean2": 0.6300637722015381,
                "lowlevel.loudness_ebu128.momentary.dvar": 0.41575345396995544,
                "lowlevel.loudness_ebu128.momentary.dvar2": 0.5569707751274109,
                "lowlevel.loudness_ebu128.momentary.max": -5.8412299156188965,
                "lowlevel.loudness_ebu128.momentary.mean": -10.974709510803223,
                "lowlevel.loudness_ebu128.momentary.median": -10.039132118225098,
                "lowlevel.loudness_ebu128.momentary.min": -33.5113525390625,
                "lowlevel.loudness_ebu128.momentary.stdev": 3.2594141960144043,
                "lowlevel.loudness_ebu128.momentary.var": 10.623780250549316,
                "lowlevel.loudness_ebu128.short_term.dmean": 0.08071695268154144,
                "lowlevel.loudness_ebu128.short_term.dmean2": 0.080450139939785,
                "lowlevel.loudness_ebu128.short_term.dvar": 0.01654880680143833,
                "lowlevel.loudness_ebu128.short_term.dvar2": 0.012172493152320385,
                "lowlevel.loudness_ebu128.short_term.max": -8.086174011230469,
                "lowlevel.loudness_ebu128.short_term.mean": -10.677450180053711,
                "lowlevel.loudness_ebu128.short_term.median": -10.045806884765625,
                "lowlevel.loudness_ebu128.short_term.min": -26.993993759155273,
                "lowlevel.loudness_ebu128.short_term.stdev": 2.3819165229797363,
                "lowlevel.loudness_ebu128.short_term.var": 5.673525810241699,
                "lowlevel.spectral_centroid.dmean": 228.63641357421875,
                "lowlevel.spectral_centroid.dmean2": 350.5155944824219,
                "lowlevel.spectral_centroid.dvar": 59108.49609375,
                "lowlevel.spectral_centroid.dvar2": 113474.40625,
                "lowlevel.spectral_centroid.max": 11025.2314453125,
                "lowlevel.spectral_centroid.mean": 2238.39111328125,
                "lowlevel.spectral_centroid.median": 2393.1904296875,
                "lowlevel.spectral_centroid.min": 373.6160583496094,
                "lowlevel.spectral_centroid.stdev": 647.6486206054688,
                "lowlevel.spectral_centroid.var": 419448.75,
                "metadata.audio_properties.analysis.equal_loudness": 0.0,
                "rhythm.beats_loudness.dmean": 0.007360033690929413,
                "rhythm.beats_loudness.dmean2": 0.01275723334401846,
                "rhythm.beats_loudness.dvar": 5.990978388581425e-05,
                "rhythm.beats_loudness.dvar2": 0.00018579891184344888,
                "rhythm.beats_loudness.max": 0.06521002948284149,
                "rhythm.beats_loudness.mean": 0.019129732623696327,
                "rhythm.beats_loudness.median": 0.01808333583176136,
                "rhythm.beats_loudness.min": 0.00015176132728811353,
                "rhythm.beats_loudness.stdev": 0.008511836640536785,
                "rhythm.beats_loudness.var": 7.245136657729745e-05,
                "rhythm.bpm": 105.1541976928711,
                "rhythm.bpm_histogram_first_peak_bpm": 105.0,
                "rhythm.bpm_histogram_first_peak_weight": 0.5641025304794312,
                "rhythm.bpm_histogram_second_peak_bpm": 110.0,
                "rhythm.bpm_histogram_second_peak_spread": 0.0,
                "rhythm.bpm_histogram_second_peak_weight": 0.01955307275056839,
                "rhythm.danceability": 1.0961594581604004
            }
        }
    ]
}