{
    "song_title": "Empty Pages",
    "artist": "Grateful Dead",
    "num_versions_processed": 3,
    "average_features": {
        "lowlevel.loudness_ebu128.short_term.dvar2": 0.03142533948024114,
        "lowlevel.loudness_ebu128.momentary.var": 49.9303232828776,
        "lowlevel.loudness_ebu128.momentary.min": -49.321449279785156,
        "lowlevel.spectral_centroid.dvar": 31801.875,
        "rhythm.beats_loudness.min": 1.938478878097764e-05,
        "lowlevel.spectral_centroid.mean": 933.5282185872396,
        "rhythm.beats_loudness.dvar": 0.0002631360209003712,
        "rhythm.bpm_histogram_first_peak_bpm": 167.0,
        "rhythm.beats_loudness.median": 0.01707055016110341,
        "lowlevel.loudness_ebu128.integrated": -15.94180170694987,
        "lowlevel.loudness_ebu128.short_term.mean": -18.70298480987549,
        "rhythm.beats_loudness.dmean2": 0.02053118807574113,
        "lowlevel.loudness_ebu128.momentary.dvar2": 1.07419749101003,
        "rhythm.bpm_histogram_second_peak_weight": 0.2368554025888443,
        "lowlevel.loudness_ebu128.loudness_range": 10.992914517720541,
        "rhythm.bpm_histogram_second_peak_bpm": 161.0,
        "lowlevel.loudness_ebu128.short_term.min": -40.9630438486735,
        "lowlevel.loudness_ebu128.short_term.stdev": 5.7884449164072675,
        "lowlevel.loudness_ebu128.short_term.dmean2": 0.1110202744603157,
        "lowlevel.loudness_ebu128.short_term.var": 36.30956776936849,
        "rhythm.beats_loudness.mean": 0.02234612964093685,
        "lowlevel.spectral_centroid.max": 6905.35009765625,
        "lowlevel.loudness_ebu128.momentary.dvar": 0.8787874778111776,
        "rhythm.beats_loudness.stdev": 0.022454412033160526,
        "lowlevel.loudness_ebu128.momentary.max": -7.53091303507487,
        "lowlevel.spectral_centroid.median": 839.3410034179688,
        "lowlevel.loudness_ebu128.momentary.dmean": 0.7685696482658386,
        "lowlevel.loudness_ebu128.short_term.dvar": 0.03987657154599825,
        "rhythm.beats_loudness.var": 0.0005091821658425033,
        "lowlevel.loudness_ebu128.momentary.stdev": 6.892585754394531,
        "lowlevel.loudness_ebu128.momentary.mean": -19.602946917215984,
        "rhythm.beats_loudness.dmean": 0.011987523175776005,
        "lowlevel.average_loudness": 0.1722349046419064,
        "lowlevel.loudness_ebu128.short_term.median": -17.143285115559895,
        "rhythm.beats_loudness.max": 0.17933009068171182,
        "metadata.audio_properties.analysis.equal_loudness": 0.0,
        "lowlevel.loudness_ebu128.momentary.dmean2": 0.766025185585022,
        "lowlevel.spectral_centroid.dvar2": 66487.29817708333,
        "lowlevel.loudness_ebu128.short_term.max": -9.860926310221354,
        "lowlevel.spectral_centroid.var": 212345.72395833334,
        "rhythm.bpm_histogram_first_peak_weight": 0.0,
        "lowlevel.loudness_ebu128.momentary.median": -17.676932334899902,
        "rhythm.bpm": 164.21027628580728,
        "rhythm.beats_loudness.dvar2": 0.0006590834624754885,
        "lowlevel.loudness_ebu128.short_term.dmean": 0.1406384731332461,
        "lowlevel.spectral_centroid.stdev": 458.7748616536458,
        "lowlevel.spectral_centroid.dmean": 144.38382975260416,
        "lowlevel.spectral_centroid.dmean2": 219.23392740885416,
        "rhythm.danceability": 0.9500388304392496,
        "lowlevel.spectral_centroid.min": 158.32794189453125,
        "rhythm.bpm_histogram_second_peak_spread": 0.43463804324467975
    },
    "outlier_flag": false,
    "outlier_reasons": null,
    "raw_versions": [
        {
            "id": "jTf82X_Q7iE",
            "title": "Empty Pages, Grateful Dead 08.26.1971 New York, NY MTX",
            "views": 872,
            "features": {
                "lowlevel.average_loudness": 0.3945939540863037,
                "lowlevel.loudness_ebu128.integrated": -11.258251190185547,
                "lowlevel.loudness_ebu128.loudness_range": 8.448637008666992,
                "lowlevel.loudness_ebu128.momentary.dmean": 0.7247776389122009,
                "lowlevel.loudness_ebu128.momentary.dmean2": 0.7203710079193115,
                "lowlevel.loudness_ebu128.momentary.dvar": 0.7271379828453064,
                "lowlevel.loudness_ebu128.momentary.dvar2": 0.9425936937332153,
                "lowlevel.loudness_ebu128.momentary.max": -4.983867645263672,
                "lowlevel.loudness_ebu128.momentary.mean": -13.26375675201416,
                "lowlevel.loudness_ebu128.momentary.median": -12.100556373596191,
                "lowlevel.loudness_ebu128.momentary.min": -32.903480529785156,
                "lowlevel.loudness_ebu128.momentary.stdev": 4.712088108062744,
                "lowlevel.loudness_ebu128.momentary.var": 22.203773498535156,
                "lowlevel.loudness_ebu128.short_term.dmean": 0.1225704774260521,
                "lowlevel.loudness_ebu128.short_term.dmean2": 0.09980263561010361,
                "lowlevel.loudness_ebu128.short_term.dvar": 0.025603406131267548,
                "lowlevel.loudness_ebu128.short_term.dvar2": 0.02357044443488121,
                "lowlevel.loudness_ebu128.short_term.max": -6.275046348571777,
                "lowlevel.loudness_ebu128.short_term.mean": -12.530320167541504,
                "lowlevel.loudness_ebu128.short_term.median": -11.759273529052734,
                "lowlevel.loudness_ebu128.short_term.min": -27.46952247619629,
                "lowlevel.loudness_ebu128.short_term.stdev": 3.4492685794830322,
                "lowlevel.loudness_ebu128.short_term.var": 11.897453308105469,
                "lowlevel.spectral_centroid.dmean": 128.11997985839844,
                "lowlevel.spectral_centroid.dmean2": 193.06060791015625,
                "lowlevel.spectral_centroid.dvar": 26897.015625,
                "lowlevel.spectral_centroid.dvar2": 53271.79296875,
                "lowlevel.spectral_centroid.max": 10979.513671875,
                "lowlevel.spectral_centroid.mean": 861.2488403320312,
                "lowlevel.spectral_centroid.median": 773.186279296875,
                "lowlevel.spectral_centroid.min": 179.72360229492188,
                "lowlevel.spectral_centroid.stdev": 397.7748718261719,
                "lowlevel.spectral_centroid.var": 158224.84375,
                "metadata.audio_properties.analysis.equal_loudness": 0.0,
                "rhythm.beats_loudness.dmean": 0.013113020919263363,
                "rhythm.beats_loudness.dmean2": 0.02252350188791752,
                "rhythm.beats_loudness.dvar": 0.0002330659335711971,
                "rhythm.beats_loudness.dvar2": 0.0006352774216793478,
                "rhythm.beats_loudness.max": 0.15143775939941406,
                "rhythm.beats_loudness.mean": 0.024654608219861984,
                "rhythm.beats_loudness.median": 0.021050019189715385,
                "rhythm.beats_loudness.min": 4.7646921302657574e-05,
                "rhythm.beats_loudness.stdev": 0.019527072086930275,
                "rhythm.beats_loudness.var": 0.00038130651228129864,
                "rhythm.bpm": 164.19784545898438,
                "rhythm.bpm_histogram_first_peak_bpm": 167.0,
                "rhythm.bpm_histogram_first_peak_weight": 0.0,
                "rhythm.bpm_histogram_second_peak_bpm": 161.0,
                "rhythm.bpm_histogram_second_peak_spread": 0.42944782972335815,
                "rhythm.bpm_histogram_second_peak_weight": 0.2460317462682724,
                "rhythm.danceability": 0.994621992111206
            }
        },
        {
            "id": "lVOfeb0soxc",
            "title": "Grateful Dead ~ Empty Pages ~ 08-26-1971 ~ Gaelic Park Bronx NYC",
            "views": 8885,
            "features": {
                "lowlevel.average_loudness": 0.030889539048075676,
                "lowlevel.loudness_ebu128.integrated": -21.770227432250977,
                "lowlevel.loudness_ebu128.loudness_range": 13.85395622253418,
                "lowlevel.loudness_ebu128.momentary.dmean": 0.7948622703552246,