{
    "song_title": "Estimated Prophet",
    "artist": "Grateful Dead",
    "num_versions_processed": 2,
    "average_features": {
        "lowlevel.loudness_ebu128.short_term.dvar2": 0.014716458972543478,
        "lowlevel.loudness_ebu128.momentary.var": 18.741528511047363,
        "lowlevel.loudness_ebu128.momentary.min": -90.73533248901367,
        "lowlevel.spectral_centroid.dvar": 37637.814453125,
        "rhythm.beats_loudness.min": 1.7518461681298447e-09,
        "lowlevel.spectral_centroid.mean": 719.8861389160156,
        "rhythm.beats_loudness.dvar": 0.00032101914985105395,
        "rhythm.bpm_histogram_first_peak_bpm": 134.5,
        "rhythm.beats_loudness.median": 0.034364924766123295,
        "lowlevel.loudness_ebu128.integrated": -17.379780769348145,
        "lowlevel.loudness_ebu128.short_term.mean": -18.135297775268555,
        "rhythm.beats_loudness.dmean2": 0.034482596442103386,
        "lowlevel.loudness_ebu128.momentary.dvar2": 1.106548011302948,
        "rhythm.bpm_histogram_second_peak_weight": 0.1138455979526043,
        "lowlevel.loudness_ebu128.loudness_range": 5.97426700592041,
        "rhythm.bpm_histogram_second_peak_bpm": 135.0,
        "lowlevel.loudness_ebu128.short_term.min": -33.85063648223877,
        "lowlevel.loudness_ebu128.short_term.stdev": 2.496900737285614,
        "lowlevel.loudness_ebu128.short_term.dmean2": 0.10984287038445473,
        "lowlevel.loudness_ebu128.short_term.var": 6.595999360084534,
        "rhythm.beats_loudness.mean": 0.038006494753062725,
        "lowlevel.spectral_centroid.max": 5487.167724609375,
        "lowlevel.loudness_ebu128.momentary.dvar": 0.7946573197841644,
        "rhythm.beats_loudness.stdev": 0.023561866022646427,
        "lowlevel.loudness_ebu128.momentary.max": -11.064449310302734,
        "lowlevel.spectral_centroid.median": 606.8586730957031,
        "lowlevel.loudness_ebu128.momentary.dmean": 0.7678459584712982,
        "lowlevel.loudness_ebu128.short_term.dvar": 0.012141225626692176,
        "rhythm.beats_loudness.var": 0.0005601700249826536,
        "lowlevel.loudness_ebu128.momentary.stdev": 4.308620572090149,
        "lowlevel.loudness_ebu128.momentary.mean": -18.639421939849854,
        "rhythm.beats_loudness.dmean": 0.019567908719182014,
        "lowlevel.average_loudness": 0.5593997538089752,
        "lowlevel.loudness_ebu128.short_term.median": -18.13197422027588,
        "rhythm.beats_loudness.max": 0.18666165322065353,
        "metadata.audio_properties.analysis.equal_loudness": 0.0,
        "lowlevel.loudness_ebu128.momentary.dmean2": 0.8594248294830322,
        "lowlevel.spectral_centroid.dvar2": 76343.23828125,
        "lowlevel.loudness_ebu128.short_term.max": -12.978404521942139,
        "lowlevel.spectral_centroid.var": 201050.984375,
        "rhythm.bpm_histogram_first_peak_weight": 0.5876005589962006,
        "lowlevel.loudness_ebu128.momentary.median": -18.14917230606079,
        "rhythm.bpm": 133.71876525878906,
        "rhythm.beats_loudness.dvar2": 0.0009349015017505735,
        "lowlevel.loudness_ebu128.short_term.dmean": 0.10282685980200768,
        "lowlevel.spectral_centroid.stdev": 447.7259063720703,
        "lowlevel.spectral_centroid.dmean": 136.52570724487305,
        "lowlevel.spectral_centroid.dmean2": 202.7216796875,
        "rhythm.danceability": 1.2444463968276978,
        "lowlevel.spectral_centroid.min": 144.54356384277344,
        "rhythm.bpm_histogram_second_peak_spread": 0.056596994400024414
    },
    "outlier_flag": false,
    "outlier_reasons": null,
    "raw_versions": [
        {
            "id": "nuev-dzohTk",
            "title": "Grateful Dead - Estimated Prophet (Philadelphia, PA 7/7/1989)",
            "views": 394847,
            "features": {
                "lowlevel.average_loudness": 0.9158161282539368,
                "lowlevel.loudness_ebu128.integrated": -14.664312362670898,
                "lowlevel.loudness_ebu128.loudness_range": 3.606189727783203,
                "lowlevel.loudness_ebu128.momentary.dmean": 0.642455518245697,
                "lowlevel.loudness_ebu128.momentary.dmean2": 0.6399441957473755,
                "lowlevel.loudness_ebu128.momentary.dvar": 0.5905448198318481,
                "lowlevel.loudness_ebu128.momentary.dvar2": 0.6622627973556519,
                "lowlevel.loudness_ebu128.momentary.max": -10.638286590576172,
                "lowlevel.loudness_ebu128.momentary.mean": -15.426596641540527,
                "lowlevel.loudness_ebu128.momentary.median": -14.757828712463379,
                "lowlevel.loudness_ebu128.momentary.min": -90.70172882080078,
                "lowlevel.loudness_ebu128.momentary.stdev": 3.8875296115875244,
                "lowlevel.loudness_ebu128.momentary.var": 15.112886428833008,
                "lowlevel.loudness_ebu128.short_term.dmean": 0.08190803229808807,
                "lowlevel.loudness_ebu128.short_term.dmean2": 0.07797936350107193,
                "lowlevel.loudness_ebu128.short_term.dvar": 0.007024712394922972,
                "lowlevel.loudness_ebu128.short_term.dvar2": 0.008110414259135723,
                "lowlevel.loudness_ebu128.short_term.max": -12.225042343139648,
                "lowlevel.loudness_ebu128.short_term.mean": -15.018585205078125,
                "lowlevel.loudness_ebu128.short_term.median": -14.652795791625977,
                "lowlevel.loudness_ebu128.short_term.min": -29.15440559387207,
                "lowlevel.loudness_ebu128.short_term.stdev": 1.895663857460022,
                "lowlevel.loudness_ebu128.short_term.var": 3.593541383743286,
                "lowlevel.spectral_centroid.dmean": 145.350830078125,
                "lowlevel.spectral_centroid.dmean2": 214.5025634765625,
                "lowlevel.spectral_centroid.dvar": 38679.47265625,
                "lowlevel.spectral_centroid.dvar2": 80342.203125,
                "lowlevel.spectral_centroid.max": 5404.27294921875,
                "lowlevel.spectral_centroid.mean": 753.7876586914062,
                "lowlevel.spectral_centroid.median": 639.48779296875,
                "lowlevel.spectral_centroid.min": 146.54566955566406,
                "lowlevel.spectral_centroid.stdev": 472.067138671875,
                "lowlevel.spectral_centroid.var": 222847.375,
                "metadata.audio_properties.analysis.equal_loudness": 0.0,
                "rhythm.beats_loudness.dmean": 0.021253332495689392,
                "rhythm.beats_loudness.dmean2": 0.037820279598236084,
                "rhythm.beats_loudness.dvar": 0.00030094245448708534,
                "rhythm.beats_loudness.dvar2": 0.0008830645238049328,
                "rhythm.beats_loudness.max": 0.14325347542762756,
                "rhythm.beats_loudness.mean": 0.046604011207818985,
                "rhythm.beats_loudness.median": 0.04696525260806084,
                "rhythm.beats_loudness.min": 9.767030517693343e-10,
                "rhythm.beats_loudness.stdev": 0.021323896944522858,
                "rhythm.beats_loudness.var": 0.0004547085554804653,
                "rhythm.bpm": 135.8539276123047,
                "rhythm.bpm_histogram_first_peak_bpm": 136.0,
                "rhythm.bpm_histogram_first_peak_weight": 0.6065737009048462,
                "rhythm.bpm_histogram_second_peak_bpm": 144.0,
                "rhythm.bpm_histogram_second_peak_spread": 0.0317460298538208,
                "rhythm.bpm_histogram_second_peak_weight": 0.09621451050043106,
                "rhythm.danceability": 1.2577316761016846
            }
        },
        {
            "id": "K7ndrom5F6c",
            "title": "Grateful Dead - Estimated Prophet (Pittsburgh, PA 7/8/90)",
            "views": 257274,
            "features": {
                "lowlevel.average_loudness": 0.20298337936401367,
                "lowlevel.loudness_ebu128.integrated": -20.09524917602539,
                "lowlevel.loudness_ebu128.loudness_range": 8.342344284057617,
                "lowlevel.loudness_ebu128.momentary.dmean": 0.8932363986968994,