{
    "song_title": "Eternity",
    "artist": "Grateful Dead",
    "num_versions_processed": 3,
    "average_features": {
        "rhythm.beats_loudness.dvar": 0.0003669651341624558,
        "lowlevel.loudness_ebu128.momentary.median": -19.674962361653645,
        "lowlevel.loudness_ebu128.short_term.min": -45.16138712565104,
        "lowlevel.loudness_ebu128.short_term.dvar": 0.04808217411239942,
        "rhythm.beats_loudness.dvar2": 0.0011366089650740225,
        "rhythm.beats_loudness.min": 6.375528405581458e-07,
        "lowlevel.loudness_ebu128.momentary.min": -82.10931142171223,
        "rhythm.bpm_histogram_second_peak_weight": 0.0897041776527961,
        "lowlevel.spectral_centroid.min": 212.1793212890625,
        "lowlevel.spectral_centroid.var": 163750.96614583334,
        "lowlevel.loudness_ebu128.short_term.dvar2": 0.057966300596793495,
        "lowlevel.loudness_ebu128.short_term.stdev": 4.067903359731038,
        "rhythm.beats_loudness.max": 0.15442298352718353,
        "lowlevel.loudness_ebu128.momentary.dvar2": 1.9615956544876099,
        "lowlevel.spectral_centroid.dvar2": 72902.08463541667,
        "lowlevel.loudness_ebu128.momentary.max": -12.37480386098226,
        "lowlevel.average_loudness": 0.5432039797306061,
        "lowlevel.loudness_ebu128.momentary.var": 37.172980626424156,
        "lowlevel.loudness_ebu128.loudness_range": 6.458991686503093,
        "rhythm.beats_loudness.dmean": 0.02285586918393771,
        "lowlevel.loudness_ebu128.momentary.dvar": 1.197540243466695,
        "metadata.audio_properties.analysis.equal_loudness": 0.0,
        "lowlevel.spectral_centroid.dmean": 139.7360585530599,
        "rhythm.bpm": 113.55192057291667,
        "lowlevel.spectral_centroid.dvar": 34385.157552083336,
        "lowlevel.loudness_ebu128.momentary.dmean2": 1.3252594868342082,
        "rhythm.bpm_histogram_first_peak_weight": 0.46969838937123615,
        "rhythm.bpm_histogram_second_peak_spread": 0.16082638502120972,
        "lowlevel.loudness_ebu128.momentary.mean": -20.95622189839681,
        "lowlevel.loudness_ebu128.momentary.dmean": 0.9645369648933411,
        "rhythm.beats_loudness.mean": 0.03704625368118286,
        "rhythm.bpm_histogram_second_peak_bpm": 111.66666666666667,
        "lowlevel.loudness_ebu128.integrated": -19.0275936126709,
        "rhythm.beats_loudness.var": 0.0006385719170793891,
        "lowlevel.loudness_ebu128.momentary.stdev": 5.8077802658081055,
        "lowlevel.loudness_ebu128.short_term.var": 19.58497206370036,
        "lowlevel.spectral_centroid.max": 7324.820963541667,
        "rhythm.beats_loudness.dmean2": 0.04199568678935369,
        "rhythm.danceability": 1.209208647410075,
        "lowlevel.loudness_ebu128.short_term.max": -14.155155181884766,
        "lowlevel.spectral_centroid.mean": 750.4203084309896,
        "rhythm.beats_loudness.stdev": 0.025242631634076435,
        "lowlevel.loudness_ebu128.short_term.dmean2": 0.16399934887886047,
        "lowlevel.loudness_ebu128.short_term.dmean": 0.1360547790924708,
        "lowlevel.loudness_ebu128.short_term.mean": -20.27966817220052,
        "rhythm.bpm_histogram_first_peak_bpm": 114.0,
        "lowlevel.loudness_ebu128.short_term.median": -19.425835291544598,
        "lowlevel.spectral_centroid.median": 650.5275268554688,
        "lowlevel.spectral_centroid.stdev": 402.1876932779948,
        "lowlevel.spectral_centroid.dmean2": 212.15593465169272,
        "rhythm.beats_loudness.median": 0.03340634455283483
    },
    "outlier_flag": false,
    "outlier_reasons": null,
    "raw_versions": [
        {
            "id": "lnkiO3OSkec",
            "title": "Grateful Dead ~ Eternity (3/25/93)",
            "views": 6094,
            "features": {
                "lowlevel.average_loudness": 0.5997657775878906,
                "lowlevel.loudness_ebu128.integrated": -22.35033416748047,
                "lowlevel.loudness_ebu128.loudness_range": 6.432807922363281,
                "lowlevel.loudness_ebu128.momentary.dmean": 0.9366541504859924,
                "lowlevel.loudness_ebu128.momentary.dmean2": 1.297451138496399,
                "lowlevel.loudness_ebu128.momentary.dvar": 0.9949010610580444,
                "lowlevel.loudness_ebu128.momentary.dvar2": 1.6544159650802612,
                "lowlevel.loudness_ebu128.momentary.max": -16.16490936279297,
                "lowlevel.loudness_ebu128.momentary.mean": -23.47959327697754,
                "lowlevel.loudness_ebu128.momentary.median": -22.824777603149414,
                "lowlevel.loudness_ebu128.momentary.min": -90.67933654785156,
                "lowlevel.loudness_ebu128.momentary.stdev": 3.8931736946105957,
                "lowlevel.loudness_ebu128.momentary.var": 15.156801223754883,
                "lowlevel.loudness_ebu128.short_term.dmean": 0.12593992054462433,
                "lowlevel.loudness_ebu128.short_term.dmean2": 0.15552747249603271,
                "lowlevel.loudness_ebu128.short_term.dvar": 0.017052680253982544,
                "lowlevel.loudness_ebu128.short_term.dvar2": 0.023060636594891548,
                "lowlevel.loudness_ebu128.short_term.max": -17.498985290527344,
                "lowlevel.loudness_ebu128.short_term.mean": -22.96906852722168,
                "lowlevel.loudness_ebu128.short_term.median": -22.54971694946289,
                "lowlevel.loudness_ebu128.short_term.min": -41.216773986816406,
                "lowlevel.loudness_ebu128.short_term.stdev": 2.4656918048858643,
                "lowlevel.loudness_ebu128.short_term.var": 6.0796356201171875,
                "lowlevel.spectral_centroid.dmean": 124.93576049804688,
                "lowlevel.spectral_centroid.dmean2": 187.03529357910156,
                "lowlevel.spectral_centroid.dvar": 28272.744140625,
                "lowlevel.spectral_centroid.dvar2": 59794.1484375,
                "lowlevel.spectral_centroid.max": 5398.572265625,
                "lowlevel.spectral_centroid.mean": 687.4940185546875,
                "lowlevel.spectral_centroid.median": 608.5896606445312,
                "lowlevel.spectral_centroid.min": 213.0558624267578,
                "lowlevel.spectral_centroid.stdev": 358.28125,
                "lowlevel.spectral_centroid.var": 128365.4609375,
                "metadata.audio_properties.analysis.equal_loudness": 0.0,
                "rhythm.beats_loudness.dmean": 0.023266343399882317,
                "rhythm.beats_loudness.dmean2": 0.04253475368022919,
                "rhythm.beats_loudness.dvar": 0.00037102834903635085,
                "rhythm.beats_loudness.dvar2": 0.0011617845157161355,
                "rhythm.beats_loudness.max": 0.16448615491390228,
                "rhythm.beats_loudness.mean": 0.03794924542307854,
                "rhythm.beats_loudness.median": 0.034272074699401855,
                "rhythm.beats_loudness.min": 1.1215457789148786e-06,
                "rhythm.beats_loudness.stdev": 0.025478174909949303,
                "rhythm.beats_loudness.var": 0.0006491374224424362,
                "rhythm.bpm": 113.65060424804688,
                "rhythm.bpm_histogram_first_peak_bpm": 115.0,
                "rhythm.bpm_histogram_first_peak_weight": 0.5134843587875366,
                "rhythm.bpm_histogram_second_peak_bpm": 110.0,
                "rhythm.bpm_histogram_second_peak_spread": 0.0,
                "rhythm.bpm_histogram_second_peak_weight": 0.015641292557120323,
                "rhythm.danceability": 1.2192779779434204
            }
        },
        {
            "id": "cEMzDTQLtV8",
            "title": "Grateful Dead Live at Soldier Field on 1995-07-08 - Eternity",
            "views": 1467,
            "features": {
                "lowlevel.average_loudness": 0.5899665951728821,
                "lowlevel.loudness_ebu128.integrated": -17.967931747436523,
                "lowlevel.loudness_ebu128.loudness_range": 6.157357215881348,
                "lowlevel.loudness_ebu128.momentary.dmean": 0.9520926475524902,