{
    "song_title": "Eyes Of The World",
    "artist": "Grateful Dead",
    "num_versions_processed": 3,
    "average_features": {
        "lowlevel.loudness_ebu128.short_term.dvar2": 0.009731412399560213,
        "lowlevel.loudness_ebu128.momentary.var": 14.48133103052775,
        "lowlevel.loudness_ebu128.momentary.min": -54.61126963297526,
        "lowlevel.spectral_centroid.dvar": 39630.522786458336,
        "rhythm.beats_loudness.min": 0.0006551976626010444,
        "lowlevel.spectral_centroid.mean": 932.68994140625,
        "rhythm.beats_loudness.dvar": 0.00042222655611112714,
        "rhythm.bpm_histogram_first_peak_bpm": 106.33333333333333,
        "rhythm.beats_loudness.median": 0.03797144194444021,
        "lowlevel.loudness_ebu128.integrated": -15.941580454508463,
        "lowlevel.loudness_ebu128.short_term.mean": -16.530178705851238,
        "rhythm.beats_loudness.dmean2": 0.03777200480302175,
        "lowlevel.loudness_ebu128.momentary.dvar2": 0.6021209359169006,
        "rhythm.bpm_histogram_second_peak_weight": 0.05597605463117361,
        "lowlevel.loudness_ebu128.loudness_range": 4.3224671681722,
        "rhythm.bpm_histogram_second_peak_bpm": 117.0,
        "lowlevel.loudness_ebu128.short_term.min": -38.06579144795736,
        "lowlevel.loudness_ebu128.short_term.stdev": 2.8239294290542603,
        "lowlevel.loudness_ebu128.short_term.dmean2": 0.10460865994294484,
        "lowlevel.loudness_ebu128.short_term.var": 9.236531813939413,
        "rhythm.beats_loudness.mean": 0.041529705127080284,
        "lowlevel.spectral_centroid.max": 6581.142578125,
        "lowlevel.loudness_ebu128.momentary.dvar": 0.4071170588334401,
        "rhythm.beats_loudness.stdev": 0.024124853312969208,
        "lowlevel.loudness_ebu128.momentary.max": -8.744999885559082,
        "lowlevel.spectral_centroid.median": 857.5399983723959,
        "lowlevel.loudness_ebu128.momentary.dmean": 0.6869155764579773,
        "lowlevel.loudness_ebu128.short_term.dvar": 0.009895664018889269,
        "rhythm.beats_loudness.var": 0.00058477878337726,
        "lowlevel.loudness_ebu128.momentary.stdev": 3.573983589808146,
        "lowlevel.loudness_ebu128.momentary.mean": -16.85783036549886,
        "rhythm.beats_loudness.dmean": 0.021724554399649303,
        "lowlevel.average_loudness": 0.598643292983373,
        "lowlevel.loudness_ebu128.short_term.median": -16.069363911946613,
        "rhythm.beats_loudness.max": 0.21059699853261313,
        "metadata.audio_properties.analysis.equal_loudness": 0.0,
        "lowlevel.loudness_ebu128.momentary.dmean2": 0.8515447576840719,
        "lowlevel.spectral_centroid.dvar2": 85724.47395833333,
        "lowlevel.loudness_ebu128.short_term.max": -11.481560389200846,
        "lowlevel.spectral_centroid.var": 176061.7734375,
        "rhythm.bpm_histogram_first_peak_weight": 0.5830472310384115,
        "lowlevel.loudness_ebu128.momentary.median": -16.290908495585125,
        "rhythm.bpm": 106.46963500976562,
        "rhythm.beats_loudness.dvar2": 0.0012392027031940718,
        "lowlevel.loudness_ebu128.short_term.dmean": 0.09703627477089564,
        "lowlevel.spectral_centroid.stdev": 411.28404744466144,
        "lowlevel.spectral_centroid.dmean": 172.41326904296875,
        "lowlevel.spectral_centroid.dmean2": 262.86658732096356,
        "rhythm.danceability": 1.273358941078186,
        "lowlevel.spectral_centroid.min": 190.65162150065103,
        "rhythm.bpm_histogram_second_peak_spread": 0.263959268728892
    },
    "outlier_flag": false,
    "outlier_reasons": null,
    "raw_versions": [
        {
            "id": "kuSJ0djewQU",
            "title": "Grateful Dead - Eyes Of The World (Giants Stadium 6/17/91)",
            "views": 849934,
            "features": {
                "lowlevel.average_loudness": 0.7918419241905212,
                "lowlevel.loudness_ebu128.integrated": -15.807640075683594,
                "lowlevel.loudness_ebu128.loudness_range": 4.089160919189453,
                "lowlevel.loudness_ebu128.momentary.dmean": 0.6454257369041443,
                "lowlevel.loudness_ebu128.momentary.dmean2": 0.8032771944999695,
                "lowlevel.loudness_ebu128.momentary.dvar": 0.3286517262458801,
                "lowlevel.loudness_ebu128.momentary.dvar2": 0.5140985250473022,
                "lowlevel.loudness_ebu128.momentary.max": -9.441203117370605,
                "lowlevel.loudness_ebu128.momentary.mean": -16.286550521850586,
                "lowlevel.loudness_ebu128.momentary.median": -16.14658546447754,
                "lowlevel.loudness_ebu128.momentary.min": -37.22943115234375,
                "lowlevel.loudness_ebu128.momentary.stdev": 2.134190082550049,
                "lowlevel.loudness_ebu128.momentary.var": 4.55476713180542,
                "lowlevel.loudness_ebu128.short_term.dmean": 0.09127218276262283,
                "lowlevel.loudness_ebu128.short_term.dmean2": 0.10154317319393158,
                "lowlevel.loudness_ebu128.short_term.dvar": 0.006344997324049473,
                "lowlevel.loudness_ebu128.short_term.dvar2": 0.0072470721788704395,
                "lowlevel.loudness_ebu128.short_term.max": -12.301403045654297,
                "lowlevel.loudness_ebu128.short_term.mean": -16.050304412841797,
                "lowlevel.loudness_ebu128.short_term.median": -15.966129302978516,
                "lowlevel.loudness_ebu128.short_term.min": -25.300073623657227,
                "lowlevel.loudness_ebu128.short_term.stdev": 1.5052381753921509,
                "lowlevel.loudness_ebu128.short_term.var": 2.265742063522339,
                "lowlevel.spectral_centroid.dmean": 159.31045532226562,
                "lowlevel.spectral_centroid.dmean2": 243.057373046875,
                "lowlevel.spectral_centroid.dvar": 31210.3828125,
                "lowlevel.spectral_centroid.dvar2": 69588.9296875,
                "lowlevel.spectral_centroid.max": 4536.52099609375,
                "lowlevel.spectral_centroid.mean": 939.713134765625,
                "lowlevel.spectral_centroid.median": 888.9431762695312,
                "lowlevel.spectral_centroid.min": 235.76600646972656,
                "lowlevel.spectral_centroid.stdev": 334.97784423828125,
                "lowlevel.spectral_centroid.var": 112210.1484375,
                "metadata.audio_properties.analysis.equal_loudness": 0.0,
                "rhythm.beats_loudness.dmean": 0.02176884561777115,
                "rhythm.beats_loudness.dmean2": 0.038270771503448486,
                "rhythm.beats_loudness.dvar": 0.0003085005155298859,
                "rhythm.beats_loudness.dvar2": 0.0009070704109035432,
                "rhythm.beats_loudness.max": 0.16139671206474304,
                "rhythm.beats_loudness.mean": 0.045505091547966,
                "rhythm.beats_loudness.median": 0.042185913771390915,
                "rhythm.beats_loudness.min": 0.0018284042598679662,
                "rhythm.beats_loudness.stdev": 0.022403515875339508,
                "rhythm.beats_loudness.var": 0.000501917558722198,
                "rhythm.bpm": 110.21910095214844,
                "rhythm.bpm_histogram_first_peak_bpm": 110.0,
                "rhythm.bpm_histogram_first_peak_weight": 0.6104611158370972,
                "rhythm.bpm_histogram_second_peak_bpm": 115.0,
                "rhythm.bpm_histogram_second_peak_spread": 0.05940592288970947,
                "rhythm.bpm_histogram_second_peak_weight": 0.05747126415371895,
                "rhythm.danceability": 1.342376470565796
            }
        },
        {
            "id": "8yXCQkJTiU8",
            "title": "Grateful Dead [1440p Remaster] Eyes of the World - Winterland (October 1974)",
            "views": 44141,
            "features": {
                "lowlevel.average_loudness": 0.8277240991592407,
                "lowlevel.loudness_ebu128.integrated": -13.394857406616211,
                "lowlevel.loudness_ebu128.loudness_range": 4.574789047241211,