{
    "song_title": "Far From Me",
    "artist": "Grateful Dead",
    "num_versions_processed": 3,
    "average_features": {
        "lowlevel.loudness_ebu128.short_term.dvar2": 0.012257754802703857,
        "lowlevel.loudness_ebu128.momentary.var": 27.303617477416992,
        "lowlevel.loudness_ebu128.momentary.min": -72.89095306396484,
        "lowlevel.spectral_centroid.dvar": 34237.854817708336,
        "rhythm.beats_loudness.min": 1.7476561381587114e-05,
        "lowlevel.spectral_centroid.mean": 1013.8692016601562,
        "rhythm.beats_loudness.dvar": 0.000404384588667502,
        "rhythm.bpm_histogram_first_peak_bpm": 112.33333333333333,
        "rhythm.beats_loudness.median": 0.03152713427941004,
        "lowlevel.loudness_ebu128.integrated": -16.657979011535645,
        "lowlevel.loudness_ebu128.short_term.mean": -17.544162432352703,
        "rhythm.beats_loudness.dmean2": 0.03336175593237082,
        "lowlevel.loudness_ebu128.momentary.dvar2": 0.7463934818903605,
        "rhythm.bpm_histogram_second_peak_weight": 0.14435909191767374,
        "lowlevel.loudness_ebu128.loudness_range": 6.093284289042155,
        "rhythm.bpm_histogram_second_peak_bpm": 110.66666666666667,
        "lowlevel.loudness_ebu128.short_term.min": -36.607259114583336,
        "lowlevel.loudness_ebu128.short_term.stdev": 3.131047248840332,
        "lowlevel.loudness_ebu128.short_term.dmean2": 0.09729186197121938,
        "lowlevel.loudness_ebu128.short_term.var": 10.83673652013143,
        "rhythm.beats_loudness.mean": 0.03494965843856335,
        "lowlevel.spectral_centroid.max": 7324.630045572917,
        "lowlevel.loudness_ebu128.momentary.dvar": 0.5823648869991302,
        "rhythm.beats_loudness.stdev": 0.023517553384105366,
        "lowlevel.loudness_ebu128.momentary.max": -8.874074459075928,
        "lowlevel.spectral_centroid.median": 949.7083536783854,
        "lowlevel.loudness_ebu128.momentary.dmean": 0.6769685745239258,
        "lowlevel.loudness_ebu128.short_term.dvar": 0.016989297854403656,
        "rhythm.beats_loudness.var": 0.0005575125687755644,
        "lowlevel.loudness_ebu128.momentary.stdev": 5.162271976470947,
        "lowlevel.loudness_ebu128.momentary.mean": -18.16618283589681,
        "rhythm.beats_loudness.dmean": 0.01854457271595796,
        "lowlevel.average_loudness": 0.3809756090243657,
        "lowlevel.loudness_ebu128.short_term.median": -16.865758895874023,
        "rhythm.beats_loudness.max": 0.22227430095275244,
        "metadata.audio_properties.analysis.equal_loudness": 0.0,
        "lowlevel.loudness_ebu128.momentary.dmean2": 0.8155726790428162,
        "lowlevel.spectral_centroid.dvar2": 71944.833984375,
        "lowlevel.loudness_ebu128.short_term.max": -12.270968119303385,
        "lowlevel.spectral_centroid.var": 212927.79947916666,
        "rhythm.bpm_histogram_first_peak_weight": 0.6536431113878886,
        "lowlevel.loudness_ebu128.momentary.median": -17.245586395263672,
        "rhythm.bpm": 111.84817504882812,
        "rhythm.beats_loudness.dvar2": 0.001162931303648899,
        "lowlevel.loudness_ebu128.short_term.dmean": 0.10751577466726303,
        "lowlevel.spectral_centroid.stdev": 454.01465861002606,
        "lowlevel.spectral_centroid.dmean": 146.37399037679037,
        "lowlevel.spectral_centroid.dmean2": 224.30187479654947,
        "rhythm.danceability": 1.0636058648427327,
        "lowlevel.spectral_centroid.min": 238.29277547200522,
        "rhythm.bpm_histogram_second_peak_spread": 0.2043786644935608
    },
    "outlier_flag": false,
    "outlier_reasons": null,
    "raw_versions": [
        {
            "id": "pqooYhUfU6A",
            "title": "Grateful Dead [4k Remaster] 1987 10 02 -  Far from me (PRO SHOT)",
            "views": 5375,
            "features": {
                "lowlevel.average_loudness": 0.24448934197425842,
                "lowlevel.loudness_ebu128.integrated": -14.628296852111816,
                "lowlevel.loudness_ebu128.loudness_range": 5.147517204284668,
                "lowlevel.loudness_ebu128.momentary.dmean": 0.6245021820068359,
                "lowlevel.loudness_ebu128.momentary.dmean2": 0.782981812953949,
                "lowlevel.loudness_ebu128.momentary.dvar": 0.37250736355781555,
                "lowlevel.loudness_ebu128.momentary.dvar2": 0.5491036772727966,
                "lowlevel.loudness_ebu128.momentary.max": -7.4423441886901855,
                "lowlevel.loudness_ebu128.momentary.mean": -16.01513671875,
                "lowlevel.loudness_ebu128.momentary.median": -15.203475952148438,
                "lowlevel.loudness_ebu128.momentary.min": -38.175636291503906,
                "lowlevel.loudness_ebu128.momentary.stdev": 4.383577823638916,
                "lowlevel.loudness_ebu128.momentary.var": 19.21575355529785,
                "lowlevel.loudness_ebu128.short_term.dmean": 0.09944986552000046,
                "lowlevel.loudness_ebu128.short_term.dmean2": 0.08532916754484177,
                "lowlevel.loudness_ebu128.short_term.dvar": 0.01803416572511196,
                "lowlevel.loudness_ebu128.short_term.dvar2": 0.01149695087224245,
                "lowlevel.loudness_ebu128.short_term.max": -9.71247673034668,
                "lowlevel.loudness_ebu128.short_term.mean": -15.565001487731934,
                "lowlevel.loudness_ebu128.short_term.median": -14.82596206665039,
                "lowlevel.loudness_ebu128.short_term.min": -36.363677978515625,
                "lowlevel.loudness_ebu128.short_term.stdev": 3.63860821723938,
                "lowlevel.loudness_ebu128.short_term.var": 13.239470481872559,
                "lowlevel.spectral_centroid.dmean": 135.01219177246094,
                "lowlevel.spectral_centroid.dmean2": 206.80288696289062,
                "lowlevel.spectral_centroid.dvar": 40582.4375,
                "lowlevel.spectral_centroid.dvar2": 76119.3671875,
                "lowlevel.spectral_centroid.max": 11084.2451171875,
                "lowlevel.spectral_centroid.mean": 912.692138671875,
                "lowlevel.spectral_centroid.median": 833.5109252929688,
                "lowlevel.spectral_centroid.min": 214.8831024169922,
                "lowlevel.spectral_centroid.stdev": 444.81829833984375,
                "lowlevel.spectral_centroid.var": 197863.3125,
                "metadata.audio_properties.analysis.equal_loudness": 0.0,
                "rhythm.beats_loudness.dmean": 0.01970861293375492,
                "rhythm.beats_loudness.dmean2": 0.03652442619204521,
                "rhythm.beats_loudness.dvar": 0.0003668353019747883,
                "rhythm.beats_loudness.dvar2": 0.001154003432020545,
                "rhythm.beats_loudness.max": 0.17977702617645264,
                "rhythm.beats_loudness.mean": 0.03498029708862305,
                "rhythm.beats_loudness.median": 0.032708629965782166,
                "rhythm.beats_loudness.min": 5.242633415036835e-05,
                "rhythm.beats_loudness.stdev": 0.022822344675660133,
                "rhythm.beats_loudness.var": 0.0005208594375289977,
                "rhythm.bpm": 117.55859375,
                "rhythm.bpm_histogram_first_peak_bpm": 117.0,
                "rhythm.bpm_histogram_first_peak_weight": 0.6483180522918701,
                "rhythm.bpm_histogram_second_peak_bpm": 112.0,
                "rhythm.bpm_histogram_second_peak_spread": 0.1696428656578064,
                "rhythm.bpm_histogram_second_peak_weight": 0.17514124512672424,
                "rhythm.danceability": 1.009385585784912
            }
        },
        {
            "id": "wG6l4XyJ5ZM",
            "title": "Grateful Dead - Far From Me (Live at Sullivan Stadium; Foxboro, MA 07/14/1990)",
            "views": 15663,
            "features": {
                "lowlevel.average_loudness": 0.08638106286525726,
                "lowlevel.loudness_ebu128.integrated": -17.671375274658203,
                "lowlevel.loudness_ebu128.loudness_range": 8.556459426879883,