{
    "song_title": "Feedback",
    "artist": "Grateful Dead",
    "num_versions_processed": 3,
    "average_features": {
        "lowlevel.loudness_ebu128.momentary.dmean2": 0.6512219905853271,
        "lowlevel.loudness_ebu128.short_term.median": -18.17928695678711,
        "lowlevel.spectral_centroid.median": 761.0370890299479,
        "rhythm.beats_loudness.var": 0.0004750737959208588,
        "rhythm.beats_loudness.dvar": 0.0002745151286944747,
        "lowlevel.loudness_ebu128.short_term.stdev": 5.259801069895427,
        "lowlevel.loudness_ebu128.integrated": -16.163838704427082,
        "rhythm.beats_loudness.max": 0.19433115422725677,
        "lowlevel.spectral_centroid.max": 6757.6005859375,
        "lowlevel.spectral_centroid.min": 113.81476338704427,
        "lowlevel.loudness_ebu128.momentary.stdev": 7.221572240193685,
        "rhythm.bpm": 121.19751739501953,
        "lowlevel.loudness_ebu128.loudness_range": 13.14444351196289,
        "rhythm.beats_loudness.mean": 0.01889701373875141,
        "rhythm.bpm_histogram_second_peak_weight": 0.05584045499563217,
        "metadata.audio_properties.analysis.equal_loudness": 0.0,
        "lowlevel.loudness_ebu128.short_term.var": 27.927361806233723,
        "rhythm.beats_loudness.dvar2": 0.000737925001885742,
        "rhythm.bpm_histogram_second_peak_bpm": 118.0,
        "lowlevel.loudness_ebu128.momentary.mean": -20.52122688293457,
        "lowlevel.loudness_ebu128.short_term.max": -10.279715538024902,
        "rhythm.beats_loudness.stdev": 0.02178569758931796,
        "lowlevel.loudness_ebu128.momentary.dmean": 0.7759223580360413,
        "lowlevel.spectral_centroid.mean": 935.4113362630209,
        "lowlevel.spectral_centroid.stdev": 654.7236124674479,
        "rhythm.beats_loudness.median": 0.01252654381096363,
        "lowlevel.loudness_ebu128.short_term.dmean": 0.1594077150026957,
        "lowlevel.loudness_ebu128.short_term.dvar2": 0.03349966617921988,
        "rhythm.beats_loudness.dmean2": 0.019373967001835506,
        "lowlevel.loudness_ebu128.short_term.mean": -19.235379536946613,
        "lowlevel.loudness_ebu128.momentary.var": 52.28547922770182,
        "rhythm.beats_loudness.dmean": 0.01138472929596901,
        "lowlevel.loudness_ebu128.momentary.min": -61.18995157877604,
        "lowlevel.loudness_ebu128.momentary.dvar": 1.1161824067433674,
        "lowlevel.spectral_centroid.dmean": 104.63074239095052,
        "lowlevel.spectral_centroid.var": 433301.2395833333,
        "rhythm.beats_loudness.min": 8.286436828856361e-06,
        "lowlevel.average_loudness": 0.07366078719496727,
        "lowlevel.loudness_ebu128.short_term.dmean2": 0.091115007797877,
        "lowlevel.loudness_ebu128.short_term.min": -40.51862589518229,
        "rhythm.bpm_histogram_first_peak_bpm": 122.0,
        "lowlevel.loudness_ebu128.momentary.max": -8.093929131825766,
        "lowlevel.spectral_centroid.dmean2": 165.13794962565103,
        "rhythm.bpm_histogram_second_peak_spread": 0.6081154545148214,
        "lowlevel.loudness_ebu128.short_term.dvar": 0.05808526277542114,
        "lowlevel.loudness_ebu128.momentary.median": -18.75235430399577,
        "rhythm.danceability": 0.8638848662376404,
        "lowlevel.spectral_centroid.dvar": 23296.178385416668,
        "rhythm.bpm_histogram_first_peak_weight": 0.6229188839594523,
        "lowlevel.loudness_ebu128.momentary.dvar2": 1.1345103581746419,
        "lowlevel.spectral_centroid.dvar2": 56444.221354166664
    },
    "outlier_flag": true,
    "outlier_reasons": [
        "BPM Variance: 21.81 (limit 20)"
    ],
    "raw_versions": [
        {
            "id": "5RHWKf-Dt7o",
            "title": "Feedback (Live at the Fillmore West San Fran 1969 Remaster)",
            "views": 37647,
            "features": {
                "lowlevel.average_loudness": 0.09253785759210587,
                "lowlevel.loudness_ebu128.integrated": -16.4597110748291,
                "lowlevel.loudness_ebu128.loudness_range": 12.68137264251709,
                "lowlevel.loudness_ebu128.momentary.dmean": 0.7740082740783691,
                "lowlevel.loudness_ebu128.momentary.dmean2": 0.6450209617614746,
                "lowlevel.loudness_ebu128.momentary.dvar": 1.0841798782348633,
                "lowlevel.loudness_ebu128.momentary.dvar2": 1.0902787446975708,
                "lowlevel.loudness_ebu128.momentary.max": -8.463727951049805,
                "lowlevel.loudness_ebu128.momentary.mean": -20.470415115356445,
                "lowlevel.loudness_ebu128.momentary.median": -18.934768676757812,
                "lowlevel.loudness_ebu128.momentary.min": -47.56233215332031,
                "lowlevel.loudness_ebu128.momentary.stdev": 6.703418731689453,
                "lowlevel.loudness_ebu128.momentary.var": 44.93582534790039,
                "lowlevel.loudness_ebu128.short_term.dmean": 0.16510014235973358,
                "lowlevel.loudness_ebu128.short_term.dmean2": 0.09133753180503845,
                "lowlevel.loudness_ebu128.short_term.dvar": 0.055608611553907394,
                "lowlevel.loudness_ebu128.short_term.dvar2": 0.03364738076925278,
                "lowlevel.loudness_ebu128.short_term.max": -11.001035690307617,
                "lowlevel.loudness_ebu128.short_term.mean": -19.200420379638672,
                "lowlevel.loudness_ebu128.short_term.median": -18.36231231689453,
                "lowlevel.loudness_ebu128.short_term.min": -36.03082275390625,
                "lowlevel.loudness_ebu128.short_term.stdev": 4.918145179748535,
                "lowlevel.loudness_ebu128.short_term.var": 24.18815040588379,
                "lowlevel.spectral_centroid.dmean": 106.2585220336914,
                "lowlevel.spectral_centroid.dmean2": 169.0951690673828,
                "lowlevel.spectral_centroid.dvar": 23958.5703125,
                "lowlevel.spectral_centroid.dvar2": 59732.42578125,
                "lowlevel.spectral_centroid.max": 4474.0517578125,
                "lowlevel.spectral_centroid.mean": 866.4678955078125,
                "lowlevel.spectral_centroid.median": 674.822265625,
                "lowlevel.spectral_centroid.min": 114.11699676513672,
                "lowlevel.spectral_centroid.stdev": 654.7531127929688,
                "lowlevel.spectral_centroid.var": 428701.65625,
                "metadata.audio_properties.analysis.equal_loudness": 0.0,
                "rhythm.beats_loudness.dmean": 0.012212138622999191,
                "rhythm.beats_loudness.dmean2": 0.02045413851737976,
                "rhythm.beats_loudness.dvar": 0.0002672745904419571,
                "rhythm.beats_loudness.dvar2": 0.0007116908091120422,
                "rhythm.beats_loudness.max": 0.14253157377243042,
                "rhythm.beats_loudness.mean": 0.019979849457740784,
                "rhythm.beats_loudness.median": 0.012151772156357765,
                "rhythm.beats_loudness.min": 1.1378842827980407e-05,
                "rhythm.beats_loudness.stdev": 0.02250460721552372,
                "rhythm.beats_loudness.var": 0.0005064573488198221,
                "rhythm.bpm": 114.22257995605469,
                "rhythm.bpm_histogram_first_peak_bpm": 115.0,
                "rhythm.bpm_histogram_first_peak_weight": 0.6411764621734619,
                "rhythm.bpm_histogram_second_peak_bpm": 136.0,
                "rhythm.bpm_histogram_second_peak_spread": 0.5158730149269104,
                "rhythm.bpm_histogram_second_peak_weight": 0.06659388542175293,
                "rhythm.danceability": 0.8478975892066956
            }
        },
        {
            "id": "EufT25eJuY4",
            "title": "Grateful Dead - Feedback - Live/Dead",
            "views": 12440,
            "features": {
                "lowlevel.average_loudness": 0.08532582968473434,
                "lowlevel.loudness_ebu128.integrated": -16.878173828125,
                "lowlevel.loudness_ebu128.loudness_range": 11.561744689941406,
                "lowlevel.loudness_ebu128.momentary.dmean": 0.7499001026153564,