{
    "song_title": "Feel Like A Stranger",
    "artist": "Grateful Dead",
    "num_versions_processed": 3,
    "average_features": {
        "lowlevel.loudness_ebu128.short_term.dvar2": 0.013737390749156475,
        "lowlevel.loudness_ebu128.momentary.var": 15.938705762227377,
        "lowlevel.loudness_ebu128.momentary.min": -71.04390907287598,
        "lowlevel.spectral_centroid.dvar": 41665.8984375,
        "rhythm.beats_loudness.min": 0.00014303277743003365,
        "lowlevel.spectral_centroid.mean": 859.0698445638021,
        "rhythm.beats_loudness.dvar": 0.000336500311580797,
        "rhythm.bpm_histogram_first_peak_bpm": 107.66666666666667,
        "rhythm.beats_loudness.median": 0.03521852195262909,
        "lowlevel.loudness_ebu128.integrated": -15.055822372436523,
        "lowlevel.loudness_ebu128.short_term.mean": -15.42693042755127,
        "rhythm.beats_loudness.dmean2": 0.03751755878329277,
        "lowlevel.loudness_ebu128.momentary.dvar2": 1.1560953259468079,
        "rhythm.bpm_histogram_second_peak_weight": 0.12408591310183208,
        "lowlevel.loudness_ebu128.loudness_range": 4.633208592732747,
        "rhythm.bpm_histogram_second_peak_bpm": 102.66666666666667,
        "lowlevel.loudness_ebu128.short_term.min": -28.741898854573567,
        "lowlevel.loudness_ebu128.short_term.stdev": 1.9218666156133015,
        "lowlevel.loudness_ebu128.short_term.dmean2": 0.1250892753402392,
        "lowlevel.loudness_ebu128.short_term.var": 3.7665647665659585,
        "rhythm.beats_loudness.mean": 0.03848887731631597,
        "lowlevel.spectral_centroid.max": 7412.442057291667,
        "lowlevel.loudness_ebu128.momentary.dvar": 0.714873323837916,
        "rhythm.beats_loudness.stdev": 0.022447327772776287,
        "lowlevel.loudness_ebu128.momentary.max": -9.13390827178955,
        "lowlevel.spectral_centroid.median": 779.0101318359375,
        "lowlevel.loudness_ebu128.momentary.dmean": 0.821664055188497,
        "lowlevel.loudness_ebu128.short_term.dvar": 0.012474544035891691,
        "rhythm.beats_loudness.var": 0.0005074578803032637,
        "lowlevel.loudness_ebu128.momentary.stdev": 3.9303096930185952,
        "lowlevel.loudness_ebu128.momentary.mean": -15.940622011820475,
        "rhythm.beats_loudness.dmean": 0.021400596325596172,
        "lowlevel.average_loudness": 0.7124708294868469,
        "lowlevel.loudness_ebu128.short_term.median": -15.167357444763184,
        "rhythm.beats_loudness.max": 0.15417926013469696,
        "metadata.audio_properties.analysis.equal_loudness": 0.0,
        "lowlevel.loudness_ebu128.momentary.dmean2": 1.0931690136591594,
        "lowlevel.spectral_centroid.dvar2": 89564.61979166667,
        "lowlevel.loudness_ebu128.short_term.max": -11.245034217834473,
        "lowlevel.spectral_centroid.var": 180532.87760416666,
        "rhythm.bpm_histogram_first_peak_weight": 0.5318389137585958,
        "lowlevel.loudness_ebu128.momentary.median": -15.470603942871094,
        "rhythm.bpm": 106.54728190104167,
        "rhythm.beats_loudness.dvar2": 0.0009423595620319247,
        "lowlevel.loudness_ebu128.short_term.dmean": 0.11223181088765462,
        "lowlevel.spectral_centroid.stdev": 419.5199381510417,
        "lowlevel.spectral_centroid.dmean": 161.7648696899414,
        "lowlevel.spectral_centroid.dmean2": 251.37251790364584,
        "rhythm.danceability": 1.223366340001424,
        "lowlevel.spectral_centroid.min": 233.6493123372396,
        "rhythm.bpm_histogram_second_peak_spread": 0.223602294921875
    },
    "outlier_flag": false,
    "outlier_reasons": null,
    "raw_versions": [
        {
            "id": "c4VQDreK2Xw",
            "title": "Grateful Dead - Feel Like a Stranger (Live at Madison Square Garden, New York, NY, 9/24/1988)",
            "views": 62287,
            "features": {
                "lowlevel.average_loudness": 0.7813999652862549,
                "lowlevel.loudness_ebu128.integrated": -16.615741729736328,
                "lowlevel.loudness_ebu128.loudness_range": 3.6562204360961914,
                "lowlevel.loudness_ebu128.momentary.dmean": 0.76409512758255,
                "lowlevel.loudness_ebu128.momentary.dmean2": 1.0136948823928833,
                "lowlevel.loudness_ebu128.momentary.dvar": 0.6687934398651123,
                "lowlevel.loudness_ebu128.momentary.dvar2": 0.9902573823928833,
                "lowlevel.loudness_ebu128.momentary.max": -11.299386024475098,
                "lowlevel.loudness_ebu128.momentary.mean": -17.39435577392578,
                "lowlevel.loudness_ebu128.momentary.median": -16.997350692749023,
                "lowlevel.loudness_ebu128.momentary.min": -91.26192474365234,
                "lowlevel.loudness_ebu128.momentary.stdev": 4.225964069366455,
                "lowlevel.loudness_ebu128.momentary.var": 17.85877227783203,
                "lowlevel.loudness_ebu128.short_term.dmean": 0.11187086999416351,
                "lowlevel.loudness_ebu128.short_term.dmean2": 0.12877623736858368,
                "lowlevel.loudness_ebu128.short_term.dvar": 0.012642999179661274,
                "lowlevel.loudness_ebu128.short_term.dvar2": 0.014919433742761612,
                "lowlevel.loudness_ebu128.short_term.max": -12.799736976623535,
                "lowlevel.loudness_ebu128.short_term.mean": -16.89586639404297,
                "lowlevel.loudness_ebu128.short_term.median": -16.749805450439453,
                "lowlevel.loudness_ebu128.short_term.min": -33.901390075683594,
                "lowlevel.loudness_ebu128.short_term.stdev": 1.6908690929412842,
                "lowlevel.loudness_ebu128.short_term.var": 2.8590383529663086,
                "lowlevel.spectral_centroid.dmean": 100.33267974853516,
                "lowlevel.spectral_centroid.dmean2": 157.39886474609375,
                "lowlevel.spectral_centroid.dvar": 17961.2578125,
                "lowlevel.spectral_centroid.dvar2": 41332.0546875,
                "lowlevel.spectral_centroid.max": 5314.8525390625,
                "lowlevel.spectral_centroid.mean": 599.5722045898438,
                "lowlevel.spectral_centroid.median": 536.8935546875,
                "lowlevel.spectral_centroid.min": 205.64517211914062,
                "lowlevel.spectral_centroid.stdev": 327.9775390625,
                "lowlevel.spectral_centroid.var": 107569.2734375,
                "metadata.audio_properties.analysis.equal_loudness": 0.0,
                "rhythm.beats_loudness.dmean": 0.025606704875826836,
                "rhythm.beats_loudness.dmean2": 0.045788757503032684,
                "rhythm.beats_loudness.dvar": 0.0004498374182730913,
                "rhythm.beats_loudness.dvar2": 0.0012612068094313145,
                "rhythm.beats_loudness.max": 0.1549210548400879,
                "rhythm.beats_loudness.mean": 0.040724899619817734,
                "rhythm.beats_loudness.median": 0.03579506278038025,
                "rhythm.beats_loudness.min": 1.5307458633984083e-09,
                "rhythm.beats_loudness.stdev": 0.02503397688269615,
                "rhythm.beats_loudness.var": 0.0006266999989748001,
                "rhythm.bpm": 102.57046508789062,
                "rhythm.bpm_histogram_first_peak_bpm": 103.0,
                "rhythm.bpm_histogram_first_peak_weight": 0.59183669090271,
                "rhythm.bpm_histogram_second_peak_bpm": 98.0,
                "rhythm.bpm_histogram_second_peak_spread": 0.0952380895614624,
                "rhythm.bpm_histogram_second_peak_weight": 0.02749638259410858,
                "rhythm.danceability": 1.2009347677230835
            }
        },
        {
            "id": "G80uZoREKos",
            "title": "Grateful Dead - Feel Like A Stranger (Live at World Music Theatre; Tinley Park, IL 07/22/90)",
            "views": 58771,
            "features": {
                "lowlevel.average_loudness": 0.5397157669067383,
                "lowlevel.loudness_ebu128.integrated": -17.30475616455078,
                "lowlevel.loudness_ebu128.loudness_range": 5.3155364990234375,