{
    "song_title": "Fever",
    "artist": "Grateful Dead",
    "num_versions_processed": 3,
    "average_features": {
        "rhythm.beats_loudness.dvar": 0.0010165095736738294,
        "lowlevel.loudness_ebu128.momentary.median": -20.57997004191081,
        "lowlevel.loudness_ebu128.short_term.min": -32.98097292582194,
        "lowlevel.loudness_ebu128.short_term.dvar": 0.03619382592538992,
        "rhythm.beats_loudness.dvar2": 0.0027972106666614613,
        "rhythm.beats_loudness.min": 0.0002605247573228553,
        "lowlevel.loudness_ebu128.momentary.min": -58.26843007405599,
        "rhythm.bpm_histogram_second_peak_weight": 0.0895331675807635,
        "lowlevel.spectral_centroid.min": 461.2078908284505,
        "lowlevel.spectral_centroid.var": 421411.3333333333,
        "lowlevel.loudness_ebu128.short_term.dvar2": 0.028150721453130245,
        "lowlevel.loudness_ebu128.short_term.stdev": 3.8531654675801597,
        "rhythm.beats_loudness.max": 0.26650606095790863,
        "lowlevel.loudness_ebu128.momentary.dvar2": 1.5054854154586792,
        "lowlevel.spectral_centroid.dvar2": 152316.05208333334,
        "lowlevel.loudness_ebu128.momentary.max": -9.196413040161133,
        "lowlevel.average_loudness": 0.26636528720458347,
        "lowlevel.loudness_ebu128.momentary.var": 23.966080983479817,
        "lowlevel.loudness_ebu128.loudness_range": 10.464189529418945,
        "rhythm.beats_loudness.dmean": 0.02602514127890269,
        "lowlevel.loudness_ebu128.momentary.dvar": 1.0381990273793538,
        "metadata.audio_properties.analysis.equal_loudness": 0.0,
        "lowlevel.spectral_centroid.dmean": 235.7632853190104,
        "rhythm.bpm": 115.42586771647136,
        "lowlevel.spectral_centroid.dvar": 79077.16927083333,
        "lowlevel.loudness_ebu128.momentary.dmean2": 0.9539491534233093,
        "rhythm.bpm_histogram_first_peak_weight": 0.5761876702308655,
        "rhythm.bpm_histogram_second_peak_spread": 0.383711576461792,
        "lowlevel.loudness_ebu128.momentary.mean": -21.097764650980633,
        "lowlevel.loudness_ebu128.momentary.dmean": 0.8566728631655375,
        "rhythm.beats_loudness.mean": 0.03519848734140396,
        "rhythm.bpm_histogram_second_peak_bpm": 117.0,
        "lowlevel.loudness_ebu128.integrated": -18.424327850341797,
        "rhythm.beats_loudness.var": 0.0014257862543066342,
        "lowlevel.loudness_ebu128.momentary.stdev": 4.869451840718587,
        "lowlevel.loudness_ebu128.short_term.var": 15.762866020202637,
        "lowlevel.spectral_centroid.max": 9170.492513020834,
        "rhythm.beats_loudness.dmean2": 0.047101471573114395,
        "rhythm.danceability": 0.989980677763621,
        "lowlevel.loudness_ebu128.short_term.max": -13.003385861714682,
        "lowlevel.spectral_centroid.mean": 1650.1136271158855,
        "rhythm.beats_loudness.stdev": 0.03539545275270939,
        "lowlevel.loudness_ebu128.short_term.dmean2": 0.12511925399303436,
        "lowlevel.loudness_ebu128.short_term.dmean": 0.15147959689299265,
        "lowlevel.loudness_ebu128.short_term.mean": -20.196454683939617,
        "rhythm.bpm_histogram_first_peak_bpm": 115.0,
        "lowlevel.loudness_ebu128.short_term.median": -19.49328104654948,
        "lowlevel.spectral_centroid.median": 1530.8544514973958,
        "lowlevel.spectral_centroid.stdev": 648.9858194986979,
        "lowlevel.spectral_centroid.dmean2": 365.24720255533856,
        "rhythm.beats_loudness.median": 0.027395788424958784
    },
    "outlier_flag": false,
    "outlier_reasons": null,
    "raw_versions": [
        {
            "id": "vgzvlMiOz9M",
            "title": "Bob Weir - Fever excerpt from 2/10/23 Grateful Dead",
            "views": 44,
            "features": {
                "lowlevel.average_loudness": 0.7066089510917664,
                "lowlevel.loudness_ebu128.integrated": -13.450210571289062,
                "lowlevel.loudness_ebu128.loudness_range": 5.233573913574219,
                "lowlevel.loudness_ebu128.momentary.dmean": 0.839539647102356,
                "lowlevel.loudness_ebu128.momentary.dmean2": 0.8236343860626221,
                "lowlevel.loudness_ebu128.momentary.dvar": 0.8097735643386841,
                "lowlevel.loudness_ebu128.momentary.dvar2": 0.9530946016311646,
                "lowlevel.loudness_ebu128.momentary.max": -7.872709274291992,
                "lowlevel.loudness_ebu128.momentary.mean": -15.003209114074707,
                "lowlevel.loudness_ebu128.momentary.median": -13.934329986572266,
                "lowlevel.loudness_ebu128.momentary.min": -33.246917724609375,
                "lowlevel.loudness_ebu128.momentary.stdev": 4.16406774520874,
                "lowlevel.loudness_ebu128.momentary.var": 17.339460372924805,
                "lowlevel.loudness_ebu128.short_term.dmean": 0.15250210464000702,
                "lowlevel.loudness_ebu128.short_term.dmean2": 0.09786241501569748,
                "lowlevel.loudness_ebu128.short_term.dvar": 0.026319988071918488,
                "lowlevel.loudness_ebu128.short_term.dvar2": 0.013501971028745174,
                "lowlevel.loudness_ebu128.short_term.max": -10.854188919067383,
                "lowlevel.loudness_ebu128.short_term.mean": -14.179213523864746,
                "lowlevel.loudness_ebu128.short_term.median": -13.501729965209961,
                "lowlevel.loudness_ebu128.short_term.min": -25.120813369750977,
                "lowlevel.loudness_ebu128.short_term.stdev": 2.5191612243652344,
                "lowlevel.loudness_ebu128.short_term.var": 6.346173286437988,
                "lowlevel.spectral_centroid.dmean": 212.07012939453125,
                "lowlevel.spectral_centroid.dmean2": 330.4073181152344,
                "lowlevel.spectral_centroid.dvar": 98821.6484375,
                "lowlevel.spectral_centroid.dvar2": 176279.78125,
                "lowlevel.spectral_centroid.max": 11024.9951171875,
                "lowlevel.spectral_centroid.mean": 972.7510375976562,
                "lowlevel.spectral_centroid.median": 792.1734619140625,
                "lowlevel.spectral_centroid.min": 211.38279724121094,
                "lowlevel.spectral_centroid.stdev": 628.185546875,
                "lowlevel.spectral_centroid.var": 394617.09375,
                "metadata.audio_properties.analysis.equal_loudness": 0.0,
                "rhythm.beats_loudness.dmean": 0.047125186771154404,
                "rhythm.beats_loudness.dmean2": 0.08724649995565414,
                "rhythm.beats_loudness.dvar": 0.0017938605742529035,
                "rhythm.beats_loudness.dvar2": 0.005066842306405306,
                "rhythm.beats_loudness.max": 0.21457678079605103,
                "rhythm.beats_loudness.mean": 0.06488175690174103,
                "rhythm.beats_loudness.median": 0.058850452303886414,
                "rhythm.beats_loudness.min": 0.00024674346786923707,
                "rhythm.beats_loudness.stdev": 0.05161433666944504,
                "rhythm.beats_loudness.var": 0.002664039609953761,
                "rhythm.bpm": 96.16265869140625,
                "rhythm.bpm_histogram_first_peak_bpm": 96.0,
                "rhythm.bpm_histogram_first_peak_weight": 0.6218487024307251,
                "rhythm.bpm_histogram_second_peak_bpm": 89.0,
                "rhythm.bpm_histogram_second_peak_spread": 0.6666666269302368,
                "rhythm.bpm_histogram_second_peak_weight": 0.0234375,
                "rhythm.danceability": 0.9443021416664124
            }
        },
        {
            "id": "Ben77jurY8w",
            "title": "\"Fever\" 9-13-87 Grateful Dead, Capital Centre",
            "views": 2491,
            "features": {
                "lowlevel.average_loudness": 0.04116734117269516,
                "lowlevel.loudness_ebu128.integrated": -18.771488189697266,
                "lowlevel.loudness_ebu128.loudness_range": 11.642253875732422,
                "lowlevel.loudness_ebu128.momentary.dmean": 1.0017445087432861,