{
    "song_title": "Foolish Heart",
    "artist": "Grateful Dead",
    "num_versions_processed": 3,
    "average_features": {
        "rhythm.beats_loudness.dvar": 0.00031780681941503036,
        "lowlevel.loudness_ebu128.momentary.median": -23.302603403727215,
        "lowlevel.loudness_ebu128.short_term.min": -35.961326599121094,
        "lowlevel.loudness_ebu128.short_term.dvar": 0.008760192897170782,
        "rhythm.beats_loudness.dvar2": 0.0009664782749799391,
        "rhythm.beats_loudness.min": 0.0006546121523422673,
        "lowlevel.loudness_ebu128.momentary.min": -73.86051940917969,
        "rhythm.bpm_histogram_second_peak_weight": 0.05198294669389725,
        "lowlevel.spectral_centroid.min": 253.4654744466146,
        "lowlevel.spectral_centroid.var": 197395.5703125,
        "lowlevel.loudness_ebu128.short_term.dvar2": 0.012006088470419249,
        "lowlevel.loudness_ebu128.short_term.stdev": 1.9805483222007751,
        "rhythm.beats_loudness.max": 0.19406836231549582,
        "lowlevel.loudness_ebu128.momentary.dvar2": 0.8354997833569845,
        "lowlevel.spectral_centroid.dvar2": 90768.283203125,
        "lowlevel.loudness_ebu128.momentary.max": -15.576387723286947,
        "lowlevel.average_loudness": 0.4449211657047272,
        "lowlevel.loudness_ebu128.momentary.var": 11.527861595153809,
        "lowlevel.loudness_ebu128.loudness_range": 5.131880442301433,
        "rhythm.beats_loudness.dmean": 0.018203509350617725,
        "lowlevel.loudness_ebu128.momentary.dvar": 0.5613907078901926,
        "metadata.audio_properties.analysis.equal_loudness": 0.0,
        "lowlevel.spectral_centroid.dmean": 169.29809061686197,
        "rhythm.bpm": 97.33343505859375,
        "lowlevel.spectral_centroid.dvar": 42394.9814453125,
        "lowlevel.loudness_ebu128.momentary.dmean2": 0.9460657437642416,
        "rhythm.bpm_histogram_first_peak_weight": 0.5599861939748129,
        "rhythm.bpm_histogram_second_peak_spread": 0.21578421195348105,
        "lowlevel.loudness_ebu128.momentary.mean": -23.67175229390462,
        "lowlevel.loudness_ebu128.momentary.dmean": 0.727390468120575,
        "rhythm.beats_loudness.mean": 0.03630529964963595,
        "rhythm.bpm_histogram_second_peak_bpm": 96.0,
        "lowlevel.loudness_ebu128.integrated": -22.873576482137043,
        "rhythm.beats_loudness.var": 0.00047620943708655733,
        "lowlevel.loudness_ebu128.momentary.stdev": 3.1975136597951255,
        "lowlevel.loudness_ebu128.short_term.var": 4.602232118447621,
        "lowlevel.spectral_centroid.max": 7259.08447265625,
        "rhythm.beats_loudness.dmean2": 0.03156281883517901,
        "rhythm.danceability": 1.3253294229507446,
        "lowlevel.loudness_ebu128.short_term.max": -18.239492734273274,
        "lowlevel.spectral_centroid.mean": 960.0592651367188,
        "rhythm.beats_loudness.stdev": 0.021404340242346127,
        "lowlevel.loudness_ebu128.short_term.dmean2": 0.11423591027657191,
        "lowlevel.loudness_ebu128.short_term.dmean": 0.0946103831132253,
        "lowlevel.loudness_ebu128.short_term.mean": -23.350863138834637,
        "rhythm.bpm_histogram_first_peak_bpm": 97.66666666666667,
        "lowlevel.loudness_ebu128.short_term.median": -23.17549196879069,
        "lowlevel.spectral_centroid.median": 868.9410603841146,
        "lowlevel.spectral_centroid.stdev": 433.13194783528644,
        "lowlevel.spectral_centroid.dmean2": 258.42124938964844,
        "rhythm.beats_loudness.median": 0.03234811748067538
    },
    "outlier_flag": false,
    "outlier_reasons": null,
    "raw_versions": [
        {
            "id": "bc_cOzXkHFc",
            "title": "Grateful Dead - Foolish Heart (Buckeye Lake 6/11/93) (Official Live Video)",
            "views": 146968,
            "features": {
                "lowlevel.average_loudness": 0.14697155356407166,
                "lowlevel.loudness_ebu128.integrated": -19.39344596862793,
                "lowlevel.loudness_ebu128.loudness_range": 6.062168121337891,
                "lowlevel.loudness_ebu128.momentary.dmean": 0.7708710432052612,
                "lowlevel.loudness_ebu128.momentary.dmean2": 1.0164008140563965,
                "lowlevel.loudness_ebu128.momentary.dvar": 0.6806473135948181,
                "lowlevel.loudness_ebu128.momentary.dvar2": 0.9893040060997009,
                "lowlevel.loudness_ebu128.momentary.max": -11.72175121307373,
                "lowlevel.loudness_ebu128.momentary.mean": -20.419036865234375,
                "lowlevel.loudness_ebu128.momentary.median": -19.939855575561523,
                "lowlevel.loudness_ebu128.momentary.min": -91.01708221435547,
                "lowlevel.loudness_ebu128.momentary.stdev": 3.986433267593384,
                "lowlevel.loudness_ebu128.momentary.var": 15.891650199890137,
                "lowlevel.loudness_ebu128.short_term.dmean": 0.10247483849525452,
                "lowlevel.loudness_ebu128.short_term.dmean2": 0.12751543521881104,
                "lowlevel.loudness_ebu128.short_term.dvar": 0.010028434917330742,
                "lowlevel.loudness_ebu128.short_term.dvar2": 0.01413581520318985,
                "lowlevel.loudness_ebu128.short_term.max": -13.62021255493164,
                "lowlevel.loudness_ebu128.short_term.mean": -20.053085327148438,
                "lowlevel.loudness_ebu128.short_term.median": -19.71563148498535,
                "lowlevel.loudness_ebu128.short_term.min": -35.885223388671875,
                "lowlevel.loudness_ebu128.short_term.stdev": 2.5753703117370605,
                "lowlevel.loudness_ebu128.short_term.var": 6.632531642913818,
                "lowlevel.spectral_centroid.dmean": 94.05439758300781,
                "lowlevel.spectral_centroid.dmean2": 143.4122772216797,
                "lowlevel.spectral_centroid.dvar": 15095.9365234375,
                "lowlevel.spectral_centroid.dvar2": 31121.849609375,
                "lowlevel.spectral_centroid.max": 5582.07421875,
                "lowlevel.spectral_centroid.mean": 622.1990966796875,
                "lowlevel.spectral_centroid.median": 565.4005737304688,
                "lowlevel.spectral_centroid.min": 167.732666015625,
                "lowlevel.spectral_centroid.stdev": 297.5566711425781,
                "lowlevel.spectral_centroid.var": 88539.9765625,
                "metadata.audio_properties.analysis.equal_loudness": 0.0,
                "rhythm.beats_loudness.dmean": 0.0202922485768795,
                "rhythm.beats_loudness.dmean2": 0.034177493304014206,
                "rhythm.beats_loudness.dvar": 0.000344577943906188,
                "rhythm.beats_loudness.dvar2": 0.0009846759494394064,
                "rhythm.beats_loudness.max": 0.19160199165344238,
                "rhythm.beats_loudness.mean": 0.039850521832704544,
                "rhythm.beats_loudness.median": 0.034522686153650284,
                "rhythm.beats_loudness.min": 2.6668109942562523e-09,
                "rhythm.beats_loudness.stdev": 0.025556717067956924,
                "rhythm.beats_loudness.var": 0.0006531457765959203,
                "rhythm.bpm": 94.8411636352539,
                "rhythm.bpm_histogram_first_peak_bpm": 94.0,
                "rhythm.bpm_histogram_first_peak_weight": 0.5388007164001465,
                "rhythm.bpm_histogram_second_peak_bpm": 99.0,
                "rhythm.bpm_histogram_second_peak_spread": 0.0,
                "rhythm.bpm_histogram_second_peak_weight": 0.009433962404727936,
                "rhythm.danceability": 1.2464748620986938
            }
        },
        {
            "id": "8qUYTIDSKBg",
            "title": "Foolish Heart - Grateful Dead - 7-19-1989 Alpine Valley Theatre, Wisc. set2-02",
            "views": 80908,
            "features": {
                "lowlevel.average_loudness": 0.9697380661964417,
                "lowlevel.loudness_ebu128.integrated": -30.967912673950195,
                "lowlevel.loudness_ebu128.loudness_range": 2.2912120819091797,