{
    "song_title": "Franklin's Tower",
    "artist": "Grateful Dead",
    "num_versions_processed": 3,
    "average_features": {
        "lowlevel.loudness_ebu128.short_term.dvar2": 0.015898595564067364,
        "lowlevel.loudness_ebu128.momentary.var": 22.19085963567098,
        "lowlevel.loudness_ebu128.momentary.min": -56.63110542297363,
        "lowlevel.spectral_centroid.dvar": 44117.096354166664,
        "rhythm.beats_loudness.min": 0.00028363801194127475,
        "lowlevel.spectral_centroid.mean": 863.0963134765625,
        "rhythm.beats_loudness.dvar": 0.0006034646066837013,
        "rhythm.bpm_histogram_first_peak_bpm": 112.33333333333333,
        "rhythm.beats_loudness.median": 0.03604528307914734,
        "lowlevel.loudness_ebu128.integrated": -16.36098829905192,
        "lowlevel.loudness_ebu128.short_term.mean": -17.422096252441406,
        "rhythm.beats_loudness.dmean2": 0.036511616160472236,
        "lowlevel.loudness_ebu128.momentary.dvar2": 1.291337291399638,
        "rhythm.bpm_histogram_second_peak_weight": 0.03800854397316774,
        "lowlevel.loudness_ebu128.loudness_range": 6.745338439941406,
        "rhythm.bpm_histogram_second_peak_bpm": 114.33333333333333,
        "lowlevel.loudness_ebu128.short_term.min": -33.143948237101235,
        "lowlevel.loudness_ebu128.short_term.stdev": 3.541102488835653,
        "lowlevel.loudness_ebu128.short_term.dmean2": 0.12885938584804535,
        "lowlevel.loudness_ebu128.short_term.var": 14.834219137827555,
        "rhythm.beats_loudness.mean": 0.04061333400507768,
        "lowlevel.spectral_centroid.max": 9281.576822916666,
        "lowlevel.loudness_ebu128.momentary.dvar": 0.7250799089670181,
        "rhythm.beats_loudness.stdev": 0.028060978278517723,
        "lowlevel.loudness_ebu128.momentary.max": -10.773598670959473,
        "lowlevel.spectral_centroid.median": 744.405029296875,
        "lowlevel.loudness_ebu128.momentary.dmean": 0.7388246059417725,
        "lowlevel.loudness_ebu128.short_term.dvar": 0.010355224212010702,
        "rhythm.beats_loudness.var": 0.0009656742719622949,
        "lowlevel.loudness_ebu128.momentary.stdev": 4.506711721420288,
        "lowlevel.loudness_ebu128.momentary.mean": -17.76552963256836,
        "rhythm.beats_loudness.dmean": 0.021065985783934593,
        "lowlevel.average_loudness": 0.5955564578374227,
        "lowlevel.loudness_ebu128.short_term.median": -16.619307200113933,
        "rhythm.beats_loudness.max": 0.19918141762415567,
        "metadata.audio_properties.analysis.equal_loudness": 0.0,
        "lowlevel.loudness_ebu128.momentary.dmean2": 1.081822673479716,
        "lowlevel.spectral_centroid.dvar2": 94010.5625,
        "lowlevel.loudness_ebu128.short_term.max": -12.416449864705404,
        "lowlevel.spectral_centroid.var": 222561.95833333334,
        "rhythm.bpm_histogram_first_peak_weight": 0.483572781085968,
        "lowlevel.loudness_ebu128.momentary.median": -16.865434010823567,
        "rhythm.bpm": 112.63135274251302,
        "rhythm.beats_loudness.dvar2": 0.001725541796380033,
        "lowlevel.loudness_ebu128.short_term.dmean": 0.101202093064785,
        "lowlevel.spectral_centroid.stdev": 470.3177998860677,
        "lowlevel.spectral_centroid.dmean": 173.42829386393228,
        "lowlevel.spectral_centroid.dmean2": 263.52617899576825,
        "rhythm.danceability": 1.3296442031860352,
        "lowlevel.spectral_centroid.min": 197.93199157714844,
        "rhythm.bpm_histogram_second_peak_spread": 0.07765698432922363
    },
    "outlier_flag": false,
    "outlier_reasons": null,
    "raw_versions": [
        {
            "id": "LCqCgDWMp0s",
            "title": "Grateful Dead - Franklin's Tower | Live at Radio City Music Hall, New York, NY (1980)",
            "views": 230310,
            "features": {
                "lowlevel.average_loudness": 0.7521730065345764,
                "lowlevel.loudness_ebu128.integrated": -12.758255958557129,
                "lowlevel.loudness_ebu128.loudness_range": 6.277135848999023,
                "lowlevel.loudness_ebu128.momentary.dmean": 0.5630074143409729,
                "lowlevel.loudness_ebu128.momentary.dmean2": 0.7834689617156982,
                "lowlevel.loudness_ebu128.momentary.dvar": 0.24815337359905243,
                "lowlevel.loudness_ebu128.momentary.dvar2": 0.4636877179145813,
                "lowlevel.loudness_ebu128.momentary.max": -7.917605400085449,
                "lowlevel.loudness_ebu128.momentary.mean": -13.490135192871094,
                "lowlevel.loudness_ebu128.momentary.median": -12.797414779663086,
                "lowlevel.loudness_ebu128.momentary.min": -25.054258346557617,
                "lowlevel.loudness_ebu128.momentary.stdev": 2.7775189876556396,
                "lowlevel.loudness_ebu128.momentary.var": 7.714611530303955,
                "lowlevel.loudness_ebu128.short_term.dmean": 0.07850713282823563,
                "lowlevel.loudness_ebu128.short_term.dmean2": 0.0932655856013298,
                "lowlevel.loudness_ebu128.short_term.dvar": 0.0049419342540204525,
                "lowlevel.loudness_ebu128.short_term.dvar2": 0.00625159265473485,
                "lowlevel.loudness_ebu128.short_term.max": -9.463897705078125,
                "lowlevel.loudness_ebu128.short_term.mean": -13.291117668151855,
                "lowlevel.loudness_ebu128.short_term.median": -12.382294654846191,
                "lowlevel.loudness_ebu128.short_term.min": -22.001676559448242,
                "lowlevel.loudness_ebu128.short_term.stdev": 2.4187092781066895,
                "lowlevel.loudness_ebu128.short_term.var": 5.850154399871826,
                "lowlevel.spectral_centroid.dmean": 164.9143829345703,
                "lowlevel.spectral_centroid.dmean2": 253.75137329101562,
                "lowlevel.spectral_centroid.dvar": 45677.1875,
                "lowlevel.spectral_centroid.dvar2": 96963.734375,
                "lowlevel.spectral_centroid.max": 11779.4189453125,
                "lowlevel.spectral_centroid.mean": 858.0885620117188,
                "lowlevel.spectral_centroid.median": 734.9482421875,
                "lowlevel.spectral_centroid.min": 212.2721405029297,
                "lowlevel.spectral_centroid.stdev": 447.9215087890625,
                "lowlevel.spectral_centroid.var": 200633.6875,
                "metadata.audio_properties.analysis.equal_loudness": 0.0,
                "rhythm.beats_loudness.dmean": 0.014141032472252846,
                "rhythm.beats_loudness.dmean2": 0.023984935134649277,
                "rhythm.beats_loudness.dvar": 0.0001769513764884323,
                "rhythm.beats_loudness.dvar2": 0.0004818851302843541,
                "rhythm.beats_loudness.max": 0.12191037088632584,
                "rhythm.beats_loudness.mean": 0.03408585861325264,
                "rhythm.beats_loudness.median": 0.031939756125211716,
                "rhythm.beats_loudness.min": 0.0008379325154237449,
                "rhythm.beats_loudness.stdev": 0.01969170570373535,
                "rhythm.beats_loudness.var": 0.0003877632552757859,
                "rhythm.bpm": 116.8738784790039,
                "rhythm.bpm_histogram_first_peak_bpm": 117.0,
                "rhythm.bpm_histogram_first_peak_weight": 0.4317948818206787,
                "rhythm.bpm_histogram_second_peak_bpm": 123.0,
                "rhythm.bpm_histogram_second_peak_spread": 0.0,
                "rhythm.bpm_histogram_second_peak_weight": 0.026217227801680565,
                "rhythm.danceability": 1.2883926630020142
            }
        },
        {
            "id": "vcR209mYel8",
            "title": "Grateful Dead - Franklin's Tower (New York, NY 10/31/80)",
            "views": 550453,
            "features": {
                "lowlevel.average_loudness": 0.6961445808410645,
                "lowlevel.loudness_ebu128.integrated": -14.73556137084961,
                "lowlevel.loudness_ebu128.loudness_range": 6.866920471191406,