{
    "song_title": "From The Heart Of Me",
    "artist": "Grateful Dead",
    "num_versions_processed": 3,
    "average_features": {
        "lowlevel.loudness_ebu128.short_term.dvar2": 0.021637347837289173,
        "lowlevel.loudness_ebu128.momentary.var": 31.41006024678548,
        "lowlevel.loudness_ebu128.momentary.min": -71.18961334228516,
        "lowlevel.spectral_centroid.dvar": 58619.723958333336,
        "rhythm.beats_loudness.min": 2.6680116258577986e-05,
        "lowlevel.spectral_centroid.mean": 1226.2445475260417,
        "rhythm.beats_loudness.dvar": 0.0004525392917760958,
        "rhythm.bpm_histogram_first_peak_bpm": 115.66666666666667,
        "rhythm.beats_loudness.median": 0.020133237664898235,
        "lowlevel.loudness_ebu128.integrated": -20.289230982462566,
        "lowlevel.loudness_ebu128.short_term.mean": -21.897878646850586,
        "rhythm.beats_loudness.dmean2": 0.03128742923339208,
        "lowlevel.loudness_ebu128.momentary.dvar2": 1.7429606119791667,
        "rhythm.bpm_histogram_second_peak_weight": 0.10150502249598503,
        "lowlevel.loudness_ebu128.loudness_range": 9.76846694946289,
        "rhythm.bpm_histogram_second_peak_bpm": 127.33333333333333,
        "lowlevel.loudness_ebu128.short_term.min": -41.73996225992838,
        "lowlevel.loudness_ebu128.short_term.stdev": 3.983622392018636,
        "lowlevel.loudness_ebu128.short_term.dmean2": 0.13133313258488974,
        "lowlevel.loudness_ebu128.short_term.var": 16.35407320658366,
        "rhythm.beats_loudness.mean": 0.02638903446495533,
        "lowlevel.spectral_centroid.max": 5478.785481770833,
        "lowlevel.loudness_ebu128.momentary.dvar": 1.0049391984939575,
        "rhythm.beats_loudness.stdev": 0.024041784927248955,
        "lowlevel.loudness_ebu128.momentary.max": -12.981807390848795,
        "lowlevel.spectral_centroid.median": 1111.6678466796875,
        "lowlevel.loudness_ebu128.momentary.dmean": 0.9414983590443929,
        "lowlevel.loudness_ebu128.short_term.dvar": 0.019741958007216454,
        "rhythm.beats_loudness.var": 0.0006106333457864821,
        "lowlevel.loudness_ebu128.momentary.stdev": 5.577953338623047,
        "lowlevel.loudness_ebu128.momentary.mean": -22.719589869181316,
        "rhythm.beats_loudness.dmean": 0.017877408613761265,
        "lowlevel.average_loudness": 0.45161773761113483,
        "lowlevel.loudness_ebu128.short_term.median": -21.561412175496418,
        "rhythm.beats_loudness.max": 0.19617769618829092,
        "metadata.audio_properties.analysis.equal_loudness": 0.0,
        "lowlevel.loudness_ebu128.momentary.dmean2": 1.2113724152247112,
        "lowlevel.spectral_centroid.dvar2": 119442.2265625,
        "lowlevel.loudness_ebu128.short_term.max": -15.869423230489096,
        "lowlevel.spectral_centroid.var": 370438.1875,
        "rhythm.bpm_histogram_first_peak_weight": 0.48224496841430664,
        "lowlevel.loudness_ebu128.momentary.median": -22.13220278422038,
        "rhythm.bpm": 116.22714487711589,
        "rhythm.beats_loudness.dvar2": 0.0012917084580597777,
        "lowlevel.loudness_ebu128.short_term.dmean": 0.1284501850605011,
        "lowlevel.spectral_centroid.stdev": 608.5246988932291,
        "lowlevel.spectral_centroid.dmean": 198.93980407714844,
        "lowlevel.spectral_centroid.dmean2": 298.1341247558594,
        "rhythm.danceability": 1.104188323020935,
        "lowlevel.spectral_centroid.min": 238.9628143310547,
        "rhythm.bpm_histogram_second_peak_spread": 0.16328829526901245
    },
    "outlier_flag": false,
    "outlier_reasons": null,
    "raw_versions": [
        {
            "id": "q3cwgB9DSuc",
            "title": "Grateful Dead - From The Heart Of Me 11-18-78",
            "views": 1519,
            "features": {
                "lowlevel.average_loudness": 0.44227075576782227,
                "lowlevel.loudness_ebu128.integrated": -16.33498191833496,
                "lowlevel.loudness_ebu128.loudness_range": 10.061698913574219,
                "lowlevel.loudness_ebu128.momentary.dmean": 1.0020922422409058,
                "lowlevel.loudness_ebu128.momentary.dmean2": 1.35261070728302,
                "lowlevel.loudness_ebu128.momentary.dvar": 0.9745835065841675,
                "lowlevel.loudness_ebu128.momentary.dvar2": 1.8960745334625244,
                "lowlevel.loudness_ebu128.momentary.max": -8.565982818603516,
                "lowlevel.loudness_ebu128.momentary.mean": -18.449975967407227,
                "lowlevel.loudness_ebu128.momentary.median": -17.836572647094727,
                "lowlevel.loudness_ebu128.momentary.min": -41.584388732910156,
                "lowlevel.loudness_ebu128.momentary.stdev": 4.820709705352783,
                "lowlevel.loudness_ebu128.momentary.var": 23.239240646362305,
                "lowlevel.loudness_ebu128.short_term.dmean": 0.13040663301944733,
                "lowlevel.loudness_ebu128.short_term.dmean2": 0.13143327832221985,
                "lowlevel.loudness_ebu128.short_term.dvar": 0.0178800281137228,
                "lowlevel.loudness_ebu128.short_term.dvar2": 0.01890007220208645,
                "lowlevel.loudness_ebu128.short_term.max": -12.092291831970215,
                "lowlevel.loudness_ebu128.short_term.mean": -17.716772079467773,
                "lowlevel.loudness_ebu128.short_term.median": -16.88071632385254,
                "lowlevel.loudness_ebu128.short_term.min": -34.861846923828125,
                "lowlevel.loudness_ebu128.short_term.stdev": 3.9999876022338867,
                "lowlevel.loudness_ebu128.short_term.var": 15.999900817871094,
                "lowlevel.spectral_centroid.dmean": 201.3640899658203,
                "lowlevel.spectral_centroid.dmean2": 301.68682861328125,
                "lowlevel.spectral_centroid.dvar": 62906.9296875,
                "lowlevel.spectral_centroid.dvar2": 129893.0078125,
                "lowlevel.spectral_centroid.max": 5180.5927734375,
                "lowlevel.spectral_centroid.mean": 1169.2099609375,
                "lowlevel.spectral_centroid.median": 1009.2154541015625,
                "lowlevel.spectral_centroid.min": 239.08700561523438,
                "lowlevel.spectral_centroid.stdev": 623.4786987304688,
                "lowlevel.spectral_centroid.var": 388725.6875,
                "metadata.audio_properties.analysis.equal_loudness": 0.0,
                "rhythm.beats_loudness.dmean": 0.013907643035054207,
                "rhythm.beats_loudness.dmean2": 0.02332502231001854,
                "rhythm.beats_loudness.dvar": 0.00022146951232571155,
                "rhythm.beats_loudness.dvar2": 0.0005677671870216727,
                "rhythm.beats_loudness.max": 0.12202534079551697,
                "rhythm.beats_loudness.mean": 0.02172662317752838,
                "rhythm.beats_loudness.median": 0.016455508768558502,
                "rhythm.beats_loudness.min": 7.963001553434879e-05,
                "rhythm.beats_loudness.stdev": 0.018662068992853165,
                "rhythm.beats_loudness.var": 0.00034827282070182264,
                "rhythm.bpm": 122.33491516113281,
                "rhythm.bpm_histogram_first_peak_bpm": 123.0,
                "rhythm.bpm_histogram_first_peak_weight": 0.4765431880950928,
                "rhythm.bpm_histogram_second_peak_bpm": 117.0,
                "rhythm.bpm_histogram_second_peak_spread": 0.0,
                "rhythm.bpm_histogram_second_peak_weight": 0.06067415699362755,
                "rhythm.danceability": 1.0715793371200562
            }
        },
        {
            "id": "RGmgYsYbrfk",
            "title": "Grateful Dead - From The Heart Of Me (Winterland 12/31/78)",
            "views": 51578,
            "features": {
                "lowlevel.average_loudness": 0.6007254123687744,
                "lowlevel.loudness_ebu128.integrated": -20.3409423828125,
                "lowlevel.loudness_ebu128.loudness_range": 7.656015396118164,
                "lowlevel.loudness_ebu128.momentary.dmean": 0.9998518228530884,