{
    "song_title": "Funiculi Funicula",
    "artist": "Grateful Dead",
    "num_versions_processed": 1,
    "average_features": {
        "lowlevel.loudness_ebu128.short_term.dvar2": 0.0070418077521026134,
        "lowlevel.loudness_ebu128.momentary.var": 4.897502899169922,
        "lowlevel.loudness_ebu128.momentary.min": -26.647157669067383,
        "lowlevel.spectral_centroid.dvar": 56859.31640625,
        "rhythm.beats_loudness.min": 0.0008418968645855784,
        "lowlevel.spectral_centroid.mean": 1563.541748046875,
        "rhythm.beats_loudness.dvar": 7.190352334873751e-05,
        "rhythm.bpm_histogram_first_peak_bpm": 129.0,
        "rhythm.beats_loudness.median": 0.028247686102986336,
        "lowlevel.loudness_ebu128.integrated": -12.865690231323242,
        "lowlevel.loudness_ebu128.short_term.mean": -12.990840911865234,
        "rhythm.beats_loudness.dmean2": 0.017913663759827614,
        "lowlevel.loudness_ebu128.momentary.dvar2": 0.4846939742565155,
        "rhythm.bpm_histogram_second_peak_weight": 0.18014705181121826,
        "lowlevel.loudness_ebu128.loudness_range": 3.0956735610961914,
        "rhythm.bpm_histogram_second_peak_bpm": 123.0,
        "lowlevel.loudness_ebu128.short_term.min": -16.27019691467285,
        "lowlevel.loudness_ebu128.short_term.stdev": 1.0218011140823364,
        "lowlevel.loudness_ebu128.short_term.dmean2": 0.09128645807504654,
        "lowlevel.loudness_ebu128.short_term.var": 1.0440775156021118,
        "rhythm.beats_loudness.mean": 0.027552837505936623,
        "lowlevel.spectral_centroid.max": 11025.607421875,
        "lowlevel.loudness_ebu128.momentary.dvar": 0.3356395661830902,
        "rhythm.beats_loudness.stdev": 0.01017660740762949,
        "lowlevel.loudness_ebu128.momentary.max": -6.27197790145874,
        "lowlevel.spectral_centroid.median": 1486.2120361328125,
        "lowlevel.loudness_ebu128.momentary.dmean": 0.6653597354888916,
        "lowlevel.loudness_ebu128.short_term.dvar": 0.0084304790943861,
        "rhythm.beats_loudness.var": 0.00010356333223171532,
        "lowlevel.loudness_ebu128.momentary.stdev": 2.2130303382873535,
        "lowlevel.loudness_ebu128.momentary.mean": -13.36728286743164,
        "rhythm.beats_loudness.dmean": 0.01043962873518467,
        "lowlevel.average_loudness": 0.964390754699707,
        "lowlevel.loudness_ebu128.short_term.median": -12.855583190917969,
        "rhythm.beats_loudness.max": 0.07396223396062851,
        "metadata.audio_properties.analysis.equal_loudness": 0.0,
        "lowlevel.loudness_ebu128.momentary.dmean2": 0.7011810541152954,
        "lowlevel.spectral_centroid.dvar2": 105999.8671875,
        "lowlevel.loudness_ebu128.short_term.max": -10.818021774291992,
        "lowlevel.spectral_centroid.var": 358919.1875,
        "rhythm.bpm_histogram_first_peak_weight": 0.4623115062713623,
        "lowlevel.loudness_ebu128.momentary.median": -13.068979263305664,
        "rhythm.bpm": 128.09970092773438,
        "rhythm.beats_loudness.dvar2": 0.00019587847054935992,
        "lowlevel.loudness_ebu128.short_term.dmean": 0.09306779503822327,
        "lowlevel.spectral_centroid.stdev": 599.0986328125,
        "lowlevel.spectral_centroid.dmean": 196.86990356445312,
        "lowlevel.spectral_centroid.dmean2": 297.0780029296875,
        "rhythm.danceability": 1.2356849908828735,
        "lowlevel.spectral_centroid.min": 346.1743469238281,
        "rhythm.bpm_histogram_second_peak_spread": 0.10909092426300049
    },
    "outlier_flag": false,
    "outlier_reasons": null,
    "raw_versions": [
        {
            "id": "0uHaRJzBYY8",
            "title": "Grateful Dead - Funiculi Funicula - 12/31/1977 - Winterland (Official)",
            "views": 4123,
            "features": {
                "lowlevel.average_loudness": 0.964390754699707,
                "lowlevel.loudness_ebu128.integrated": -12.865690231323242,
                "lowlevel.loudness_ebu128.loudness_range": 3.0956735610961914,
                "lowlevel.loudness_ebu128.momentary.dmean": 0.6653597354888916,
                "lowlevel.loudness_ebu128.momentary.dmean2": 0.7011810541152954,
                "lowlevel.loudness_ebu128.momentary.dvar": 0.3356395661830902,
                "lowlevel.loudness_ebu128.momentary.dvar2": 0.4846939742565155,
                "lowlevel.loudness_ebu128.momentary.max": -6.27197790145874,
                "lowlevel.loudness_ebu128.momentary.mean": -13.36728286743164,
                "lowlevel.loudness_ebu128.momentary.median": -13.068979263305664,
                "lowlevel.loudness_ebu128.momentary.min": -26.647157669067383,
                "lowlevel.loudness_ebu128.momentary.stdev": 2.2130303382873535,
                "lowlevel.loudness_ebu128.momentary.var": 4.897502899169922,
                "lowlevel.loudness_ebu128.short_term.dmean": 0.09306779503822327,
                "lowlevel.loudness_ebu128.short_term.dmean2": 0.09128645807504654,
                "lowlevel.loudness_ebu128.short_term.dvar": 0.0084304790943861,
                "lowlevel.loudness_ebu128.short_term.dvar2": 0.0070418077521026134,
                "lowlevel.loudness_ebu128.short_term.max": -10.818021774291992,
                "lowlevel.loudness_ebu128.short_term.mean": -12.990840911865234,
                "lowlevel.loudness_ebu128.short_term.median": -12.855583190917969,
                "lowlevel.loudness_ebu128.short_term.min": -16.27019691467285,
                "lowlevel.loudness_ebu128.short_term.stdev": 1.0218011140823364,
                "lowlevel.loudness_ebu128.short_term.var": 1.0440775156021118,
                "lowlevel.spectral_centroid.dmean": 196.86990356445312,
                "lowlevel.spectral_centroid.dmean2": 297.0780029296875,
                "lowlevel.spectral_centroid.dvar": 56859.31640625,
                "lowlevel.spectral_centroid.dvar2": 105999.8671875,
                "lowlevel.spectral_centroid.max": 11025.607421875,
                "lowlevel.spectral_centroid.mean": 1563.541748046875,
                "lowlevel.spectral_centroid.median": 1486.2120361328125,
                "lowlevel.spectral_centroid.min": 346.1743469238281,
                "lowlevel.spectral_centroid.stdev": 599.0986328125,
                "lowlevel.spectral_centroid.var": 358919.1875,
                "metadata.audio_properties.analysis.equal_loudness": 0.0,
                "rhythm.beats_loudness.dmean": 0.01043962873518467,
                "rhythm.beats_loudness.dmean2": 0.017913663759827614,
                "rhythm.beats_loudness.dvar": 7.190352334873751e-05,
                "rhythm.beats_loudness.dvar2": 0.00019587847054935992,
                "rhythm.beats_loudness.max": 0.07396223396062851,
                "rhythm.beats_loudness.mean": 0.027552837505936623,
                "rhythm.beats_loudness.median": 0.028247686102986336,
                "rhythm.beats_loudness.min": 0.0008418968645855784,
                "rhythm.beats_loudness.stdev": 0.01017660740762949,
                "rhythm.beats_loudness.var": 0.00010356333223171532,
                "rhythm.bpm": 128.09970092773438,
                "rhythm.bpm_histogram_first_peak_bpm": 129.0,
                "rhythm.bpm_histogram_first_peak_weight": 0.4623115062713623,
                "rhythm.bpm_histogram_second_peak_bpm": 123.0,
                "rhythm.bpm_histogram_second_peak_spread": 0.10909092426300049,
                "rhythm.bpm_histogram_second_peak_weight": 0.18014705181121826,
                "rhythm.danceability": 1.2356849908828735
            }
        }
    ]
}