{
    "song_title": "Gathering Flowers For The Master's Bouquet",
    "artist": "Grateful Dead",
    "num_versions_processed": 3,
    "average_features": {
        "lowlevel.loudness_ebu128.momentary.dmean2": 0.9960562189420065,
        "lowlevel.loudness_ebu128.short_term.median": -22.18033727010091,
        "lowlevel.spectral_centroid.median": 594.6850077311198,
        "rhythm.beats_loudness.var": 0.0011208942354035873,
        "rhythm.beats_loudness.dvar": 0.0008504372866203388,
        "lowlevel.loudness_ebu128.short_term.stdev": 5.925405661265056,
        "lowlevel.loudness_ebu128.integrated": -20.541322390238445,
        "rhythm.beats_loudness.max": 0.2476851294438044,
        "lowlevel.spectral_centroid.max": 10519.252604166666,
        "lowlevel.spectral_centroid.min": 144.6172841389974,
        "lowlevel.loudness_ebu128.momentary.stdev": 7.780070781707764,
        "rhythm.bpm": 116.4646987915039,
        "lowlevel.loudness_ebu128.loudness_range": 14.238035202026367,
        "rhythm.beats_loudness.mean": 0.026733603949348133,
        "rhythm.bpm_histogram_second_peak_weight": 0.1736178050438563,
        "metadata.audio_properties.analysis.equal_loudness": 0.0,
        "lowlevel.loudness_ebu128.short_term.var": 38.185370127360024,
        "rhythm.beats_loudness.dvar2": 0.00227538604910175,
        "rhythm.bpm_histogram_second_peak_bpm": 113.66666666666667,
        "lowlevel.loudness_ebu128.momentary.mean": -25.137712478637695,
        "lowlevel.loudness_ebu128.short_term.max": -15.853109359741211,
        "rhythm.beats_loudness.stdev": 0.03334180141488711,
        "lowlevel.loudness_ebu128.momentary.dmean": 0.9458432992299398,
        "lowlevel.spectral_centroid.mean": 682.2833048502604,
        "lowlevel.spectral_centroid.stdev": 457.3814290364583,
        "rhythm.beats_loudness.median": 0.014489639240006605,
        "lowlevel.loudness_ebu128.short_term.dmean": 0.1529792845249176,
        "lowlevel.loudness_ebu128.short_term.dvar2": 0.030869911735256512,
        "rhythm.beats_loudness.dmean2": 0.03558010794222355,
        "lowlevel.loudness_ebu128.short_term.mean": -24.023653030395508,
        "lowlevel.loudness_ebu128.momentary.var": 61.27123896280924,
        "rhythm.beats_loudness.dmean": 0.019962364186843235,
        "lowlevel.loudness_ebu128.momentary.min": -79.38002268473308,
        "lowlevel.loudness_ebu128.momentary.dvar": 1.0428516666094463,
        "lowlevel.spectral_centroid.dmean": 111.97269948323567,
        "lowlevel.spectral_centroid.var": 212011.55208333334,
        "rhythm.beats_loudness.min": 1.4038151163002037e-06,
        "lowlevel.average_loudness": 0.2768613037963708,
        "lowlevel.loudness_ebu128.short_term.dmean2": 0.13018485407034555,
        "lowlevel.loudness_ebu128.short_term.min": -48.420389811197914,
        "rhythm.bpm_histogram_first_peak_bpm": 116.33333333333333,
        "lowlevel.loudness_ebu128.momentary.max": -12.297921975453695,
        "lowlevel.spectral_centroid.dmean2": 169.71863555908203,
        "rhythm.bpm_histogram_second_peak_spread": 0.37663636604944867,
        "lowlevel.loudness_ebu128.short_term.dvar": 0.04215072592099508,
        "lowlevel.loudness_ebu128.momentary.median": -23.512627919514973,
        "rhythm.danceability": 1.0285669167836506,
        "lowlevel.spectral_centroid.dvar": 32771.486653645836,
        "rhythm.bpm_histogram_first_peak_weight": 0.592960794766744,
        "lowlevel.loudness_ebu128.momentary.dvar2": 1.4182050625483196,
        "lowlevel.spectral_centroid.dvar2": 61274.08203125
    },
    "outlier_flag": false,
    "outlier_reasons": null,
    "raw_versions": [
        {
            "id": "COXBuCQqwpY",
            "title": "Grateful Dead - Gathering Flowers for the Master's Bouquet",
            "views": 21973,
            "features": {
                "lowlevel.average_loudness": 0.6991502642631531,
                "lowlevel.loudness_ebu128.integrated": -23.7347354888916,
                "lowlevel.loudness_ebu128.loudness_range": 9.50682258605957,
                "lowlevel.loudness_ebu128.momentary.dmean": 0.9297891855239868,
                "lowlevel.loudness_ebu128.momentary.dmean2": 1.0070481300354004,
                "lowlevel.loudness_ebu128.momentary.dvar": 1.4083201885223389,
                "lowlevel.loudness_ebu128.momentary.dvar2": 2.103402614593506,
                "lowlevel.loudness_ebu128.momentary.max": -17.106840133666992,
                "lowlevel.loudness_ebu128.momentary.mean": -26.599607467651367,
                "lowlevel.loudness_ebu128.momentary.median": -24.858570098876953,
                "lowlevel.loudness_ebu128.momentary.min": -90.0644302368164,
                "lowlevel.loudness_ebu128.momentary.stdev": 7.418318748474121,
                "lowlevel.loudness_ebu128.momentary.var": 55.03145217895508,
                "lowlevel.loudness_ebu128.short_term.dmean": 0.14101795852184296,
                "lowlevel.loudness_ebu128.short_term.dmean2": 0.1201561838388443,
                "lowlevel.loudness_ebu128.short_term.dvar": 0.03171788156032562,
                "lowlevel.loudness_ebu128.short_term.dvar2": 0.024654602631926537,
                "lowlevel.loudness_ebu128.short_term.max": -20.638078689575195,
                "lowlevel.loudness_ebu128.short_term.mean": -25.328187942504883,
                "lowlevel.loudness_ebu128.short_term.median": -23.887086868286133,
                "lowlevel.loudness_ebu128.short_term.min": -43.63287353515625,
                "lowlevel.loudness_ebu128.short_term.stdev": 4.311783790588379,
                "lowlevel.loudness_ebu128.short_term.var": 18.59147834777832,
                "lowlevel.spectral_centroid.dmean": 40.135337829589844,
                "lowlevel.spectral_centroid.dmean2": 65.58496856689453,
                "lowlevel.spectral_centroid.dvar": 8359.9169921875,
                "lowlevel.spectral_centroid.dvar2": 12569.87890625,
                "lowlevel.spectral_centroid.max": 10325.4404296875,
                "lowlevel.spectral_centroid.mean": 356.18109130859375,
                "lowlevel.spectral_centroid.median": 301.2368469238281,
                "lowlevel.spectral_centroid.min": 128.02256774902344,
                "lowlevel.spectral_centroid.stdev": 439.821533203125,
                "lowlevel.spectral_centroid.var": 193442.984375,
                "metadata.audio_properties.analysis.equal_loudness": 0.0,
                "rhythm.beats_loudness.dmean": 0.02601742371916771,
                "rhythm.beats_loudness.dmean2": 0.04647500813007355,
                "rhythm.beats_loudness.dvar": 0.000943186110816896,
                "rhythm.beats_loudness.dvar2": 0.0026271541137248278,
                "rhythm.beats_loudness.max": 0.19602009654045105,
                "rhythm.beats_loudness.mean": 0.03389817848801613,
                "rhythm.beats_loudness.median": 0.022794324904680252,
                "rhythm.beats_loudness.min": 8.922916627795985e-09,
                "rhythm.beats_loudness.stdev": 0.033206988126039505,
                "rhythm.beats_loudness.var": 0.0011027039727196097,
                "rhythm.bpm": 114.20064544677734,
                "rhythm.bpm_histogram_first_peak_bpm": 115.0,
                "rhythm.bpm_histogram_first_peak_weight": 0.6598985195159912,
                "rhythm.bpm_histogram_second_peak_bpm": 120.0,
                "rhythm.bpm_histogram_second_peak_spread": 0.29113924503326416,
                "rhythm.bpm_histogram_second_peak_weight": 0.1599999964237213,
                "rhythm.danceability": 1.0098791122436523
            }
        },
        {
            "id": "pTxGAiJrjiI",
            "title": "Grateful Dead / Gathering Flowers For The Master's Bouquet / Mama Tried / LIVE / December 26, 1969",
            "views": 3209,
            "features": {
                "lowlevel.average_loudness": 0.09655361622571945,
                "lowlevel.loudness_ebu128.integrated": -14.380999565124512,
                "lowlevel.loudness_ebu128.loudness_range": 11.363658905029297,