{
    "song_title": "Gentlemen Start Your Engines",
    "artist": "Grateful Dead",
    "num_versions_processed": 3,
    "average_features": {
        "rhythm.beats_loudness.dvar": 0.0006254461089459559,
        "lowlevel.loudness_ebu128.momentary.median": -20.199665069580078,
        "lowlevel.loudness_ebu128.short_term.min": -58.195701599121094,
        "lowlevel.loudness_ebu128.short_term.dvar": 0.025690407181779545,
        "rhythm.beats_loudness.dvar2": 0.0018330799260487158,
        "rhythm.beats_loudness.min": 7.184793183364254e-07,
        "lowlevel.loudness_ebu128.momentary.min": -87.3837661743164,
        "rhythm.bpm_histogram_second_peak_weight": 0.19338876164207855,
        "lowlevel.spectral_centroid.min": 179.66653951009116,
        "lowlevel.spectral_centroid.var": 266460.1770833333,
        "lowlevel.loudness_ebu128.short_term.dvar2": 0.02442825275162856,
        "lowlevel.loudness_ebu128.short_term.stdev": 5.282723267873128,
        "rhythm.beats_loudness.max": 0.23241372406482697,
        "lowlevel.loudness_ebu128.momentary.dvar2": 1.2859480381011963,
        "lowlevel.spectral_centroid.dvar2": 86076.44270833333,
        "lowlevel.loudness_ebu128.momentary.max": -12.713805516560873,
        "lowlevel.average_loudness": 0.5207129617532095,
        "lowlevel.loudness_ebu128.momentary.var": 55.7439219156901,
        "lowlevel.loudness_ebu128.loudness_range": 6.631346702575684,
        "rhythm.beats_loudness.dmean": 0.02547673632701238,
        "lowlevel.loudness_ebu128.momentary.dvar": 0.8851911822954813,
        "metadata.audio_properties.analysis.equal_loudness": 0.0,
        "lowlevel.spectral_centroid.dmean": 155.0853729248047,
        "rhythm.bpm": 148.2731475830078,
        "lowlevel.spectral_centroid.dvar": 39482.10546875,
        "lowlevel.loudness_ebu128.momentary.dmean2": 0.8686234752337137,
        "rhythm.bpm_histogram_first_peak_weight": 0.24221440156300864,
        "rhythm.bpm_histogram_second_peak_spread": 0.04687150319417318,
        "lowlevel.loudness_ebu128.momentary.mean": -21.771652857462566,
        "lowlevel.loudness_ebu128.momentary.dmean": 0.7506222327550253,
        "rhythm.beats_loudness.mean": 0.03532656033833822,
        "rhythm.bpm_histogram_second_peak_bpm": 147.33333333333334,
        "lowlevel.loudness_ebu128.integrated": -19.346991856892902,
        "rhythm.beats_loudness.var": 0.0007977640295090774,
        "lowlevel.loudness_ebu128.momentary.stdev": 7.027786493301392,
        "lowlevel.loudness_ebu128.short_term.var": 33.382190545399986,
        "lowlevel.spectral_centroid.max": 7494.3173828125,
        "rhythm.beats_loudness.dmean2": 0.046813350170850754,
        "rhythm.danceability": 1.1520167986551921,
        "lowlevel.loudness_ebu128.short_term.max": -15.317545890808105,
        "lowlevel.spectral_centroid.mean": 826.5584106445312,
        "rhythm.beats_loudness.stdev": 0.028055880839625996,
        "lowlevel.loudness_ebu128.short_term.dmean2": 0.12621148427327475,
        "lowlevel.loudness_ebu128.short_term.dmean": 0.12169686208168666,
        "lowlevel.loudness_ebu128.short_term.mean": -21.041629155476887,
        "rhythm.bpm_histogram_first_peak_bpm": 149.66666666666666,
        "lowlevel.loudness_ebu128.short_term.median": -19.69570032755534,
        "lowlevel.spectral_centroid.median": 699.1086018880209,
        "lowlevel.spectral_centroid.stdev": 505.4215087890625,
        "lowlevel.spectral_centroid.dmean2": 238.09821065266928,
        "rhythm.beats_loudness.median": 0.03009230208893617
    },
    "outlier_flag": false,
    "outlier_reasons": null,
    "raw_versions": [
        {
            "id": "msSWkm-IvP4",
            "title": "Grateful Dead - Gentlemen Start Your Engines 6/26/1988",
            "views": 178,
            "features": {
                "lowlevel.average_loudness": 0.3293265700340271,
                "lowlevel.loudness_ebu128.integrated": -19.248916625976562,
                "lowlevel.loudness_ebu128.loudness_range": 9.514654159545898,
                "lowlevel.loudness_ebu128.momentary.dmean": 0.8011156916618347,
                "lowlevel.loudness_ebu128.momentary.dmean2": 0.8278842568397522,
                "lowlevel.loudness_ebu128.momentary.dvar": 0.7651063799858093,
                "lowlevel.loudness_ebu128.momentary.dvar2": 0.9366792440414429,
                "lowlevel.loudness_ebu128.momentary.max": -12.848731994628906,
                "lowlevel.loudness_ebu128.momentary.mean": -22.585737228393555,
                "lowlevel.loudness_ebu128.momentary.median": -20.179508209228516,
                "lowlevel.loudness_ebu128.momentary.min": -82.97459411621094,
                "lowlevel.loudness_ebu128.momentary.stdev": 7.466960430145264,
                "lowlevel.loudness_ebu128.momentary.var": 55.75550079345703,
                "lowlevel.loudness_ebu128.short_term.dmean": 0.13116100430488586,
                "lowlevel.loudness_ebu128.short_term.dmean2": 0.11980637162923813,
                "lowlevel.loudness_ebu128.short_term.dvar": 0.027892054989933968,
                "lowlevel.loudness_ebu128.short_term.dvar2": 0.024423997849225998,
                "lowlevel.loudness_ebu128.short_term.max": -15.908256530761719,
                "lowlevel.loudness_ebu128.short_term.mean": -21.7077693939209,
                "lowlevel.loudness_ebu128.short_term.median": -19.623369216918945,
                "lowlevel.loudness_ebu128.short_term.min": -53.44092559814453,
                "lowlevel.loudness_ebu128.short_term.stdev": 6.026609420776367,
                "lowlevel.loudness_ebu128.short_term.var": 36.32001876831055,
                "lowlevel.spectral_centroid.dmean": 157.14291381835938,
                "lowlevel.spectral_centroid.dmean2": 243.15322875976562,
                "lowlevel.spectral_centroid.dvar": 33758.99609375,
                "lowlevel.spectral_centroid.dvar2": 76779.5390625,
                "lowlevel.spectral_centroid.max": 5865.05078125,
                "lowlevel.spectral_centroid.mean": 832.5619506835938,
                "lowlevel.spectral_centroid.median": 708.7809448242188,
                "lowlevel.spectral_centroid.min": 178.6475067138672,
                "lowlevel.spectral_centroid.stdev": 460.2184143066406,
                "lowlevel.spectral_centroid.var": 211800.984375,
                "metadata.audio_properties.analysis.equal_loudness": 0.0,
                "rhythm.beats_loudness.dmean": 0.02358500473201275,
                "rhythm.beats_loudness.dmean2": 0.04317859560251236,
                "rhythm.beats_loudness.dvar": 0.0008119848789647222,
                "rhythm.beats_loudness.dvar2": 0.0022453537676483393,
                "rhythm.beats_loudness.max": 0.3135465681552887,
                "rhythm.beats_loudness.mean": 0.031698763370513916,
                "rhythm.beats_loudness.median": 0.02660665288567543,
                "rhythm.beats_loudness.min": 2.3764380330248969e-07,
                "rhythm.beats_loudness.stdev": 0.03091999888420105,
                "rhythm.beats_loudness.var": 0.0009560463367961347,
                "rhythm.bpm": 151.55166625976562,
                "rhythm.bpm_histogram_first_peak_bpm": 152.0,
                "rhythm.bpm_histogram_first_peak_weight": 0.29659318923950195,
                "rhythm.bpm_histogram_second_peak_bpm": 157.0,
                "rhythm.bpm_histogram_second_peak_spread": 0.011904716491699219,
                "rhythm.bpm_histogram_second_peak_weight": 0.12671755254268646,
                "rhythm.danceability": 1.1035022735595703
            }
        },
        {
            "id": "t0U7jZ7sAo4",
            "title": "Grateful Dead -  Gentlemen Start Your Engines (7-31-1988 at Laguna Seca Recreation Area)",
            "views": 557,
            "features": {
                "lowlevel.average_loudness": 0.4106937348842621,
                "lowlevel.loudness_ebu128.integrated": -20.81651496887207,
                "lowlevel.loudness_ebu128.loudness_range": 4.846591949462891,