{
    "song_title": "Get Back",
    "artist": "Grateful Dead",
    "num_versions_processed": 3,
    "average_features": {
        "rhythm.beats_loudness.dvar": 0.00030762793418640894,
        "lowlevel.loudness_ebu128.momentary.median": -13.051032066345215,
        "lowlevel.loudness_ebu128.short_term.min": -32.83381462097168,
        "lowlevel.loudness_ebu128.short_term.dvar": 0.023296424187719822,
        "rhythm.beats_loudness.dvar2": 0.0007961970404721797,
        "rhythm.beats_loudness.min": 0.00014189124522090424,
        "lowlevel.loudness_ebu128.momentary.min": -54.64263916015625,
        "rhythm.bpm_histogram_second_peak_weight": 0.03073695736626784,
        "lowlevel.spectral_centroid.min": 205.22997029622397,
        "lowlevel.spectral_centroid.var": 506523.3541666667,
        "lowlevel.loudness_ebu128.short_term.dvar2": 0.02591768279671669,
        "lowlevel.loudness_ebu128.short_term.stdev": 4.17670202255249,
        "rhythm.beats_loudness.max": 0.18626237908999124,
        "lowlevel.loudness_ebu128.momentary.dvar2": 1.5131634871164958,
        "lowlevel.spectral_centroid.dvar2": 176434.93229166666,
        "lowlevel.loudness_ebu128.momentary.max": -3.72932505607605,
        "lowlevel.average_loudness": 0.4174840847651164,
        "lowlevel.loudness_ebu128.momentary.var": 24.34213670094808,
        "lowlevel.loudness_ebu128.loudness_range": 7.54210631052653,
        "rhythm.beats_loudness.dmean": 0.012772766562799612,
        "lowlevel.loudness_ebu128.momentary.dvar": 0.8539543350537618,
        "metadata.audio_properties.analysis.equal_loudness": 0.0,
        "lowlevel.spectral_centroid.dmean": 273.18304443359375,
        "rhythm.bpm": 125.09178161621094,
        "lowlevel.spectral_centroid.dvar": 85191.12760416667,
        "lowlevel.loudness_ebu128.momentary.dmean2": 1.1533334652582805,
        "rhythm.bpm_histogram_first_peak_weight": 0.5005473295847574,
        "rhythm.bpm_histogram_second_peak_spread": 0.25824179251988727,
        "lowlevel.loudness_ebu128.momentary.mean": -13.727259318033854,
        "lowlevel.loudness_ebu128.momentary.dmean": 0.7995747725168864,
        "rhythm.beats_loudness.mean": 0.02705066961546739,
        "rhythm.bpm_histogram_second_peak_bpm": 123.0,
        "lowlevel.loudness_ebu128.integrated": -11.993915875752768,
        "rhythm.beats_loudness.var": 0.0004411438518824677,
        "lowlevel.loudness_ebu128.momentary.stdev": 4.777242819468181,
        "lowlevel.loudness_ebu128.short_term.var": 18.845946470896404,
        "lowlevel.spectral_centroid.max": 8882.013346354166,
        "rhythm.beats_loudness.dmean2": 0.02144896239042282,
        "rhythm.danceability": 1.1858940919240315,
        "lowlevel.loudness_ebu128.short_term.max": -7.72311004002889,
        "lowlevel.spectral_centroid.mean": 1660.1359049479167,
        "rhythm.beats_loudness.stdev": 0.020779627685745556,
        "lowlevel.loudness_ebu128.short_term.dmean2": 0.14742636680603027,
        "lowlevel.loudness_ebu128.short_term.dmean": 0.12173542380332947,
        "lowlevel.loudness_ebu128.short_term.mean": -13.2815949122111,
        "rhythm.bpm_histogram_first_peak_bpm": 125.0,
        "lowlevel.loudness_ebu128.short_term.median": -12.261971155802408,
        "lowlevel.spectral_centroid.median": 1567.3355305989583,
        "lowlevel.spectral_centroid.stdev": 710.1944173177084,
        "lowlevel.spectral_centroid.dmean2": 412.067626953125,
        "rhythm.beats_loudness.median": 0.022821524490912754
    },
    "outlier_flag": false,
    "outlier_reasons": null,
    "raw_versions": [
        {
            "id": "6_EFy84K9FE",
            "title": "Grateful Dead  - Get Back  - 1/28/1987",
            "views": 1087,
            "features": {
                "lowlevel.average_loudness": 0.45141515135765076,
                "lowlevel.loudness_ebu128.integrated": -9.89726734161377,
                "lowlevel.loudness_ebu128.loudness_range": 7.851548194885254,
                "lowlevel.loudness_ebu128.momentary.dmean": 0.7619045972824097,
                "lowlevel.loudness_ebu128.momentary.dmean2": 1.0657377243041992,
                "lowlevel.loudness_ebu128.momentary.dvar": 0.5930352210998535,
                "lowlevel.loudness_ebu128.momentary.dvar2": 1.082749843597412,
                "lowlevel.loudness_ebu128.momentary.max": -2.265993118286133,
                "lowlevel.loudness_ebu128.momentary.mean": -11.954933166503906,
                "lowlevel.loudness_ebu128.momentary.median": -10.969067573547363,
                "lowlevel.loudness_ebu128.momentary.min": -38.35969543457031,
                "lowlevel.loudness_ebu128.momentary.stdev": 5.498877048492432,
                "lowlevel.loudness_ebu128.momentary.var": 30.237648010253906,
                "lowlevel.loudness_ebu128.short_term.dmean": 0.12131135910749435,
                "lowlevel.loudness_ebu128.short_term.dmean2": 0.13997520506381989,
                "lowlevel.loudness_ebu128.short_term.dvar": 0.027221526950597763,
                "lowlevel.loudness_ebu128.short_term.dvar2": 0.028567807748913765,
                "lowlevel.loudness_ebu128.short_term.max": -5.853050708770752,
                "lowlevel.loudness_ebu128.short_term.mean": -11.506420135498047,
                "lowlevel.loudness_ebu128.short_term.median": -10.17526626586914,
                "lowlevel.loudness_ebu128.short_term.min": -37.23078155517578,
                "lowlevel.loudness_ebu128.short_term.stdev": 5.0009541511535645,
                "lowlevel.loudness_ebu128.short_term.var": 25.009540557861328,
                "lowlevel.spectral_centroid.dmean": 273.31231689453125,
                "lowlevel.spectral_centroid.dmean2": 407.651123046875,
                "lowlevel.spectral_centroid.dvar": 86147.109375,
                "lowlevel.spectral_centroid.dvar2": 171336.328125,
                "lowlevel.spectral_centroid.max": 11142.638671875,
                "lowlevel.spectral_centroid.mean": 1606.4586181640625,
                "lowlevel.spectral_centroid.median": 1504.95263671875,
                "lowlevel.spectral_centroid.min": 147.31288146972656,
                "lowlevel.spectral_centroid.stdev": 730.4114990234375,
                "lowlevel.spectral_centroid.var": 533500.9375,
                "metadata.audio_properties.analysis.equal_loudness": 0.0,
                "rhythm.beats_loudness.dmean": 0.012112501077353954,
                "rhythm.beats_loudness.dmean2": 0.020193474367260933,
                "rhythm.beats_loudness.dvar": 0.00021546009520534426,
                "rhythm.beats_loudness.dvar2": 0.0005735572194680572,
                "rhythm.beats_loudness.max": 0.13467523455619812,
                "rhythm.beats_loudness.mean": 0.025529012084007263,
                "rhythm.beats_loudness.median": 0.02157687395811081,
                "rhythm.beats_loudness.min": 2.0810155547223985e-05,
                "rhythm.beats_loudness.stdev": 0.018855780363082886,
                "rhythm.beats_loudness.var": 0.000355540425516665,
                "rhythm.bpm": 125.47639465332031,
                "rhythm.bpm_histogram_first_peak_bpm": 126.0,
                "rhythm.bpm_histogram_first_peak_weight": 0.5099149942398071,
                "rhythm.bpm_histogram_second_peak_bpm": 120.0,
                "rhythm.bpm_histogram_second_peak_spread": 0.4285714626312256,
                "rhythm.bpm_histogram_second_peak_weight": 0.01065246295183897,
                "rhythm.danceability": 1.1711947917938232
            }
        },
        {
            "id": "rkLTGROFZIU",
            "title": "Grateful Dead 1 28 87 Get Back",
            "views": 19707,
            "features": {
                "lowlevel.average_loudness": 0.32972997426986694,
                "lowlevel.loudness_ebu128.integrated": -16.732505798339844,
                "lowlevel.loudness_ebu128.loudness_range": 7.091444969177246,
                "lowlevel.loudness_ebu128.momentary.dmean": 0.8524871468544006,