{
    "song_title": "Gimme Some Lovin'",
    "artist": "Grateful Dead",
    "num_versions_processed": 2,
    "average_features": {
        "lowlevel.loudness_ebu128.short_term.dvar2": 0.009161528199911118,
        "lowlevel.loudness_ebu128.momentary.var": 6.645460844039917,
        "lowlevel.loudness_ebu128.momentary.min": -30.451239585876465,
        "lowlevel.spectral_centroid.dvar": 55942.568359375,
        "rhythm.beats_loudness.min": 0.0009296139469370246,
        "lowlevel.spectral_centroid.mean": 1243.8410034179688,
        "rhythm.beats_loudness.dvar": 0.0002929442562162876,
        "rhythm.bpm_histogram_first_peak_bpm": 129.5,
        "rhythm.beats_loudness.median": 0.040920061990618706,
        "lowlevel.loudness_ebu128.integrated": -14.168670654296875,
        "lowlevel.loudness_ebu128.short_term.mean": -14.57063341140747,
        "rhythm.beats_loudness.dmean2": 0.033806352876126766,
        "lowlevel.loudness_ebu128.momentary.dvar2": 0.798235684633255,
        "rhythm.bpm_histogram_second_peak_weight": 0.03972400724887848,
        "lowlevel.loudness_ebu128.loudness_range": 5.40314245223999,
        "rhythm.bpm_histogram_second_peak_bpm": 130.0,
        "lowlevel.loudness_ebu128.short_term.min": -22.581222534179688,
        "lowlevel.loudness_ebu128.short_term.stdev": 2.078212082386017,
        "lowlevel.loudness_ebu128.short_term.dmean2": 0.10607774555683136,
        "lowlevel.loudness_ebu128.short_term.var": 4.3466410636901855,
        "rhythm.beats_loudness.mean": 0.04262928105890751,
        "lowlevel.spectral_centroid.max": 11037.02294921875,
        "lowlevel.loudness_ebu128.momentary.dvar": 0.3921860009431839,
        "rhythm.beats_loudness.stdev": 0.02145952358841896,
        "lowlevel.loudness_ebu128.momentary.max": -9.663387775421143,
        "lowlevel.spectral_centroid.median": 1221.0354919433594,
        "lowlevel.loudness_ebu128.momentary.dmean": 0.5811944156885147,
        "lowlevel.loudness_ebu128.short_term.dvar": 0.005655060987919569,
        "rhythm.beats_loudness.var": 0.00046363660658244044,
        "lowlevel.loudness_ebu128.momentary.stdev": 2.564929246902466,
        "lowlevel.loudness_ebu128.momentary.mean": -14.777554988861084,
        "rhythm.beats_loudness.dmean": 0.019297299906611443,
        "lowlevel.average_loudness": 0.8823458850383759,
        "lowlevel.loudness_ebu128.short_term.median": -13.931282043457031,
        "rhythm.beats_loudness.max": 0.14577670395374298,
        "metadata.audio_properties.analysis.equal_loudness": 0.0,
        "lowlevel.loudness_ebu128.momentary.dmean2": 0.8272870182991028,
        "lowlevel.spectral_centroid.dvar2": 121561.5625,
        "lowlevel.loudness_ebu128.short_term.max": -11.303325176239014,
        "lowlevel.spectral_centroid.var": 228251.9609375,
        "rhythm.bpm_histogram_first_peak_weight": 0.48113518953323364,
        "lowlevel.loudness_ebu128.momentary.median": -14.108780860900879,
        "rhythm.bpm": 129.50801467895508,
        "rhythm.beats_loudness.dvar2": 0.0008719971810933203,
        "lowlevel.loudness_ebu128.short_term.dmean": 0.08041602373123169,
        "lowlevel.spectral_centroid.stdev": 472.9559783935547,
        "lowlevel.spectral_centroid.dmean": 224.27388763427734,
        "lowlevel.spectral_centroid.dmean2": 350.56394958496094,
        "rhythm.danceability": 1.4681252837181091,
        "lowlevel.spectral_centroid.min": 194.49722290039062,
        "rhythm.bpm_histogram_second_peak_spread": 0.12162160873413086
    },
    "outlier_flag": false,
    "outlier_reasons": null,
    "raw_versions": [
        {
            "id": "EoJ24aGGDjQ",
            "title": "Gimme Some Lovin'  - Grateful Dead 3-26-1990 Albany, NY",
            "views": 370,
            "features": {
                "lowlevel.average_loudness": 0.8662350177764893,
                "lowlevel.loudness_ebu128.integrated": -14.09347152709961,
                "lowlevel.loudness_ebu128.loudness_range": 5.839142799377441,
                "lowlevel.loudness_ebu128.momentary.dmean": 0.6676573753356934,
                "lowlevel.loudness_ebu128.momentary.dmean2": 1.063355803489685,
                "lowlevel.loudness_ebu128.momentary.dvar": 0.5776258707046509,
                "lowlevel.loudness_ebu128.momentary.dvar2": 1.2615944147109985,
                "lowlevel.loudness_ebu128.momentary.max": -9.327778816223145,
                "lowlevel.loudness_ebu128.momentary.mean": -14.799403190612793,
                "lowlevel.loudness_ebu128.momentary.median": -14.02012825012207,
                "lowlevel.loudness_ebu128.momentary.min": -33.484344482421875,
                "lowlevel.loudness_ebu128.momentary.stdev": 2.822997808456421,
                "lowlevel.loudness_ebu128.momentary.var": 7.969316005706787,
                "lowlevel.loudness_ebu128.short_term.dmean": 0.08793174475431442,
                "lowlevel.loudness_ebu128.short_term.dmean2": 0.13029177486896515,
                "lowlevel.loudness_ebu128.short_term.dvar": 0.007400639820843935,
                "lowlevel.loudness_ebu128.short_term.dvar2": 0.013572772964835167,
                "lowlevel.loudness_ebu128.short_term.max": -11.036822319030762,
                "lowlevel.loudness_ebu128.short_term.mean": -14.551775932312012,
                "lowlevel.loudness_ebu128.short_term.median": -13.888557434082031,
                "lowlevel.loudness_ebu128.short_term.min": -23.435213088989258,
                "lowlevel.loudness_ebu128.short_term.stdev": 2.2445716857910156,
                "lowlevel.loudness_ebu128.short_term.var": 5.038102149963379,
                "lowlevel.spectral_centroid.dmean": 267.04840087890625,
                "lowlevel.spectral_centroid.dmean2": 421.5528869628906,
                "lowlevel.spectral_centroid.dvar": 70236.7734375,
                "lowlevel.spectral_centroid.dvar2": 155702.921875,
                "lowlevel.spectral_centroid.max": 11049.060546875,
                "lowlevel.spectral_centroid.mean": 1452.1851806640625,
                "lowlevel.spectral_centroid.median": 1458.4892578125,
                "lowlevel.spectral_centroid.min": 190.6726837158203,
                "lowlevel.spectral_centroid.stdev": 540.5178833007812,
                "lowlevel.spectral_centroid.var": 292159.5625,
                "metadata.audio_properties.analysis.equal_loudness": 0.0,
                "rhythm.beats_loudness.dmean": 0.021959124132990837,
                "rhythm.beats_loudness.dmean2": 0.03889093175530434,
                "rhythm.beats_loudness.dvar": 0.00040341628482565284,
                "rhythm.beats_loudness.dvar2": 0.0012037536362186074,
                "rhythm.beats_loudness.max": 0.17250575125217438,
                "rhythm.beats_loudness.mean": 0.04285503551363945,
                "rhythm.beats_loudness.median": 0.040112581104040146,
                "rhythm.beats_loudness.min": 0.00027477217372506857,
                "rhythm.beats_loudness.stdev": 0.023227425292134285,
                "rhythm.beats_loudness.var": 0.0005395132466219366,
                "rhythm.bpm": 125.87334442138672,
                "rhythm.bpm_histogram_first_peak_bpm": 126.0,
                "rhythm.bpm_histogram_first_peak_weight": 0.43585526943206787,
                "rhythm.bpm_histogram_second_peak_bpm": 120.0,
                "rhythm.bpm_histogram_second_peak_spread": 0.24324321746826172,
                "rhythm.bpm_histogram_second_peak_weight": 0.043209876865148544,
                "rhythm.danceability": 1.634300947189331
            }
        },
        {
            "id": "uoc9fPvztKE",
            "title": "The Wheel ~ Gimme Some Lovin' (2 cam) - Grateful Dead - 10-8-1989 Hampton, Va set2-08",
            "views": 14963,
            "features": {
                "lowlevel.average_loudness": 0.8984567523002625,
                "lowlevel.loudness_ebu128.integrated": -14.24386978149414,
                "lowlevel.loudness_ebu128.loudness_range": 4.967142105102539,