{
    "song_title": "Good Morning Little Schoolgirl",
    "artist": "Grateful Dead",
    "num_versions_processed": 3,
    "average_features": {
        "rhythm.beats_loudness.stdev": 0.025840989624460537,
        "lowlevel.spectral_centroid.dvar2": 141571.58072916666,
        "lowlevel.loudness_ebu128.short_term.dmean": 0.14007212221622467,
        "rhythm.bpm_histogram_second_peak_bpm": 131.33333333333334,
        "lowlevel.loudness_ebu128.momentary.dmean": 0.8566872278849283,
        "lowlevel.loudness_ebu128.short_term.dmean2": 0.1390210141738256,
        "lowlevel.spectral_centroid.median": 1061.9123942057292,
        "lowlevel.loudness_ebu128.short_term.median": -20.813671747843426,
        "rhythm.beats_loudness.min": 8.752179513874896e-05,
        "lowlevel.spectral_centroid.dvar": 69688.07942708333,
        "rhythm.beats_loudness.dvar": 0.0004347177843252818,
        "rhythm.bpm": 131.60452016194662,
        "lowlevel.loudness_ebu128.momentary.stdev": 6.731107870737712,
        "lowlevel.loudness_ebu128.short_term.var": 35.71177705128988,
        "rhythm.beats_loudness.dmean2": 0.02796910268565019,
        "rhythm.beats_loudness.dmean": 0.01591183276226123,
        "rhythm.beats_loudness.median": 0.02158149518072605,
        "lowlevel.spectral_centroid.stdev": 610.1084798177084,
        "lowlevel.loudness_ebu128.momentary.min": -71.32295989990234,
        "rhythm.danceability": 1.0679686864217122,
        "lowlevel.loudness_ebu128.short_term.mean": -22.548521041870117,
        "rhythm.bpm_histogram_second_peak_spread": 0.24091313282648721,
        "rhythm.bpm_histogram_second_peak_weight": 0.04153810410449902,
        "lowlevel.loudness_ebu128.integrated": -19.8583189646403,
        "lowlevel.loudness_ebu128.short_term.dvar2": 0.041739429657657943,
        "rhythm.beats_loudness.dvar2": 0.001244584855157882,
        "lowlevel.loudness_ebu128.short_term.max": -14.088261604309082,
        "metadata.audio_properties.analysis.equal_loudness": 0.0,
        "lowlevel.loudness_ebu128.momentary.var": 52.90740076700846,
        "rhythm.beats_loudness.var": 0.0006820229173172265,
        "rhythm.bpm_histogram_first_peak_bpm": 131.66666666666666,
        "lowlevel.loudness_ebu128.loudness_range": 11.510841369628906,
        "lowlevel.spectral_centroid.min": 156.83653259277344,
        "lowlevel.loudness_ebu128.momentary.dvar2": 1.4694371422131856,
        "lowlevel.spectral_centroid.max": 8983.446126302084,
        "rhythm.beats_loudness.max": 0.23922922213872275,
        "lowlevel.loudness_ebu128.momentary.dmean2": 1.0202287038167317,
        "lowlevel.spectral_centroid.dmean2": 312.07310485839844,
        "lowlevel.average_loudness": 0.13955078522364298,
        "lowlevel.loudness_ebu128.momentary.dvar": 1.06160173813502,
        "lowlevel.loudness_ebu128.momentary.median": -21.447232564290363,
        "lowlevel.spectral_centroid.var": 383791.1041666667,
        "lowlevel.loudness_ebu128.short_term.dvar": 0.045898485307892166,
        "rhythm.bpm_histogram_first_peak_weight": 0.5215071638425192,
        "lowlevel.loudness_ebu128.momentary.mean": -23.328179677327473,
        "lowlevel.loudness_ebu128.short_term.stdev": 5.525988260904948,
        "rhythm.beats_loudness.mean": 0.02802300515274207,
        "lowlevel.spectral_centroid.dmean": 210.89144897460938,
        "lowlevel.spectral_centroid.mean": 1160.4149576822917,
        "lowlevel.loudness_ebu128.short_term.min": -45.46622975667318,
        "lowlevel.loudness_ebu128.momentary.max": -10.7134002049764
    },
    "raw_versions": [
        {
            "id": "Ki97M73vbe8",
            "title": "Grateful Dead\u2022 Good Morning Little Schoolgirl  06-25-92",
            "views": 75489,
            "features": {
                "lowlevel.average_loudness": 0.14820459485054016,
                "lowlevel.loudness_ebu128.integrated": -23.29102325439453,
                "lowlevel.loudness_ebu128.loudness_range": 10.378915786743164,
                "lowlevel.loudness_ebu128.momentary.dmean": 0.839069664478302,
                "lowlevel.loudness_ebu128.momentary.dmean2": 1.1385910511016846,
                "lowlevel.loudness_ebu128.momentary.dvar": 0.8443574905395508,
                "lowlevel.loudness_ebu128.momentary.dvar2": 1.5684146881103516,
                "lowlevel.loudness_ebu128.momentary.max": -14.107198715209961,
                "lowlevel.loudness_ebu128.momentary.mean": -25.527849197387695,
                "lowlevel.loudness_ebu128.momentary.median": -24.230113983154297,
                "lowlevel.loudness_ebu128.momentary.min": -91.5552749633789,
                "lowlevel.loudness_ebu128.momentary.stdev": 5.465994358062744,
                "lowlevel.loudness_ebu128.momentary.var": 29.877092361450195,
                "lowlevel.loudness_ebu128.short_term.dmean": 0.12645015120506287,
                "lowlevel.loudness_ebu128.short_term.dmean2": 0.1424863636493683,
                "lowlevel.loudness_ebu128.short_term.dvar": 0.01776374876499176,
                "lowlevel.loudness_ebu128.short_term.dvar2": 0.022982945665717125,
                "lowlevel.loudness_ebu128.short_term.max": -17.809865951538086,
                "lowlevel.loudness_ebu128.short_term.mean": -24.998760223388672,
                "lowlevel.loudness_ebu128.short_term.median": -23.833059310913086,
                "lowlevel.loudness_ebu128.short_term.min": -48.287353515625,
                "lowlevel.loudness_ebu128.short_term.stdev": 4.578529357910156,
                "lowlevel.loudness_ebu128.short_term.var": 20.962932586669922,
                "lowlevel.spectral_centroid.dmean": 286.1292724609375,
                "lowlevel.spectral_centroid.dmean2": 419.3314208984375,
                "lowlevel.spectral_centroid.dvar": 103834.1484375,
                "lowlevel.spectral_centroid.dvar2": 212282.375,
                "lowlevel.spectral_centroid.max": 11537.4375,
                "lowlevel.spectral_centroid.mean": 1700.9473876953125,
                "lowlevel.spectral_centroid.median": 1633.7947998046875,
                "lowlevel.spectral_centroid.min": 220.0263214111328,
                "lowlevel.spectral_centroid.stdev": 759.1231079101562,
                "lowlevel.spectral_centroid.var": 576267.9375,
                "metadata.audio_properties.analysis.equal_loudness": 0.0,
                "rhythm.beats_loudness.dmean": 0.014791416935622692,
                "rhythm.beats_loudness.dmean2": 0.026516467332839966,
                "rhythm.beats_loudness.dvar": 0.00028257814119569957,
                "rhythm.beats_loudness.dvar2": 0.0008550842176191509,
                "rhythm.beats_loudness.max": 0.14802470803260803,
                "rhythm.beats_loudness.mean": 0.02565620467066765,
                "rhythm.beats_loudness.median": 0.021407287567853928,
                "rhythm.beats_loudness.min": 5.102995714878489e-08,
                "rhythm.beats_loudness.stdev": 0.02049969881772995,
                "rhythm.beats_loudness.var": 0.0004202376294415444,
                "rhythm.bpm": 125.30518341064453,
                "rhythm.bpm_histogram_first_peak_bpm": 126.0,
                "rhythm.bpm_histogram_first_peak_weight": 0.4786856174468994,
                "rhythm.bpm_histogram_second_peak_bpm": 110.0,
                "rhythm.bpm_histogram_second_peak_spread": 0.53125,
                "rhythm.bpm_histogram_second_peak_weight": 0.012285011820495129,
                "rhythm.danceability": 1.124939203262329
            }
        },
        {
            "id": "CcuC_Vh_Vo0",
            "title": "Good Morning Little Schoolgirl (Live at Fillmore East, February 11, 1969)",
            "views": 26350,
            "features": {
                "lowlevel.average_loudness": 0.09295669198036194,
                "lowlevel.loudness_ebu128.integrated": -17.072547912597656,
                "lowlevel.loudness_ebu128.loudness_range": 14.429126739501953,
                "lowlevel.loudness_ebu128.momentary.dmean": 0.9428190588951111,