{
    "song_title": "Good Vibrations",
    "artist": "Grateful Dead",
    "num_versions_processed": 2,
    "average_features": {
        "lowlevel.loudness_ebu128.short_term.dvar2": 0.008491881657391787,
        "lowlevel.loudness_ebu128.momentary.var": 12.342113971710205,
        "lowlevel.loudness_ebu128.momentary.min": -40.094703674316406,
        "lowlevel.spectral_centroid.dvar": 66364.20703125,
        "rhythm.beats_loudness.min": 0.000537041705683805,
        "lowlevel.spectral_centroid.mean": 1216.8849792480469,
        "rhythm.beats_loudness.dvar": 0.00028576183831319213,
        "rhythm.bpm_histogram_first_peak_bpm": 142.0,
        "rhythm.beats_loudness.median": 0.0333575839176774,
        "lowlevel.loudness_ebu128.integrated": -12.926021575927734,
        "lowlevel.loudness_ebu128.short_term.mean": -13.73465633392334,
        "rhythm.beats_loudness.dmean2": 0.028735327534377575,
        "lowlevel.loudness_ebu128.momentary.dvar2": 0.34331638365983963,
        "rhythm.bpm_histogram_second_peak_weight": 0.1408923864364624,
        "lowlevel.loudness_ebu128.loudness_range": 6.486421585083008,
        "rhythm.bpm_histogram_second_peak_bpm": 134.5,
        "lowlevel.loudness_ebu128.short_term.min": -23.30438995361328,
        "lowlevel.loudness_ebu128.short_term.stdev": 2.5598328709602356,
        "lowlevel.loudness_ebu128.short_term.dmean2": 0.0860198400914669,
        "lowlevel.loudness_ebu128.short_term.var": 7.8040993213653564,
        "rhythm.beats_loudness.mean": 0.037248119711875916,
        "lowlevel.spectral_centroid.max": 10982.09130859375,
        "lowlevel.loudness_ebu128.momentary.dvar": 0.3391027897596359,
        "rhythm.beats_loudness.stdev": 0.023315551690757275,
        "lowlevel.loudness_ebu128.momentary.max": -7.655245542526245,
        "lowlevel.spectral_centroid.median": 1127.3376770019531,
        "lowlevel.loudness_ebu128.momentary.dmean": 0.5237293541431427,
        "lowlevel.loudness_ebu128.short_term.dvar": 0.010830988874658942,
        "rhythm.beats_loudness.var": 0.0005788709240732715,
        "lowlevel.loudness_ebu128.momentary.stdev": 3.362051486968994,
        "lowlevel.loudness_ebu128.momentary.mean": -14.085793018341064,
        "rhythm.beats_loudness.dmean": 0.016293691471219063,
        "lowlevel.average_loudness": 0.6921595185995102,
        "lowlevel.loudness_ebu128.short_term.median": -13.02568769454956,
        "rhythm.beats_loudness.max": 0.12737596035003662,
        "metadata.audio_properties.analysis.equal_loudness": 0.0,
        "lowlevel.loudness_ebu128.momentary.dmean2": 0.5319350808858871,
        "lowlevel.spectral_centroid.dvar2": 135647.171875,
        "lowlevel.loudness_ebu128.short_term.max": -9.508109331130981,
        "lowlevel.spectral_centroid.var": 366823.09375,
        "rhythm.bpm_histogram_first_peak_weight": 0.5653145611286163,
        "lowlevel.loudness_ebu128.momentary.median": -13.286332130432129,
        "rhythm.bpm": 141.9286880493164,
        "rhythm.beats_loudness.dvar2": 0.0008331623103003949,
        "lowlevel.loudness_ebu128.short_term.dmean": 0.09309927746653557,
        "lowlevel.spectral_centroid.stdev": 602.0326843261719,
        "lowlevel.spectral_centroid.dmean": 210.7045669555664,
        "lowlevel.spectral_centroid.dmean2": 321.36930084228516,
        "rhythm.danceability": 1.1377843022346497,
        "lowlevel.spectral_centroid.min": 201.36512756347656,
        "rhythm.bpm_histogram_second_peak_spread": 0.06378382444381714
    },
    "outlier_flag": false,
    "outlier_reasons": null,
    "raw_versions": [
        {
            "id": "fL3HO0gf0Co",
            "title": "The Beach Boys \"Good Vibrations\" on The Ed Sullivan Show",
            "views": 1985978,
            "features": {
                "lowlevel.average_loudness": 0.44859328866004944,
                "lowlevel.loudness_ebu128.integrated": -15.90394401550293,
                "lowlevel.loudness_ebu128.loudness_range": 9.778865814208984,
                "lowlevel.loudness_ebu128.momentary.dmean": 0.6232172846794128,
                "lowlevel.loudness_ebu128.momentary.dmean2": 0.6110317707061768,
                "lowlevel.loudness_ebu128.momentary.dvar": 0.41944870352745056,
                "lowlevel.loudness_ebu128.momentary.dvar2": 0.4470890462398529,
                "lowlevel.loudness_ebu128.momentary.max": -9.800236701965332,
                "lowlevel.loudness_ebu128.momentary.mean": -17.762712478637695,
                "lowlevel.loudness_ebu128.momentary.median": -16.64997100830078,
                "lowlevel.loudness_ebu128.momentary.min": -34.406463623046875,
                "lowlevel.loudness_ebu128.momentary.stdev": 4.381229400634766,
                "lowlevel.loudness_ebu128.momentary.var": 19.195171356201172,
                "lowlevel.loudness_ebu128.short_term.dmean": 0.11544014513492584,
                "lowlevel.loudness_ebu128.short_term.dmean2": 0.10221172869205475,
                "lowlevel.loudness_ebu128.short_term.dvar": 0.015343697741627693,
                "lowlevel.loudness_ebu128.short_term.dvar2": 0.011750365607440472,
                "lowlevel.loudness_ebu128.short_term.max": -11.330170631408691,
                "lowlevel.loudness_ebu128.short_term.mean": -17.293392181396484,
                "lowlevel.loudness_ebu128.short_term.median": -16.173725128173828,
                "lowlevel.loudness_ebu128.short_term.min": -28.116514205932617,
                "lowlevel.loudness_ebu128.short_term.stdev": 3.6784727573394775,
                "lowlevel.loudness_ebu128.short_term.var": 13.531161308288574,
                "lowlevel.spectral_centroid.dmean": 135.56407165527344,
                "lowlevel.spectral_centroid.dmean2": 199.94935607910156,
                "lowlevel.spectral_centroid.dvar": 49289.0,
                "lowlevel.spectral_centroid.dvar2": 81911.515625,
                "lowlevel.spectral_centroid.max": 11024.9931640625,
                "lowlevel.spectral_centroid.mean": 710.2601928710938,
                "lowlevel.spectral_centroid.median": 570.7615356445312,
                "lowlevel.spectral_centroid.min": 155.51052856445312,
                "lowlevel.spectral_centroid.stdev": 535.853271484375,
                "lowlevel.spectral_centroid.var": 287138.75,
                "metadata.audio_properties.analysis.equal_loudness": 0.0,
                "rhythm.beats_loudness.dmean": 0.018388770520687103,
                "rhythm.beats_loudness.dmean2": 0.0324682891368866,
                "rhythm.beats_loudness.dvar": 0.00040597020415589213,
                "rhythm.beats_loudness.dvar2": 0.0011673890985548496,
                "rhythm.beats_loudness.max": 0.14008483290672302,
                "rhythm.beats_loudness.mean": 0.036102719604969025,
                "rhythm.beats_loudness.median": 0.029113227501511574,
                "rhythm.beats_loudness.min": 0.0002797209599521011,
                "rhythm.beats_loudness.stdev": 0.029253225773572922,
                "rhythm.beats_loudness.var": 0.0008557512192055583,
                "rhythm.bpm": 144.2088623046875,
                "rhythm.bpm_histogram_first_peak_bpm": 144.0,
                "rhythm.bpm_histogram_first_peak_weight": 0.5510836243629456,
                "rhythm.bpm_histogram_second_peak_bpm": 136.0,
                "rhythm.bpm_histogram_second_peak_spread": 0.06756758689880371,
                "rhythm.bpm_histogram_second_peak_weight": 0.1449579894542694,
                "rhythm.danceability": 1.0457611083984375
            }
        },
        {
            "id": "gAT6UD8x-y0",
            "title": "The Beach Boys - Good Vibrations (Live Aid 1985)",
            "views": 4920689,
            "features": {
                "lowlevel.average_loudness": 0.935725748538971,
                "lowlevel.loudness_ebu128.integrated": -9.948099136352539,
                "lowlevel.loudness_ebu128.loudness_range": 3.1939773559570312,
                "lowlevel.loudness_ebu128.momentary.dmean": 0.42424142360687256,