{
    "song_title": "Good Lovin'",
    "artist": "Grateful Dead",
    "num_versions_processed": 3,
    "average_features": {
        "lowlevel.spectral_centroid.stdev": 587.9050496419271,
        "lowlevel.spectral_centroid.median": 1138.5065511067708,
        "rhythm.beats_loudness.dmean2": 0.026811955496668816,
        "lowlevel.loudness_ebu128.momentary.dvar2": 0.8391112486521403,
        "lowlevel.loudness_ebu128.short_term.stdev": 5.308763821919759,
        "lowlevel.spectral_centroid.dmean": 194.13878885904947,
        "lowlevel.loudness_ebu128.momentary.stdev": 6.312109152475993,
        "lowlevel.loudness_ebu128.momentary.var": 41.988782246907554,
        "metadata.audio_properties.analysis.equal_loudness": 0.0,
        "rhythm.beats_loudness.dvar2": 0.0008065323927439749,
        "lowlevel.loudness_ebu128.loudness_range": 9.741459210713705,
        "lowlevel.loudness_ebu128.momentary.dmean": 0.7044231494267782,
        "lowlevel.spectral_centroid.var": 360149.7135416667,
        "rhythm.beats_loudness.dmean": 0.015185235689083735,
        "lowlevel.loudness_ebu128.momentary.dmean2": 0.7869124611218771,
        "lowlevel.loudness_ebu128.short_term.dvar": 0.023297053140898544,
        "lowlevel.loudness_ebu128.short_term.var": 29.334532419840496,
        "lowlevel.loudness_ebu128.short_term.min": -51.44378852844238,
        "lowlevel.loudness_ebu128.momentary.median": -17.263028462727863,
        "rhythm.bpm_histogram_first_peak_bpm": 122.0,
        "lowlevel.loudness_ebu128.momentary.dvar": 0.5765055119991302,
        "lowlevel.spectral_centroid.dmean2": 300.8816630045573,
        "lowlevel.loudness_ebu128.short_term.max": -13.208267211914062,
        "rhythm.beats_loudness.stdev": 0.021807593603928883,
        "rhythm.beats_loudness.mean": 0.026912078261375427,
        "lowlevel.spectral_centroid.mean": 1232.8424072265625,
        "rhythm.bpm_histogram_second_peak_spread": 0.4785493016242981,
        "lowlevel.spectral_centroid.dvar2": 105671.94791666667,
        "lowlevel.loudness_ebu128.integrated": -16.55115509033203,
        "rhythm.bpm_histogram_first_peak_weight": 0.30196597178777057,
        "rhythm.bpm_histogram_second_peak_bpm": 117.0,
        "lowlevel.loudness_ebu128.short_term.dvar2": 0.021040828588108223,
        "lowlevel.loudness_ebu128.short_term.median": -16.825303077697754,
        "lowlevel.loudness_ebu128.momentary.max": -10.973151842753092,
        "lowlevel.loudness_ebu128.short_term.mean": -18.438072204589844,
        "rhythm.bpm_histogram_second_peak_weight": 0.12467217072844505,
        "lowlevel.loudness_ebu128.momentary.min": -60.66350809733073,
        "rhythm.beats_loudness.median": 0.021723993743459385,
        "lowlevel.spectral_centroid.dvar": 48896.670572916664,
        "lowlevel.loudness_ebu128.short_term.dmean2": 0.10577970743179321,
        "rhythm.beats_loudness.var": 0.0004778817722884317,
        "lowlevel.spectral_centroid.max": 11084.6572265625,
        "rhythm.beats_loudness.max": 0.12602234383424124,
        "lowlevel.loudness_ebu128.short_term.dmean": 0.10864802946647008,
        "lowlevel.average_loudness": 0.6865575114885966,
        "lowlevel.spectral_centroid.min": 185.6800740559896,
        "rhythm.danceability": 1.1713144381841023,
        "rhythm.beats_loudness.min": 3.5913305357127e-05,
        "lowlevel.loudness_ebu128.momentary.mean": -18.996663411458332,
        "rhythm.bpm": 121.51210530598958,
        "rhythm.beats_loudness.dvar": 0.0002849389857146889
    },
    "outlier_flag": true,
    "outlier_reasons": [
        "BPM Variance: 62.99 (limit 20)"
    ],
    "raw_versions": [
        {
            "id": "2P-_8z6AAdc",
            "title": "Grateful Dead - Good Lovin' - Egypt 9-16-78",
            "views": 66739,
            "features": {
                "lowlevel.average_loudness": 0.781030535697937,
                "lowlevel.loudness_ebu128.integrated": -20.737119674682617,
                "lowlevel.loudness_ebu128.loudness_range": 6.498029708862305,
                "lowlevel.loudness_ebu128.momentary.dmean": 0.814724326133728,
                "lowlevel.loudness_ebu128.momentary.dmean2": 0.9106393456459045,
                "lowlevel.loudness_ebu128.momentary.dvar": 0.7557141184806824,
                "lowlevel.loudness_ebu128.momentary.dvar2": 1.1896346807479858,
                "lowlevel.loudness_ebu128.momentary.max": -14.843029975891113,
                "lowlevel.loudness_ebu128.momentary.mean": -23.150691986083984,
                "lowlevel.loudness_ebu128.momentary.median": -21.19049072265625,
                "lowlevel.loudness_ebu128.momentary.min": -90.34973907470703,
                "lowlevel.loudness_ebu128.momentary.stdev": 8.338971138000488,
                "lowlevel.loudness_ebu128.momentary.var": 69.53843688964844,
                "lowlevel.loudness_ebu128.short_term.dmean": 0.11701051145792007,
                "lowlevel.loudness_ebu128.short_term.dmean2": 0.12780576944351196,
                "lowlevel.loudness_ebu128.short_term.dvar": 0.03729137405753136,
                "lowlevel.loudness_ebu128.short_term.dvar2": 0.035109683871269226,
                "lowlevel.loudness_ebu128.short_term.max": -17.592500686645508,
                "lowlevel.loudness_ebu128.short_term.mean": -22.465564727783203,
                "lowlevel.loudness_ebu128.short_term.median": -20.69879913330078,
                "lowlevel.loudness_ebu128.short_term.min": -87.8808364868164,
                "lowlevel.loudness_ebu128.short_term.stdev": 6.783364295959473,
                "lowlevel.loudness_ebu128.short_term.var": 46.01403045654297,
                "lowlevel.spectral_centroid.dmean": 179.63525390625,
                "lowlevel.spectral_centroid.dmean2": 271.7388916015625,
                "lowlevel.spectral_centroid.dvar": 41874.12890625,
                "lowlevel.spectral_centroid.dvar2": 91418.984375,
                "lowlevel.spectral_centroid.max": 11203.958984375,
                "lowlevel.spectral_centroid.mean": 1058.4351806640625,
                "lowlevel.spectral_centroid.median": 982.14892578125,
                "lowlevel.spectral_centroid.min": 182.92855834960938,
                "lowlevel.spectral_centroid.stdev": 531.8840942382812,
                "lowlevel.spectral_centroid.var": 282900.6875,
                "metadata.audio_properties.analysis.equal_loudness": 0.0,
                "rhythm.beats_loudness.dmean": 0.019854141399264336,
                "rhythm.beats_loudness.dmean2": 0.03534321114420891,
                "rhythm.beats_loudness.dvar": 0.00042047337046824396,
                "rhythm.beats_loudness.dvar2": 0.0011447916040197015,
                "rhythm.beats_loudness.max": 0.14540596306324005,
                "rhythm.beats_loudness.mean": 0.033011727035045624,
                "rhythm.beats_loudness.median": 0.028577744960784912,
                "rhythm.beats_loudness.min": 2.9199291873283073e-09,
                "rhythm.beats_loudness.stdev": 0.023915788158774376,
                "rhythm.beats_loudness.var": 0.0005719649489037693,
                "rhythm.bpm": 155.1476287841797,
                "rhythm.bpm_histogram_first_peak_bpm": 157.0,
                "rhythm.bpm_histogram_first_peak_weight": 0.18586385250091553,
                "rhythm.bpm_histogram_second_peak_bpm": 103.0,
                "rhythm.bpm_histogram_second_peak_spread": 0.39393943548202515,
                "rhythm.bpm_histogram_second_peak_weight": 0.24365481734275818,
                "rhythm.danceability": 1.2238761186599731
            }
        },
        {
            "id": "Ymvcv7E9SHo",
            "title": "Good Lovin' - Grateful Dead - 10-31-1980 Radio City, NY set3-10",
            "views": 52980,
            "features": {
                "lowlevel.average_loudness": 0.627788782119751,
                "lowlevel.loudness_ebu128.integrated": -14.459592819213867,
                "lowlevel.loudness_ebu128.loudness_range": 10.898717880249023,