{
    "song_title": "Goodnight Irene",
    "artist": "Grateful Dead",
    "num_versions_processed": 3,
    "average_features": {
        "lowlevel.loudness_ebu128.short_term.dvar2": 0.017064354072014492,
        "lowlevel.loudness_ebu128.momentary.var": 77.00235493977864,
        "lowlevel.loudness_ebu128.momentary.min": -72.54611714680989,
        "lowlevel.spectral_centroid.dvar": 39994.164713541664,
        "rhythm.beats_loudness.min": 6.520745761351421e-06,
        "lowlevel.spectral_centroid.mean": 1070.5496622721355,
        "rhythm.beats_loudness.dvar": 0.0003301780088804662,
        "rhythm.bpm_histogram_first_peak_bpm": 136.0,
        "rhythm.beats_loudness.median": 0.020912219459811848,
        "lowlevel.loudness_ebu128.integrated": -15.127100626627604,
        "lowlevel.loudness_ebu128.short_term.mean": -19.4117914835612,
        "rhythm.beats_loudness.dmean2": 0.020931194846828777,
        "lowlevel.loudness_ebu128.momentary.dvar2": 0.7126890619595846,
        "rhythm.bpm_histogram_second_peak_weight": 0.02202100461969773,
        "lowlevel.loudness_ebu128.loudness_range": 14.891547203063965,
        "rhythm.bpm_histogram_second_peak_bpm": 139.0,
        "lowlevel.loudness_ebu128.short_term.min": -47.41148376464844,
        "lowlevel.loudness_ebu128.short_term.stdev": 7.958736101786296,
        "lowlevel.loudness_ebu128.short_term.dmean2": 0.11006968716780345,
        "lowlevel.loudness_ebu128.short_term.var": 63.434374491373696,
        "rhythm.beats_loudness.mean": 0.02421371266245842,
        "lowlevel.spectral_centroid.max": 9284.197916666666,
        "lowlevel.loudness_ebu128.momentary.dvar": 0.5813599725564321,
        "rhythm.beats_loudness.stdev": 0.023148074746131897,
        "lowlevel.loudness_ebu128.momentary.max": -7.532451470692952,
        "lowlevel.spectral_centroid.median": 943.3482666015625,
        "lowlevel.loudness_ebu128.momentary.dmean": 0.6925587256749471,
        "lowlevel.loudness_ebu128.short_term.dvar": 0.020995336584746838,
        "rhythm.beats_loudness.var": 0.0005363383291599652,
        "lowlevel.loudness_ebu128.momentary.stdev": 8.754128138224283,
        "lowlevel.loudness_ebu128.momentary.mean": -20.09572474161784,
        "rhythm.beats_loudness.dmean": 0.012394657358527184,
        "lowlevel.average_loudness": 0.2580702354510625,
        "lowlevel.loudness_ebu128.short_term.median": -16.285040537516277,
        "rhythm.beats_loudness.max": 0.2472414424022039,
        "metadata.audio_properties.analysis.equal_loudness": 0.0,
        "lowlevel.loudness_ebu128.momentary.dmean2": 0.7550773421923319,
        "lowlevel.spectral_centroid.dvar2": 80003.484375,
        "lowlevel.loudness_ebu128.short_term.max": -10.724843343098959,
        "lowlevel.spectral_centroid.var": 278560.5052083333,
        "rhythm.bpm_histogram_first_peak_weight": 0.3732716639836629,
        "lowlevel.loudness_ebu128.momentary.median": -16.733471234639484,
        "rhythm.bpm": 136.44681803385416,
        "rhythm.beats_loudness.dvar2": 0.0008667393121868372,
        "lowlevel.loudness_ebu128.short_term.dmean": 0.1176392709215482,
        "lowlevel.spectral_centroid.stdev": 511.7310282389323,
        "lowlevel.spectral_centroid.dmean": 162.34002685546875,
        "lowlevel.spectral_centroid.dmean2": 240.84503682454428,
        "rhythm.danceability": 1.064316193262736,
        "lowlevel.spectral_centroid.min": 235.75593058268228,
        "rhythm.bpm_histogram_second_peak_spread": 0.2061271866162618
    },
    "outlier_flag": false,
    "outlier_reasons": null,
    "raw_versions": [
        {
            "id": "ceXgmhJ4QHU",
            "title": "Grateful Dead - Goodnight Irene - 12/31/1983 - San Francisco Civic Auditorium (Official)",
            "views": 13582,
            "features": {
                "lowlevel.average_loudness": 0.32596781849861145,
                "lowlevel.loudness_ebu128.integrated": -13.549839973449707,
                "lowlevel.loudness_ebu128.loudness_range": 16.846031188964844,
                "lowlevel.loudness_ebu128.momentary.dmean": 0.6953862309455872,
                "lowlevel.loudness_ebu128.momentary.dmean2": 0.7363608479499817,
                "lowlevel.loudness_ebu128.momentary.dvar": 0.45738598704338074,
                "lowlevel.loudness_ebu128.momentary.dvar2": 0.5749514102935791,
                "lowlevel.loudness_ebu128.momentary.max": -5.838180065155029,
                "lowlevel.loudness_ebu128.momentary.mean": -17.90860939025879,
                "lowlevel.loudness_ebu128.momentary.median": -15.193154335021973,
                "lowlevel.loudness_ebu128.momentary.min": -44.80523681640625,
                "lowlevel.loudness_ebu128.momentary.stdev": 8.026429176330566,
                "lowlevel.loudness_ebu128.momentary.var": 64.42356872558594,
                "lowlevel.loudness_ebu128.short_term.dmean": 0.11166200786828995,
                "lowlevel.loudness_ebu128.short_term.dmean2": 0.09964074194431305,
                "lowlevel.loudness_ebu128.short_term.dvar": 0.01398505363613367,
                "lowlevel.loudness_ebu128.short_term.dvar2": 0.011563219130039215,
                "lowlevel.loudness_ebu128.short_term.max": -8.777047157287598,
                "lowlevel.loudness_ebu128.short_term.mean": -17.35233497619629,
                "lowlevel.loudness_ebu128.short_term.median": -14.807857513427734,
                "lowlevel.loudness_ebu128.short_term.min": -40.336883544921875,
                "lowlevel.loudness_ebu128.short_term.stdev": 7.65602970123291,
                "lowlevel.loudness_ebu128.short_term.var": 58.61479187011719,
                "lowlevel.spectral_centroid.dmean": 140.24737548828125,
                "lowlevel.spectral_centroid.dmean2": 208.30706787109375,
                "lowlevel.spectral_centroid.dvar": 35027.68359375,
                "lowlevel.spectral_centroid.dvar2": 65204.890625,
                "lowlevel.spectral_centroid.max": 11096.3837890625,
                "lowlevel.spectral_centroid.mean": 919.5693969726562,
                "lowlevel.spectral_centroid.median": 839.968017578125,
                "lowlevel.spectral_centroid.min": 238.47256469726562,
                "lowlevel.spectral_centroid.stdev": 390.86102294921875,
                "lowlevel.spectral_centroid.var": 152772.328125,
                "metadata.audio_properties.analysis.equal_loudness": 0.0,
                "rhythm.beats_loudness.dmean": 0.01244440022855997,
                "rhythm.beats_loudness.dmean2": 0.021291641518473625,
                "rhythm.beats_loudness.dvar": 0.00031126075191423297,
                "rhythm.beats_loudness.dvar2": 0.0008156516123563051,
                "rhythm.beats_loudness.max": 0.23672793805599213,
                "rhythm.beats_loudness.mean": 0.02384694293141365,
                "rhythm.beats_loudness.median": 0.020356398075819016,
                "rhythm.beats_loudness.min": 1.9439070456428453e-05,
                "rhythm.beats_loudness.stdev": 0.022146517410874367,
                "rhythm.beats_loudness.var": 0.0004904682282358408,
                "rhythm.bpm": 137.34646606445312,
                "rhythm.bpm_histogram_first_peak_bpm": 136.0,
                "rhythm.bpm_histogram_first_peak_weight": 0.4611111283302307,
                "rhythm.bpm_histogram_second_peak_bpm": 144.0,
                "rhythm.bpm_histogram_second_peak_spread": 0.09090906381607056,
                "rhythm.bpm_histogram_second_peak_weight": 0.01291989628225565,
                "rhythm.danceability": 1.0636740922927856
            }
        },
        {
            "id": "5FnzAi2RAog",
            "title": "Grateful Dead - Goodnight Irene 12-31-83 AUDIO",
            "views": 7484,
            "features": {
                "lowlevel.average_loudness": 0.29193511605262756,
                "lowlevel.loudness_ebu128.integrated": -16.53852081298828,
                "lowlevel.loudness_ebu128.loudness_range": 7.865841865539551,