{
    "song_title": "Good Lovin' Jam",
    "artist": "Grateful Dead",
    "num_versions_processed": 3,
    "average_features": {
        "lowlevel.loudness_ebu128.momentary.dmean2": 0.8258487979571024,
        "lowlevel.loudness_ebu128.short_term.median": -17.5537748336792,
        "lowlevel.spectral_centroid.median": 874.6974487304688,
        "rhythm.beats_loudness.var": 0.000531772073979179,
        "rhythm.beats_loudness.dvar": 0.000319670337679175,
        "lowlevel.loudness_ebu128.short_term.stdev": 3.0780216455459595,
        "lowlevel.loudness_ebu128.integrated": -17.32447910308838,
        "rhythm.beats_loudness.max": 0.22603018830219904,
        "lowlevel.spectral_centroid.max": 11024.509440104166,
        "lowlevel.spectral_centroid.min": 201.94798278808594,
        "lowlevel.loudness_ebu128.momentary.stdev": 4.014143149058024,
        "rhythm.bpm": 124.22364044189453,
        "lowlevel.loudness_ebu128.loudness_range": 5.687776883443196,
        "rhythm.beats_loudness.mean": 0.03382842491070429,
        "rhythm.bpm_histogram_second_peak_weight": 0.14127167562643686,
        "metadata.audio_properties.analysis.equal_loudness": 0.0,
        "lowlevel.loudness_ebu128.short_term.var": 11.200263420740763,
        "rhythm.beats_loudness.dvar2": 0.0009036874398589134,
        "rhythm.bpm_histogram_second_peak_bpm": 154.0,
        "lowlevel.loudness_ebu128.momentary.mean": -18.624867757161457,
        "lowlevel.loudness_ebu128.short_term.max": -13.851058642069498,
        "rhythm.beats_loudness.stdev": 0.02258240121106307,
        "lowlevel.loudness_ebu128.momentary.dmean": 0.7166398962338766,
        "lowlevel.spectral_centroid.mean": 964.6176350911459,
        "lowlevel.spectral_centroid.stdev": 474.19065348307294,
        "rhythm.beats_loudness.median": 0.030587829649448395,
        "lowlevel.loudness_ebu128.short_term.dmean": 0.09767208993434906,
        "lowlevel.loudness_ebu128.short_term.dvar2": 0.016116471650699776,
        "rhythm.beats_loudness.dmean2": 0.030973579734563828,
        "lowlevel.loudness_ebu128.short_term.mean": -18.192941665649414,
        "lowlevel.loudness_ebu128.momentary.var": 17.81678072611491,
        "rhythm.beats_loudness.dmean": 0.018034374962250393,
        "lowlevel.loudness_ebu128.momentary.min": -57.51580810546875,
        "lowlevel.loudness_ebu128.momentary.dvar": 0.5140483280022939,
        "lowlevel.spectral_centroid.dmean": 191.048828125,
        "lowlevel.spectral_centroid.var": 229807.203125,
        "rhythm.beats_loudness.min": 5.9174798375731065e-05,
        "lowlevel.average_loudness": 0.742913822333018,
        "lowlevel.loudness_ebu128.short_term.dmean2": 0.10134684542814891,
        "lowlevel.loudness_ebu128.short_term.min": -39.172882080078125,
        "rhythm.bpm_histogram_first_peak_bpm": 124.66666666666667,
        "lowlevel.loudness_ebu128.momentary.max": -11.902000904083252,
        "lowlevel.spectral_centroid.dmean2": 290.67506917317706,
        "rhythm.bpm_histogram_second_peak_spread": 0.18835977713267008,
        "lowlevel.loudness_ebu128.short_term.dvar": 0.014158011879771948,
        "lowlevel.loudness_ebu128.momentary.median": -17.766783396402996,
        "rhythm.danceability": 1.2099613348642986,
        "lowlevel.spectral_centroid.dvar": 52682.51171875,
        "rhythm.bpm_histogram_first_peak_weight": 0.3281804124514262,
        "lowlevel.loudness_ebu128.momentary.dvar2": 0.807041863600413,
        "lowlevel.spectral_centroid.dvar2": 114540.67708333333
    },
    "outlier_flag": true,
    "outlier_reasons": [
        "BPM Variance: 72.94 (limit 20)",
        "Danceability Variance: 0.23 (limit 0.2)",
        "Loudness Variance: 10.49 (limit 6.0)"
    ],
    "raw_versions": [
        {
            "id": "v6FaOqv22Ds",
            "title": "Good Lovin ~ La Bamba - Grateful Dead - 9-18-1987 - Madison Sq. Garden, NY set-2-9 (LoloYodel)",
            "views": 183675,
            "features": {
                "lowlevel.average_loudness": 0.8837459683418274,
                "lowlevel.loudness_ebu128.integrated": -24.191452026367188,
                "lowlevel.loudness_ebu128.loudness_range": 5.704933166503906,
                "lowlevel.loudness_ebu128.momentary.dmean": 0.6168953776359558,
                "lowlevel.loudness_ebu128.momentary.dmean2": 0.7151223421096802,
                "lowlevel.loudness_ebu128.momentary.dvar": 0.34322020411491394,
                "lowlevel.loudness_ebu128.momentary.dvar2": 0.5173057317733765,
                "lowlevel.loudness_ebu128.momentary.max": -18.79681396484375,
                "lowlevel.loudness_ebu128.momentary.mean": -25.097848892211914,
                "lowlevel.loudness_ebu128.momentary.median": -24.555076599121094,
                "lowlevel.loudness_ebu128.momentary.min": -60.586402893066406,
                "lowlevel.loudness_ebu128.momentary.stdev": 3.3352320194244385,
                "lowlevel.loudness_ebu128.momentary.var": 11.123772621154785,
                "lowlevel.loudness_ebu128.short_term.dmean": 0.08752833306789398,
                "lowlevel.loudness_ebu128.short_term.dmean2": 0.09255735576152802,
                "lowlevel.loudness_ebu128.short_term.dvar": 0.006741195451468229,
                "lowlevel.loudness_ebu128.short_term.dvar2": 0.007801320403814316,
                "lowlevel.loudness_ebu128.short_term.max": -21.05551528930664,
                "lowlevel.loudness_ebu128.short_term.mean": -24.716039657592773,
                "lowlevel.loudness_ebu128.short_term.median": -24.270248413085938,
                "lowlevel.loudness_ebu128.short_term.min": -38.789894104003906,
                "lowlevel.loudness_ebu128.short_term.stdev": 2.386972188949585,
                "lowlevel.loudness_ebu128.short_term.var": 5.697636127471924,
                "lowlevel.spectral_centroid.dmean": 252.32948303222656,
                "lowlevel.spectral_centroid.dmean2": 384.0996398925781,
                "lowlevel.spectral_centroid.dvar": 77107.46875,
                "lowlevel.spectral_centroid.dvar2": 169141.5625,
                "lowlevel.spectral_centroid.max": 11024.9208984375,
                "lowlevel.spectral_centroid.mean": 1294.09619140625,
                "lowlevel.spectral_centroid.median": 1204.5419921875,
                "lowlevel.spectral_centroid.min": 258.78668212890625,
                "lowlevel.spectral_centroid.stdev": 572.7125854492188,
                "lowlevel.spectral_centroid.var": 327999.6875,
                "metadata.audio_properties.analysis.equal_loudness": 0.0,
                "rhythm.beats_loudness.dmean": 0.015991440042853355,
                "rhythm.beats_loudness.dmean2": 0.027571789920330048,
                "rhythm.beats_loudness.dvar": 0.00020462511747609824,
                "rhythm.beats_loudness.dvar2": 0.0005779263447038829,
                "rhythm.beats_loudness.max": 0.11320977658033371,
                "rhythm.beats_loudness.mean": 0.031399428844451904,
                "rhythm.beats_loudness.median": 0.028893273323774338,
                "rhythm.beats_loudness.min": 3.8134226088004652e-06,
                "rhythm.beats_loudness.stdev": 0.018361786380410194,
                "rhythm.beats_loudness.var": 0.0003371551865711808,
                "rhythm.bpm": 165.57882690429688,
                "rhythm.bpm_histogram_first_peak_bpm": 167.0,
                "rhythm.bpm_histogram_first_peak_weight": 0.0,
                "rhythm.bpm_histogram_second_peak_bpm": 172.0,
                "rhythm.bpm_histogram_second_peak_spread": 0.0,
                "rhythm.bpm_histogram_second_peak_weight": 0.17005695402622223,
                "rhythm.danceability": 1.1901226043701172
            }
        },
        {
            "id": "TSlftdrJnWc",
            "title": "Grateful Dead - Good Lovin' - 12/30/1980 - Oakland Auditorium (Official)",
            "views": 257,
            "features": {
                "lowlevel.average_loudness": 0.9235633611679077,
                "lowlevel.loudness_ebu128.integrated": -14.084975242614746,