{
    "song_title": "Got My Mojo Workin",
    "artist": "Grateful Dead",
    "num_versions_processed": 3,
    "average_features": {
        "lowlevel.loudness_ebu128.short_term.dvar2": 0.017202035523951054,
        "lowlevel.loudness_ebu128.momentary.var": 28.515581448872883,
        "lowlevel.loudness_ebu128.momentary.min": -70.68107477823894,
        "lowlevel.spectral_centroid.dvar": 60500.529296875,
        "rhythm.beats_loudness.min": 0.00028252276576131347,
        "lowlevel.spectral_centroid.mean": 999.9858805338541,
        "rhythm.beats_loudness.dvar": 0.0005761081071492905,
        "rhythm.bpm_histogram_first_peak_bpm": 127.0,
        "rhythm.beats_loudness.median": 0.027645784119764965,
        "lowlevel.loudness_ebu128.integrated": -16.525621732076008,
        "lowlevel.loudness_ebu128.short_term.mean": -18.16245746612549,
        "rhythm.beats_loudness.dmean2": 0.03786582686007023,
        "lowlevel.loudness_ebu128.momentary.dvar2": 1.575509210427602,
        "rhythm.bpm_histogram_second_peak_weight": 0.06245199963450432,
        "lowlevel.loudness_ebu128.loudness_range": 9.564295768737793,
        "rhythm.bpm_histogram_second_peak_bpm": 129.33333333333334,
        "lowlevel.loudness_ebu128.short_term.min": -39.86075782775879,
        "lowlevel.loudness_ebu128.short_term.stdev": 4.308265050252278,
        "lowlevel.loudness_ebu128.short_term.dmean2": 0.1287793666124344,
        "lowlevel.loudness_ebu128.short_term.var": 19.939195156097412,
        "rhythm.beats_loudness.mean": 0.03352210236092409,
        "lowlevel.spectral_centroid.max": 7364.206868489583,
        "lowlevel.loudness_ebu128.momentary.dvar": 0.8386240800221761,
        "rhythm.beats_loudness.stdev": 0.027013661960760754,
        "lowlevel.loudness_ebu128.momentary.max": -7.008925914764404,
        "lowlevel.spectral_centroid.median": 871.1838582356771,
        "lowlevel.loudness_ebu128.momentary.dmean": 0.7867463231086731,
        "lowlevel.loudness_ebu128.short_term.dvar": 0.01329556480050087,
        "rhythm.beats_loudness.var": 0.0007909280733050158,
        "lowlevel.loudness_ebu128.momentary.stdev": 5.15649660428365,
        "lowlevel.loudness_ebu128.momentary.mean": -18.559080441792805,
        "rhythm.beats_loudness.dmean": 0.02135891777773698,
        "lowlevel.average_loudness": 0.1560812952617804,
        "lowlevel.loudness_ebu128.short_term.median": -17.212663968404133,
        "rhythm.beats_loudness.max": 0.26897243161996204,
        "metadata.audio_properties.analysis.equal_loudness": 0.0,
        "lowlevel.loudness_ebu128.momentary.dmean2": 1.0724084377288818,
        "lowlevel.spectral_centroid.dvar2": 124710.8515625,
        "lowlevel.loudness_ebu128.short_term.max": -10.300444602966309,
        "lowlevel.spectral_centroid.var": 314045.2395833333,
        "rhythm.bpm_histogram_first_peak_weight": 0.4771861831347148,
        "lowlevel.loudness_ebu128.momentary.median": -17.577268600463867,
        "rhythm.bpm": 126.81186167399089,
        "rhythm.beats_loudness.dvar2": 0.0017201317435440917,
        "lowlevel.loudness_ebu128.short_term.dmean": 0.10704175134499867,
        "lowlevel.spectral_centroid.stdev": 547.979237874349,
        "lowlevel.spectral_centroid.dmean": 200.85438028971353,
        "lowlevel.spectral_centroid.dmean2": 304.07127888997394,
        "rhythm.danceability": 1.3402124245961506,
        "lowlevel.spectral_centroid.min": 176.7636947631836,
        "rhythm.bpm_histogram_second_peak_spread": 0.27088024218877155
    },
    "outlier_flag": false,
    "outlier_reasons": null,
    "raw_versions": [
        {
            "id": "CwCjFY7NHY8",
            "title": "Grateful Dead - Got My Mojo Workin' - 1978-10-21",
            "views": 1963,
            "features": {
                "lowlevel.average_loudness": 0.283922016620636,
                "lowlevel.loudness_ebu128.integrated": -13.970105171203613,
                "lowlevel.loudness_ebu128.loudness_range": 6.636971473693848,
                "lowlevel.loudness_ebu128.momentary.dmean": 0.7016072869300842,
                "lowlevel.loudness_ebu128.momentary.dmean2": 0.8703669905662537,
                "lowlevel.loudness_ebu128.momentary.dvar": 0.4343661069869995,
                "lowlevel.loudness_ebu128.momentary.dvar2": 0.7161387801170349,
                "lowlevel.loudness_ebu128.momentary.max": -4.677377223968506,
                "lowlevel.loudness_ebu128.momentary.mean": -15.060093879699707,
                "lowlevel.loudness_ebu128.momentary.median": -14.773577690124512,
                "lowlevel.loudness_ebu128.momentary.min": -30.69820785522461,
                "lowlevel.loudness_ebu128.momentary.stdev": 3.1947219371795654,
                "lowlevel.loudness_ebu128.momentary.var": 10.20624828338623,
                "lowlevel.loudness_ebu128.short_term.dmean": 0.10165610164403915,
                "lowlevel.loudness_ebu128.short_term.dmean2": 0.1082434356212616,
                "lowlevel.loudness_ebu128.short_term.dvar": 0.010705532506108284,
                "lowlevel.loudness_ebu128.short_term.dvar2": 0.011543475091457367,
                "lowlevel.loudness_ebu128.short_term.max": -7.424066543579102,
                "lowlevel.loudness_ebu128.short_term.mean": -14.724742889404297,
                "lowlevel.loudness_ebu128.short_term.median": -14.388632774353027,
                "lowlevel.loudness_ebu128.short_term.min": -24.560535430908203,
                "lowlevel.loudness_ebu128.short_term.stdev": 2.668348789215088,
                "lowlevel.loudness_ebu128.short_term.var": 7.1200852394104,
                "lowlevel.spectral_centroid.dmean": 161.4534454345703,
                "lowlevel.spectral_centroid.dmean2": 251.0687255859375,
                "lowlevel.spectral_centroid.dvar": 30815.541015625,
                "lowlevel.spectral_centroid.dvar2": 65997.2734375,
                "lowlevel.spectral_centroid.max": 11245.4169921875,
                "lowlevel.spectral_centroid.mean": 859.8409423828125,
                "lowlevel.spectral_centroid.median": 783.0628662109375,
                "lowlevel.spectral_centroid.min": 221.75718688964844,
                "lowlevel.spectral_centroid.stdev": 404.6806335449219,
                "lowlevel.spectral_centroid.var": 163766.40625,
                "metadata.audio_properties.analysis.equal_loudness": 0.0,
                "rhythm.beats_loudness.dmean": 0.015806956216692924,
                "rhythm.beats_loudness.dmean2": 0.02653549239039421,
                "rhythm.beats_loudness.dvar": 0.00021720364748034626,
                "rhythm.beats_loudness.dvar2": 0.0005908372113481164,
                "rhythm.beats_loudness.max": 0.13680516183376312,
                "rhythm.beats_loudness.mean": 0.029717911034822464,
                "rhythm.beats_loudness.median": 0.02596672624349594,
                "rhythm.beats_loudness.min": 0.0008475216454826295,
                "rhythm.beats_loudness.stdev": 0.019298933446407318,
                "rhythm.beats_loudness.var": 0.0003724488487932831,
                "rhythm.bpm": 128.47801208496094,
                "rhythm.bpm_histogram_first_peak_bpm": 129.0,
                "rhythm.bpm_histogram_first_peak_weight": 0.42627960443496704,
                "rhythm.bpm_histogram_second_peak_bpm": 123.0,
                "rhythm.bpm_histogram_second_peak_spread": 0.3589743375778198,
                "rhythm.bpm_histogram_second_peak_weight": 0.018422991037368774,
                "rhythm.danceability": 1.247851014137268
            }
        },
        {
            "id": "GL27q6CpAMI",
            "title": "Grateful Dead - Got My Mojo Working - 1978-10-21 - San Francisco, CA - Winterland Arena ",
            "views": 31,
            "features": {
                "lowlevel.average_loudness": 0.05959087237715721,
                "lowlevel.loudness_ebu128.integrated": -13.775270462036133,
                "lowlevel.loudness_ebu128.loudness_range": 13.777853012084961,