{
    "song_title": "Gotta Serve Somebody",
    "artist": "Grateful Dead",
    "num_versions_processed": 3,
    "average_features": {
        "rhythm.beats_loudness.dvar": 0.0003732369562688594,
        "lowlevel.loudness_ebu128.momentary.median": -13.613970120747885,
        "lowlevel.loudness_ebu128.short_term.min": -47.888784408569336,
        "lowlevel.loudness_ebu128.short_term.dvar": 0.27564790084337193,
        "rhythm.beats_loudness.dvar2": 0.0010915407328866422,
        "rhythm.beats_loudness.min": 0.00030059418085059963,
        "lowlevel.loudness_ebu128.momentary.min": -52.07147471110026,
        "rhythm.bpm_histogram_second_peak_weight": 0.02303305733948946,
        "lowlevel.spectral_centroid.min": 217.45133463541666,
        "lowlevel.spectral_centroid.var": 381550.78125,
        "lowlevel.loudness_ebu128.short_term.dvar2": 0.46533876688530046,
        "lowlevel.loudness_ebu128.short_term.stdev": 4.202340443929036,
        "rhythm.beats_loudness.max": 0.14016300439834595,
        "lowlevel.loudness_ebu128.momentary.dvar2": 1.164137860139211,
        "lowlevel.spectral_centroid.dvar2": 127626.55208333333,
        "lowlevel.loudness_ebu128.momentary.max": -7.966726303100586,
        "lowlevel.average_loudness": 0.8269655307133993,
        "lowlevel.loudness_ebu128.momentary.var": 43.402932484944664,
        "lowlevel.loudness_ebu128.loudness_range": 6.5609738032023115,
        "rhythm.beats_loudness.dmean": 0.01872048620134592,
        "lowlevel.loudness_ebu128.momentary.dvar": 0.7441354592641195,
        "metadata.audio_properties.analysis.equal_loudness": 0.0,
        "lowlevel.spectral_centroid.dmean": 214.2295939127604,
        "rhythm.bpm": 95.54751078287761,
        "lowlevel.spectral_centroid.dvar": 60223.18359375,
        "lowlevel.loudness_ebu128.momentary.dmean2": 0.9024635155995687,
        "rhythm.bpm_histogram_first_peak_weight": 0.3239644765853882,
        "rhythm.bpm_histogram_second_peak_spread": 0.3354037404060364,
        "lowlevel.loudness_ebu128.momentary.mean": -14.953072865804037,
        "lowlevel.loudness_ebu128.momentary.dmean": 0.6977247595787048,
        "rhythm.beats_loudness.mean": 0.04118381254374981,
        "rhythm.bpm_histogram_second_peak_bpm": 101.0,
        "lowlevel.loudness_ebu128.integrated": -13.436596552530924,
        "rhythm.beats_loudness.var": 0.000705078108391414,
        "lowlevel.loudness_ebu128.momentary.stdev": 5.742124160130818,
        "lowlevel.loudness_ebu128.short_term.var": 21.858593304951984,
        "lowlevel.spectral_centroid.max": 9124.77197265625,
        "rhythm.beats_loudness.dmean2": 0.032442389676968254,
        "rhythm.danceability": 1.2898203134536743,
        "lowlevel.loudness_ebu128.short_term.max": -10.305155754089355,
        "lowlevel.spectral_centroid.mean": 1211.8984781901042,
        "rhythm.beats_loudness.stdev": 0.024192218979199726,
        "lowlevel.loudness_ebu128.short_term.dmean2": 0.10666673630475998,
        "lowlevel.loudness_ebu128.short_term.dmean": 0.09729872643947601,
        "lowlevel.loudness_ebu128.short_term.mean": -14.406275749206543,
        "rhythm.bpm_histogram_first_peak_bpm": 95.66666666666667,
        "lowlevel.loudness_ebu128.short_term.median": -13.258980751037598,
        "lowlevel.spectral_centroid.median": 1079.1633707682292,
        "lowlevel.spectral_centroid.stdev": 609.6700948079427,
        "lowlevel.spectral_centroid.dmean2": 326.5363362630208,
        "rhythm.beats_loudness.median": 0.03984804886082808
    },
    "outlier_flag": true,
    "outlier_reasons": [
        "Danceability Variance: 0.46 (limit 0.4)"
    ],
    "raw_versions": [
        {
            "id": "X1F_r5ruwiA",
            "title": "Grateful Dead - Gotta Serve Somebody (7-10-1987 at John F Kennedy Stadium)",
            "views": 838,
            "features": {
                "lowlevel.average_loudness": 0.7016441226005554,
                "lowlevel.loudness_ebu128.integrated": -12.714229583740234,
                "lowlevel.loudness_ebu128.loudness_range": 7.000500679016113,
                "lowlevel.loudness_ebu128.momentary.dmean": 0.6700958013534546,
                "lowlevel.loudness_ebu128.momentary.dmean2": 0.8326775431632996,
                "lowlevel.loudness_ebu128.momentary.dvar": 1.2174410820007324,
                "lowlevel.loudness_ebu128.momentary.dvar2": 1.8238904476165771,
                "lowlevel.loudness_ebu128.momentary.max": -7.176490783691406,
                "lowlevel.loudness_ebu128.momentary.mean": -15.125536918640137,
                "lowlevel.loudness_ebu128.momentary.median": -13.246665000915527,
                "lowlevel.loudness_ebu128.momentary.min": -90.90859985351562,
                "lowlevel.loudness_ebu128.momentary.stdev": 10.306492805480957,
                "lowlevel.loudness_ebu128.momentary.var": 106.22378540039062,
                "lowlevel.loudness_ebu128.short_term.dmean": 0.12043935805559158,
                "lowlevel.loudness_ebu128.short_term.dmean2": 0.1249731034040451,
                "lowlevel.loudness_ebu128.short_term.dvar": 0.8136511445045471,
                "lowlevel.loudness_ebu128.short_term.dvar2": 1.3778289556503296,
                "lowlevel.loudness_ebu128.short_term.max": -9.15451431274414,
                "lowlevel.loudness_ebu128.short_term.mean": -14.134071350097656,
                "lowlevel.loudness_ebu128.short_term.median": -12.85517406463623,
                "lowlevel.loudness_ebu128.short_term.min": -90.12238311767578,
                "lowlevel.loudness_ebu128.short_term.stdev": 7.063248634338379,
                "lowlevel.loudness_ebu128.short_term.var": 49.88948440551758,
                "lowlevel.spectral_centroid.dmean": 212.77769470214844,
                "lowlevel.spectral_centroid.dmean2": 323.5172119140625,
                "lowlevel.spectral_centroid.dvar": 58614.53515625,
                "lowlevel.spectral_centroid.dvar2": 115211.375,
                "lowlevel.spectral_centroid.max": 11024.177734375,
                "lowlevel.spectral_centroid.mean": 1328.4034423828125,
                "lowlevel.spectral_centroid.median": 1175.587158203125,
                "lowlevel.spectral_centroid.min": 280.3232421875,
                "lowlevel.spectral_centroid.stdev": 701.6039428710938,
                "lowlevel.spectral_centroid.var": 492248.09375,
                "metadata.audio_properties.analysis.equal_loudness": 0.0,
                "rhythm.beats_loudness.dmean": 0.01544319186359644,
                "rhythm.beats_loudness.dmean2": 0.027382956817746162,
                "rhythm.beats_loudness.dvar": 0.0002032219199463725,
                "rhythm.beats_loudness.dvar2": 0.0005844538100063801,
                "rhythm.beats_loudness.max": 0.12918022274971008,
                "rhythm.beats_loudness.mean": 0.030344264581799507,
                "rhythm.beats_loudness.median": 0.02743646875023842,
                "rhythm.beats_loudness.min": 5.595767182953182e-10,
                "rhythm.beats_loudness.stdev": 0.020102905109524727,
                "rhythm.beats_loudness.var": 0.0004041267966385931,
                "rhythm.bpm": 99.67731475830078,
                "rhythm.bpm_histogram_first_peak_bpm": 99.0,
                "rhythm.bpm_histogram_first_peak_weight": 0.44999998807907104,
                "rhythm.bpm_histogram_second_peak_bpm": 94.0,
                "rhythm.bpm_histogram_second_peak_spread": 0.43478262424468994,
                "rhythm.bpm_histogram_second_peak_weight": 0.028953230008482933,
                "rhythm.danceability": 1.1386765241622925
            }
        },
        {
            "id": "HIJcUQX3p-E",
            "title": "Scott Guberman & Friends, 'Gotta Serve Somebody,' Ashkenaz Grateful Dead Night, Nov. 29, 2023",
            "views": 90,
            "features": {
                "lowlevel.average_loudness": 0.9118015170097351,
                "lowlevel.loudness_ebu128.integrated": -16.36332130432129,