{
    "song_title": "Greatest Story Ever Told",
    "artist": "Grateful Dead",
    "num_versions_processed": 3,
    "average_features": {
        "lowlevel.loudness_ebu128.short_term.dvar2": 0.050360609156390033,
        "lowlevel.loudness_ebu128.momentary.var": 54.95045932133993,
        "lowlevel.loudness_ebu128.momentary.min": -56.33309745788574,
        "lowlevel.spectral_centroid.dvar": 79124.1171875,
        "rhythm.beats_loudness.min": 0.0008549260134645594,
        "lowlevel.spectral_centroid.mean": 1064.01123046875,
        "rhythm.beats_loudness.dvar": 0.0006121381593402475,
        "rhythm.bpm_histogram_first_peak_bpm": 165.33333333333334,
        "rhythm.beats_loudness.median": 0.02733665828903516,
        "lowlevel.loudness_ebu128.integrated": -16.12666193644206,
        "lowlevel.loudness_ebu128.short_term.mean": -18.370078404744465,
        "rhythm.beats_loudness.dmean2": 0.041372415299216904,
        "lowlevel.loudness_ebu128.momentary.dvar2": 1.0892154375712078,
        "rhythm.bpm_histogram_second_peak_weight": 0.2538943688074748,
        "lowlevel.loudness_ebu128.loudness_range": 6.153725624084473,
        "rhythm.bpm_histogram_second_peak_bpm": 163.66666666666666,
        "lowlevel.loudness_ebu128.short_term.min": -35.39506848653158,
        "lowlevel.loudness_ebu128.short_term.stdev": 4.978575607140859,
        "lowlevel.loudness_ebu128.short_term.dmean2": 0.137423242131869,
        "lowlevel.loudness_ebu128.short_term.var": 42.28190815448761,
        "rhythm.beats_loudness.mean": 0.03442009227971236,
        "lowlevel.spectral_centroid.max": 9368.8896484375,
        "lowlevel.loudness_ebu128.momentary.dvar": 0.7568729817867279,
        "rhythm.beats_loudness.stdev": 0.028079848736524582,
        "lowlevel.loudness_ebu128.momentary.max": -8.251299540201822,
        "lowlevel.spectral_centroid.median": 940.9269002278646,
        "lowlevel.loudness_ebu128.momentary.dmean": 0.8023169835408529,
        "lowlevel.loudness_ebu128.short_term.dvar": 0.049884590009848274,
        "rhythm.beats_loudness.var": 0.0008018263227616748,
        "lowlevel.loudness_ebu128.momentary.stdev": 6.075387199719747,
        "lowlevel.loudness_ebu128.momentary.mean": -19.050592104593914,
        "rhythm.beats_loudness.dmean": 0.02302845132847627,
        "lowlevel.average_loudness": 0.3530147497852643,
        "lowlevel.loudness_ebu128.short_term.median": -17.023842811584473,
        "rhythm.beats_loudness.max": 0.24551657835642496,
        "metadata.audio_properties.analysis.equal_loudness": 0.0,
        "lowlevel.loudness_ebu128.momentary.dmean2": 0.9508475859959921,
        "lowlevel.spectral_centroid.dvar2": 162217.63020833334,
        "lowlevel.loudness_ebu128.short_term.max": -11.386717478434244,
        "lowlevel.spectral_centroid.var": 288491.9635416667,
        "rhythm.bpm_histogram_first_peak_weight": 0.09090910355250041,
        "lowlevel.loudness_ebu128.momentary.median": -17.60533873240153,
        "rhythm.bpm": 164.80187479654947,
        "rhythm.beats_loudness.dvar2": 0.0018121648657446106,
        "lowlevel.loudness_ebu128.short_term.dmean": 0.13185646881659827,
        "lowlevel.spectral_centroid.stdev": 536.4645690917969,
        "lowlevel.spectral_centroid.dmean": 222.84703572591147,
        "lowlevel.spectral_centroid.dmean2": 342.6219991048177,
        "rhythm.danceability": 1.2085888385772705,
        "lowlevel.spectral_centroid.min": 204.51915486653647,
        "rhythm.bpm_histogram_second_peak_spread": 0.014925360679626465
    },
    "outlier_flag": false,
    "outlier_reasons": null,
    "raw_versions": [
        {
            "id": "gMH9IYjGsi4",
            "title": "Grateful Dead [4k50p Remaster] - Greatest Story Ever Told - 1981 03 28 (pro shot) Rockpalast Germany",
            "views": 7168,
            "features": {
                "lowlevel.average_loudness": 0.8191487193107605,
                "lowlevel.loudness_ebu128.integrated": -14.457542419433594,
                "lowlevel.loudness_ebu128.loudness_range": 2.7972335815429688,
                "lowlevel.loudness_ebu128.momentary.dmean": 0.5241731405258179,
                "lowlevel.loudness_ebu128.momentary.dmean2": 0.6154156923294067,
                "lowlevel.loudness_ebu128.momentary.dvar": 0.20457902550697327,
                "lowlevel.loudness_ebu128.momentary.dvar2": 0.2723710536956787,
                "lowlevel.loudness_ebu128.momentary.max": -9.868264198303223,
                "lowlevel.loudness_ebu128.momentary.mean": -14.738595008850098,
                "lowlevel.loudness_ebu128.momentary.median": -14.639618873596191,
                "lowlevel.loudness_ebu128.momentary.min": -20.49125862121582,
                "lowlevel.loudness_ebu128.momentary.stdev": 1.5925499200820923,
                "lowlevel.loudness_ebu128.momentary.var": 2.536215305328369,
                "lowlevel.loudness_ebu128.short_term.dmean": 0.07935317605733871,
                "lowlevel.loudness_ebu128.short_term.dmean2": 0.09622436761856079,
                "lowlevel.loudness_ebu128.short_term.dvar": 0.004125125706195831,
                "lowlevel.loudness_ebu128.short_term.dvar2": 0.005891160108149052,
                "lowlevel.loudness_ebu128.short_term.max": -11.521159172058105,
                "lowlevel.loudness_ebu128.short_term.mean": -14.555017471313477,
                "lowlevel.loudness_ebu128.short_term.median": -14.520781517028809,
                "lowlevel.loudness_ebu128.short_term.min": -17.52182960510254,
                "lowlevel.loudness_ebu128.short_term.stdev": 0.9668611884117126,
                "lowlevel.loudness_ebu128.short_term.var": 0.9348205327987671,
                "lowlevel.spectral_centroid.dmean": 248.68495178222656,
                "lowlevel.spectral_centroid.dmean2": 388.04412841796875,
                "lowlevel.spectral_centroid.dvar": 85187.2109375,
                "lowlevel.spectral_centroid.dvar2": 174079.296875,
                "lowlevel.spectral_centroid.max": 11333.9521484375,
                "lowlevel.spectral_centroid.mean": 1101.5828857421875,
                "lowlevel.spectral_centroid.median": 965.9766845703125,
                "lowlevel.spectral_centroid.min": 232.1109619140625,
                "lowlevel.spectral_centroid.stdev": 568.633544921875,
                "lowlevel.spectral_centroid.var": 323344.125,
                "metadata.audio_properties.analysis.equal_loudness": 0.0,
                "rhythm.beats_loudness.dmean": 0.03591190278530121,
                "rhythm.beats_loudness.dmean2": 0.06559519469738007,
                "rhythm.beats_loudness.dvar": 0.0008280720794573426,
                "rhythm.beats_loudness.dvar2": 0.002565407194197178,
                "rhythm.beats_loudness.max": 0.21311810612678528,
                "rhythm.beats_loudness.mean": 0.058463238179683685,
                "rhythm.beats_loudness.median": 0.051148124039173126,
                "rhythm.beats_loudness.min": 0.0025618586223572493,
                "rhythm.beats_loudness.stdev": 0.03324659913778305,
                "rhythm.beats_loudness.var": 0.0011053362395614386,
                "rhythm.bpm": 155.9474334716797,
                "rhythm.bpm_histogram_first_peak_bpm": 157.0,
                "rhythm.bpm_histogram_first_peak_weight": 0.2727273106575012,
                "rhythm.bpm_histogram_second_peak_bpm": 152.0,
                "rhythm.bpm_histogram_second_peak_spread": 0.044776082038879395,
                "rhythm.bpm_histogram_second_peak_weight": 0.099071204662323,
                "rhythm.danceability": 1.3971779346466064
            }
        },
        {
            "id": "ptqutsPcXGI",
            "title": "Grateful Dead - Greatest Story Ever Told - 9/30/89 (Pro-Shot)",
            "views": 109358,
            "features": {
                "lowlevel.average_loudness": 0.1169193685054779,
                "lowlevel.loudness_ebu128.integrated": -19.062891006469727,
                "lowlevel.loudness_ebu128.loudness_range": 7.131316184997559,