{
    "song_title": "Green River",
    "artist": "Grateful Dead",
    "num_versions_processed": 1,
    "average_features": {
        "rhythm.beats_loudness.dvar": 0.00033472588984295726,
        "lowlevel.loudness_ebu128.momentary.median": -16.088253021240234,
        "lowlevel.loudness_ebu128.short_term.min": -38.99291229248047,
        "lowlevel.loudness_ebu128.short_term.dvar": 0.03974781185388565,
        "rhythm.beats_loudness.dvar2": 0.0010815435089170933,
        "rhythm.beats_loudness.min": 1.0782187928271014e-05,
        "lowlevel.loudness_ebu128.momentary.min": -47.59458923339844,
        "rhythm.bpm_histogram_second_peak_weight": 0.03491271659731865,
        "lowlevel.spectral_centroid.min": 181.2042999267578,
        "lowlevel.spectral_centroid.var": 234988.953125,
        "lowlevel.loudness_ebu128.short_term.dvar2": 0.029848115518689156,
        "lowlevel.loudness_ebu128.short_term.stdev": 3.085623025894165,
        "rhythm.beats_loudness.max": 0.11566392332315445,
        "lowlevel.loudness_ebu128.momentary.dvar2": 1.6539509296417236,
        "lowlevel.spectral_centroid.dvar2": 109855.5703125,
        "lowlevel.loudness_ebu128.momentary.max": -11.745023727416992,
        "lowlevel.average_loudness": 0.9080794453620911,
        "lowlevel.loudness_ebu128.momentary.var": 19.496566772460938,
        "lowlevel.loudness_ebu128.loudness_range": 3.2601490020751953,
        "rhythm.beats_loudness.dmean": 0.021481428295373917,
        "lowlevel.loudness_ebu128.momentary.dvar": 0.9566482901573181,
        "metadata.audio_properties.analysis.equal_loudness": 0.0,
        "lowlevel.spectral_centroid.dmean": 198.1020965576172,
        "rhythm.bpm": 128.9318389892578,
        "lowlevel.spectral_centroid.dvar": 59677.01953125,
        "lowlevel.loudness_ebu128.momentary.dmean2": 1.2433404922485352,
        "rhythm.bpm_histogram_first_peak_weight": 0.27450984716415405,
        "rhythm.bpm_histogram_second_peak_spread": 0.0,
        "lowlevel.loudness_ebu128.momentary.mean": -16.92571449279785,
        "lowlevel.loudness_ebu128.momentary.dmean": 0.8053690791130066,
        "rhythm.beats_loudness.mean": 0.038881778717041016,
        "rhythm.bpm_histogram_second_peak_bpm": 172.0,
        "lowlevel.loudness_ebu128.integrated": -15.806859970092773,
        "rhythm.beats_loudness.var": 0.00046164446393959224,
        "lowlevel.loudness_ebu128.momentary.stdev": 4.415491580963135,
        "lowlevel.loudness_ebu128.short_term.var": 9.521069526672363,
        "lowlevel.spectral_centroid.max": 11025.0009765625,
        "rhythm.beats_loudness.dmean2": 0.03906288743019104,
        "rhythm.danceability": 1.2749470472335815,
        "lowlevel.loudness_ebu128.short_term.max": -13.618267059326172,
        "lowlevel.spectral_centroid.mean": 1021.3737182617188,
        "rhythm.beats_loudness.stdev": 0.021485913544893265,
        "lowlevel.loudness_ebu128.short_term.dmean2": 0.1477508246898651,
        "lowlevel.loudness_ebu128.short_term.dmean": 0.11966954171657562,
        "lowlevel.loudness_ebu128.short_term.mean": -16.43021583557129,
        "rhythm.bpm_histogram_first_peak_bpm": 129.0,
        "lowlevel.loudness_ebu128.short_term.median": -15.983672142028809,
        "lowlevel.spectral_centroid.median": 937.4969482421875,
        "lowlevel.spectral_centroid.stdev": 484.756591796875,
        "lowlevel.spectral_centroid.dmean2": 302.482666015625,
        "rhythm.beats_loudness.median": 0.037017568945884705
    },
    "outlier_flag": false,
    "outlier_reasons": null,
    "raw_versions": [
        {
            "id": "0_qxOKGpJKg",
            "title": "Grateful Dead with John Fogerty  [1080p Remaster]  November  3 1991 - Green River -  [SBD: Miller]",
            "views": 1680,
            "features": {
                "lowlevel.average_loudness": 0.9080794453620911,
                "lowlevel.loudness_ebu128.integrated": -15.806859970092773,
                "lowlevel.loudness_ebu128.loudness_range": 3.2601490020751953,
                "lowlevel.loudness_ebu128.momentary.dmean": 0.8053690791130066,
                "lowlevel.loudness_ebu128.momentary.dmean2": 1.2433404922485352,
                "lowlevel.loudness_ebu128.momentary.dvar": 0.9566482901573181,
                "lowlevel.loudness_ebu128.momentary.dvar2": 1.6539509296417236,
                "lowlevel.loudness_ebu128.momentary.max": -11.745023727416992,
                "lowlevel.loudness_ebu128.momentary.mean": -16.92571449279785,
                "lowlevel.loudness_ebu128.momentary.median": -16.088253021240234,
                "lowlevel.loudness_ebu128.momentary.min": -47.59458923339844,
                "lowlevel.loudness_ebu128.momentary.stdev": 4.415491580963135,
                "lowlevel.loudness_ebu128.momentary.var": 19.496566772460938,
                "lowlevel.loudness_ebu128.short_term.dmean": 0.11966954171657562,
                "lowlevel.loudness_ebu128.short_term.dmean2": 0.1477508246898651,
                "lowlevel.loudness_ebu128.short_term.dvar": 0.03974781185388565,
                "lowlevel.loudness_ebu128.short_term.dvar2": 0.029848115518689156,
                "lowlevel.loudness_ebu128.short_term.max": -13.618267059326172,
                "lowlevel.loudness_ebu128.short_term.mean": -16.43021583557129,
                "lowlevel.loudness_ebu128.short_term.median": -15.983672142028809,
                "lowlevel.loudness_ebu128.short_term.min": -38.99291229248047,
                "lowlevel.loudness_ebu128.short_term.stdev": 3.085623025894165,
                "lowlevel.loudness_ebu128.short_term.var": 9.521069526672363,
                "lowlevel.spectral_centroid.dmean": 198.1020965576172,
                "lowlevel.spectral_centroid.dmean2": 302.482666015625,
                "lowlevel.spectral_centroid.dvar": 59677.01953125,
                "lowlevel.spectral_centroid.dvar2": 109855.5703125,
                "lowlevel.spectral_centroid.max": 11025.0009765625,
                "lowlevel.spectral_centroid.mean": 1021.3737182617188,
                "lowlevel.spectral_centroid.median": 937.4969482421875,
                "lowlevel.spectral_centroid.min": 181.2042999267578,
                "lowlevel.spectral_centroid.stdev": 484.756591796875,
                "lowlevel.spectral_centroid.var": 234988.953125,
                "metadata.audio_properties.analysis.equal_loudness": 0.0,
                "rhythm.beats_loudness.dmean": 0.021481428295373917,
                "rhythm.beats_loudness.dmean2": 0.03906288743019104,
                "rhythm.beats_loudness.dvar": 0.00033472588984295726,
                "rhythm.beats_loudness.dvar2": 0.0010815435089170933,
                "rhythm.beats_loudness.max": 0.11566392332315445,
                "rhythm.beats_loudness.mean": 0.038881778717041016,
                "rhythm.beats_loudness.median": 0.037017568945884705,
                "rhythm.beats_loudness.min": 1.0782187928271014e-05,
                "rhythm.beats_loudness.stdev": 0.021485913544893265,
                "rhythm.beats_loudness.var": 0.00046164446393959224,
                "rhythm.bpm": 128.9318389892578,
                "rhythm.bpm_histogram_first_peak_bpm": 129.0,
                "rhythm.bpm_histogram_first_peak_weight": 0.27450984716415405,
                "rhythm.bpm_histogram_second_peak_bpm": 172.0,
                "rhythm.bpm_histogram_second_peak_spread": 0.0,
                "rhythm.bpm_histogram_second_peak_weight": 0.03491271659731865,
                "rhythm.danceability": 1.2749470472335815
            }
        }
    ]
}