{
    "song_title": "Green Green Grass Of Home",
    "artist": "Grateful Dead",
    "num_versions_processed": 2,
    "average_features": {
        "lowlevel.loudness_ebu128.momentary.dmean2": 1.0530902445316315,
        "lowlevel.loudness_ebu128.short_term.median": -22.9183406829834,
        "lowlevel.spectral_centroid.median": 600.5776672363281,
        "rhythm.beats_loudness.var": 0.0013575117336586118,
        "rhythm.beats_loudness.dvar": 0.0007449858530890197,
        "lowlevel.loudness_ebu128.short_term.stdev": 9.0649995803833,
        "lowlevel.loudness_ebu128.integrated": -19.091296195983887,
        "rhythm.beats_loudness.max": 0.3404005616903305,
        "lowlevel.spectral_centroid.max": 11128.6708984375,
        "lowlevel.spectral_centroid.min": 204.3777313232422,
        "lowlevel.loudness_ebu128.momentary.stdev": 11.255671977996826,
        "rhythm.bpm": 76.51824951171875,
        "lowlevel.loudness_ebu128.loudness_range": 15.840833187103271,
        "rhythm.beats_loudness.mean": 0.019863687455654144,
        "rhythm.bpm_histogram_second_peak_weight": 0.03170159924775362,
        "metadata.audio_properties.analysis.equal_loudness": 0.0,
        "lowlevel.loudness_ebu128.short_term.var": 82.57028198242188,
        "rhythm.beats_loudness.dvar2": 0.001987957861274481,
        "rhythm.bpm_histogram_second_peak_bpm": 154.5,
        "lowlevel.loudness_ebu128.momentary.mean": -26.019055366516113,
        "lowlevel.loudness_ebu128.short_term.max": -9.891680002212524,
        "rhythm.beats_loudness.stdev": 0.03665786795318127,
        "lowlevel.loudness_ebu128.momentary.dmean": 1.0453491508960724,
        "lowlevel.spectral_centroid.mean": 744.6765747070312,
        "lowlevel.spectral_centroid.stdev": 645.6698303222656,
        "rhythm.beats_loudness.median": 0.007014213362708688,
        "lowlevel.loudness_ebu128.short_term.dmean": 0.19575657695531845,
        "lowlevel.loudness_ebu128.short_term.dvar2": 0.8141399621963501,
        "rhythm.beats_loudness.dmean2": 0.027321433648467064,
        "lowlevel.loudness_ebu128.short_term.mean": -24.35844135284424,
        "lowlevel.loudness_ebu128.momentary.var": 126.89043045043945,
        "rhythm.beats_loudness.dmean": 0.015531465411186218,
        "lowlevel.loudness_ebu128.momentary.min": -91.05001831054688,
        "lowlevel.loudness_ebu128.momentary.dvar": 1.9257838726043701,
        "lowlevel.spectral_centroid.dmean": 101.7962532043457,
        "lowlevel.spectral_centroid.var": 420346.625,
        "rhythm.beats_loudness.min": 2.0369033681966187e-09,
        "lowlevel.average_loudness": 0.002791201346553862,
        "lowlevel.loudness_ebu128.short_term.dmean2": 0.1703338399529457,
        "lowlevel.loudness_ebu128.short_term.min": -89.9595832824707,
        "rhythm.bpm_histogram_first_peak_bpm": 76.5,
        "lowlevel.loudness_ebu128.momentary.max": -7.356040954589844,
        "lowlevel.spectral_centroid.dmean2": 154.23052978515625,
        "rhythm.bpm_histogram_second_peak_spread": 0.20689654350280762,
        "lowlevel.loudness_ebu128.short_term.dvar": 0.5175638347864151,
        "lowlevel.loudness_ebu128.momentary.median": -24.140923500061035,
        "rhythm.danceability": 0.9164829254150391,
        "lowlevel.spectral_centroid.dvar": 27127.4931640625,
        "rhythm.bpm_histogram_first_peak_weight": 0.4751863181591034,
        "lowlevel.loudness_ebu128.momentary.dvar2": 2.767967700958252,
        "lowlevel.spectral_centroid.dvar2": 53107.37109375
    },
    "outlier_flag": false,
    "outlier_reasons": null,
    "raw_versions": [
        {
            "id": "Wwfyi14NCdk",
            "title": "Grateful Dead Green, Green Grass of Home 5-31-69 McArthur Court",
            "views": 8595,
            "features": {
                "lowlevel.average_loudness": 0.0010155497584491968,
                "lowlevel.loudness_ebu128.integrated": -21.678476333618164,
                "lowlevel.loudness_ebu128.loudness_range": 18.576499938964844,
                "lowlevel.loudness_ebu128.momentary.dmean": 1.2181192636489868,
                "lowlevel.loudness_ebu128.momentary.dmean2": 1.2660835981369019,
                "lowlevel.loudness_ebu128.momentary.dvar": 2.3466391563415527,
                "lowlevel.loudness_ebu128.momentary.dvar2": 3.315993070602417,
                "lowlevel.loudness_ebu128.momentary.max": -8.96329402923584,
                "lowlevel.loudness_ebu128.momentary.mean": -30.21784210205078,
                "lowlevel.loudness_ebu128.momentary.median": -27.94702911376953,
                "lowlevel.loudness_ebu128.momentary.min": -90.98332977294922,
                "lowlevel.loudness_ebu128.momentary.stdev": 10.808150291442871,
                "lowlevel.loudness_ebu128.momentary.var": 116.81610870361328,
                "lowlevel.loudness_ebu128.short_term.dmean": 0.21583515405654907,
                "lowlevel.loudness_ebu128.short_term.dmean2": 0.20078498125076294,
                "lowlevel.loudness_ebu128.short_term.dvar": 0.3875868618488312,
                "lowlevel.loudness_ebu128.short_term.dvar2": 0.5439386367797852,
                "lowlevel.loudness_ebu128.short_term.max": -11.888457298278809,
                "lowlevel.loudness_ebu128.short_term.mean": -28.21323585510254,
                "lowlevel.loudness_ebu128.short_term.median": -26.3581485748291,
                "lowlevel.loudness_ebu128.short_term.min": -89.77428436279297,
                "lowlevel.loudness_ebu128.short_term.stdev": 8.435659408569336,
                "lowlevel.loudness_ebu128.short_term.var": 71.16034698486328,
                "lowlevel.spectral_centroid.dmean": 116.89508056640625,
                "lowlevel.spectral_centroid.dmean2": 177.02459716796875,
                "lowlevel.spectral_centroid.dvar": 37680.12890625,
                "lowlevel.spectral_centroid.dvar2": 75002.5234375,
                "lowlevel.spectral_centroid.max": 10774.6689453125,
                "lowlevel.spectral_centroid.mean": 738.122802734375,
                "lowlevel.spectral_centroid.median": 593.0663452148438,
                "lowlevel.spectral_centroid.min": 178.5182342529297,
                "lowlevel.spectral_centroid.stdev": 586.8728637695312,
                "lowlevel.spectral_centroid.var": 344419.78125,
                "metadata.audio_properties.analysis.equal_loudness": 0.0,
                "rhythm.beats_loudness.dmean": 0.01394970528781414,
                "rhythm.beats_loudness.dmean2": 0.023257341235876083,
                "rhythm.beats_loudness.dvar": 0.0008018919033929706,
                "rhythm.beats_loudness.dvar2": 0.001863823039457202,
                "rhythm.beats_loudness.max": 0.40635114908218384,
                "rhythm.beats_loudness.mean": 0.017401136457920074,
                "rhythm.beats_loudness.median": 0.0039446079172194,
                "rhythm.beats_loudness.min": 2.9063749185098686e-09,
                "rhythm.beats_loudness.stdev": 0.040360916405916214,
                "rhythm.beats_loudness.var": 0.0016290034400299191,
                "rhythm.bpm": 82.63892364501953,
                "rhythm.bpm_histogram_first_peak_bpm": 83.0,
                "rhythm.bpm_histogram_first_peak_weight": 0.5760868787765503,
                "rhythm.bpm_histogram_second_peak_bpm": 157.0,
                "rhythm.bpm_histogram_second_peak_spread": 0.41379308700561523,
                "rhythm.bpm_histogram_second_peak_weight": 0.03497942537069321,
                "rhythm.danceability": 0.9531144499778748
            }
        },
        {
            "id": "YZB4gj-yf_E",
            "title": "Grateful Dead - \"Green, Green Grass of Home\" (Reed's Ranch, 7/3/69)",
            "views": 5261,
            "features": {
                "lowlevel.average_loudness": 0.004566852934658527,
                "lowlevel.loudness_ebu128.integrated": -16.50411605834961,
                "lowlevel.loudness_ebu128.loudness_range": 13.1051664352417,
                "lowlevel.loudness_ebu128.momentary.dmean": 0.872579038143158,