{
    "song_title": "He Was A Friend Of Mine",
    "artist": "Grateful Dead",
    "num_versions_processed": 3,
    "average_features": {
        "lowlevel.spectral_centroid.dmean": 113.7748311360677,
        "lowlevel.loudness_ebu128.short_term.mean": -20.244267145792644,
        "rhythm.bpm_histogram_first_peak_weight": 0.6102834145228068,
        "lowlevel.loudness_ebu128.short_term.median": -19.24213695526123,
        "lowlevel.loudness_ebu128.momentary.dvar": 0.6112924516201019,
        "lowlevel.loudness_ebu128.short_term.stdev": 5.931925614674886,
        "rhythm.bpm_histogram_second_peak_spread": 0.3452831705411275,
        "rhythm.beats_loudness.dmean": 0.013516318673888842,
        "rhythm.beats_loudness.min": 9.164973556852196e-06,
        "lowlevel.loudness_ebu128.momentary.dmean2": 0.708820124467214,
        "rhythm.danceability": 0.9701724648475647,
        "lowlevel.loudness_ebu128.momentary.stdev": 7.025551637013753,
        "metadata.audio_properties.analysis.equal_loudness": 0.0,
        "rhythm.beats_loudness.stdev": 0.028482573106884956,
        "lowlevel.loudness_ebu128.momentary.mean": -20.971381505330402,
        "lowlevel.loudness_ebu128.momentary.median": -19.787996610005695,
        "lowlevel.loudness_ebu128.momentary.max": -7.951989650726318,
        "rhythm.beats_loudness.median": 0.016534971073269844,
        "rhythm.beats_loudness.dmean2": 0.023138729234536488,
        "lowlevel.loudness_ebu128.loudness_range": 14.83283805847168,
        "lowlevel.spectral_centroid.dmean2": 172.64128875732422,
        "lowlevel.loudness_ebu128.integrated": -16.65219847361247,
        "rhythm.beats_loudness.dvar": 0.00041944990516640246,
        "lowlevel.loudness_ebu128.short_term.dmean": 0.12745624035596848,
        "lowlevel.spectral_centroid.var": 171418.90104166666,
        "rhythm.beats_loudness.max": 0.24350270628929138,
        "lowlevel.loudness_ebu128.short_term.dmean2": 0.09073934704065323,
        "lowlevel.loudness_ebu128.short_term.max": -10.08935260772705,
        "lowlevel.spectral_centroid.min": 147.95735677083334,
        "lowlevel.average_loudness": 0.22693104048569998,
        "lowlevel.loudness_ebu128.short_term.min": -45.72865549723307,
        "rhythm.bpm_histogram_second_peak_bpm": 106.0,
        "lowlevel.loudness_ebu128.short_term.dvar": 0.030939662208159763,
        "rhythm.beats_loudness.dvar2": 0.001134380620593826,
        "lowlevel.loudness_ebu128.short_term.var": 35.93229548136393,
        "rhythm.beats_loudness.var": 0.0008364125775794188,
        "rhythm.bpm_histogram_first_peak_bpm": 107.66666666666667,
        "lowlevel.loudness_ebu128.momentary.var": 49.830657958984375,
        "lowlevel.spectral_centroid.median": 632.6568603515625,
        "lowlevel.spectral_centroid.stdev": 410.72120157877606,
        "lowlevel.spectral_centroid.max": 5220.784830729167,
        "lowlevel.loudness_ebu128.short_term.dvar2": 0.021347826967636745,
        "rhythm.beats_loudness.mean": 0.02560560591518879,
        "lowlevel.loudness_ebu128.momentary.dmean": 0.7133708596229553,
        "rhythm.bpm": 107.28498840332031,
        "lowlevel.spectral_centroid.dvar": 25400.0009765625,
        "lowlevel.spectral_centroid.mean": 730.9766438802084,
        "lowlevel.loudness_ebu128.momentary.min": -64.31412251790364,
        "lowlevel.loudness_ebu128.momentary.dvar2": 0.7380813161532084,
        "rhythm.bpm_histogram_second_peak_weight": 0.08514754349986713,
        "lowlevel.spectral_centroid.dvar2": 54110.41015625
    },
    "outlier_flag": false,
    "outlier_reasons": null,
    "raw_versions": [
        {
            "id": "AcKPs7P288s",
            "title": "Grateful Dead - He Was A Friend Of Mine (11-19-1966 at Fillmore Auditorium)",
            "views": 426,
            "features": {
                "lowlevel.average_loudness": 0.6399132013320923,
                "lowlevel.loudness_ebu128.integrated": -14.2765531539917,
                "lowlevel.loudness_ebu128.loudness_range": 7.795248031616211,
                "lowlevel.loudness_ebu128.momentary.dmean": 0.5233404040336609,
                "lowlevel.loudness_ebu128.momentary.dmean2": 0.5056566596031189,
                "lowlevel.loudness_ebu128.momentary.dvar": 0.27263662219047546,
                "lowlevel.loudness_ebu128.momentary.dvar2": 0.27723413705825806,
                "lowlevel.loudness_ebu128.momentary.max": -8.53614330291748,
                "lowlevel.loudness_ebu128.momentary.mean": -16.40453338623047,
                "lowlevel.loudness_ebu128.momentary.median": -15.201203346252441,
                "lowlevel.loudness_ebu128.momentary.min": -53.916015625,
                "lowlevel.loudness_ebu128.momentary.stdev": 6.24714994430542,
                "lowlevel.loudness_ebu128.momentary.var": 39.02688217163086,
                "lowlevel.loudness_ebu128.short_term.dmean": 0.09660015255212784,
                "lowlevel.loudness_ebu128.short_term.dmean2": 0.06452584266662598,
                "lowlevel.loudness_ebu128.short_term.dvar": 0.02389439567923546,
                "lowlevel.loudness_ebu128.short_term.dvar2": 0.0096012894064188,
                "lowlevel.loudness_ebu128.short_term.max": -9.961247444152832,
                "lowlevel.loudness_ebu128.short_term.mean": -15.792312622070312,
                "lowlevel.loudness_ebu128.short_term.median": -14.940281867980957,
                "lowlevel.loudness_ebu128.short_term.min": -45.99143981933594,
                "lowlevel.loudness_ebu128.short_term.stdev": 4.7459492683410645,
                "lowlevel.loudness_ebu128.short_term.var": 22.524036407470703,
                "lowlevel.spectral_centroid.dmean": 127.15412139892578,
                "lowlevel.spectral_centroid.dmean2": 196.2939453125,
                "lowlevel.spectral_centroid.dvar": 20974.951171875,
                "lowlevel.spectral_centroid.dvar2": 48589.328125,
                "lowlevel.spectral_centroid.max": 5696.89453125,
                "lowlevel.spectral_centroid.mean": 839.0477294921875,
                "lowlevel.spectral_centroid.median": 751.4149169921875,
                "lowlevel.spectral_centroid.min": 141.31668090820312,
                "lowlevel.spectral_centroid.stdev": 421.8415832519531,
                "lowlevel.spectral_centroid.var": 177950.3125,
                "metadata.audio_properties.analysis.equal_loudness": 0.0,
                "rhythm.beats_loudness.dmean": 0.013359625823795795,
                "rhythm.beats_loudness.dmean2": 0.022700637578964233,
                "rhythm.beats_loudness.dvar": 0.00021283325622789562,
                "rhythm.beats_loudness.dvar2": 0.0005812569288536906,
                "rhythm.beats_loudness.max": 0.14437712728977203,
                "rhythm.beats_loudness.mean": 0.031086038798093796,
                "rhythm.beats_loudness.median": 0.026812225580215454,
                "rhythm.beats_loudness.min": 1.1254230230406392e-05,
                "rhythm.beats_loudness.stdev": 0.02189868874847889,
                "rhythm.beats_loudness.var": 0.00047955260379239917,
                "rhythm.bpm": 111.9372787475586,
                "rhythm.bpm_histogram_first_peak_bpm": 112.0,
                "rhythm.bpm_histogram_first_peak_weight": 0.5170340538024902,
                "rhythm.bpm_histogram_second_peak_bpm": 117.0,
                "rhythm.bpm_histogram_second_peak_spread": 0.09375,
                "rhythm.bpm_histogram_second_peak_weight": 0.05169340595602989,
                "rhythm.danceability": 0.9894518256187439
            }
        },
        {
            "id": "CUjgjfoMCjg",
            "title": "Grateful Dead   He was a Friend of Mine",
            "views": 86102,
            "features": {
                "lowlevel.average_loudness": 0.019733892753720284,
                "lowlevel.loudness_ebu128.integrated": -18.687255859375,
                "lowlevel.loudness_ebu128.loudness_range": 17.852977752685547,
                "lowlevel.loudness_ebu128.momentary.dmean": 0.6916062831878662,