{
    "song_title": "He Was A Friend Of Mine",
    "artist": "Grateful Dead",
    "num_versions_processed": 3,
    "average_features": {
        "lowlevel.loudness_ebu128.momentary.dmean2": 0.8884131709734598,
        "lowlevel.loudness_ebu128.short_term.median": -16.806317647298176,
        "lowlevel.spectral_centroid.median": 612.5115966796875,
        "rhythm.beats_loudness.var": 0.0006978064678454151,
        "rhythm.beats_loudness.dvar": 0.00039754888469663757,
        "lowlevel.loudness_ebu128.short_term.stdev": 4.335522492726644,
        "lowlevel.loudness_ebu128.integrated": -15.333740234375,
        "rhythm.beats_loudness.max": 0.18079609175523123,
        "lowlevel.spectral_centroid.max": 7358.589029947917,
        "lowlevel.spectral_centroid.min": 155.18427022298178,
        "lowlevel.loudness_ebu128.momentary.stdev": 5.525995413462321,
        "rhythm.bpm": 114.01475524902344,
        "lowlevel.loudness_ebu128.loudness_range": 10.61314614613851,
        "rhythm.beats_loudness.mean": 0.029944318657120068,
        "rhythm.bpm_histogram_second_peak_weight": 0.0927038664619128,
        "metadata.audio_properties.analysis.equal_loudness": 0.0,
        "lowlevel.loudness_ebu128.short_term.var": 20.25918134053548,
        "rhythm.beats_loudness.dvar2": 0.0010946332283007603,
        "rhythm.bpm_histogram_second_peak_bpm": 113.0,
        "lowlevel.loudness_ebu128.momentary.mean": -18.279312133789062,
        "lowlevel.loudness_ebu128.short_term.max": -10.602596918741861,
        "rhythm.beats_loudness.stdev": 0.02523100438217322,
        "lowlevel.loudness_ebu128.momentary.dmean": 0.8130625685056051,
        "lowlevel.spectral_centroid.mean": 783.0328369140625,
        "lowlevel.spectral_centroid.stdev": 519.0959269205729,
        "rhythm.beats_loudness.median": 0.023387840948998928,
        "lowlevel.loudness_ebu128.short_term.dmean": 0.1367417573928833,
        "lowlevel.loudness_ebu128.short_term.dvar2": 0.027509788672129314,
        "rhythm.beats_loudness.dmean2": 0.03148056690891584,
        "lowlevel.loudness_ebu128.short_term.mean": -17.461583455403645,
        "lowlevel.loudness_ebu128.momentary.var": 31.646652857462566,
        "rhythm.beats_loudness.dmean": 0.017602685218056042,
        "lowlevel.loudness_ebu128.momentary.min": -41.642356872558594,
        "lowlevel.loudness_ebu128.momentary.dvar": 0.8432371318340302,
        "lowlevel.spectral_centroid.dmean": 126.84951782226562,
        "lowlevel.spectral_centroid.var": 292637.0104166667,
        "rhythm.beats_loudness.min": 0.00012577741896772446,
        "lowlevel.average_loudness": 0.35793010393778485,
        "lowlevel.loudness_ebu128.short_term.dmean2": 0.10892148564259212,
        "lowlevel.loudness_ebu128.short_term.min": -36.68016370137533,
        "rhythm.bpm_histogram_first_peak_bpm": 114.0,
        "lowlevel.loudness_ebu128.momentary.max": -7.310568809509277,
        "lowlevel.spectral_centroid.dmean2": 190.15983072916666,
        "rhythm.bpm_histogram_second_peak_spread": 0.3609168330828349,
        "lowlevel.loudness_ebu128.short_term.dvar": 0.03501488082110882,
        "lowlevel.loudness_ebu128.momentary.median": -17.34565035502116,
        "rhythm.danceability": 0.9998901685078939,
        "lowlevel.spectral_centroid.dvar": 32320.93359375,
        "rhythm.bpm_histogram_first_peak_weight": 0.6297621726989746,
        "lowlevel.loudness_ebu128.momentary.dvar2": 1.091930905977885,
        "lowlevel.spectral_centroid.dvar2": 65289.403645833336
    },
    "outlier_flag": true,
    "outlier_reasons": [
        "BPM Variance: 30.96 (limit 20)"
    ],
    "raw_versions": [
        {
            "id": "gdO-tuDOlGQ",
            "title": "Dave Van Ronk - He Was a Friend of Mine (Live at the Phil Ochs Memorial Concert, 1976)",
            "views": 200742,
            "features": {
                "lowlevel.average_loudness": 0.5120480060577393,
                "lowlevel.loudness_ebu128.integrated": -15.452853202819824,
                "lowlevel.loudness_ebu128.loudness_range": 7.624876976013184,
                "lowlevel.loudness_ebu128.momentary.dmean": 0.8012476563453674,
                "lowlevel.loudness_ebu128.momentary.dmean2": 0.8065226674079895,
                "lowlevel.loudness_ebu128.momentary.dvar": 0.776962161064148,
                "lowlevel.loudness_ebu128.momentary.dvar2": 0.8359775543212891,
                "lowlevel.loudness_ebu128.momentary.max": -9.422344207763672,
                "lowlevel.loudness_ebu128.momentary.mean": -17.32151985168457,
                "lowlevel.loudness_ebu128.momentary.median": -16.37591552734375,
                "lowlevel.loudness_ebu128.momentary.min": -35.12645721435547,
                "lowlevel.loudness_ebu128.momentary.stdev": 4.426265239715576,
                "lowlevel.loudness_ebu128.momentary.var": 19.591825485229492,
                "lowlevel.loudness_ebu128.short_term.dmean": 0.14189766347408295,
                "lowlevel.loudness_ebu128.short_term.dmean2": 0.10651371628046036,
                "lowlevel.loudness_ebu128.short_term.dvar": 0.024856923148036003,
                "lowlevel.loudness_ebu128.short_term.dvar2": 0.01602293737232685,
                "lowlevel.loudness_ebu128.short_term.max": -11.943424224853516,
                "lowlevel.loudness_ebu128.short_term.mean": -16.44341468811035,
                "lowlevel.loudness_ebu128.short_term.median": -16.003690719604492,
                "lowlevel.loudness_ebu128.short_term.min": -29.947595596313477,
                "lowlevel.loudness_ebu128.short_term.stdev": 2.861164093017578,
                "lowlevel.loudness_ebu128.short_term.var": 8.186260223388672,
                "lowlevel.spectral_centroid.dmean": 143.7350616455078,
                "lowlevel.spectral_centroid.dmean2": 209.48635864257812,
                "lowlevel.spectral_centroid.dvar": 47567.02734375,
                "lowlevel.spectral_centroid.dvar2": 93067.703125,
                "lowlevel.spectral_centroid.max": 11177.318359375,
                "lowlevel.spectral_centroid.mean": 882.2245483398438,
                "lowlevel.spectral_centroid.median": 567.37548828125,
                "lowlevel.spectral_centroid.min": 193.09609985351562,
                "lowlevel.spectral_centroid.stdev": 718.666015625,
                "lowlevel.spectral_centroid.var": 516480.875,
                "metadata.audio_properties.analysis.equal_loudness": 0.0,
                "rhythm.beats_loudness.dmean": 0.013107878156006336,
                "rhythm.beats_loudness.dmean2": 0.02271941863000393,
                "rhythm.beats_loudness.dvar": 0.00018875178648158908,
                "rhythm.beats_loudness.dvar2": 0.0005175008554942906,
                "rhythm.beats_loudness.max": 0.1152382493019104,
                "rhythm.beats_loudness.mean": 0.02206449955701828,
                "rhythm.beats_loudness.median": 0.01959383487701416,
                "rhythm.beats_loudness.min": 0.0003369759360793978,
                "rhythm.beats_loudness.stdev": 0.016490397974848747,
                "rhythm.beats_loudness.var": 0.0002719332405831665,
                "rhythm.bpm": 126.50791931152344,
                "rhythm.bpm_histogram_first_peak_bpm": 126.0,
                "rhythm.bpm_histogram_first_peak_weight": 0.5950000286102295,
                "rhythm.bpm_histogram_second_peak_bpm": 133.0,
                "rhythm.bpm_histogram_second_peak_spread": 0.49000000953674316,
                "rhythm.bpm_histogram_second_peak_weight": 0.1071428582072258,
                "rhythm.danceability": 0.9858084917068481
            }
        },
        {
            "id": "MH33Q8vK9u4",
            "title": "He Was a Friend of Mine (Previously Unissued Live In San Francisco 1966 Version)",
            "views": 21494,
            "features": {
                "lowlevel.average_loudness": 0.4760987162590027,
                "lowlevel.loudness_ebu128.integrated": -17.388004302978516,
                "lowlevel.loudness_ebu128.loudness_range": 8.286088943481445,