{
    "song_title": "Hell In A Bucket",
    "artist": "Grateful Dead",
    "num_versions_processed": 2,
    "average_features": {
        "lowlevel.loudness_ebu128.short_term.dvar2": 0.004462595679797232,
        "lowlevel.loudness_ebu128.momentary.var": 14.480739116668701,
        "lowlevel.loudness_ebu128.momentary.min": -71.8847885131836,
        "lowlevel.spectral_centroid.dvar": 62524.521484375,
        "rhythm.beats_loudness.min": 3.4260610457248486e-05,
        "lowlevel.spectral_centroid.mean": 1310.557373046875,
        "rhythm.beats_loudness.dvar": 0.00017266085342271253,
        "rhythm.bpm_histogram_first_peak_bpm": 146.0,
        "rhythm.beats_loudness.median": 0.03108546044677496,
        "lowlevel.loudness_ebu128.integrated": -17.855265617370605,
        "lowlevel.loudness_ebu128.short_term.mean": -18.37214469909668,
        "rhythm.beats_loudness.dmean2": 0.025679906830191612,
        "lowlevel.loudness_ebu128.momentary.dvar2": 0.3083583191037178,
        "rhythm.bpm_histogram_second_peak_weight": 0.03932666406035423,
        "lowlevel.loudness_ebu128.loudness_range": 4.177484035491943,
        "rhythm.bpm_histogram_second_peak_bpm": 146.0,
        "lowlevel.loudness_ebu128.short_term.min": -28.220645904541016,
        "lowlevel.loudness_ebu128.short_term.stdev": 2.1866121888160706,
        "lowlevel.loudness_ebu128.short_term.dmean2": 0.06979398988187313,
        "lowlevel.loudness_ebu128.short_term.var": 5.437295019626617,
        "rhythm.beats_loudness.mean": 0.03363175876438618,
        "lowlevel.spectral_centroid.max": 5258.197021484375,
        "lowlevel.loudness_ebu128.momentary.dvar": 0.31356131285429,
        "rhythm.beats_loudness.stdev": 0.017500455491244793,
        "lowlevel.loudness_ebu128.momentary.max": -13.56178092956543,
        "lowlevel.spectral_centroid.median": 1242.1445922851562,
        "lowlevel.loudness_ebu128.momentary.dmean": 0.47984737157821655,
        "lowlevel.loudness_ebu128.short_term.dvar": 0.005488834343850613,
        "rhythm.beats_loudness.var": 0.0003081556933466345,
        "lowlevel.loudness_ebu128.momentary.stdev": 3.8013187646865845,
        "lowlevel.loudness_ebu128.momentary.mean": -18.71577262878418,
        "rhythm.beats_loudness.dmean": 0.014509106520563364,
        "lowlevel.average_loudness": 0.9057728052139282,
        "lowlevel.loudness_ebu128.short_term.median": -17.871374130249023,
        "rhythm.beats_loudness.max": 0.09876440465450287,
        "metadata.audio_properties.analysis.equal_loudness": 0.0,
        "lowlevel.loudness_ebu128.momentary.dmean2": 0.48469799757003784,
        "lowlevel.spectral_centroid.dvar2": 126270.24609375,
        "lowlevel.loudness_ebu128.short_term.max": -15.046528816223145,
        "lowlevel.spectral_centroid.var": 316400.25,
        "rhythm.bpm_histogram_first_peak_weight": 0.5222431421279907,
        "lowlevel.loudness_ebu128.momentary.median": -18.05699062347412,
        "rhythm.bpm": 145.70629119873047,
        "rhythm.beats_loudness.dvar2": 0.0005085142620373517,
        "lowlevel.loudness_ebu128.short_term.dmean": 0.07155338861048222,
        "lowlevel.spectral_centroid.stdev": 556.4833221435547,
        "lowlevel.spectral_centroid.dmean": 215.80404663085938,
        "lowlevel.spectral_centroid.dmean2": 329.2798309326172,
        "rhythm.danceability": 1.2097404599189758,
        "lowlevel.spectral_centroid.min": 239.95782470703125,
        "rhythm.bpm_histogram_second_peak_spread": 0.06521737575531006
    },
    "outlier_flag": false,
    "outlier_reasons": null,
    "raw_versions": [
        {
            "id": "99rzyZLrdD0",
            "title": "Grateful Dead - Hell in a Bucket (Live at Oakland Coliseum Arena, Oakland, CA 12/31/87)",
            "views": 63206,
            "features": {
                "lowlevel.average_loudness": 0.9086442589759827,
                "lowlevel.loudness_ebu128.integrated": -16.02435302734375,
                "lowlevel.loudness_ebu128.loudness_range": 3.5625734329223633,
                "lowlevel.loudness_ebu128.momentary.dmean": 0.563153862953186,
                "lowlevel.loudness_ebu128.momentary.dmean2": 0.5773840546607971,
                "lowlevel.loudness_ebu128.momentary.dvar": 0.47923997044563293,
                "lowlevel.loudness_ebu128.momentary.dvar2": 0.4598039388656616,
                "lowlevel.loudness_ebu128.momentary.max": -11.295814514160156,
                "lowlevel.loudness_ebu128.momentary.mean": -16.65935516357422,
                "lowlevel.loudness_ebu128.momentary.median": -16.32916259765625,
                "lowlevel.loudness_ebu128.momentary.min": -90.78011322021484,
                "lowlevel.loudness_ebu128.momentary.stdev": 3.9765751361846924,
                "lowlevel.loudness_ebu128.momentary.var": 15.813150405883789,
                "lowlevel.loudness_ebu128.short_term.dmean": 0.08258656412363052,
                "lowlevel.loudness_ebu128.short_term.dmean2": 0.08382794260978699,
                "lowlevel.loudness_ebu128.short_term.dvar": 0.005632678512483835,
                "lowlevel.loudness_ebu128.short_term.dvar2": 0.005349157843738794,
                "lowlevel.loudness_ebu128.short_term.max": -12.874465942382812,
                "lowlevel.loudness_ebu128.short_term.mean": -16.230239868164062,
                "lowlevel.loudness_ebu128.short_term.median": -16.167675018310547,
                "lowlevel.loudness_ebu128.short_term.min": -22.90643310546875,
                "lowlevel.loudness_ebu128.short_term.stdev": 1.3766604661941528,
                "lowlevel.loudness_ebu128.short_term.var": 1.895194172859192,
                "lowlevel.spectral_centroid.dmean": 237.26763916015625,
                "lowlevel.spectral_centroid.dmean2": 362.32171630859375,
                "lowlevel.spectral_centroid.dvar": 77607.5234375,
                "lowlevel.spectral_centroid.dvar2": 154854.90625,
                "lowlevel.spectral_centroid.max": 5121.28759765625,
                "lowlevel.spectral_centroid.mean": 1488.854736328125,
                "lowlevel.spectral_centroid.median": 1423.644775390625,
                "lowlevel.spectral_centroid.min": 231.61715698242188,
                "lowlevel.spectral_centroid.stdev": 638.4989013671875,
                "lowlevel.spectral_centroid.var": 407680.875,
                "metadata.audio_properties.analysis.equal_loudness": 0.0,
                "rhythm.beats_loudness.dmean": 0.015710031613707542,
                "rhythm.beats_loudness.dmean2": 0.028154291212558746,
                "rhythm.beats_loudness.dvar": 0.00019201741088181734,
                "rhythm.beats_loudness.dvar2": 0.0005599313881248236,
                "rhythm.beats_loudness.max": 0.10038161277770996,
                "rhythm.beats_loudness.mean": 0.03291163221001625,
                "rhythm.beats_loudness.median": 0.030107827857136726,
                "rhythm.beats_loudness.min": 1.3671023202377341e-09,
                "rhythm.beats_loudness.stdev": 0.016125766560435295,
                "rhythm.beats_loudness.var": 0.0002600403386168182,
                "rhythm.bpm": 143.55352783203125,
                "rhythm.bpm_histogram_first_peak_bpm": 144.0,
                "rhythm.bpm_histogram_first_peak_weight": 0.5017836093902588,
                "rhythm.bpm_histogram_second_peak_bpm": 152.0,
                "rhythm.bpm_histogram_second_peak_spread": 0.0,
                "rhythm.bpm_histogram_second_peak_weight": 0.040043290704488754,
                "rhythm.danceability": 1.2489960193634033
            }
        },
        {
            "id": "tkAzMiEUUQ8",
            "title": "Grateful Dead - Hell In A Bucket 7-7-89",
            "views": 378794,
            "features": {
                "lowlevel.average_loudness": 0.9029013514518738,
                "lowlevel.loudness_ebu128.integrated": -19.68617820739746,
                "lowlevel.loudness_ebu128.loudness_range": 4.792394638061523,
                "lowlevel.loudness_ebu128.momentary.dmean": 0.39654088020324707,