{
    "song_title": "Help On The Way",
    "artist": "Grateful Dead",
    "num_versions_processed": 3,
    "average_features": {
        "lowlevel.loudness_ebu128.short_term.dvar2": 0.013933694610993067,
        "lowlevel.loudness_ebu128.momentary.var": 9.081382910410563,
        "lowlevel.loudness_ebu128.momentary.min": -54.05958048502604,
        "lowlevel.spectral_centroid.dvar": 53020.0078125,
        "rhythm.beats_loudness.min": 0.0003561431727264382,
        "lowlevel.spectral_centroid.mean": 1071.521016438802,
        "rhythm.beats_loudness.dvar": 0.0003330210262599091,
        "rhythm.bpm_histogram_first_peak_bpm": 105.66666666666667,
        "rhythm.beats_loudness.median": 0.03221616645654043,
        "lowlevel.loudness_ebu128.integrated": -15.826363881429037,
        "lowlevel.loudness_ebu128.short_term.mean": -16.212711652119953,
        "rhythm.beats_loudness.dmean2": 0.034355572114388146,
        "lowlevel.loudness_ebu128.momentary.dvar2": 1.0356021523475647,
        "rhythm.bpm_histogram_second_peak_weight": 0.15378003815809885,
        "lowlevel.loudness_ebu128.loudness_range": 4.481401602427165,
        "rhythm.bpm_histogram_second_peak_bpm": 96.66666666666667,
        "lowlevel.loudness_ebu128.short_term.min": -32.552943547566734,
        "lowlevel.loudness_ebu128.short_term.stdev": 1.9432287216186523,
        "lowlevel.loudness_ebu128.short_term.dmean2": 0.11314583569765091,
        "lowlevel.loudness_ebu128.short_term.var": 4.094068845113118,
        "rhythm.beats_loudness.mean": 0.03592297434806824,
        "lowlevel.spectral_centroid.max": 9277.684244791666,
        "lowlevel.loudness_ebu128.momentary.dvar": 0.6678549150625864,
        "rhythm.beats_loudness.stdev": 0.02168533205986023,
        "lowlevel.loudness_ebu128.momentary.max": -9.50106167793274,
        "lowlevel.spectral_centroid.median": 971.7490437825521,
        "lowlevel.loudness_ebu128.momentary.dmean": 0.7841606934865316,
        "lowlevel.loudness_ebu128.short_term.dvar": 0.012823251386483511,
        "rhythm.beats_loudness.var": 0.00047079789025398594,
        "lowlevel.loudness_ebu128.momentary.stdev": 2.9925870100657144,
        "lowlevel.loudness_ebu128.momentary.mean": -16.588950475056965,
        "rhythm.beats_loudness.dmean": 0.019694623226920765,
        "lowlevel.average_loudness": 0.7097215255101522,
        "lowlevel.loudness_ebu128.short_term.median": -15.946858723958334,
        "rhythm.beats_loudness.max": 0.17672498524188995,
        "metadata.audio_properties.analysis.equal_loudness": 0.0,
        "lowlevel.loudness_ebu128.momentary.dmean2": 0.9850910703341166,
        "lowlevel.spectral_centroid.dvar2": 115221.77083333333,
        "lowlevel.loudness_ebu128.short_term.max": -12.283497333526611,
        "lowlevel.spectral_centroid.var": 237771.265625,
        "rhythm.bpm_histogram_first_peak_weight": 0.5511072874069214,
        "lowlevel.loudness_ebu128.momentary.median": -16.15755621592204,
        "rhythm.bpm": 105.39104461669922,
        "rhythm.beats_loudness.dvar2": 0.0009505406099682053,
        "lowlevel.loudness_ebu128.short_term.dmean": 0.10326455533504486,
        "lowlevel.spectral_centroid.stdev": 486.34926350911456,
        "lowlevel.spectral_centroid.dmean": 197.64298502604166,
        "lowlevel.spectral_centroid.dmean2": 302.59705607096356,
        "rhythm.danceability": 1.2910457849502563,
        "lowlevel.spectral_centroid.min": 214.12090555826822,
        "rhythm.bpm_histogram_second_peak_spread": 0.4896883765856425
    },
    "outlier_flag": false,
    "outlier_reasons": null,
    "raw_versions": [
        {
            "id": "ZzlNWPVBcfk",
            "title": "Help on the Way ~ slip! ~ Franklin's (2 cam) - Grateful Dead - 10-8-1989 Hampton, Va set2-01",
            "views": 146719,
            "features": {
                "lowlevel.average_loudness": 0.7923281788825989,
                "lowlevel.loudness_ebu128.integrated": -9.134065628051758,
                "lowlevel.loudness_ebu128.loudness_range": 4.4260029792785645,
                "lowlevel.loudness_ebu128.momentary.dmean": 0.5853715538978577,
                "lowlevel.loudness_ebu128.momentary.dmean2": 0.6967998147010803,
                "lowlevel.loudness_ebu128.momentary.dvar": 0.37123236060142517,
                "lowlevel.loudness_ebu128.momentary.dvar2": 0.5563040375709534,
                "lowlevel.loudness_ebu128.momentary.max": -3.479304075241089,
                "lowlevel.loudness_ebu128.momentary.mean": -9.876209259033203,
                "lowlevel.loudness_ebu128.momentary.median": -9.363192558288574,
                "lowlevel.loudness_ebu128.momentary.min": -37.220252990722656,
                "lowlevel.loudness_ebu128.momentary.stdev": 3.0790517330169678,
                "lowlevel.loudness_ebu128.momentary.var": 9.480560302734375,
                "lowlevel.loudness_ebu128.short_term.dmean": 0.085071861743927,
                "lowlevel.loudness_ebu128.short_term.dmean2": 0.08587855845689774,
                "lowlevel.loudness_ebu128.short_term.dvar": 0.011971917934715748,
                "lowlevel.loudness_ebu128.short_term.dvar2": 0.011921861208975315,
                "lowlevel.loudness_ebu128.short_term.max": -5.69961404800415,
                "lowlevel.loudness_ebu128.short_term.mean": -9.615960121154785,
                "lowlevel.loudness_ebu128.short_term.median": -9.153459548950195,
                "lowlevel.loudness_ebu128.short_term.min": -30.10179901123047,
                "lowlevel.loudness_ebu128.short_term.stdev": 2.442779064178467,
                "lowlevel.loudness_ebu128.short_term.var": 5.967169284820557,
                "lowlevel.spectral_centroid.dmean": 227.8734130859375,
                "lowlevel.spectral_centroid.dmean2": 349.4835205078125,
                "lowlevel.spectral_centroid.dvar": 57616.12890625,
                "lowlevel.spectral_centroid.dvar2": 124894.75,
                "lowlevel.spectral_centroid.max": 11181.3369140625,
                "lowlevel.spectral_centroid.mean": 1248.4415283203125,
                "lowlevel.spectral_centroid.median": 1157.270751953125,
                "lowlevel.spectral_centroid.min": 227.78704833984375,
                "lowlevel.spectral_centroid.stdev": 531.3773803710938,
                "lowlevel.spectral_centroid.var": 282361.90625,
                "metadata.audio_properties.analysis.equal_loudness": 0.0,
                "rhythm.beats_loudness.dmean": 0.018648307770490646,
                "rhythm.beats_loudness.dmean2": 0.03174377232789993,
                "rhythm.beats_loudness.dvar": 0.00026626919861882925,
                "rhythm.beats_loudness.dvar2": 0.0007438655011355877,
                "rhythm.beats_loudness.max": 0.13458068668842316,
                "rhythm.beats_loudness.mean": 0.03911583498120308,
                "rhythm.beats_loudness.median": 0.036089953035116196,
                "rhythm.beats_loudness.min": 3.594848749344237e-05,
                "rhythm.beats_loudness.stdev": 0.02127997949719429,
                "rhythm.beats_loudness.var": 0.00045283755753189325,
                "rhythm.bpm": 107.43940734863281,
                "rhythm.bpm_histogram_first_peak_bpm": 108.0,
                "rhythm.bpm_histogram_first_peak_weight": 0.444444477558136,
                "rhythm.bpm_histogram_second_peak_bpm": 96.0,
                "rhythm.bpm_histogram_second_peak_spread": 0.6433408260345459,
                "rhythm.bpm_histogram_second_peak_weight": 0.17653630673885345,
                "rhythm.danceability": 1.2232768535614014
            }
        },
        {
            "id": "INzyBz1Ts1s",
            "title": "Grateful Dead - Help On The Way / Slipknot! / Franklin's Tower (Washington, DC 6/14/91)",
            "views": 504540,
            "features": {
                "lowlevel.average_loudness": 0.44976454973220825,
                "lowlevel.loudness_ebu128.integrated": -20.205617904663086,
                "lowlevel.loudness_ebu128.loudness_range": 6.115732192993164,