{
    "song_title": "Here Comes Sunshine",
    "artist": "Grateful Dead",
    "num_versions_processed": 2,
    "average_features": {
        "lowlevel.loudness_ebu128.short_term.dvar2": 0.012848864309489727,
        "lowlevel.loudness_ebu128.momentary.var": 20.87402629852295,
        "lowlevel.loudness_ebu128.momentary.min": -55.47917556762695,
        "lowlevel.spectral_centroid.dvar": 29222.333984375,
        "rhythm.beats_loudness.min": 3.5014419381695916e-06,
        "lowlevel.spectral_centroid.mean": 884.6586303710938,
        "rhythm.beats_loudness.dvar": 0.0003399799970793538,
        "rhythm.bpm_histogram_first_peak_bpm": 93.5,
        "rhythm.beats_loudness.median": 0.03182333707809448,
        "lowlevel.loudness_ebu128.integrated": -17.63189935684204,
        "lowlevel.loudness_ebu128.short_term.mean": -18.594857215881348,
        "rhythm.beats_loudness.dmean2": 0.040766854770481586,
        "lowlevel.loudness_ebu128.momentary.dvar2": 1.0135362148284912,
        "rhythm.bpm_histogram_second_peak_weight": 0.01590798469260335,
        "lowlevel.loudness_ebu128.loudness_range": 6.528219699859619,
        "rhythm.bpm_histogram_second_peak_bpm": 93.5,
        "lowlevel.loudness_ebu128.short_term.min": -43.057647705078125,
        "lowlevel.loudness_ebu128.short_term.stdev": 3.4968451261520386,
        "lowlevel.loudness_ebu128.short_term.dmean2": 0.10690560936927795,
        "lowlevel.loudness_ebu128.short_term.var": 12.839111089706421,
        "rhythm.beats_loudness.mean": 0.03571154456585646,
        "lowlevel.spectral_centroid.max": 8017.3681640625,
        "lowlevel.loudness_ebu128.momentary.dvar": 0.7441142201423645,
        "rhythm.beats_loudness.stdev": 0.022516541182994843,
        "lowlevel.loudness_ebu128.momentary.max": -11.934951305389404,
        "lowlevel.spectral_centroid.median": 813.1073608398438,
        "lowlevel.loudness_ebu128.momentary.dmean": 0.8012276291847229,
        "lowlevel.loudness_ebu128.short_term.dvar": 0.01477385126054287,
        "rhythm.beats_loudness.var": 0.0005249598034424707,
        "lowlevel.loudness_ebu128.momentary.stdev": 4.502420783042908,
        "lowlevel.loudness_ebu128.momentary.mean": -19.11699676513672,
        "rhythm.beats_loudness.dmean": 0.02183378115296364,
        "lowlevel.average_loudness": 0.6286653876304626,
        "lowlevel.loudness_ebu128.short_term.median": -18.234956741333008,
        "rhythm.beats_loudness.max": 0.13536902889609337,
        "metadata.audio_properties.analysis.equal_loudness": 0.0,
        "lowlevel.loudness_ebu128.momentary.dmean2": 0.9038917124271393,
        "lowlevel.spectral_centroid.dvar2": 61085.59375,
        "lowlevel.loudness_ebu128.short_term.max": -13.600606918334961,
        "lowlevel.spectral_centroid.var": 142599.625,
        "rhythm.bpm_histogram_first_peak_weight": 0.4500829577445984,
        "lowlevel.loudness_ebu128.momentary.median": -18.35954189300537,
        "rhythm.bpm": 93.00016021728516,
        "rhythm.beats_loudness.dvar2": 0.0010599679371807724,
        "lowlevel.loudness_ebu128.short_term.dmean": 0.1091189980506897,
        "lowlevel.spectral_centroid.stdev": 377.3530578613281,
        "lowlevel.spectral_centroid.dmean": 134.29924774169922,
        "lowlevel.spectral_centroid.dmean2": 205.8809814453125,
        "rhythm.danceability": 1.1229068040847778,
        "lowlevel.spectral_centroid.min": 190.66162109375,
        "rhythm.bpm_histogram_second_peak_spread": 0.21122995018959045
    },
    "outlier_flag": false,
    "outlier_reasons": null,
    "raw_versions": [
        {
            "id": "27FfCSQKJyI",
            "title": "Here Comes Sunshine (2 cam) - Grateful Dead - 3-24-1993 Chapel Hill, NC set2-08 (UPGRADE)",
            "views": 33780,
            "features": {
                "lowlevel.average_loudness": 0.5623002648353577,
                "lowlevel.loudness_ebu128.integrated": -19.7990779876709,
                "lowlevel.loudness_ebu128.loudness_range": 5.987733840942383,
                "lowlevel.loudness_ebu128.momentary.dmean": 0.8016446232795715,
                "lowlevel.loudness_ebu128.momentary.dmean2": 0.8677737712860107,
                "lowlevel.loudness_ebu128.momentary.dvar": 0.7970111966133118,
                "lowlevel.loudness_ebu128.momentary.dvar2": 0.9954246282577515,
                "lowlevel.loudness_ebu128.momentary.max": -13.761043548583984,
                "lowlevel.loudness_ebu128.momentary.mean": -21.5720272064209,
                "lowlevel.loudness_ebu128.momentary.median": -20.744243621826172,
                "lowlevel.loudness_ebu128.momentary.min": -56.177711486816406,
                "lowlevel.loudness_ebu128.momentary.stdev": 5.278457164764404,
                "lowlevel.loudness_ebu128.momentary.var": 27.862112045288086,
                "lowlevel.loudness_ebu128.short_term.dmean": 0.10918153822422028,
                "lowlevel.loudness_ebu128.short_term.dmean2": 0.09578929096460342,
                "lowlevel.loudness_ebu128.short_term.dvar": 0.01764421910047531,
                "lowlevel.loudness_ebu128.short_term.dvar2": 0.012868648394942284,
                "lowlevel.loudness_ebu128.short_term.max": -15.329071044921875,
                "lowlevel.loudness_ebu128.short_term.mean": -20.955345153808594,
                "lowlevel.loudness_ebu128.short_term.median": -20.636266708374023,
                "lowlevel.loudness_ebu128.short_term.min": -50.0301513671875,
                "lowlevel.loudness_ebu128.short_term.stdev": 4.278628826141357,
                "lowlevel.loudness_ebu128.short_term.var": 18.306663513183594,
                "lowlevel.spectral_centroid.dmean": 142.7963104248047,
                "lowlevel.spectral_centroid.dmean2": 220.08705139160156,
                "lowlevel.spectral_centroid.dvar": 32642.6640625,
                "lowlevel.spectral_centroid.dvar2": 70486.4609375,
                "lowlevel.spectral_centroid.max": 5060.0185546875,
                "lowlevel.spectral_centroid.mean": 951.1884155273438,
                "lowlevel.spectral_centroid.median": 871.5234375,
                "lowlevel.spectral_centroid.min": 224.4523162841797,
                "lowlevel.spectral_centroid.stdev": 391.6463928222656,
                "lowlevel.spectral_centroid.var": 153386.890625,
                "metadata.audio_properties.analysis.equal_loudness": 0.0,
                "rhythm.beats_loudness.dmean": 0.015067363157868385,
                "rhythm.beats_loudness.dmean2": 0.027047282084822655,
                "rhythm.beats_loudness.dvar": 0.00019693195645231754,
                "rhythm.beats_loudness.dvar2": 0.0005682866903953254,
                "rhythm.beats_loudness.max": 0.11128916591405869,
                "rhythm.beats_loudness.mean": 0.03026582859456539,
                "rhythm.beats_loudness.median": 0.027054153382778168,
                "rhythm.beats_loudness.min": 3.816377102339175e-06,
                "rhythm.beats_loudness.stdev": 0.018278004601597786,
                "rhythm.beats_loudness.var": 0.00033408546005375683,
                "rhythm.bpm": 90.81979370117188,
                "rhythm.bpm_histogram_first_peak_bpm": 91.0,
                "rhythm.bpm_histogram_first_peak_weight": 0.3774834871292114,
                "rhythm.bpm_histogram_second_peak_bpm": 96.0,
                "rhythm.bpm_histogram_second_peak_spread": 0.05882352590560913,
                "rhythm.bpm_histogram_second_peak_weight": 0.02500000037252903,
                "rhythm.danceability": 1.0398249626159668
            }
        },
        {
            "id": "8gz_OTXy430",
            "title": "Grateful Dead \u2502 Here Comes Sunshine 02-23-74",
            "views": 128130,
            "features": {
                "lowlevel.average_loudness": 0.6950305104255676,
                "lowlevel.loudness_ebu128.integrated": -15.464720726013184,
                "lowlevel.loudness_ebu128.loudness_range": 7.0687055587768555,
                "lowlevel.loudness_ebu128.momentary.dmean": 0.8008106350898743,