{
    "song_title": "Hey Pocky Way",
    "artist": "Grateful Dead",
    "num_versions_processed": 3,
    "average_features": {
        "rhythm.beats_loudness.dvar": 0.0005217369374198219,
        "lowlevel.loudness_ebu128.momentary.median": -13.345416386922201,
        "lowlevel.loudness_ebu128.short_term.min": -35.64101028442383,
        "lowlevel.loudness_ebu128.short_term.dvar": 0.018297798310716946,
        "rhythm.beats_loudness.dvar2": 0.0014604208602880437,
        "rhythm.beats_loudness.min": 3.0176369970528565e-05,
        "lowlevel.loudness_ebu128.momentary.min": -49.60218048095703,
        "rhythm.bpm_histogram_second_peak_weight": 0.03444077384968599,
        "lowlevel.spectral_centroid.min": 209.4725545247396,
        "lowlevel.spectral_centroid.var": 167289.86458333334,
        "lowlevel.loudness_ebu128.short_term.dvar2": 0.017244137668361265,
        "lowlevel.loudness_ebu128.short_term.stdev": 2.9641301234563193,
        "rhythm.beats_loudness.max": 0.1645053823788961,
        "lowlevel.loudness_ebu128.momentary.dvar2": 0.5885745286941528,
        "lowlevel.spectral_centroid.dvar2": 110278.83854166667,
        "lowlevel.loudness_ebu128.momentary.max": -8.649226188659668,
        "lowlevel.average_loudness": 0.7635296980539957,
        "lowlevel.loudness_ebu128.momentary.var": 19.402310371398926,
        "lowlevel.loudness_ebu128.loudness_range": 4.110193570454915,
        "rhythm.beats_loudness.dmean": 0.02343446450928847,
        "lowlevel.loudness_ebu128.momentary.dvar": 0.39778942863146466,
        "metadata.audio_properties.analysis.equal_loudness": 0.0,
        "lowlevel.spectral_centroid.dmean": 193.32293701171875,
        "rhythm.bpm": 106.36973063151042,
        "lowlevel.spectral_centroid.dvar": 45737.376302083336,
        "lowlevel.loudness_ebu128.momentary.dmean2": 0.6894424458344778,
        "rhythm.bpm_histogram_first_peak_weight": 0.5297290484110514,
        "rhythm.bpm_histogram_second_peak_spread": 0.26851850748062134,
        "lowlevel.loudness_ebu128.momentary.mean": -14.221335411071777,
        "lowlevel.loudness_ebu128.momentary.dmean": 0.5647176206111908,
        "rhythm.beats_loudness.mean": 0.04262482623259226,
        "rhythm.bpm_histogram_second_peak_bpm": 83.33333333333333,
        "lowlevel.loudness_ebu128.integrated": -13.072137832641602,
        "rhythm.beats_loudness.var": 0.0006707370242414376,
        "lowlevel.loudness_ebu128.momentary.stdev": 4.060201009114583,
        "lowlevel.loudness_ebu128.short_term.var": 11.910707314809164,
        "lowlevel.spectral_centroid.max": 7166.851725260417,
        "rhythm.beats_loudness.dmean2": 0.041141292080283165,
        "rhythm.danceability": 1.2809144258499146,
        "lowlevel.loudness_ebu128.short_term.max": -10.427385648091635,
        "lowlevel.spectral_centroid.mean": 982.6510416666666,
        "rhythm.beats_loudness.stdev": 0.024776453152298927,
        "lowlevel.loudness_ebu128.short_term.dmean2": 0.0871933102607727,
        "lowlevel.loudness_ebu128.short_term.dmean": 0.08037385468681653,
        "lowlevel.loudness_ebu128.short_term.mean": -13.859554608662924,
        "rhythm.bpm_histogram_first_peak_bpm": 106.66666666666667,
        "lowlevel.loudness_ebu128.short_term.median": -13.175203959147135,
        "lowlevel.spectral_centroid.median": 905.3970336914062,
        "lowlevel.spectral_centroid.stdev": 408.8909200032552,
        "lowlevel.spectral_centroid.dmean2": 307.9371744791667,
        "rhythm.beats_loudness.median": 0.03942105111976465
    },
    "outlier_flag": false,
    "outlier_reasons": null,
    "raw_versions": [
        {
            "id": "aAAHJS7DfRE",
            "title": "Grateful Dead - Hey Pocky Way 10/3/1987",
            "views": 120637,
            "features": {
                "lowlevel.average_loudness": 0.8520491719245911,
                "lowlevel.loudness_ebu128.integrated": -12.328351974487305,
                "lowlevel.loudness_ebu128.loudness_range": 2.040530204772949,
                "lowlevel.loudness_ebu128.momentary.dmean": 0.3600026071071625,
                "lowlevel.loudness_ebu128.momentary.dmean2": 0.48089513182640076,
                "lowlevel.loudness_ebu128.momentary.dvar": 0.15987706184387207,
                "lowlevel.loudness_ebu128.momentary.dvar2": 0.26446887850761414,
                "lowlevel.loudness_ebu128.momentary.max": -10.423351287841797,
                "lowlevel.loudness_ebu128.momentary.mean": -12.775938034057617,
                "lowlevel.loudness_ebu128.momentary.median": -12.312065124511719,
                "lowlevel.loudness_ebu128.momentary.min": -37.76910400390625,
                "lowlevel.loudness_ebu128.momentary.stdev": 2.7753803730010986,
                "lowlevel.loudness_ebu128.momentary.var": 7.702736854553223,
                "lowlevel.loudness_ebu128.short_term.dmean": 0.05078212544322014,
                "lowlevel.loudness_ebu128.short_term.dmean2": 0.05983125418424606,
                "lowlevel.loudness_ebu128.short_term.dvar": 0.010610765777528286,
                "lowlevel.loudness_ebu128.short_term.dvar2": 0.011617645621299744,
                "lowlevel.loudness_ebu128.short_term.max": -11.12775993347168,
                "lowlevel.loudness_ebu128.short_term.mean": -12.534374237060547,
                "lowlevel.loudness_ebu128.short_term.median": -12.27583122253418,
                "lowlevel.loudness_ebu128.short_term.min": -33.07788848876953,
                "lowlevel.loudness_ebu128.short_term.stdev": 1.7329400777816772,
                "lowlevel.loudness_ebu128.short_term.var": 3.0030813217163086,
                "lowlevel.spectral_centroid.dmean": 211.13946533203125,
                "lowlevel.spectral_centroid.dmean2": 343.4699401855469,
                "lowlevel.spectral_centroid.dvar": 56648.7734375,
                "lowlevel.spectral_centroid.dvar2": 142202.25,
                "lowlevel.spectral_centroid.max": 4539.19140625,
                "lowlevel.spectral_centroid.mean": 919.7401733398438,
                "lowlevel.spectral_centroid.median": 836.7987670898438,
                "lowlevel.spectral_centroid.min": 189.67312622070312,
                "lowlevel.spectral_centroid.stdev": 417.8978576660156,
                "lowlevel.spectral_centroid.var": 174638.609375,
                "metadata.audio_properties.analysis.equal_loudness": 0.0,
                "rhythm.beats_loudness.dmean": 0.035914793610572815,
                "rhythm.beats_loudness.dmean2": 0.06457653641700745,
                "rhythm.beats_loudness.dvar": 0.0010123695246875286,
                "rhythm.beats_loudness.dvar2": 0.002801737282425165,
                "rhythm.beats_loudness.max": 0.2236306518316269,
                "rhythm.beats_loudness.mean": 0.06530579179525375,
                "rhythm.beats_loudness.median": 0.060284826904535294,
                "rhythm.beats_loudness.min": 8.121968130581081e-05,
                "rhythm.beats_loudness.stdev": 0.03523532673716545,
                "rhythm.beats_loudness.var": 0.001241528196260333,
                "rhythm.bpm": 95.81623840332031,
                "rhythm.bpm_histogram_first_peak_bpm": 96.0,
                "rhythm.bpm_histogram_first_peak_weight": 0.5122448801994324,
                "rhythm.bpm_histogram_second_peak_bpm": 0.0,
                "rhythm.bpm_histogram_second_peak_spread": 0.0,
                "rhythm.bpm_histogram_second_peak_weight": 0.0,
                "rhythm.danceability": 1.293744683265686
            }
        },
        {
            "id": "K7f9qFLOkAk",
            "title": "Grateful Dead ~ Hey Pocky Way (5/6/89)",
            "views": 1930,
            "features": {
                "lowlevel.average_loudness": 0.9210678339004517,
                "lowlevel.loudness_ebu128.integrated": -11.07044792175293,
                "lowlevel.loudness_ebu128.loudness_range": 3.412263870239258,
                "lowlevel.loudness_ebu128.momentary.dmean": 0.5833263993263245,