{
    "song_title": "Hey Bo Diddley",
    "artist": "Grateful Dead",
    "num_versions_processed": 3,
    "average_features": {
        "lowlevel.loudness_ebu128.short_term.dvar2": 0.20979751196379462,
        "lowlevel.loudness_ebu128.momentary.var": 39.25266408920288,
        "lowlevel.loudness_ebu128.momentary.min": -48.566188176472984,
        "lowlevel.spectral_centroid.dvar": 29832.194010416668,
        "rhythm.beats_loudness.min": 0.003072577490132742,
        "lowlevel.spectral_centroid.mean": 1791.5498860677083,
        "rhythm.beats_loudness.dvar": 0.00014051211049566822,
        "rhythm.bpm_histogram_first_peak_bpm": 118.66666666666667,
        "rhythm.beats_loudness.median": 0.024915284166733425,
        "lowlevel.loudness_ebu128.integrated": -16.47317409515381,
        "lowlevel.loudness_ebu128.short_term.mean": -16.939659754435223,
        "rhythm.beats_loudness.dmean2": 0.015755542553961277,
        "lowlevel.loudness_ebu128.momentary.dvar2": 0.40294940769672394,
        "rhythm.bpm_histogram_second_peak_weight": 0.09895583366354306,
        "lowlevel.loudness_ebu128.loudness_range": 3.251739184061686,
        "rhythm.bpm_histogram_second_peak_bpm": 119.33333333333333,
        "lowlevel.loudness_ebu128.short_term.min": -45.814552307128906,
        "lowlevel.loudness_ebu128.short_term.stdev": 3.422879139582316,
        "lowlevel.loudness_ebu128.short_term.dmean2": 0.057683054357767105,
        "lowlevel.loudness_ebu128.short_term.var": 22.21679739157359,
        "rhythm.beats_loudness.mean": 0.026409427945812542,
        "lowlevel.spectral_centroid.max": 11044.279947916666,
        "lowlevel.loudness_ebu128.momentary.dvar": 0.39074689398209256,
        "rhythm.beats_loudness.stdev": 0.011148576159030199,
        "lowlevel.loudness_ebu128.momentary.max": -11.605616728464762,
        "lowlevel.spectral_centroid.median": 1793.2387288411458,
        "lowlevel.loudness_ebu128.momentary.dmean": 0.3212217191855113,
        "lowlevel.loudness_ebu128.short_term.dvar": 0.22832773012729982,
        "rhythm.beats_loudness.var": 0.00014468222313250104,
        "lowlevel.loudness_ebu128.momentary.stdev": 4.652833739916484,
        "lowlevel.loudness_ebu128.momentary.mean": -17.216390291849773,
        "rhythm.beats_loudness.dmean": 0.00909529703979691,
        "lowlevel.average_loudness": 0.8741262753804525,
        "lowlevel.loudness_ebu128.short_term.median": -16.64645258585612,
        "rhythm.beats_loudness.max": 0.08532487725218137,
        "metadata.audio_properties.analysis.equal_loudness": 0.0,
        "lowlevel.loudness_ebu128.momentary.dmean2": 0.3733201324939728,
        "lowlevel.spectral_centroid.dvar2": 61470.59375,
        "lowlevel.loudness_ebu128.short_term.max": -13.323012987772623,
        "lowlevel.spectral_centroid.var": 276210.0104166667,
        "rhythm.bpm_histogram_first_peak_weight": 0.459192951520284,
        "lowlevel.loudness_ebu128.momentary.median": -16.702916781107586,
        "rhythm.bpm": 119.19531504313152,
        "rhythm.beats_loudness.dvar2": 0.00038407086564499576,
        "lowlevel.loudness_ebu128.short_term.dmean": 0.06188595170776049,
        "lowlevel.spectral_centroid.stdev": 509.5758361816406,
        "lowlevel.spectral_centroid.dmean": 171.23006184895834,
        "lowlevel.spectral_centroid.dmean2": 266.7783660888672,
        "rhythm.danceability": 1.0744178891181946,
        "lowlevel.spectral_centroid.min": 371.40981038411456,
        "rhythm.bpm_histogram_second_peak_spread": 0.30990556875864667
    },
    "outlier_flag": false,
    "outlier_reasons": null,
    "raw_versions": [
        {
            "id": "PFiKpr4XGnE",
            "title": "Bo Diddley - Hey! (Live)",
            "views": 56949,
            "features": {
                "lowlevel.average_loudness": 0.778907060623169,
                "lowlevel.loudness_ebu128.integrated": -27.8946590423584,
                "lowlevel.loudness_ebu128.loudness_range": 5.546903610229492,
                "lowlevel.loudness_ebu128.momentary.dmean": 0.29453322291374207,
                "lowlevel.loudness_ebu128.momentary.dmean2": 0.31381088495254517,
                "lowlevel.loudness_ebu128.momentary.dvar": 0.06836231797933578,
                "lowlevel.loudness_ebu128.momentary.dvar2": 0.06519877910614014,
                "lowlevel.loudness_ebu128.momentary.max": -22.603851318359375,
                "lowlevel.loudness_ebu128.momentary.mean": -28.359966278076172,
                "lowlevel.loudness_ebu128.momentary.median": -28.40935516357422,
                "lowlevel.loudness_ebu128.momentary.min": -34.43092346191406,
                "lowlevel.loudness_ebu128.momentary.stdev": 1.9501075744628906,
                "lowlevel.loudness_ebu128.momentary.var": 3.802919387817383,
                "lowlevel.loudness_ebu128.short_term.dmean": 0.06138801947236061,
                "lowlevel.loudness_ebu128.short_term.dmean2": 0.04515530541539192,
                "lowlevel.loudness_ebu128.short_term.dvar": 0.0029530238825827837,
                "lowlevel.loudness_ebu128.short_term.dvar2": 0.0014936663210391998,
                "lowlevel.loudness_ebu128.short_term.max": -23.550722122192383,
                "lowlevel.loudness_ebu128.short_term.mean": -28.330778121948242,
                "lowlevel.loudness_ebu128.short_term.median": -28.27083969116211,
                "lowlevel.loudness_ebu128.short_term.min": -32.77583312988281,
                "lowlevel.loudness_ebu128.short_term.stdev": 1.649877667427063,
                "lowlevel.loudness_ebu128.short_term.var": 2.7220962047576904,
                "lowlevel.spectral_centroid.dmean": 156.83627319335938,
                "lowlevel.spectral_centroid.dmean2": 240.70753479003906,
                "lowlevel.spectral_centroid.dvar": 32998.48828125,
                "lowlevel.spectral_centroid.dvar2": 56438.72265625,
                "lowlevel.spectral_centroid.max": 11024.81640625,
                "lowlevel.spectral_centroid.mean": 1925.84619140625,
                "lowlevel.spectral_centroid.median": 1951.488037109375,
                "lowlevel.spectral_centroid.min": 471.0784606933594,
                "lowlevel.spectral_centroid.stdev": 487.97930908203125,
                "lowlevel.spectral_centroid.var": 238123.796875,
                "metadata.audio_properties.analysis.equal_loudness": 0.0,
                "rhythm.beats_loudness.dmean": 0.004644825588911772,
                "rhythm.beats_loudness.dmean2": 0.007943539880216122,
                "rhythm.beats_loudness.dvar": 1.9309916751808487e-05,
                "rhythm.beats_loudness.dvar2": 5.328342012944631e-05,
                "rhythm.beats_loudness.max": 0.042594943195581436,
                "rhythm.beats_loudness.mean": 0.01642424613237381,
                "rhythm.beats_loudness.median": 0.014823179692029953,
                "rhythm.beats_loudness.min": 0.0030336054041981697,
                "rhythm.beats_loudness.stdev": 0.007143655326217413,
                "rhythm.beats_loudness.var": 5.103181320009753e-05,
                "rhythm.bpm": 115.9210205078125,
                "rhythm.bpm_histogram_first_peak_bpm": 115.0,
                "rhythm.bpm_histogram_first_peak_weight": 0.43127959966659546,
                "rhythm.bpm_histogram_second_peak_bpm": 120.0,
                "rhythm.bpm_histogram_second_peak_spread": 0.25,
                "rhythm.bpm_histogram_second_peak_weight": 0.052401747554540634,
                "rhythm.danceability": 0.9329703450202942
            }
        },
        {
            "id": "yeZHB3ozglQ",
            "title": "BO DIDDLEY 1965",
            "views": 5245098,
            "features": {
                "lowlevel.average_loudness": 0.9049396514892578,
                "lowlevel.loudness_ebu128.integrated": -9.904745101928711,
                "lowlevel.loudness_ebu128.loudness_range": 2.383805274963379,
                "lowlevel.loudness_ebu128.momentary.dmean": 0.310910165309906,