{
    "song_title": "Hide Away",
    "artist": "Grateful Dead",
    "num_versions_processed": 2,
    "average_features": {
        "lowlevel.loudness_ebu128.short_term.dvar2": 0.011081480421125889,
        "lowlevel.loudness_ebu128.momentary.var": 14.092861890792847,
        "lowlevel.loudness_ebu128.momentary.min": -37.909400939941406,
        "lowlevel.spectral_centroid.dvar": 51152.861328125,
        "rhythm.beats_loudness.min": 0.001189973030705005,
        "lowlevel.spectral_centroid.mean": 877.5840148925781,
        "rhythm.beats_loudness.dvar": 0.000316801480948925,
        "rhythm.bpm_histogram_first_peak_bpm": 129.0,
        "rhythm.beats_loudness.median": 0.03468305990099907,
        "lowlevel.loudness_ebu128.integrated": -20.223881721496582,
        "lowlevel.loudness_ebu128.short_term.mean": -20.766279220581055,
        "rhythm.beats_loudness.dmean2": 0.03392799012362957,
        "lowlevel.loudness_ebu128.momentary.dvar2": 0.6587471067905426,
        "rhythm.bpm_histogram_second_peak_weight": 0.033927510026842356,
        "lowlevel.loudness_ebu128.loudness_range": 4.539700508117676,
        "rhythm.bpm_histogram_second_peak_bpm": 141.5,
        "lowlevel.loudness_ebu128.short_term.min": -33.82692337036133,
        "lowlevel.loudness_ebu128.short_term.stdev": 2.4406424164772034,
        "lowlevel.loudness_ebu128.short_term.dmean2": 0.11618944630026817,
        "lowlevel.loudness_ebu128.short_term.var": 6.686913251876831,
        "rhythm.beats_loudness.mean": 0.038485974073410034,
        "lowlevel.spectral_centroid.max": 5073.145751953125,
        "lowlevel.loudness_ebu128.momentary.dvar": 0.47358469665050507,
        "rhythm.beats_loudness.stdev": 0.023758945986628532,
        "lowlevel.loudness_ebu128.momentary.max": -14.955967903137207,
        "lowlevel.spectral_centroid.median": 786.7616882324219,
        "lowlevel.loudness_ebu128.momentary.dmean": 0.7147359549999237,
        "lowlevel.loudness_ebu128.short_term.dvar": 0.01396233681589365,
        "rhythm.beats_loudness.var": 0.0005671123508363962,
        "lowlevel.loudness_ebu128.momentary.stdev": 3.574195384979248,
        "lowlevel.loudness_ebu128.momentary.mean": -21.31546401977539,
        "rhythm.beats_loudness.dmean": 0.019627797417342663,
        "lowlevel.average_loudness": 0.7823165953159332,
        "lowlevel.loudness_ebu128.short_term.median": -20.357201099395752,
        "rhythm.beats_loudness.max": 0.14459249004721642,
        "metadata.audio_properties.analysis.equal_loudness": 0.0,
        "lowlevel.loudness_ebu128.momentary.dmean2": 0.8153610527515411,
        "lowlevel.spectral_centroid.dvar2": 117600.21484375,
        "lowlevel.loudness_ebu128.short_term.max": -17.173842430114746,
        "lowlevel.spectral_centroid.var": 193156.203125,
        "rhythm.bpm_histogram_first_peak_weight": 0.3675950765609741,
        "lowlevel.loudness_ebu128.momentary.median": -20.63651990890503,
        "rhythm.bpm": 128.53485107421875,
        "rhythm.beats_loudness.dvar2": 0.0009092691470868886,
        "lowlevel.loudness_ebu128.short_term.dmean": 0.11794298142194748,
        "lowlevel.spectral_centroid.stdev": 434.7569122314453,
        "lowlevel.spectral_centroid.dmean": 190.90713500976562,
        "lowlevel.spectral_centroid.dmean2": 293.9781799316406,
        "rhythm.danceability": 1.1744455695152283,
        "lowlevel.spectral_centroid.min": 191.1272735595703,
        "rhythm.bpm_histogram_second_peak_spread": 0.26923078298568726
    },
    "outlier_flag": false,
    "outlier_reasons": null,
    "raw_versions": [
        {
            "id": "PWUo0Iu3ISU",
            "title": "Grateful Dead - Hide Away - 6/21/1989 - Shoreline Amphitheatre",
            "views": 1206,
            "features": {
                "lowlevel.average_loudness": 0.9209166169166565,
                "lowlevel.loudness_ebu128.integrated": -25.279870986938477,
                "lowlevel.loudness_ebu128.loudness_range": 3.875507354736328,
                "lowlevel.loudness_ebu128.momentary.dmean": 0.7060598134994507,
                "lowlevel.loudness_ebu128.momentary.dmean2": 0.8332437872886658,
                "lowlevel.loudness_ebu128.momentary.dvar": 0.44925153255462646,
                "lowlevel.loudness_ebu128.momentary.dvar2": 0.6832111477851868,
                "lowlevel.loudness_ebu128.momentary.max": -20.99854278564453,
                "lowlevel.loudness_ebu128.momentary.mean": -25.871246337890625,
                "lowlevel.loudness_ebu128.momentary.median": -25.549827575683594,
                "lowlevel.loudness_ebu128.momentary.min": -33.93952941894531,
                "lowlevel.loudness_ebu128.momentary.stdev": 2.4261584281921387,
                "lowlevel.loudness_ebu128.momentary.var": 5.886245250701904,
                "lowlevel.loudness_ebu128.short_term.dmean": 0.11443489044904709,
                "lowlevel.loudness_ebu128.short_term.dmean2": 0.11868010461330414,
                "lowlevel.loudness_ebu128.short_term.dvar": 0.00992070883512497,
                "lowlevel.loudness_ebu128.short_term.dvar2": 0.010276527144014835,
                "lowlevel.loudness_ebu128.short_term.max": -23.038209915161133,
                "lowlevel.loudness_ebu128.short_term.mean": -25.4692325592041,
                "lowlevel.loudness_ebu128.short_term.median": -25.08049774169922,
                "lowlevel.loudness_ebu128.short_term.min": -31.8123779296875,
                "lowlevel.loudness_ebu128.short_term.stdev": 1.586138129234314,
                "lowlevel.loudness_ebu128.short_term.var": 2.515834331512451,
                "lowlevel.spectral_centroid.dmean": 164.23690795898438,
                "lowlevel.spectral_centroid.dmean2": 247.99807739257812,
                "lowlevel.spectral_centroid.dvar": 42020.34765625,
                "lowlevel.spectral_centroid.dvar2": 93103.5390625,
                "lowlevel.spectral_centroid.max": 4991.8408203125,
                "lowlevel.spectral_centroid.mean": 754.843994140625,
                "lowlevel.spectral_centroid.median": 687.7039794921875,
                "lowlevel.spectral_centroid.min": 191.6757049560547,
                "lowlevel.spectral_centroid.stdev": 370.3936767578125,
                "lowlevel.spectral_centroid.var": 137191.484375,
                "metadata.audio_properties.analysis.equal_loudness": 0.0,
                "rhythm.beats_loudness.dmean": 0.020289624109864235,
                "rhythm.beats_loudness.dmean2": 0.034507304430007935,
                "rhythm.beats_loudness.dvar": 0.00028669190942309797,
                "rhythm.beats_loudness.dvar2": 0.0008487793966196477,
                "rhythm.beats_loudness.max": 0.11182073503732681,
                "rhythm.beats_loudness.mean": 0.03724796697497368,
                "rhythm.beats_loudness.median": 0.034267738461494446,
                "rhythm.beats_loudness.min": 0.0023327870294451714,
                "rhythm.beats_loudness.stdev": 0.0221388079226017,
                "rhythm.beats_loudness.var": 0.0004901268403045833,
                "rhythm.bpm": 128.31011962890625,
                "rhythm.bpm_histogram_first_peak_bpm": 129.0,
                "rhythm.bpm_histogram_first_peak_weight": 0.44871795177459717,
                "rhythm.bpm_histogram_second_peak_bpm": 178.0,
                "rhythm.bpm_histogram_second_peak_spread": 0.0,
                "rhythm.bpm_histogram_second_peak_weight": 0.05300353467464447,
                "rhythm.danceability": 1.1937181949615479
            }
        },
        {
            "id": "3WWG4cFxepM",
            "title": "Grateful Dead - Hide Away 11-7-71",
            "views": 2271,
            "features": {
                "lowlevel.average_loudness": 0.64371657371521,
                "lowlevel.loudness_ebu128.integrated": -15.167892456054688,
                "lowlevel.loudness_ebu128.loudness_range": 5.203893661499023,
                "lowlevel.loudness_ebu128.momentary.dmean": 0.7234120965003967,