{
    "song_title": "Highway 61 Revisited",
    "artist": "Grateful Dead",
    "num_versions_processed": 2,
    "average_features": {
        "rhythm.beats_loudness.dvar": 0.00027988170040771365,
        "lowlevel.loudness_ebu128.momentary.median": -17.66014289855957,
        "lowlevel.loudness_ebu128.short_term.min": -38.013431549072266,
        "lowlevel.loudness_ebu128.short_term.dvar": 0.010060599073767662,
        "rhythm.beats_loudness.dvar2": 0.0008299998298753053,
        "rhythm.beats_loudness.min": 5.3131108870729804e-05,
        "lowlevel.loudness_ebu128.momentary.min": -48.17011642456055,
        "rhythm.bpm_histogram_second_peak_weight": 0.03841617330908775,
        "lowlevel.spectral_centroid.min": 257.28453826904297,
        "lowlevel.spectral_centroid.var": 210453.96875,
        "lowlevel.loudness_ebu128.short_term.dvar2": 0.009255170822143555,
        "lowlevel.loudness_ebu128.short_term.stdev": 3.4280190467834473,
        "rhythm.beats_loudness.max": 0.19421705603599548,
        "lowlevel.loudness_ebu128.momentary.dvar2": 0.37215206027030945,
        "lowlevel.spectral_centroid.dvar2": 108778.39453125,
        "lowlevel.loudness_ebu128.momentary.max": -10.05899953842163,
        "lowlevel.average_loudness": 0.6914271712303162,
        "lowlevel.loudness_ebu128.momentary.var": 18.65382146835327,
        "lowlevel.loudness_ebu128.loudness_range": 5.667139053344727,
        "rhythm.beats_loudness.dmean": 0.01665600948035717,
        "lowlevel.loudness_ebu128.momentary.dvar": 0.3532021790742874,
        "metadata.audio_properties.analysis.equal_loudness": 0.0,
        "lowlevel.spectral_centroid.dmean": 237.24544525146484,
        "rhythm.bpm": 148.08821868896484,
        "lowlevel.spectral_centroid.dvar": 48577.0234375,
        "lowlevel.loudness_ebu128.momentary.dmean2": 0.6524167060852051,
        "rhythm.bpm_histogram_first_peak_weight": 0.42394521832466125,
        "rhythm.bpm_histogram_second_peak_spread": 0.1638888716697693,
        "lowlevel.loudness_ebu128.momentary.mean": -18.56208896636963,
        "lowlevel.loudness_ebu128.momentary.dmean": 0.6064819991588593,
        "rhythm.beats_loudness.mean": 0.03235315531492233,
        "rhythm.bpm_histogram_second_peak_bpm": 140.0,
        "lowlevel.loudness_ebu128.integrated": -17.162563800811768,
        "rhythm.beats_loudness.var": 0.00041964837873820215,
        "lowlevel.loudness_ebu128.momentary.stdev": 4.2852641344070435,
        "lowlevel.loudness_ebu128.short_term.var": 12.009521961212158,
        "lowlevel.spectral_centroid.max": 4930.4892578125,
        "rhythm.beats_loudness.dmean2": 0.029021686874330044,
        "rhythm.danceability": 1.2008568048477173,
        "lowlevel.loudness_ebu128.short_term.max": -13.409362316131592,
        "lowlevel.spectral_centroid.mean": 1307.2267456054688,
        "rhythm.beats_loudness.stdev": 0.02045112196356058,
        "lowlevel.loudness_ebu128.short_term.dmean2": 0.10249980539083481,
        "lowlevel.loudness_ebu128.short_term.dmean": 0.09926729276776314,
        "lowlevel.loudness_ebu128.short_term.mean": -18.069408416748047,
        "rhythm.bpm_histogram_first_peak_bpm": 148.0,
        "lowlevel.loudness_ebu128.short_term.median": -17.282400131225586,
        "lowlevel.spectral_centroid.median": 1282.7753295898438,
        "lowlevel.spectral_centroid.stdev": 458.75233459472656,
        "lowlevel.spectral_centroid.dmean2": 360.0659942626953,
        "rhythm.beats_loudness.median": 0.029144050553441048
    },
    "outlier_flag": false,
    "outlier_reasons": null,
    "raw_versions": [
        {
            "id": "cl4qA2H4gLs",
            "title": "Grateful Dead - \"Highway 61 Revisited\" with Guest Vocals 7/12/87",
            "views": 2159,
            "features": {
                "lowlevel.average_loudness": 0.7490662932395935,
                "lowlevel.loudness_ebu128.integrated": -18.60614585876465,
                "lowlevel.loudness_ebu128.loudness_range": 5.682733535766602,
                "lowlevel.loudness_ebu128.momentary.dmean": 0.5934222936630249,
                "lowlevel.loudness_ebu128.momentary.dmean2": 0.6326808929443359,
                "lowlevel.loudness_ebu128.momentary.dvar": 0.3599216341972351,
                "lowlevel.loudness_ebu128.momentary.dvar2": 0.36413589119911194,
                "lowlevel.loudness_ebu128.momentary.max": -12.02456283569336,
                "lowlevel.loudness_ebu128.momentary.mean": -20.24088478088379,
                "lowlevel.loudness_ebu128.momentary.median": -19.084430694580078,
                "lowlevel.loudness_ebu128.momentary.min": -57.86344909667969,
                "lowlevel.loudness_ebu128.momentary.stdev": 4.824090003967285,
                "lowlevel.loudness_ebu128.momentary.var": 23.27184295654297,
                "lowlevel.loudness_ebu128.short_term.dmean": 0.0999494269490242,
                "lowlevel.loudness_ebu128.short_term.dmean2": 0.10134703665971756,
                "lowlevel.loudness_ebu128.short_term.dvar": 0.012267878279089928,
                "lowlevel.loudness_ebu128.short_term.dvar2": 0.01004157867282629,
                "lowlevel.loudness_ebu128.short_term.max": -15.16761302947998,
                "lowlevel.loudness_ebu128.short_term.mean": -19.715269088745117,
                "lowlevel.loudness_ebu128.short_term.median": -18.728120803833008,
                "lowlevel.loudness_ebu128.short_term.min": -40.91845703125,
                "lowlevel.loudness_ebu128.short_term.stdev": 3.9361603260040283,
                "lowlevel.loudness_ebu128.short_term.var": 15.49335765838623,
                "lowlevel.spectral_centroid.dmean": 237.06642150878906,
                "lowlevel.spectral_centroid.dmean2": 361.58648681640625,
                "lowlevel.spectral_centroid.dvar": 49270.046875,
                "lowlevel.spectral_centroid.dvar2": 111534.9765625,
                "lowlevel.spectral_centroid.max": 5192.5673828125,
                "lowlevel.spectral_centroid.mean": 1244.851806640625,
                "lowlevel.spectral_centroid.median": 1215.4951171875,
                "lowlevel.spectral_centroid.min": 244.56703186035156,
                "lowlevel.spectral_centroid.stdev": 458.2444763183594,
                "lowlevel.spectral_centroid.var": 209988.0,
                "metadata.audio_properties.analysis.equal_loudness": 0.0,
                "rhythm.beats_loudness.dmean": 0.01698504202067852,
                "rhythm.beats_loudness.dmean2": 0.029574284330010414,
                "rhythm.beats_loudness.dvar": 0.00031354345264844596,
                "rhythm.beats_loudness.dvar2": 0.0009353925124742091,
                "rhythm.beats_loudness.max": 0.24437610805034637,
                "rhythm.beats_loudness.mean": 0.033387117087841034,
                "rhythm.beats_loudness.median": 0.03035316988825798,
                "rhythm.beats_loudness.min": 3.965244832215831e-05,
                "rhythm.beats_loudness.stdev": 0.021634330973029137,
                "rhythm.beats_loudness.var": 0.00046804427984170616,
                "rhythm.bpm": 147.9838104248047,
                "rhythm.bpm_histogram_first_peak_bpm": 148.0,
                "rhythm.bpm_histogram_first_peak_weight": 0.4523809552192688,
                "rhythm.bpm_histogram_second_peak_bpm": 140.0,
                "rhythm.bpm_histogram_second_peak_spread": 0.027777791023254395,
                "rhythm.bpm_histogram_second_peak_weight": 0.05443234741687775,
                "rhythm.danceability": 1.193612813949585
            }
        },
        {
            "id": "cVkmATTRBZg",
            "title": "Bob Dylan & the Grateful Dead - Highway 61 Revisited 7/12/1987",
            "views": 887,
            "features": {
                "lowlevel.average_loudness": 0.6337880492210388,
                "lowlevel.loudness_ebu128.integrated": -15.718981742858887,
                "lowlevel.loudness_ebu128.loudness_range": 5.651544570922852,
                "lowlevel.loudness_ebu128.momentary.dmean": 0.6195417046546936,