{
    "song_title": "High Time",
    "artist": "Grateful Dead",
    "num_versions_processed": 3,
    "average_features": {
        "lowlevel.loudness_ebu128.momentary.dmean2": 1.1175782879193623,
        "lowlevel.loudness_ebu128.short_term.median": -22.15466054280599,
        "lowlevel.spectral_centroid.median": 540.6152954101562,
        "rhythm.beats_loudness.var": 0.001961018502091368,
        "rhythm.beats_loudness.dvar": 0.0019723838777281344,
        "lowlevel.loudness_ebu128.short_term.stdev": 8.086873849232992,
        "lowlevel.loudness_ebu128.integrated": -20.49348799387614,
        "rhythm.beats_loudness.max": 0.38913624982039136,
        "lowlevel.spectral_centroid.max": 10918.150716145834,
        "lowlevel.spectral_centroid.min": 160.63113911946616,
        "lowlevel.loudness_ebu128.momentary.stdev": 9.928174018859863,
        "rhythm.bpm": 111.5693130493164,
        "lowlevel.loudness_ebu128.loudness_range": 10.505792299906412,
        "rhythm.beats_loudness.mean": 0.030783152828613918,
        "rhythm.bpm_histogram_second_peak_weight": 0.07275294450422128,
        "metadata.audio_properties.analysis.equal_loudness": 0.0,
        "lowlevel.loudness_ebu128.short_term.var": 72.76124509175618,
        "rhythm.beats_loudness.dvar2": 0.006013249357541402,
        "rhythm.bpm_histogram_second_peak_bpm": 102.0,
        "lowlevel.loudness_ebu128.momentary.mean": -25.9567813873291,
        "lowlevel.loudness_ebu128.short_term.max": -14.021297454833984,
        "rhythm.beats_loudness.stdev": 0.04039641531805197,
        "lowlevel.loudness_ebu128.momentary.dmean": 1.0620740453402202,
        "lowlevel.spectral_centroid.mean": 677.2827351888021,
        "lowlevel.spectral_centroid.stdev": 477.4055989583333,
        "rhythm.beats_loudness.median": 0.018087261977295082,
        "lowlevel.loudness_ebu128.short_term.dmean": 0.16625100870927176,
        "lowlevel.loudness_ebu128.short_term.dvar2": 0.11553582238654296,
        "rhythm.beats_loudness.dmean2": 0.05179245645801226,
        "lowlevel.loudness_ebu128.short_term.mean": -24.56701914469401,
        "lowlevel.loudness_ebu128.momentary.var": 102.41782760620117,
        "rhythm.beats_loudness.dmean": 0.028428611035148304,
        "lowlevel.loudness_ebu128.momentary.min": -79.37026468912761,
        "lowlevel.loudness_ebu128.momentary.dvar": 1.8369446992874146,
        "lowlevel.spectral_centroid.dmean": 88.87228139241536,
        "lowlevel.spectral_centroid.var": 240572.71875,
        "rhythm.beats_loudness.min": 1.2823484140482104e-06,
        "lowlevel.average_loudness": 0.11675814166665077,
        "lowlevel.loudness_ebu128.short_term.dmean2": 0.1329952503244082,
        "lowlevel.loudness_ebu128.short_term.min": -58.05703989664713,
        "rhythm.bpm_histogram_first_peak_bpm": 111.66666666666667,
        "lowlevel.loudness_ebu128.momentary.max": -10.378310839335123,
        "lowlevel.spectral_centroid.dmean2": 133.42237091064453,
        "rhythm.bpm_histogram_second_peak_spread": 0.5327176253000895,
        "lowlevel.loudness_ebu128.short_term.dvar": 0.10039915765325229,
        "lowlevel.loudness_ebu128.momentary.median": -23.228796005249023,
        "rhythm.danceability": 1.0135769248008728,
        "lowlevel.spectral_centroid.dvar": 24876.054036458332,
        "rhythm.bpm_histogram_first_peak_weight": 0.2140511473019918,
        "lowlevel.loudness_ebu128.momentary.dvar2": 2.549339214960734,
        "lowlevel.spectral_centroid.dvar2": 49735.232421875
    },
    "outlier_flag": true,
    "outlier_reasons": [
        "BPM Variance: 102.79 (limit 20)",
        "Loudness Variance: 8.96 (limit 6.0)"
    ],
    "raw_versions": [
        {
            "id": "XHtpqkfliPM",
            "title": "Grateful Dead - High Time (Orchard Park, NY 7/16/90)",
            "views": 120468,
            "features": {
                "lowlevel.average_loudness": 0.15083487331867218,
                "lowlevel.loudness_ebu128.integrated": -15.091872215270996,
                "lowlevel.loudness_ebu128.loudness_range": 8.481656074523926,
                "lowlevel.loudness_ebu128.momentary.dmean": 0.9995245933532715,
                "lowlevel.loudness_ebu128.momentary.dmean2": 0.9393534064292908,
                "lowlevel.loudness_ebu128.momentary.dvar": 1.1364210844039917,
                "lowlevel.loudness_ebu128.momentary.dvar2": 1.3565220832824707,
                "lowlevel.loudness_ebu128.momentary.max": -6.086804389953613,
                "lowlevel.loudness_ebu128.momentary.mean": -18.170333862304688,
                "lowlevel.loudness_ebu128.momentary.median": -17.361343383789062,
                "lowlevel.loudness_ebu128.momentary.min": -90.09774017333984,
                "lowlevel.loudness_ebu128.momentary.stdev": 7.736081123352051,
                "lowlevel.loudness_ebu128.momentary.var": 59.84695053100586,
                "lowlevel.loudness_ebu128.short_term.dmean": 0.1663752645254135,
                "lowlevel.loudness_ebu128.short_term.dmean2": 0.1151723638176918,
                "lowlevel.loudness_ebu128.short_term.dvar": 0.05121254548430443,
                "lowlevel.loudness_ebu128.short_term.dvar2": 0.028823567554354668,
                "lowlevel.loudness_ebu128.short_term.max": -8.941545486450195,
                "lowlevel.loudness_ebu128.short_term.mean": -16.682825088500977,
                "lowlevel.loudness_ebu128.short_term.median": -16.288406372070312,
                "lowlevel.loudness_ebu128.short_term.min": -54.84297180175781,
                "lowlevel.loudness_ebu128.short_term.stdev": 4.5698466300964355,
                "lowlevel.loudness_ebu128.short_term.var": 20.88349723815918,
                "lowlevel.spectral_centroid.dmean": 58.62896728515625,
                "lowlevel.spectral_centroid.dmean2": 87.21607208251953,
                "lowlevel.spectral_centroid.dvar": 15996.5546875,
                "lowlevel.spectral_centroid.dvar2": 30135.310546875,
                "lowlevel.spectral_centroid.max": 11284.333984375,
                "lowlevel.spectral_centroid.mean": 533.8932495117188,
                "lowlevel.spectral_centroid.median": 444.18280029296875,
                "lowlevel.spectral_centroid.min": 210.51429748535156,
                "lowlevel.spectral_centroid.stdev": 411.00909423828125,
                "lowlevel.spectral_centroid.var": 168928.46875,
                "metadata.audio_properties.analysis.equal_loudness": 0.0,
                "rhythm.beats_loudness.dmean": 0.019110431894659996,
                "rhythm.beats_loudness.dmean2": 0.03342098370194435,
                "rhythm.beats_loudness.dvar": 0.00048269901890307665,
                "rhythm.beats_loudness.dvar2": 0.001333732856437564,
                "rhythm.beats_loudness.max": 0.13663797080516815,
                "rhythm.beats_loudness.mean": 0.023647939786314964,
                "rhythm.beats_loudness.median": 0.01581014133989811,
                "rhythm.beats_loudness.min": 5.89229776082334e-10,
                "rhythm.beats_loudness.stdev": 0.024422304704785347,
                "rhythm.beats_loudness.var": 0.0005964489537291229,
                "rhythm.bpm": 81.089111328125,
                "rhythm.bpm_histogram_first_peak_bpm": 81.0,
                "rhythm.bpm_histogram_first_peak_weight": 0.35555553436279297,
                "rhythm.bpm_histogram_second_peak_bpm": 86.0,
                "rhythm.bpm_histogram_second_peak_spread": 0.4375,
                "rhythm.bpm_histogram_second_peak_weight": 0.03050847537815571,
                "rhythm.danceability": 0.9587928652763367
            }
        },
        {
            "id": "gnJSiyuxds4",
            "title": "High Time, 1977 \u262e Grateful Dead",
            "views": 175786,
            "features": {
                "lowlevel.average_loudness": 0.0052168481051921844,
                "lowlevel.loudness_ebu128.integrated": -24.049833297729492,
                "lowlevel.loudness_ebu128.loudness_range": 10.296876907348633,