{
    "song_title": "Honky Tonk Woman",
    "artist": "Grateful Dead",
    "num_versions_processed": 3,
    "average_features": {
        "lowlevel.loudness_ebu128.short_term.dvar2": 0.0036087121504048505,
        "lowlevel.loudness_ebu128.momentary.var": 8.493314743041992,
        "lowlevel.loudness_ebu128.momentary.min": -28.245385487874348,
        "lowlevel.spectral_centroid.dvar": 49902.602864583336,
        "rhythm.beats_loudness.min": 0.0016822976831463166,
        "lowlevel.spectral_centroid.mean": 1842.2617594401042,
        "rhythm.beats_loudness.dvar": 0.00025423038338582654,
        "rhythm.bpm_histogram_first_peak_bpm": 117.33333333333333,
        "rhythm.beats_loudness.median": 0.040498990565538406,
        "lowlevel.loudness_ebu128.integrated": -10.540092309316,
        "lowlevel.loudness_ebu128.short_term.mean": -11.003387133280436,
        "rhythm.beats_loudness.dmean2": 0.028682679869234562,
        "lowlevel.loudness_ebu128.momentary.dvar2": 0.3422676424185435,
        "rhythm.bpm_histogram_second_peak_weight": 0.07838505941132705,
        "lowlevel.loudness_ebu128.loudness_range": 4.330464998881022,
        "rhythm.bpm_histogram_second_peak_bpm": 119.33333333333333,
        "lowlevel.loudness_ebu128.short_term.min": -21.245651245117188,
        "lowlevel.loudness_ebu128.short_term.stdev": 2.184625506401062,
        "lowlevel.loudness_ebu128.short_term.dmean2": 0.06262659033139546,
        "lowlevel.loudness_ebu128.short_term.var": 5.250887513160706,
        "rhythm.beats_loudness.mean": 0.04023007241388162,
        "lowlevel.spectral_centroid.max": 11440.964192708334,
        "lowlevel.loudness_ebu128.momentary.dvar": 0.2040503372748693,
        "rhythm.beats_loudness.stdev": 0.02016261840860049,
        "lowlevel.loudness_ebu128.momentary.max": -6.817333062489827,
        "lowlevel.spectral_centroid.median": 1847.7764078776042,
        "lowlevel.loudness_ebu128.momentary.dmean": 0.474543829758962,
        "lowlevel.loudness_ebu128.short_term.dvar": 0.0034992831448713937,
        "rhythm.beats_loudness.var": 0.000547798886448921,
        "lowlevel.loudness_ebu128.momentary.stdev": 2.7924380699793496,
        "lowlevel.loudness_ebu128.momentary.mean": -11.249636967976889,
        "rhythm.beats_loudness.dmean": 0.01595330952356259,
        "lowlevel.average_loudness": 0.9244158665339152,
        "lowlevel.loudness_ebu128.short_term.median": -10.356682777404785,
        "rhythm.beats_loudness.max": 0.10993560651938121,
        "metadata.audio_properties.analysis.equal_loudness": 0.0,
        "lowlevel.loudness_ebu128.momentary.dmean2": 0.6250621676445007,
        "lowlevel.spectral_centroid.dvar2": 109638.58072916667,
        "lowlevel.loudness_ebu128.short_term.max": -8.136423905690512,
        "lowlevel.spectral_centroid.var": 205308.09375,
        "rhythm.bpm_histogram_first_peak_weight": 0.4722440044085185,
        "lowlevel.loudness_ebu128.momentary.median": -10.504576683044434,
        "rhythm.bpm": 117.88137308756511,
        "rhythm.beats_loudness.dvar2": 0.0008153969538398087,
        "lowlevel.loudness_ebu128.short_term.dmean": 0.06563924004634221,
        "lowlevel.spectral_centroid.stdev": 453.0294189453125,
        "lowlevel.spectral_centroid.dmean": 209.42686971028647,
        "lowlevel.spectral_centroid.dmean2": 333.8243713378906,
        "rhythm.danceability": 1.2025097211201985,
        "lowlevel.spectral_centroid.min": 420.3704528808594,
        "rhythm.bpm_histogram_second_peak_spread": 0.21966373920440674
    },
    "outlier_flag": false,
    "outlier_reasons": null,
    "raw_versions": [
        {
            "id": "dj7yd19aAW0",
            "title": "THE ROLLING STONES - Honky Tonk Women",
            "views": 13458695,
            "features": {
                "lowlevel.average_loudness": 0.9434354305267334,
                "lowlevel.loudness_ebu128.integrated": -6.99097204208374,
                "lowlevel.loudness_ebu128.loudness_range": 5.397464752197266,
                "lowlevel.loudness_ebu128.momentary.dmean": 0.4862850308418274,
                "lowlevel.loudness_ebu128.momentary.dmean2": 0.6889188289642334,
                "lowlevel.loudness_ebu128.momentary.dvar": 0.237214133143425,
                "lowlevel.loudness_ebu128.momentary.dvar2": 0.40284502506256104,
                "lowlevel.loudness_ebu128.momentary.max": -4.145724773406982,
                "lowlevel.loudness_ebu128.momentary.mean": -8.023179054260254,
                "lowlevel.loudness_ebu128.momentary.median": -6.796516418457031,
                "lowlevel.loudness_ebu128.momentary.min": -38.16254425048828,
                "lowlevel.loudness_ebu128.momentary.stdev": 3.7392361164093018,
                "lowlevel.loudness_ebu128.momentary.var": 13.98188591003418,
                "lowlevel.loudness_ebu128.short_term.dmean": 0.06966637074947357,
                "lowlevel.loudness_ebu128.short_term.dmean2": 0.0797448679804802,
                "lowlevel.loudness_ebu128.short_term.dvar": 0.004672475624829531,
                "lowlevel.loudness_ebu128.short_term.dvar2": 0.0046255202032625675,
                "lowlevel.loudness_ebu128.short_term.max": -4.619302272796631,
                "lowlevel.loudness_ebu128.short_term.mean": -7.709342002868652,
                "lowlevel.loudness_ebu128.short_term.median": -6.698982238769531,
                "lowlevel.loudness_ebu128.short_term.min": -23.273427963256836,
                "lowlevel.loudness_ebu128.short_term.stdev": 2.8411476612091064,
                "lowlevel.loudness_ebu128.short_term.var": 8.072120666503906,
                "lowlevel.spectral_centroid.dmean": 201.41354370117188,
                "lowlevel.spectral_centroid.dmean2": 322.5443420410156,
                "lowlevel.spectral_centroid.dvar": 50016.01953125,
                "lowlevel.spectral_centroid.dvar2": 110997.2578125,
                "lowlevel.spectral_centroid.max": 11535.9091796875,
                "lowlevel.spectral_centroid.mean": 1106.366943359375,
                "lowlevel.spectral_centroid.median": 1052.092529296875,
                "lowlevel.spectral_centroid.min": 206.32412719726562,
                "lowlevel.spectral_centroid.stdev": 452.34356689453125,
                "lowlevel.spectral_centroid.var": 204614.703125,
                "metadata.audio_properties.analysis.equal_loudness": 0.0,
                "rhythm.beats_loudness.dmean": 0.028280308470129967,
                "rhythm.beats_loudness.dmean2": 0.05194982513785362,
                "rhythm.beats_loudness.dvar": 0.0006020263535901904,
                "rhythm.beats_loudness.dvar2": 0.0019454488065093756,
                "rhythm.beats_loudness.max": 0.18916191160678864,
                "rhythm.beats_loudness.mean": 0.06816916167736053,
                "rhythm.beats_loudness.median": 0.07109931856393814,
                "rhythm.beats_loudness.min": 8.628659270470962e-05,
                "rhythm.beats_loudness.stdev": 0.03665674105286598,
                "rhythm.beats_loudness.var": 0.0013437167508527637,
                "rhythm.bpm": 113.23974609375,
                "rhythm.bpm_histogram_first_peak_bpm": 112.0,
                "rhythm.bpm_histogram_first_peak_weight": 0.47004610300064087,
                "rhythm.bpm_histogram_second_peak_bpm": 117.0,
                "rhythm.bpm_histogram_second_peak_spread": 0.1458333134651184,
                "rhythm.bpm_histogram_second_peak_weight": 0.13553719222545624,
                "rhythm.danceability": 1.281550645828247
            }
        },
        {
            "id": "cKaJrmxMJf4",
            "title": "Rolling Stones \u201cHonky Tonk Woman\u201d Live At The Max Los Angeles USA 1990 Full HD",
            "views": 150547,
            "features": {
                "lowlevel.average_loudness": 0.8991483449935913,
                "lowlevel.loudness_ebu128.integrated": -13.155647277832031,
                "lowlevel.loudness_ebu128.loudness_range": 4.067389488220215,