{
    "song_title": "I'll Go Crazy",
    "artist": "Grateful Dead",
    "num_versions_processed": 3,
    "features": {
        "lowlevel.loudness_ebu128.momentary.mean": -17.500229199727375,
        "rhythm.beats_loudness.min": 0.0025249567749294024,
        "lowlevel.loudness_ebu128.short_term.stdev": 2.4640073776245117,
        "lowlevel.spectral_centroid.dvar": 42533.885416666664,
        "lowlevel.loudness_ebu128.short_term.min": -27.64180278778076,
        "lowlevel.spectral_centroid.mean": 1141.1132202148438,
        "lowlevel.loudness_ebu128.momentary.var": 99.70070767402649,
        "lowlevel.loudness_ebu128.short_term.dvar": 0.01484951035430034,
        "lowlevel.loudness_ebu128.momentary.max": -10.083818117777506,
        "lowlevel.spectral_centroid.median": 1042.2489013671875,
        "rhythm.bpm_histogram_first_peak_weight": 0.43236257632573444,
        "rhythm.bpm_histogram_second_peak_bpm": 141.0,
        "rhythm.bpm_histogram_first_peak_bpm": 139.0,
        "lowlevel.spectral_centroid.min": 254.88269551595053,
        "rhythm.danceability": 1.1719766060511272,
        "lowlevel.loudness_ebu128.momentary.median": -16.574487686157227,
        "rhythm.bpm": 139.93883514404297,
        "lowlevel.loudness_ebu128.short_term.var": 10.179047505060831,
        "lowlevel.loudness_ebu128.loudness_range": 6.3674516677856445,
        "lowlevel.spectral_centroid.dvar2": 93091.6640625,
        "lowlevel.loudness_ebu128.momentary.dvar2": 7.7721724559863405,
        "lowlevel.spectral_centroid.dmean2": 269.54673767089844,
        "lowlevel.loudness_ebu128.short_term.mean": -16.6419095993042,
        "lowlevel.spectral_centroid.dmean": 173.99321492513022,
        "rhythm.beats_loudness.var": 0.000390116290266936,
        "rhythm.bpm_histogram_second_peak_spread": 0.29764870802561444,
        "lowlevel.loudness_ebu128.momentary.dmean": 0.693172425031662,
        "rhythm.beats_loudness.max": 0.11645526190598805,
        "lowlevel.spectral_centroid.var": 371466.1666666667,
        "rhythm.beats_loudness.mean": 0.031679026782512665,
        "rhythm.beats_loudness.dmean": 0.013767681395014128,
        "lowlevel.loudness_ebu128.short_term.max": -11.772706985473633,
        "lowlevel.loudness_ebu128.short_term.median": -16.38755480448405,
        "lowlevel.loudness_ebu128.momentary.dmean2": 0.7925175726413727,
        "lowlevel.spectral_centroid.max": 8565.064534505209,
        "lowlevel.loudness_ebu128.short_term.dmean2": 0.0895563339193662,
        "rhythm.beats_loudness.dmean2": 0.02407974563539028,
        "lowlevel.spectral_centroid.stdev": 578.0781962076823,
        "metadata.audio_properties.analysis.equal_loudness": 0.0,
        "rhythm.beats_loudness.stdev": 0.018029095605015755,
        "lowlevel.loudness_ebu128.momentary.stdev": 7.831992785135905,
        "rhythm.beats_loudness.dvar2": 0.000621081271674484,
        "rhythm.beats_loudness.median": 0.028141862402359646,
        "rhythm.beats_loudness.dvar": 0.00020411686030759787,
        "lowlevel.average_loudness": 0.640852282444636,
        "lowlevel.loudness_ebu128.short_term.dmean": 0.0919116958975792,
        "lowlevel.loudness_ebu128.momentary.dvar": 5.166792129476865,
        "lowlevel.loudness_ebu128.momentary.min": -136.46699968973795,
        "lowlevel.loudness_ebu128.short_term.dvar2": 0.011397776504357656,
        "lowlevel.loudness_ebu128.integrated": -15.562304814656576,
        "rhythm.bpm_histogram_second_peak_weight": 0.16791507850090662
    },
    "outlier_reasons": null,
    "outlier_flag": false
}