{
    "song_title": "I'll Be Your Baby Tonight",
    "artist": "Grateful Dead",
    "num_versions_processed": 1,
    "average_features": {
        "rhythm.beats_loudness.dvar": 0.00026924695703200996,
        "lowlevel.loudness_ebu128.momentary.median": -14.255672454833984,
        "lowlevel.loudness_ebu128.short_term.min": -27.98981285095215,
        "lowlevel.loudness_ebu128.short_term.dvar": 0.01316328439861536,
        "rhythm.beats_loudness.dvar2": 0.0007598175434395671,
        "rhythm.beats_loudness.min": 0.00013900875637773424,
        "lowlevel.loudness_ebu128.momentary.min": -52.935150146484375,
        "rhythm.bpm_histogram_second_peak_weight": 0.0703125,
        "lowlevel.spectral_centroid.min": 189.08172607421875,
        "lowlevel.spectral_centroid.var": 142805.046875,
        "lowlevel.loudness_ebu128.short_term.dvar2": 0.009131650440394878,
        "lowlevel.loudness_ebu128.short_term.stdev": 3.1507949829101562,
        "rhythm.beats_loudness.max": 0.1469719260931015,
        "lowlevel.loudness_ebu128.momentary.dvar2": 0.5571056604385376,
        "lowlevel.spectral_centroid.dvar2": 42553.4921875,
        "lowlevel.loudness_ebu128.momentary.max": -6.387831687927246,
        "lowlevel.average_loudness": 0.22996872663497925,
        "lowlevel.loudness_ebu128.momentary.var": 17.53839683532715,
        "lowlevel.loudness_ebu128.loudness_range": 7.408590316772461,
        "rhythm.beats_loudness.dmean": 0.016369836404919624,
        "lowlevel.loudness_ebu128.momentary.dvar": 0.4225742220878601,
        "metadata.audio_properties.analysis.equal_loudness": 0.0,
        "lowlevel.spectral_centroid.dmean": 115.08680725097656,
        "rhythm.bpm": 105.35246276855469,
        "lowlevel.spectral_centroid.dvar": 23065.126953125,
        "lowlevel.loudness_ebu128.momentary.dmean2": 0.7265807390213013,
        "rhythm.bpm_histogram_first_peak_weight": 0.6886792182922363,
        "rhythm.bpm_histogram_second_peak_spread": 0.0,
        "lowlevel.loudness_ebu128.momentary.mean": -14.547877311706543,
        "lowlevel.loudness_ebu128.momentary.dmean": 0.6660940051078796,
        "rhythm.beats_loudness.mean": 0.03000311367213726,
        "rhythm.bpm_histogram_second_peak_bpm": 99.0,
        "lowlevel.loudness_ebu128.integrated": -12.952688217163086,
        "rhythm.beats_loudness.var": 0.000488518737256527,
        "lowlevel.loudness_ebu128.momentary.stdev": 4.187886714935303,
        "lowlevel.loudness_ebu128.short_term.var": 9.927508354187012,
        "lowlevel.spectral_centroid.max": 11052.3828125,
        "rhythm.beats_loudness.dmean2": 0.028647365048527718,
        "rhythm.danceability": 0.9759811758995056,
        "lowlevel.loudness_ebu128.short_term.max": -7.47116756439209,
        "lowlevel.spectral_centroid.mean": 893.4210205078125,
        "rhythm.beats_loudness.stdev": 0.022102460265159607,
        "lowlevel.loudness_ebu128.short_term.dmean2": 0.0897526741027832,
        "lowlevel.loudness_ebu128.short_term.dmean": 0.11795114725828171,
        "lowlevel.loudness_ebu128.short_term.mean": -13.923921585083008,
        "rhythm.bpm_histogram_first_peak_bpm": 105.0,
        "lowlevel.loudness_ebu128.short_term.median": -13.377933502197266,
        "lowlevel.spectral_centroid.median": 858.317626953125,
        "lowlevel.spectral_centroid.stdev": 377.8955383300781,
        "lowlevel.spectral_centroid.dmean2": 173.95504760742188,
        "rhythm.beats_loudness.median": 0.024655619636178017
    },
    "outlier_flag": false,
    "outlier_reasons": null,
    "raw_versions": [
        {
            "id": "ulARfcD9lcU",
            "title": "\"I'll Be Your Baby Tonight\" Grateful Dead & Guest 7/4/87 Jerry on Pedal Steel Guitar",
            "views": 51035,
            "features": {
                "lowlevel.average_loudness": 0.22996872663497925,
                "lowlevel.loudness_ebu128.integrated": -12.952688217163086,
                "lowlevel.loudness_ebu128.loudness_range": 7.408590316772461,
                "lowlevel.loudness_ebu128.momentary.dmean": 0.6660940051078796,
                "lowlevel.loudness_ebu128.momentary.dmean2": 0.7265807390213013,
                "lowlevel.loudness_ebu128.momentary.dvar": 0.4225742220878601,
                "lowlevel.loudness_ebu128.momentary.dvar2": 0.5571056604385376,
                "lowlevel.loudness_ebu128.momentary.max": -6.387831687927246,
                "lowlevel.loudness_ebu128.momentary.mean": -14.547877311706543,
                "lowlevel.loudness_ebu128.momentary.median": -14.255672454833984,
                "lowlevel.loudness_ebu128.momentary.min": -52.935150146484375,
                "lowlevel.loudness_ebu128.momentary.stdev": 4.187886714935303,
                "lowlevel.loudness_ebu128.momentary.var": 17.53839683532715,
                "lowlevel.loudness_ebu128.short_term.dmean": 0.11795114725828171,
                "lowlevel.loudness_ebu128.short_term.dmean2": 0.0897526741027832,
                "lowlevel.loudness_ebu128.short_term.dvar": 0.01316328439861536,
                "lowlevel.loudness_ebu128.short_term.dvar2": 0.009131650440394878,
                "lowlevel.loudness_ebu128.short_term.max": -7.47116756439209,
                "lowlevel.loudness_ebu128.short_term.mean": -13.923921585083008,
                "lowlevel.loudness_ebu128.short_term.median": -13.377933502197266,
                "lowlevel.loudness_ebu128.short_term.min": -27.98981285095215,
                "lowlevel.loudness_ebu128.short_term.stdev": 3.1507949829101562,
                "lowlevel.loudness_ebu128.short_term.var": 9.927508354187012,
                "lowlevel.spectral_centroid.dmean": 115.08680725097656,
                "lowlevel.spectral_centroid.dmean2": 173.95504760742188,
                "lowlevel.spectral_centroid.dvar": 23065.126953125,
                "lowlevel.spectral_centroid.dvar2": 42553.4921875,
                "lowlevel.spectral_centroid.max": 11052.3828125,
                "lowlevel.spectral_centroid.mean": 893.4210205078125,
                "lowlevel.spectral_centroid.median": 858.317626953125,
                "lowlevel.spectral_centroid.min": 189.08172607421875,
                "lowlevel.spectral_centroid.stdev": 377.8955383300781,
                "lowlevel.spectral_centroid.var": 142805.046875,
                "metadata.audio_properties.analysis.equal_loudness": 0.0,
                "rhythm.beats_loudness.dmean": 0.016369836404919624,
                "rhythm.beats_loudness.dmean2": 0.028647365048527718,
                "rhythm.beats_loudness.dvar": 0.00026924695703200996,
                "rhythm.beats_loudness.dvar2": 0.0007598175434395671,
                "rhythm.beats_loudness.max": 0.1469719260931015,
                "rhythm.beats_loudness.mean": 0.03000311367213726,
                "rhythm.beats_loudness.median": 0.024655619636178017,
                "rhythm.beats_loudness.min": 0.00013900875637773424,
                "rhythm.beats_loudness.stdev": 0.022102460265159607,
                "rhythm.beats_loudness.var": 0.000488518737256527,
                "rhythm.bpm": 105.35246276855469,
                "rhythm.bpm_histogram_first_peak_bpm": 105.0,
                "rhythm.bpm_histogram_first_peak_weight": 0.6886792182922363,
                "rhythm.bpm_histogram_second_peak_bpm": 99.0,
                "rhythm.bpm_histogram_second_peak_spread": 0.0,
                "rhythm.bpm_histogram_second_peak_weight": 0.0703125,
                "rhythm.danceability": 0.9759811758995056
            }
        }
    ]
}