{
    "song_title": "I'm A King Bee",
    "artist": "Grateful Dead",
    "num_versions_processed": 3,
    "features": {
        "lowlevel.loudness_ebu128.momentary.mean": -19.505718231201172,
        "rhythm.beats_loudness.min": 1.3841816932351017e-05,
        "lowlevel.loudness_ebu128.short_term.stdev": 5.250076770782471,
        "lowlevel.spectral_centroid.dvar": 35234.205729166664,
        "lowlevel.loudness_ebu128.short_term.min": -40.04204813639323,
        "lowlevel.spectral_centroid.mean": 817.5134887695312,
        "lowlevel.loudness_ebu128.momentary.var": 44.64552434285482,
        "lowlevel.loudness_ebu128.short_term.dvar": 0.055346738857527576,
        "lowlevel.loudness_ebu128.momentary.max": -7.455301761627197,
        "lowlevel.spectral_centroid.median": 698.1970621744791,
        "rhythm.bpm_histogram_first_peak_weight": 0.14473684628804526,
        "rhythm.bpm_histogram_second_peak_bpm": 149.33333333333334,
        "rhythm.bpm_histogram_first_peak_bpm": 147.33333333333334,
        "lowlevel.spectral_centroid.min": 129.61688995361328,
        "rhythm.danceability": 1.0268940329551697,
        "lowlevel.loudness_ebu128.momentary.median": -18.156598409016926,
        "rhythm.bpm": 147.2913360595703,
        "lowlevel.loudness_ebu128.short_term.var": 27.702521642049152,
        "lowlevel.loudness_ebu128.loudness_range": 11.552193323771158,
        "lowlevel.spectral_centroid.dvar2": 72483.52734375,
        "lowlevel.loudness_ebu128.momentary.dvar2": 1.9991096059481304,
        "lowlevel.spectral_centroid.dmean2": 198.2571767171224,
        "lowlevel.loudness_ebu128.short_term.mean": -18.29429880777995,
        "lowlevel.spectral_centroid.dmean": 132.6219228108724,
        "rhythm.beats_loudness.var": 0.0007095288989755014,
        "rhythm.bpm_histogram_second_peak_spread": 0.16666666666666666,
        "lowlevel.loudness_ebu128.momentary.dmean": 1.0952165722846985,
        "rhythm.beats_loudness.max": 0.20507431526978812,
        "lowlevel.spectral_centroid.var": 245505.31770833334,
        "rhythm.beats_loudness.mean": 0.027384251356124878,
        "rhythm.beats_loudness.dmean": 0.018273476511240005,
        "lowlevel.loudness_ebu128.short_term.max": -9.872895876566568,
        "lowlevel.loudness_ebu128.short_term.median": -17.30723253885905,
        "lowlevel.loudness_ebu128.momentary.dmean2": 1.134511689345042,
        "lowlevel.spectral_centroid.max": 6324.370768229167,
        "lowlevel.loudness_ebu128.short_term.dmean2": 0.14179567992687225,
        "rhythm.beats_loudness.dmean2": 0.03153810339669386,
        "lowlevel.spectral_centroid.stdev": 489.5767313639323,
        "metadata.audio_properties.analysis.equal_loudness": 0.0,
        "rhythm.beats_loudness.stdev": 0.026490020876129467,
        "lowlevel.loudness_ebu128.momentary.stdev": 6.647715886433919,
        "rhythm.beats_loudness.dvar2": 0.0012782010987090568,
        "rhythm.beats_loudness.median": 0.02067422742644946,
        "rhythm.beats_loudness.dvar": 0.0004639847999593864,
        "lowlevel.average_loudness": 0.28999847670396167,
        "lowlevel.loudness_ebu128.short_term.dmean": 0.1648682951927185,
        "lowlevel.loudness_ebu128.momentary.dvar": 1.6383397579193115,
        "lowlevel.loudness_ebu128.momentary.min": -51.459398905436196,
        "lowlevel.loudness_ebu128.short_term.dvar2": 0.052738117364545666,
        "lowlevel.loudness_ebu128.integrated": -15.66271686553955,
        "rhythm.bpm_histogram_second_peak_weight": 0.19571514489750066
    }
}