{
    "song_title": "I've Been All Around This World",
    "artist": "Grateful Dead",
    "num_versions_processed": 3,
    "average_features": {
        "lowlevel.loudness_ebu128.momentary.dmean2": 1.299389640490214,
        "lowlevel.loudness_ebu128.short_term.median": -24.10755666097005,
        "lowlevel.spectral_centroid.median": 480.0116475423177,
        "rhythm.beats_loudness.var": 0.001302074136522909,
        "rhythm.beats_loudness.dvar": 0.0015321659157052636,
        "lowlevel.loudness_ebu128.short_term.stdev": 2.7590572039286294,
        "lowlevel.loudness_ebu128.integrated": -22.90811602274577,
        "rhythm.beats_loudness.max": 0.3198387722174327,
        "lowlevel.spectral_centroid.max": 6996.035481770833,
        "lowlevel.spectral_centroid.min": 147.1172332763672,
        "lowlevel.loudness_ebu128.momentary.stdev": 3.8983465830485025,
        "rhythm.bpm": 132.42775217692056,
        "lowlevel.loudness_ebu128.loudness_range": 7.825667381286621,
        "rhythm.beats_loudness.mean": 0.03202109535535177,
        "rhythm.bpm_histogram_second_peak_weight": 0.1401087318857511,
        "metadata.audio_properties.analysis.equal_loudness": 0.0,
        "lowlevel.loudness_ebu128.short_term.var": 7.9211052258809405,
        "rhythm.beats_loudness.dvar2": 0.004516346690555413,
        "rhythm.bpm_histogram_second_peak_bpm": 131.66666666666666,
        "lowlevel.loudness_ebu128.momentary.mean": -24.75233268737793,
        "lowlevel.loudness_ebu128.short_term.max": -16.97437032063802,
        "rhythm.beats_loudness.stdev": 0.035996404786904655,
        "lowlevel.loudness_ebu128.momentary.dmean": 1.0367687940597534,
        "lowlevel.spectral_centroid.mean": 635.0737508138021,
        "lowlevel.spectral_centroid.stdev": 499.9348653157552,
        "rhythm.beats_loudness.median": 0.021647830493748188,
        "lowlevel.loudness_ebu128.short_term.dmean": 0.15096973876158395,
        "lowlevel.loudness_ebu128.short_term.dvar2": 0.03793045754233996,
        "rhythm.beats_loudness.dmean2": 0.05086451768875122,
        "lowlevel.loudness_ebu128.short_term.mean": -23.856098175048828,
        "lowlevel.loudness_ebu128.momentary.var": 15.423898379007975,
        "rhythm.beats_loudness.dmean": 0.02751178170243899,
        "lowlevel.loudness_ebu128.momentary.min": -43.40840593973795,
        "lowlevel.loudness_ebu128.momentary.dvar": 1.2551701664924622,
        "lowlevel.spectral_centroid.dmean": 119.67632293701172,
        "lowlevel.spectral_centroid.var": 256751.40625,
        "rhythm.beats_loudness.min": 0.000718237101258031,
        "lowlevel.average_loudness": 0.2915355786681175,
        "lowlevel.loudness_ebu128.short_term.dmean2": 0.16030466556549072,
        "lowlevel.loudness_ebu128.short_term.min": -35.020961125691734,
        "rhythm.bpm_histogram_first_peak_bpm": 133.33333333333334,
        "lowlevel.loudness_ebu128.momentary.max": -11.820167064666748,
        "lowlevel.spectral_centroid.dmean2": 182.23162841796875,
        "rhythm.bpm_histogram_second_peak_spread": 0.23772384723027548,
        "lowlevel.loudness_ebu128.short_term.dvar": 0.03821715588370959,
        "lowlevel.loudness_ebu128.momentary.median": -24.849253336588543,
        "rhythm.danceability": 1.128194530804952,
        "lowlevel.spectral_centroid.dvar": 51707.419270833336,
        "rhythm.bpm_histogram_first_peak_weight": 0.4287498394648234,
        "lowlevel.loudness_ebu128.momentary.dvar2": 2.0720438361167908,
        "lowlevel.spectral_centroid.dvar2": 98158.44010416667
    },
    "outlier_flag": true,
    "outlier_reasons": [
        "BPM Variance: 37.16 (limit 20)"
    ],
    "raw_versions": [
        {
            "id": "Egf1-2vt6oo",
            "title": "Been All Around This World (Live)",
            "views": 330325,
            "features": {
                "lowlevel.average_loudness": 0.716163158416748,
                "lowlevel.loudness_ebu128.integrated": -15.797464370727539,
                "lowlevel.loudness_ebu128.loudness_range": 6.653883934020996,
                "lowlevel.loudness_ebu128.momentary.dmean": 0.995909571647644,
                "lowlevel.loudness_ebu128.momentary.dmean2": 1.1785858869552612,
                "lowlevel.loudness_ebu128.momentary.dvar": 1.0169503688812256,
                "lowlevel.loudness_ebu128.momentary.dvar2": 1.4889613389968872,
                "lowlevel.loudness_ebu128.momentary.max": -7.314442157745361,
                "lowlevel.loudness_ebu128.momentary.mean": -17.146638870239258,
                "lowlevel.loudness_ebu128.momentary.median": -17.38405990600586,
                "lowlevel.loudness_ebu128.momentary.min": -30.747488021850586,
                "lowlevel.loudness_ebu128.momentary.stdev": 3.3163938522338867,
                "lowlevel.loudness_ebu128.momentary.var": 10.998467445373535,
                "lowlevel.loudness_ebu128.short_term.dmean": 0.14976376295089722,
                "lowlevel.loudness_ebu128.short_term.dmean2": 0.14998824894428253,
                "lowlevel.loudness_ebu128.short_term.dvar": 0.029429513961076736,
                "lowlevel.loudness_ebu128.short_term.dvar2": 0.02940933033823967,
                "lowlevel.loudness_ebu128.short_term.max": -10.855348587036133,
                "lowlevel.loudness_ebu128.short_term.mean": -16.377016067504883,
                "lowlevel.loudness_ebu128.short_term.median": -16.620407104492188,
                "lowlevel.loudness_ebu128.short_term.min": -21.34629249572754,
                "lowlevel.loudness_ebu128.short_term.stdev": 2.1258676052093506,
                "lowlevel.loudness_ebu128.short_term.var": 4.519312858581543,
                "lowlevel.spectral_centroid.dmean": 95.89517211914062,
                "lowlevel.spectral_centroid.dmean2": 145.9241180419922,
                "lowlevel.spectral_centroid.dvar": 39294.0,
                "lowlevel.spectral_centroid.dvar2": 75860.671875,
                "lowlevel.spectral_centroid.max": 4768.73291015625,
                "lowlevel.spectral_centroid.mean": 583.0269775390625,
                "lowlevel.spectral_centroid.median": 441.2969665527344,
                "lowlevel.spectral_centroid.min": 160.9835968017578,
                "lowlevel.spectral_centroid.stdev": 456.8177185058594,
                "lowlevel.spectral_centroid.var": 208682.421875,
                "metadata.audio_properties.analysis.equal_loudness": 0.0,
                "rhythm.beats_loudness.dmean": 0.033228788524866104,
                "rhythm.beats_loudness.dmean2": 0.061622705310583115,
                "rhythm.beats_loudness.dvar": 0.0010837113950401545,
                "rhythm.beats_loudness.dvar2": 0.003356420435011387,
                "rhythm.beats_loudness.max": 0.2540900409221649,
                "rhythm.beats_loudness.mean": 0.0385521799325943,
                "rhythm.beats_loudness.median": 0.028070323169231415,
                "rhythm.beats_loudness.min": 0.00166774180252105,
                "rhythm.beats_loudness.stdev": 0.03401941806077957,
                "rhythm.beats_loudness.var": 0.0011573208030313253,
                "rhythm.bpm": 125.10052490234375,
                "rhythm.bpm_histogram_first_peak_bpm": 126.0,
                "rhythm.bpm_histogram_first_peak_weight": 0.46307384967803955,
                "rhythm.bpm_histogram_second_peak_bpm": 120.0,
                "rhythm.bpm_histogram_second_peak_spread": 0.1818181872367859,
                "rhythm.bpm_histogram_second_peak_weight": 0.016981132328510284,
                "rhythm.danceability": 1.105965495109558
            }
        },
        {
            "id": "jMOqG7WEek0",
            "title": "I've Been All Around This World (Live at Fillmore East, New York City, NY February 14, 1970)...",
            "views": 149047,
            "features": {
                "lowlevel.average_loudness": 0.06808280199766159,
                "lowlevel.loudness_ebu128.integrated": -20.228939056396484,
                "lowlevel.loudness_ebu128.loudness_range": 8.827392578125,