{
    "song_title": "I've Just Seen A Face",
    "artist": "Grateful Dead",
    "num_versions_processed": 1,
    "average_features": {
        "lowlevel.loudness_ebu128.momentary.dmean2": 0.608102560043335,
        "lowlevel.loudness_ebu128.short_term.median": -10.64591121673584,
        "lowlevel.spectral_centroid.median": 925.84765625,
        "rhythm.beats_loudness.var": 0.00023688800865784287,
        "rhythm.beats_loudness.dvar": 0.0001783109037205577,
        "lowlevel.loudness_ebu128.short_term.stdev": 1.302264928817749,
        "lowlevel.loudness_ebu128.integrated": -10.674653053283691,
        "rhythm.beats_loudness.max": 0.10405325144529343,
        "lowlevel.spectral_centroid.max": 10684.38671875,
        "lowlevel.spectral_centroid.min": 223.31341552734375,
        "lowlevel.loudness_ebu128.momentary.stdev": 1.866524577140808,
        "rhythm.bpm": 120.92730712890625,
        "lowlevel.loudness_ebu128.loudness_range": 0.7185573577880859,
        "rhythm.beats_loudness.mean": 0.03390798345208168,
        "rhythm.bpm_histogram_second_peak_weight": 0.03066037781536579,
        "metadata.audio_properties.analysis.equal_loudness": 0.0,
        "lowlevel.loudness_ebu128.short_term.var": 1.6958940029144287,
        "rhythm.beats_loudness.dvar2": 0.0005123855662532151,
        "rhythm.bpm_histogram_second_peak_bpm": 115.0,
        "lowlevel.loudness_ebu128.momentary.mean": -10.975288391113281,
        "lowlevel.loudness_ebu128.short_term.max": -8.820613861083984,
        "rhythm.beats_loudness.stdev": 0.01539116632193327,
        "lowlevel.loudness_ebu128.momentary.dmean": 0.42342767119407654,
        "lowlevel.spectral_centroid.mean": 1059.5421142578125,
        "lowlevel.spectral_centroid.stdev": 583.9985961914062,
        "rhythm.beats_loudness.median": 0.03270788490772247,
        "lowlevel.loudness_ebu128.short_term.dmean": 0.06066622957587242,
        "lowlevel.loudness_ebu128.short_term.dvar2": 0.01732417568564415,
        "rhythm.beats_loudness.dmean2": 0.025163700804114342,
        "lowlevel.loudness_ebu128.short_term.mean": -10.851292610168457,
        "lowlevel.loudness_ebu128.momentary.var": 3.4839138984680176,
        "rhythm.beats_loudness.dmean": 0.014523171819746494,
        "lowlevel.loudness_ebu128.momentary.min": -23.983102798461914,
        "lowlevel.loudness_ebu128.momentary.dvar": 0.23127800226211548,
        "lowlevel.spectral_centroid.dmean": 192.64544677734375,
        "lowlevel.spectral_centroid.var": 341054.34375,
        "rhythm.beats_loudness.min": 0.0009848411427810788,
        "lowlevel.average_loudness": 0.9203168153762817,
        "lowlevel.loudness_ebu128.short_term.dmean2": 0.0774872824549675,
        "lowlevel.loudness_ebu128.short_term.min": -22.646268844604492,
        "rhythm.bpm_histogram_first_peak_bpm": 120.0,
        "lowlevel.loudness_ebu128.momentary.max": -6.659019470214844,
        "lowlevel.spectral_centroid.dmean2": 278.42486572265625,
        "rhythm.bpm_histogram_second_peak_spread": 0.3500000238418579,
        "lowlevel.loudness_ebu128.short_term.dvar": 0.012126637622714043,
        "lowlevel.loudness_ebu128.momentary.median": -10.734759330749512,
        "rhythm.danceability": 1.1702677011489868,
        "lowlevel.spectral_centroid.dvar": 75300.1015625,
        "rhythm.bpm_histogram_first_peak_weight": 0.45931756496429443,
        "lowlevel.loudness_ebu128.momentary.dvar2": 0.4199635088443756,
        "lowlevel.spectral_centroid.dvar2": 131024.5390625
    },
    "outlier_flag": false,
    "outlier_reasons": null,
    "raw_versions": [
        {
            "id": "yUrJPjU2tC0",
            "title": "\"I've Just Seen a Face\"",
            "views": 311,
            "features": {
                "lowlevel.average_loudness": 0.9203168153762817,
                "lowlevel.loudness_ebu128.integrated": -10.674653053283691,
                "lowlevel.loudness_ebu128.loudness_range": 0.7185573577880859,
                "lowlevel.loudness_ebu128.momentary.dmean": 0.42342767119407654,
                "lowlevel.loudness_ebu128.momentary.dmean2": 0.608102560043335,
                "lowlevel.loudness_ebu128.momentary.dvar": 0.23127800226211548,
                "lowlevel.loudness_ebu128.momentary.dvar2": 0.4199635088443756,
                "lowlevel.loudness_ebu128.momentary.max": -6.659019470214844,
                "lowlevel.loudness_ebu128.momentary.mean": -10.975288391113281,
                "lowlevel.loudness_ebu128.momentary.median": -10.734759330749512,
                "lowlevel.loudness_ebu128.momentary.min": -23.983102798461914,
                "lowlevel.loudness_ebu128.momentary.stdev": 1.866524577140808,
                "lowlevel.loudness_ebu128.momentary.var": 3.4839138984680176,
                "lowlevel.loudness_ebu128.short_term.dmean": 0.06066622957587242,
                "lowlevel.loudness_ebu128.short_term.dmean2": 0.0774872824549675,
                "lowlevel.loudness_ebu128.short_term.dvar": 0.012126637622714043,
                "lowlevel.loudness_ebu128.short_term.dvar2": 0.01732417568564415,
                "lowlevel.loudness_ebu128.short_term.max": -8.820613861083984,
                "lowlevel.loudness_ebu128.short_term.mean": -10.851292610168457,
                "lowlevel.loudness_ebu128.short_term.median": -10.64591121673584,
                "lowlevel.loudness_ebu128.short_term.min": -22.646268844604492,
                "lowlevel.loudness_ebu128.short_term.stdev": 1.302264928817749,
                "lowlevel.loudness_ebu128.short_term.var": 1.6958940029144287,
                "lowlevel.spectral_centroid.dmean": 192.64544677734375,
                "lowlevel.spectral_centroid.dmean2": 278.42486572265625,
                "lowlevel.spectral_centroid.dvar": 75300.1015625,
                "lowlevel.spectral_centroid.dvar2": 131024.5390625,
                "lowlevel.spectral_centroid.max": 10684.38671875,
                "lowlevel.spectral_centroid.mean": 1059.5421142578125,
                "lowlevel.spectral_centroid.median": 925.84765625,
                "lowlevel.spectral_centroid.min": 223.31341552734375,
                "lowlevel.spectral_centroid.stdev": 583.9985961914062,
                "lowlevel.spectral_centroid.var": 341054.34375,
                "metadata.audio_properties.analysis.equal_loudness": 0.0,
                "rhythm.beats_loudness.dmean": 0.014523171819746494,
                "rhythm.beats_loudness.dmean2": 0.025163700804114342,
                "rhythm.beats_loudness.dvar": 0.0001783109037205577,
                "rhythm.beats_loudness.dvar2": 0.0005123855662532151,
                "rhythm.beats_loudness.max": 0.10405325144529343,
                "rhythm.beats_loudness.mean": 0.03390798345208168,
                "rhythm.beats_loudness.median": 0.03270788490772247,
                "rhythm.beats_loudness.min": 0.0009848411427810788,
                "rhythm.beats_loudness.stdev": 0.01539116632193327,
                "rhythm.beats_loudness.var": 0.00023688800865784287,
                "rhythm.bpm": 120.92730712890625,
                "rhythm.bpm_histogram_first_peak_bpm": 120.0,
                "rhythm.bpm_histogram_first_peak_weight": 0.45931756496429443,
                "rhythm.bpm_histogram_second_peak_bpm": 115.0,
                "rhythm.bpm_histogram_second_peak_spread": 0.3500000238418579,
                "rhythm.bpm_histogram_second_peak_weight": 0.03066037781536579,
                "rhythm.danceability": 1.1702677011489868
            }
        }
    ]
}