{
    "song_title": "I Get Around",
    "artist": "Grateful Dead",
    "num_versions_processed": 3,
    "average_features": {
        "lowlevel.loudness_ebu128.short_term.dvar2": 0.4113090543542057,
        "lowlevel.loudness_ebu128.momentary.var": 116.22324339548747,
        "lowlevel.loudness_ebu128.momentary.min": -59.14546648661295,
        "lowlevel.spectral_centroid.dvar": 46241.771484375,
        "rhythm.beats_loudness.min": 0.0006877143883899928,
        "lowlevel.spectral_centroid.mean": 1740.7589111328125,
        "rhythm.beats_loudness.dvar": 0.00011631843760066356,
        "rhythm.bpm_histogram_first_peak_bpm": 158.33333333333334,
        "rhythm.beats_loudness.median": 0.031442818542321525,
        "lowlevel.loudness_ebu128.integrated": -13.625859578450521,
        "lowlevel.loudness_ebu128.short_term.mean": -14.450442949930826,
        "rhythm.beats_loudness.dmean2": 0.019909158969918888,
        "lowlevel.loudness_ebu128.momentary.dvar2": 6.198231498400371,
        "rhythm.bpm_histogram_second_peak_weight": 0.1793328821659088,
        "lowlevel.loudness_ebu128.loudness_range": 2.2504984537760415,
        "rhythm.bpm_histogram_second_peak_bpm": 152.0,
        "lowlevel.loudness_ebu128.short_term.min": -43.53068542480469,
        "lowlevel.loudness_ebu128.short_term.stdev": 4.428395569324493,
        "lowlevel.loudness_ebu128.short_term.dmean2": 0.08422661448518436,
        "lowlevel.loudness_ebu128.short_term.var": 42.228651225566864,
        "rhythm.beats_loudness.mean": 0.03230684188505014,
        "lowlevel.spectral_centroid.max": 6621.866861979167,
        "lowlevel.loudness_ebu128.momentary.dvar": 3.863136723637581,
        "rhythm.beats_loudness.stdev": 0.013097154907882214,
        "lowlevel.loudness_ebu128.momentary.max": -10.693929354349772,
        "lowlevel.spectral_centroid.median": 1687.1833089192708,
        "lowlevel.loudness_ebu128.momentary.dmean": 0.42269031206766766,
        "lowlevel.loudness_ebu128.short_term.dvar": 0.41261784367573756,
        "rhythm.beats_loudness.var": 0.00017171606790119162,
        "lowlevel.loudness_ebu128.momentary.stdev": 7.659426848093669,
        "lowlevel.loudness_ebu128.momentary.mean": -15.635581016540527,
        "rhythm.beats_loudness.dmean": 0.011407450772821903,
        "lowlevel.average_loudness": 0.9239582618077596,
        "lowlevel.loudness_ebu128.short_term.median": -13.53520647684733,
        "rhythm.beats_loudness.max": 0.08827089021603267,
        "metadata.audio_properties.analysis.equal_loudness": 0.0,
        "lowlevel.loudness_ebu128.momentary.dmean2": 0.4945609172185262,
        "lowlevel.spectral_centroid.dvar2": 98940.171875,
        "lowlevel.loudness_ebu128.short_term.max": -12.02054214477539,
        "lowlevel.spectral_centroid.var": 408660.7239583333,
        "rhythm.bpm_histogram_first_peak_weight": 0.37106478214263916,
        "lowlevel.loudness_ebu128.momentary.median": -13.65111509958903,
        "rhythm.bpm": 157.55923970540366,
        "rhythm.beats_loudness.dvar2": 0.00034960855070191127,
        "lowlevel.loudness_ebu128.short_term.dmean": 0.08944653098781903,
        "lowlevel.spectral_centroid.stdev": 603.4113362630209,
        "lowlevel.spectral_centroid.dmean": 205.11492919921875,
        "lowlevel.spectral_centroid.dmean2": 322.54624938964844,
        "rhythm.danceability": 1.1298330426216125,
        "lowlevel.spectral_centroid.min": 258.42662556966144,
        "rhythm.bpm_histogram_second_peak_spread": 0.1596109668413798
    },
    "outlier_flag": false,
    "outlier_reasons": null,
    "raw_versions": [
        {
            "id": "ruKCw797JM4",
            "title": "The Beach Boys \"I Get Around\" on The Ed Sullivan Show",
            "views": 12891841,
            "features": {
                "lowlevel.average_loudness": 0.9517719745635986,
                "lowlevel.loudness_ebu128.integrated": -13.656625747680664,
                "lowlevel.loudness_ebu128.loudness_range": 1.764042854309082,
                "lowlevel.loudness_ebu128.momentary.dmean": 0.35521259903907776,
                "lowlevel.loudness_ebu128.momentary.dmean2": 0.4199245274066925,
                "lowlevel.loudness_ebu128.momentary.dvar": 0.13270686566829681,
                "lowlevel.loudness_ebu128.momentary.dvar2": 0.18421921133995056,
                "lowlevel.loudness_ebu128.momentary.max": -10.581170082092285,
                "lowlevel.loudness_ebu128.momentary.mean": -13.804035186767578,
                "lowlevel.loudness_ebu128.momentary.median": -13.675069808959961,
                "lowlevel.loudness_ebu128.momentary.min": -28.081266403198242,
                "lowlevel.loudness_ebu128.momentary.stdev": 1.2067270278930664,
                "lowlevel.loudness_ebu128.momentary.var": 1.4561901092529297,
                "lowlevel.loudness_ebu128.short_term.dmean": 0.05465519055724144,
                "lowlevel.loudness_ebu128.short_term.dmean2": 0.0612860769033432,
                "lowlevel.loudness_ebu128.short_term.dvar": 0.0023519403766840696,
                "lowlevel.loudness_ebu128.short_term.dvar2": 0.003210962750017643,
                "lowlevel.loudness_ebu128.short_term.max": -12.366649627685547,
                "lowlevel.loudness_ebu128.short_term.mean": -13.691142082214355,
                "lowlevel.loudness_ebu128.short_term.median": -13.60546875,
                "lowlevel.loudness_ebu128.short_term.min": -15.608098983764648,
                "lowlevel.loudness_ebu128.short_term.stdev": 0.577931821346283,
                "lowlevel.loudness_ebu128.short_term.var": 0.3340051770210266,
                "lowlevel.spectral_centroid.dmean": 164.34381103515625,
                "lowlevel.spectral_centroid.dmean2": 254.0632781982422,
                "lowlevel.spectral_centroid.dvar": 24608.845703125,
                "lowlevel.spectral_centroid.dvar2": 56061.34375,
                "lowlevel.spectral_centroid.max": 3013.6669921875,
                "lowlevel.spectral_centroid.mean": 1140.5341796875,
                "lowlevel.spectral_centroid.median": 1062.766357421875,
                "lowlevel.spectral_centroid.min": 272.1766357421875,
                "lowlevel.spectral_centroid.stdev": 424.3490905761719,
                "lowlevel.spectral_centroid.var": 180072.140625,
                "metadata.audio_properties.analysis.equal_loudness": 0.0,
                "rhythm.beats_loudness.dmean": 0.013149871490895748,
                "rhythm.beats_loudness.dmean2": 0.02282717265188694,
                "rhythm.beats_loudness.dvar": 0.00014827906852588058,
                "rhythm.beats_loudness.dvar2": 0.00045458192471414804,
                "rhythm.beats_loudness.max": 0.09315623342990875,
                "rhythm.beats_loudness.mean": 0.03790564090013504,
                "rhythm.beats_loudness.median": 0.03642413392663002,
                "rhythm.beats_loudness.min": 0.001950110075995326,
                "rhythm.beats_loudness.stdev": 0.013688638806343079,
                "rhythm.beats_loudness.var": 0.0001873788278317079,
                "rhythm.bpm": 154.8106231689453,
                "rhythm.bpm_histogram_first_peak_bpm": 157.0,
                "rhythm.bpm_histogram_first_peak_weight": 0.42331284284591675,
                "rhythm.bpm_histogram_second_peak_bpm": 152.0,
                "rhythm.bpm_histogram_second_peak_spread": 0.26829272508621216,
                "rhythm.bpm_histogram_second_peak_weight": 0.19543974101543427,
                "rhythm.danceability": 1.2926441431045532
            }
        },
        {
            "id": "MDIBMaCTwFw",
            "title": "The T.A.M.I. Show: Beach Boys - \"I Get Around\"",
            "views": 2380859,
            "features": {
                "lowlevel.average_loudness": 0.8859158754348755,
                "lowlevel.loudness_ebu128.integrated": -15.366389274597168,
                "lowlevel.loudness_ebu128.loudness_range": 2.143413543701172,
                "lowlevel.loudness_ebu128.momentary.dmean": 0.5400733947753906,