{
    "song_title": "I Just Want To Make Love To You",
    "artist": "Grateful Dead",
    "num_versions_processed": 2,
    "average_features": {
        "lowlevel.loudness_ebu128.momentary.dmean2": 0.8687082231044769,
        "lowlevel.loudness_ebu128.short_term.median": -13.996953964233398,
        "lowlevel.spectral_centroid.median": 1183.0806884765625,
        "rhythm.beats_loudness.var": 0.0003084978088736534,
        "rhythm.beats_loudness.dvar": 0.00018552087567513809,
        "lowlevel.loudness_ebu128.short_term.stdev": 2.554942309856415,
        "lowlevel.loudness_ebu128.integrated": -13.467267036437988,
        "rhythm.beats_loudness.max": 0.1080053523182869,
        "lowlevel.spectral_centroid.max": 11229.2373046875,
        "lowlevel.spectral_centroid.min": 232.50079345703125,
        "lowlevel.loudness_ebu128.momentary.stdev": 5.345654249191284,
        "rhythm.bpm": 140.1455841064453,
        "lowlevel.loudness_ebu128.loudness_range": 5.962128639221191,
        "rhythm.beats_loudness.mean": 0.02500836458057165,
        "rhythm.bpm_histogram_second_peak_weight": 0.1338183358311653,
        "metadata.audio_properties.analysis.equal_loudness": 0.0,
        "lowlevel.loudness_ebu128.short_term.var": 6.957780480384827,
        "rhythm.beats_loudness.dvar2": 0.0005163637106306851,
        "rhythm.bpm_histogram_second_peak_bpm": 96.0,
        "lowlevel.loudness_ebu128.momentary.mean": -14.912133693695068,
        "lowlevel.loudness_ebu128.short_term.max": -9.409570693969727,
        "rhythm.beats_loudness.stdev": 0.01748024206608534,
        "lowlevel.loudness_ebu128.momentary.dmean": 0.7307498157024384,
        "lowlevel.spectral_centroid.mean": 1251.8626708984375,
        "lowlevel.spectral_centroid.stdev": 530.3628845214844,
        "rhythm.beats_loudness.median": 0.0216065077111125,
        "lowlevel.loudness_ebu128.short_term.dmean": 0.11151828989386559,
        "lowlevel.loudness_ebu128.short_term.dvar2": 0.020332382060587406,
        "rhythm.beats_loudness.dmean2": 0.021891802549362183,
        "lowlevel.loudness_ebu128.short_term.mean": -14.101624965667725,
        "lowlevel.loudness_ebu128.momentary.var": 30.18253803253174,
        "rhythm.beats_loudness.dmean": 0.01282747508957982,
        "lowlevel.loudness_ebu128.momentary.min": -71.79454803466797,
        "lowlevel.loudness_ebu128.momentary.dvar": 1.0395208895206451,
        "lowlevel.spectral_centroid.dmean": 193.3750457763672,
        "lowlevel.spectral_centroid.var": 284934.6875,
        "rhythm.beats_loudness.min": 5.75066861074891e-07,
        "lowlevel.average_loudness": 0.581224799156189,
        "lowlevel.loudness_ebu128.short_term.dmean2": 0.10494314879179001,
        "lowlevel.loudness_ebu128.short_term.min": -39.73871326446533,
        "rhythm.bpm_histogram_first_peak_bpm": 140.5,
        "lowlevel.loudness_ebu128.momentary.max": -6.583332061767578,
        "lowlevel.spectral_centroid.dmean2": 295.80029296875,
        "rhythm.bpm_histogram_second_peak_spread": 0.5286352336406708,
        "lowlevel.loudness_ebu128.short_term.dvar": 0.028039737604558468,
        "lowlevel.loudness_ebu128.momentary.median": -14.255950450897217,
        "rhythm.danceability": 1.1148713827133179,
        "lowlevel.spectral_centroid.dvar": 38554.6875,
        "rhythm.bpm_histogram_first_peak_weight": 0.3392857313156128,
        "lowlevel.loudness_ebu128.momentary.dvar2": 1.532779037952423,
        "lowlevel.spectral_centroid.dvar2": 79652.56640625
    },
    "outlier_flag": true,
    "outlier_reasons": [
        "BPM Variance: 76.12 (limit 20)"
    ],
    "raw_versions": [
        {
            "id": "lhjM2CuNdsQ",
            "title": "Grateful Dead - I Just Want To Make Love To You 1966-11-29",
            "views": 3155,
            "features": {
                "lowlevel.average_loudness": 0.7221375703811646,
                "lowlevel.loudness_ebu128.integrated": -12.178937911987305,
                "lowlevel.loudness_ebu128.loudness_range": 5.307849884033203,
                "lowlevel.loudness_ebu128.momentary.dmean": 0.6232823133468628,
                "lowlevel.loudness_ebu128.momentary.dmean2": 0.7032385468482971,
                "lowlevel.loudness_ebu128.momentary.dvar": 0.8413318991661072,
                "lowlevel.loudness_ebu128.momentary.dvar2": 1.1830805540084839,
                "lowlevel.loudness_ebu128.momentary.max": -5.668246746063232,
                "lowlevel.loudness_ebu128.momentary.mean": -13.36046314239502,
                "lowlevel.loudness_ebu128.momentary.median": -12.925228118896484,
                "lowlevel.loudness_ebu128.momentary.min": -64.17443084716797,
                "lowlevel.loudness_ebu128.momentary.stdev": 4.078169345855713,
                "lowlevel.loudness_ebu128.momentary.var": 16.6314640045166,
                "lowlevel.loudness_ebu128.short_term.dmean": 0.10495619475841522,
                "lowlevel.loudness_ebu128.short_term.dmean2": 0.08713759481906891,
                "lowlevel.loudness_ebu128.short_term.dvar": 0.026119861751794815,
                "lowlevel.loudness_ebu128.short_term.dvar2": 0.010291093960404396,
                "lowlevel.loudness_ebu128.short_term.max": -7.841294288635254,
                "lowlevel.loudness_ebu128.short_term.mean": -12.666853904724121,
                "lowlevel.loudness_ebu128.short_term.median": -12.782083511352539,
                "lowlevel.loudness_ebu128.short_term.min": -30.714189529418945,
                "lowlevel.loudness_ebu128.short_term.stdev": 1.8991602659225464,
                "lowlevel.loudness_ebu128.short_term.var": 3.6068098545074463,
                "lowlevel.spectral_centroid.dmean": 198.7281494140625,
                "lowlevel.spectral_centroid.dmean2": 306.5713195800781,
                "lowlevel.spectral_centroid.dvar": 35168.70703125,
                "lowlevel.spectral_centroid.dvar2": 73389.4453125,
                "lowlevel.spectral_centroid.max": 10947.798828125,
                "lowlevel.spectral_centroid.mean": 1247.5362548828125,
                "lowlevel.spectral_centroid.median": 1225.0084228515625,
                "lowlevel.spectral_centroid.min": 194.15472412109375,
                "lowlevel.spectral_centroid.stdev": 469.94842529296875,
                "lowlevel.spectral_centroid.var": 220851.53125,
                "metadata.audio_properties.analysis.equal_loudness": 0.0,
                "rhythm.beats_loudness.dmean": 0.011077523231506348,
                "rhythm.beats_loudness.dmean2": 0.01936107501387596,
                "rhythm.beats_loudness.dvar": 0.00013530738942790776,
                "rhythm.beats_loudness.dvar2": 0.0004009848344139755,
                "rhythm.beats_loudness.max": 0.09660268574953079,
                "rhythm.beats_loudness.mean": 0.0244316216558218,
                "rhythm.beats_loudness.median": 0.021322255954146385,
                "rhythm.beats_loudness.min": 1.1487984465929912e-06,
                "rhythm.beats_loudness.stdev": 0.01576591096818447,
                "rhythm.beats_loudness.var": 0.00024856397067196667,
                "rhythm.bpm": 178.2057647705078,
                "rhythm.bpm_histogram_first_peak_bpm": 178.0,
                "rhythm.bpm_histogram_first_peak_weight": 0.0,
                "rhythm.bpm_histogram_second_peak_bpm": 94.0,
                "rhythm.bpm_histogram_second_peak_spread": 0.5062500238418579,
                "rhythm.bpm_histogram_second_peak_weight": 0.18119266629219055,
                "rhythm.danceability": 1.033629298210144
            }
        },
        {
            "id": "zvc-m0tUzuI",
            "title": "Grateful Dead-I Just Wanna Make Love To You, 7/22/1984, Ventura County Fairgrounds",
            "views": 3512,
            "features": {
                "lowlevel.average_loudness": 0.4403120279312134,
                "lowlevel.loudness_ebu128.integrated": -14.755596160888672,
                "lowlevel.loudness_ebu128.loudness_range": 6.61640739440918,