{
    "song_title": "I Second That Emotion",
    "artist": "Grateful Dead",
    "num_versions_processed": 2,
    "average_features": {
        "lowlevel.loudness_ebu128.short_term.dvar2": 0.003141329507343471,
        "lowlevel.loudness_ebu128.momentary.var": 3.326683759689331,
        "lowlevel.loudness_ebu128.momentary.min": -30.30299663543701,
        "lowlevel.spectral_centroid.dvar": 53998.908203125,
        "rhythm.beats_loudness.min": 0.0012337894004303962,
        "lowlevel.spectral_centroid.mean": 1106.6967468261719,
        "rhythm.beats_loudness.dvar": 0.00024535417469451204,
        "rhythm.bpm_histogram_first_peak_bpm": 115.0,
        "rhythm.beats_loudness.median": 0.040250297635793686,
        "lowlevel.loudness_ebu128.integrated": -12.419195652008057,
        "lowlevel.loudness_ebu128.short_term.mean": -12.480793476104736,
        "rhythm.beats_loudness.dmean2": 0.031165155582129955,
        "lowlevel.loudness_ebu128.momentary.dvar2": 0.22848329693078995,
        "rhythm.bpm_histogram_second_peak_weight": 0.08107294049113989,
        "lowlevel.loudness_ebu128.loudness_range": 2.423185348510742,
        "rhythm.bpm_histogram_second_peak_bpm": 118.0,
        "lowlevel.loudness_ebu128.short_term.min": -16.092451572418213,
        "lowlevel.loudness_ebu128.short_term.stdev": 0.8396361470222473,
        "lowlevel.loudness_ebu128.short_term.dmean2": 0.0655340738594532,
        "lowlevel.loudness_ebu128.short_term.var": 0.7049888968467712,
        "rhythm.beats_loudness.mean": 0.04272702895104885,
        "lowlevel.spectral_centroid.max": 10770.607421875,
        "lowlevel.loudness_ebu128.momentary.dvar": 0.1917974129319191,
        "rhythm.beats_loudness.stdev": 0.018329475075006485,
        "lowlevel.loudness_ebu128.momentary.max": -7.696261167526245,
        "lowlevel.spectral_centroid.median": 1034.5924072265625,
        "lowlevel.loudness_ebu128.momentary.dmean": 0.46898144483566284,
        "lowlevel.loudness_ebu128.short_term.dvar": 0.003211778588593006,
        "rhythm.beats_loudness.var": 0.00037127709219930694,
        "lowlevel.loudness_ebu128.momentary.stdev": 1.8094541430473328,
        "lowlevel.loudness_ebu128.momentary.mean": -12.730107307434082,
        "rhythm.beats_loudness.dmean": 0.018018197268247604,
        "lowlevel.average_loudness": 0.9362255334854126,
        "lowlevel.loudness_ebu128.short_term.median": -12.412625312805176,
        "rhythm.beats_loudness.max": 0.11384439095854759,
        "metadata.audio_properties.analysis.equal_loudness": 0.0,
        "lowlevel.loudness_ebu128.momentary.dmean2": 0.5086151957511902,
        "lowlevel.spectral_centroid.dvar2": 115148.296875,
        "lowlevel.loudness_ebu128.short_term.max": -10.350786685943604,
        "lowlevel.spectral_centroid.var": 300351.0625,
        "rhythm.bpm_histogram_first_peak_weight": 0.4675747752189636,
        "lowlevel.loudness_ebu128.momentary.median": -12.558096885681152,
        "rhythm.bpm": 114.9903793334961,
        "rhythm.beats_loudness.dvar2": 0.0007117516070138663,
        "lowlevel.loudness_ebu128.short_term.dmean": 0.06622099503874779,
        "lowlevel.spectral_centroid.stdev": 522.99462890625,
        "lowlevel.spectral_centroid.dmean": 188.86473083496094,
        "lowlevel.spectral_centroid.dmean2": 295.7071990966797,
        "rhythm.danceability": 1.2516300678253174,
        "lowlevel.spectral_centroid.min": 213.94625091552734,
        "rhythm.bpm_histogram_second_peak_spread": 0.4586864709854126
    },
    "outlier_flag": false,
    "outlier_reasons": null,
    "raw_versions": [
        {
            "id": "2ia6zQLOPfU",
            "title": "Smokey Robinson & The Miracles \"I Second That Emotion, If You Can Want, Going To A Go-Go\"",
            "views": 304871,
            "features": {
                "lowlevel.average_loudness": 0.9117265939712524,
                "lowlevel.loudness_ebu128.integrated": -12.388720512390137,
                "lowlevel.loudness_ebu128.loudness_range": 2.568868637084961,
                "lowlevel.loudness_ebu128.momentary.dmean": 0.4569259583950043,
                "lowlevel.loudness_ebu128.momentary.dmean2": 0.48341017961502075,
                "lowlevel.loudness_ebu128.momentary.dvar": 0.19881020486354828,
                "lowlevel.loudness_ebu128.momentary.dvar2": 0.22442840039730072,
                "lowlevel.loudness_ebu128.momentary.max": -6.98170804977417,
                "lowlevel.loudness_ebu128.momentary.mean": -12.655866622924805,
                "lowlevel.loudness_ebu128.momentary.median": -12.561418533325195,
                "lowlevel.loudness_ebu128.momentary.min": -26.382429122924805,
                "lowlevel.loudness_ebu128.momentary.stdev": 1.5801955461502075,
                "lowlevel.loudness_ebu128.momentary.var": 2.4970178604125977,
                "lowlevel.loudness_ebu128.short_term.dmean": 0.06592930853366852,
                "lowlevel.loudness_ebu128.short_term.dmean2": 0.06422961503267288,
                "lowlevel.loudness_ebu128.short_term.dvar": 0.0035095326602458954,
                "lowlevel.loudness_ebu128.short_term.dvar2": 0.0031874566338956356,
                "lowlevel.loudness_ebu128.short_term.max": -10.01259994506836,
                "lowlevel.loudness_ebu128.short_term.mean": -12.449427604675293,
                "lowlevel.loudness_ebu128.short_term.median": -12.418373107910156,
                "lowlevel.loudness_ebu128.short_term.min": -15.56127643585205,
                "lowlevel.loudness_ebu128.short_term.stdev": 0.8394826650619507,
                "lowlevel.loudness_ebu128.short_term.var": 0.7047311663627625,
                "lowlevel.spectral_centroid.dmean": 125.21609497070312,
                "lowlevel.spectral_centroid.dmean2": 193.33499145507812,
                "lowlevel.spectral_centroid.dvar": 27779.91796875,
                "lowlevel.spectral_centroid.dvar2": 50437.4375,
                "lowlevel.spectral_centroid.max": 11094.8515625,
                "lowlevel.spectral_centroid.mean": 846.3081665039062,
                "lowlevel.spectral_centroid.median": 804.229248046875,
                "lowlevel.spectral_centroid.min": 183.96627807617188,
                "lowlevel.spectral_centroid.stdev": 359.20306396484375,
                "lowlevel.spectral_centroid.var": 129026.84375,
                "metadata.audio_properties.analysis.equal_loudness": 0.0,
                "rhythm.beats_loudness.dmean": 0.011914238333702087,
                "rhythm.beats_loudness.dmean2": 0.020673314109444618,
                "rhythm.beats_loudness.dvar": 0.00011278431338723749,
                "rhythm.beats_loudness.dvar2": 0.00030991650419309735,
                "rhythm.beats_loudness.max": 0.09835893660783768,
                "rhythm.beats_loudness.mean": 0.0343228280544281,
                "rhythm.beats_loudness.median": 0.03294050320982933,
                "rhythm.beats_loudness.min": 0.0016883037751540542,
                "rhythm.beats_loudness.stdev": 0.012387469410896301,
                "rhythm.beats_loudness.var": 0.000153449407662265,
                "rhythm.bpm": 135.81541442871094,
                "rhythm.bpm_histogram_first_peak_bpm": 136.0,
                "rhythm.bpm_histogram_first_peak_weight": 0.44025158882141113,
                "rhythm.bpm_histogram_second_peak_bpm": 126.0,
                "rhythm.bpm_histogram_second_peak_spread": 0.5423729419708252,
                "rhythm.bpm_histogram_second_peak_weight": 0.13810741901397705,
                "rhythm.danceability": 1.2152249813079834
            }
        },
        {
            "id": "9yeOyQZrM8s",
            "title": "Smokey Robinson - I Second That Emotion (Live in Hyde Park, March 16th, 2014)",
            "views": 49701,
            "features": {
                "lowlevel.average_loudness": 0.9607244729995728,
                "lowlevel.loudness_ebu128.integrated": -12.449670791625977,
                "lowlevel.loudness_ebu128.loudness_range": 2.2775020599365234,