{
    "song_title": "I Will Take You Home",
    "artist": "Grateful Dead",
    "num_versions_processed": 3,
    "average_features": {
        "rhythm.beats_loudness.dvar": 0.0005239972088020295,
        "lowlevel.loudness_ebu128.momentary.median": -25.169584274291992,
        "lowlevel.loudness_ebu128.short_term.min": -53.7253672281901,
        "lowlevel.loudness_ebu128.short_term.dvar": 0.10490795007596414,
        "rhythm.beats_loudness.dvar2": 0.0015055830590426922,
        "rhythm.beats_loudness.min": 3.152970168329716e-05,
        "lowlevel.loudness_ebu128.momentary.min": -75.68836720784505,
        "rhythm.bpm_histogram_second_peak_weight": 0.10209288944800694,
        "lowlevel.spectral_centroid.min": 203.7602742513021,
        "lowlevel.spectral_centroid.var": 495013.6979166667,
        "lowlevel.loudness_ebu128.short_term.dvar2": 0.09073977420727412,
        "lowlevel.loudness_ebu128.short_term.stdev": 6.760903517405192,
        "rhythm.beats_loudness.max": 0.2587573031584422,
        "lowlevel.loudness_ebu128.momentary.dvar2": 1.0843957662582397,
        "lowlevel.spectral_centroid.dvar2": 68674.51171875,
        "lowlevel.loudness_ebu128.momentary.max": -15.50584348042806,
        "lowlevel.average_loudness": 0.33059072991212207,
        "lowlevel.loudness_ebu128.momentary.var": 79.20132573445638,
        "lowlevel.loudness_ebu128.loudness_range": 9.93807856241862,
        "rhythm.beats_loudness.dmean": 0.014961836859583855,
        "lowlevel.loudness_ebu128.momentary.dvar": 0.9531603554884592,
        "metadata.audio_properties.analysis.equal_loudness": 0.0,
        "lowlevel.spectral_centroid.dmean": 127.48561350504558,
        "rhythm.bpm": 150.4144541422526,
        "lowlevel.spectral_centroid.dvar": 34608.709635416664,
        "lowlevel.loudness_ebu128.momentary.dmean2": 0.7190846800804138,
        "rhythm.bpm_histogram_first_peak_weight": 0.50390625,
        "rhythm.bpm_histogram_second_peak_spread": 0.3643411596616109,
        "lowlevel.loudness_ebu128.momentary.mean": -27.207351048787434,
        "lowlevel.loudness_ebu128.momentary.dmean": 0.7394316991170248,
        "rhythm.beats_loudness.mean": 0.025067735463380814,
        "rhythm.bpm_histogram_second_peak_bpm": 149.66666666666666,
        "lowlevel.loudness_ebu128.integrated": -23.4880428314209,
        "rhythm.beats_loudness.var": 0.0007615917517493168,
        "lowlevel.loudness_ebu128.momentary.stdev": 8.316720326741537,
        "lowlevel.loudness_ebu128.short_term.var": 58.6006285349528,
        "lowlevel.spectral_centroid.max": 6985.936848958333,
        "rhythm.beats_loudness.dmean2": 0.025871343289812405,
        "rhythm.danceability": 1.0100940863291423,
        "lowlevel.loudness_ebu128.short_term.max": -18.678276697794598,
        "lowlevel.spectral_centroid.mean": 955.3383992513021,
        "rhythm.beats_loudness.stdev": 0.02716338448226452,
        "lowlevel.loudness_ebu128.short_term.dmean2": 0.10977223763863246,
        "lowlevel.loudness_ebu128.short_term.dmean": 0.1475317378838857,
        "lowlevel.loudness_ebu128.short_term.mean": -26.080816904703777,
        "rhythm.bpm_histogram_first_peak_bpm": 151.0,
        "lowlevel.loudness_ebu128.short_term.median": -24.34436798095703,
        "lowlevel.spectral_centroid.median": 810.9180399576823,
        "lowlevel.spectral_centroid.stdev": 673.4100341796875,
        "lowlevel.spectral_centroid.dmean2": 189.59886678059897,
        "rhythm.beats_loudness.median": 0.019447863412400086
    },
    "outlier_flag": false,
    "outlier_reasons": null,
    "raw_versions": [
        {
            "id": "EZjDxo-AISo",
            "title": "Grateful Dead 6/17/90 Shoreline Amp. - I Will Take You Home",
            "views": 112382,
            "features": {
                "lowlevel.average_loudness": 0.1511288285255432,
                "lowlevel.loudness_ebu128.integrated": -28.883346557617188,
                "lowlevel.loudness_ebu128.loudness_range": 7.721891403198242,
                "lowlevel.loudness_ebu128.momentary.dmean": 0.668722927570343,
                "lowlevel.loudness_ebu128.momentary.dmean2": 0.6427645087242126,
                "lowlevel.loudness_ebu128.momentary.dvar": 0.8245820999145508,
                "lowlevel.loudness_ebu128.momentary.dvar2": 0.8985557556152344,
                "lowlevel.loudness_ebu128.momentary.max": -19.544036865234375,
                "lowlevel.loudness_ebu128.momentary.mean": -32.97761535644531,
                "lowlevel.loudness_ebu128.momentary.median": -30.38141441345215,
                "lowlevel.loudness_ebu128.momentary.min": -90.65620422363281,
                "lowlevel.loudness_ebu128.momentary.stdev": 12.794538497924805,
                "lowlevel.loudness_ebu128.momentary.var": 163.70022583007812,
                "lowlevel.loudness_ebu128.short_term.dmean": 0.14516574144363403,
                "lowlevel.loudness_ebu128.short_term.dmean2": 0.10762039572000504,
                "lowlevel.loudness_ebu128.short_term.dvar": 0.24682509899139404,
                "lowlevel.loudness_ebu128.short_term.dvar2": 0.22372086346149445,
                "lowlevel.loudness_ebu128.short_term.max": -23.316320419311523,
                "lowlevel.loudness_ebu128.short_term.mean": -32.006126403808594,
                "lowlevel.loudness_ebu128.short_term.median": -29.661649703979492,
                "lowlevel.loudness_ebu128.short_term.min": -90.09331512451172,
                "lowlevel.loudness_ebu128.short_term.stdev": 11.763163566589355,
                "lowlevel.loudness_ebu128.short_term.var": 138.37200927734375,
                "lowlevel.spectral_centroid.dmean": 84.83512115478516,
                "lowlevel.spectral_centroid.dmean2": 126.36575317382812,
                "lowlevel.spectral_centroid.dvar": 26942.45703125,
                "lowlevel.spectral_centroid.dvar2": 50039.17578125,
                "lowlevel.spectral_centroid.max": 10910.984375,
                "lowlevel.spectral_centroid.mean": 766.683349609375,
                "lowlevel.spectral_centroid.median": 499.0591125488281,
                "lowlevel.spectral_centroid.min": 166.1136016845703,
                "lowlevel.spectral_centroid.stdev": 961.6200561523438,
                "lowlevel.spectral_centroid.var": 924713.1875,
                "metadata.audio_properties.analysis.equal_loudness": 0.0,
                "rhythm.beats_loudness.dmean": 0.016878675669431686,
                "rhythm.beats_loudness.dmean2": 0.028589099645614624,
                "rhythm.beats_loudness.dvar": 0.0009014815441332757,
                "rhythm.beats_loudness.dvar2": 0.0025705581065267324,
                "rhythm.beats_loudness.max": 0.396457701921463,
                "rhythm.beats_loudness.mean": 0.02558925189077854,
                "rhythm.beats_loudness.median": 0.017089538276195526,
                "rhythm.beats_loudness.min": 1.94111287044052e-08,
                "rhythm.beats_loudness.stdev": 0.0319191999733448,
                "rhythm.beats_loudness.var": 0.0010188353480771184,
                "rhythm.bpm": 147.77793884277344,
                "rhythm.bpm_histogram_first_peak_bpm": 148.0,
                "rhythm.bpm_histogram_first_peak_weight": 0.5784615278244019,
                "rhythm.bpm_histogram_second_peak_bpm": 140.0,
                "rhythm.bpm_histogram_second_peak_spread": 0.4399999976158142,
                "rhythm.bpm_histogram_second_peak_weight": 0.08547008782625198,
                "rhythm.danceability": 0.9481936693191528
            }
        },
        {
            "id": "HnW8WMx_94E",
            "title": "Grateful Dead - I Will Take You Home - 9/30/89 (Pro-Shot)",
            "views": 415443,
            "features": {
                "lowlevel.average_loudness": 0.14119018614292145,
                "lowlevel.loudness_ebu128.integrated": -24.62161636352539,
                "lowlevel.loudness_ebu128.loudness_range": 9.248533248901367,
                "lowlevel.loudness_ebu128.momentary.dmean": 1.0033938884735107,