{
    "song_title": "If I Had The World To Give",
    "artist": "Grateful Dead",
    "num_versions_processed": 2,
    "average_features": {
        "lowlevel.loudness_ebu128.short_term.dvar2": 0.01867065392434597,
        "lowlevel.loudness_ebu128.momentary.var": 16.57405376434326,
        "lowlevel.loudness_ebu128.momentary.min": -60.86611366271973,
        "lowlevel.spectral_centroid.dvar": 80115.150390625,
        "rhythm.beats_loudness.min": 0.00022165305885868403,
        "lowlevel.spectral_centroid.mean": 1344.7613525390625,
        "rhythm.beats_loudness.dvar": 0.0005216838326305151,
        "rhythm.bpm_histogram_first_peak_bpm": 126.0,
        "rhythm.beats_loudness.median": 0.02460466045886278,
        "lowlevel.loudness_ebu128.integrated": -16.66544198989868,
        "lowlevel.loudness_ebu128.short_term.mean": -17.590617179870605,
        "rhythm.beats_loudness.dmean2": 0.040716201066970825,
        "lowlevel.loudness_ebu128.momentary.dvar2": 1.4474900364875793,
        "rhythm.bpm_histogram_second_peak_weight": 0.13341263309121132,
        "lowlevel.loudness_ebu128.loudness_range": 7.680927276611328,
        "rhythm.bpm_histogram_second_peak_bpm": 129.5,
        "lowlevel.loudness_ebu128.short_term.min": -28.18295669555664,
        "lowlevel.loudness_ebu128.short_term.stdev": 2.8529927730560303,
        "lowlevel.loudness_ebu128.short_term.dmean2": 0.11934548616409302,
        "lowlevel.loudness_ebu128.short_term.var": 8.206666231155396,
        "rhythm.beats_loudness.mean": 0.030438891611993313,
        "lowlevel.spectral_centroid.max": 8257.9697265625,
        "lowlevel.loudness_ebu128.momentary.dvar": 0.8671681582927704,
        "rhythm.beats_loudness.stdev": 0.024690291844308376,
        "lowlevel.loudness_ebu128.momentary.max": -8.75515341758728,
        "lowlevel.spectral_centroid.median": 1233.3414916992188,
        "lowlevel.loudness_ebu128.momentary.dmean": 0.8534283339977264,
        "lowlevel.loudness_ebu128.short_term.dvar": 0.020025058649480343,
        "rhythm.beats_loudness.var": 0.0006124316132627428,
        "lowlevel.loudness_ebu128.momentary.stdev": 4.067332029342651,
        "lowlevel.loudness_ebu128.momentary.mean": -18.194228172302246,
        "rhythm.beats_loudness.dmean": 0.022283099591732025,
        "lowlevel.average_loudness": 0.40486743301153183,
        "lowlevel.loudness_ebu128.short_term.median": -17.679444313049316,
        "rhythm.beats_loudness.max": 0.18655692785978317,
        "metadata.audio_properties.analysis.equal_loudness": 0.0,
        "lowlevel.loudness_ebu128.momentary.dmean2": 1.0100204944610596,
        "lowlevel.spectral_centroid.dvar2": 168825.34375,
        "lowlevel.loudness_ebu128.short_term.max": -11.673295497894287,
        "lowlevel.spectral_centroid.var": 488542.40625,
        "rhythm.bpm_histogram_first_peak_weight": 0.6053611636161804,
        "lowlevel.loudness_ebu128.momentary.median": -17.981017112731934,
        "rhythm.bpm": 126.03959655761719,
        "rhythm.beats_loudness.dvar2": 0.0015788067830726504,
        "lowlevel.loudness_ebu128.short_term.dmean": 0.1240977942943573,
        "lowlevel.spectral_centroid.stdev": 668.6185913085938,
        "lowlevel.spectral_centroid.dmean": 218.7406234741211,
        "lowlevel.spectral_centroid.dmean2": 333.9800338745117,
        "rhythm.danceability": 1.1102046370506287,
        "lowlevel.spectral_centroid.min": 199.34910583496094,
        "rhythm.bpm_histogram_second_peak_spread": 0.2892357409000397
    },
    "outlier_flag": false,
    "outlier_reasons": null,
    "raw_versions": [
        {
            "id": "uL5sBq8Ujds",
            "title": "Grateful Dead  If I Had the World to Give 10-17-78 Winterland Arena",
            "views": 8163,
            "features": {
                "lowlevel.average_loudness": 0.5912176370620728,
                "lowlevel.loudness_ebu128.integrated": -15.50685977935791,
                "lowlevel.loudness_ebu128.loudness_range": 8.501764297485352,
                "lowlevel.loudness_ebu128.momentary.dmean": 0.8835958242416382,
                "lowlevel.loudness_ebu128.momentary.dmean2": 1.103230357170105,
                "lowlevel.loudness_ebu128.momentary.dvar": 0.8636319637298584,
                "lowlevel.loudness_ebu128.momentary.dvar2": 1.6053484678268433,
                "lowlevel.loudness_ebu128.momentary.max": -7.839457035064697,
                "lowlevel.loudness_ebu128.momentary.mean": -17.14360237121582,
                "lowlevel.loudness_ebu128.momentary.median": -17.12952423095703,
                "lowlevel.loudness_ebu128.momentary.min": -31.230579376220703,
                "lowlevel.loudness_ebu128.momentary.stdev": 3.8916473388671875,
                "lowlevel.loudness_ebu128.momentary.var": 15.144918441772461,
                "lowlevel.loudness_ebu128.short_term.dmean": 0.12325216829776764,
                "lowlevel.loudness_ebu128.short_term.dmean2": 0.13054312765598297,
                "lowlevel.loudness_ebu128.short_term.dvar": 0.017280224710702896,
                "lowlevel.loudness_ebu128.short_term.dvar2": 0.020630186423659325,
                "lowlevel.loudness_ebu128.short_term.max": -10.696182250976562,
                "lowlevel.loudness_ebu128.short_term.mean": -16.629003524780273,
                "lowlevel.loudness_ebu128.short_term.median": -17.11956787109375,
                "lowlevel.loudness_ebu128.short_term.min": -24.521589279174805,
                "lowlevel.loudness_ebu128.short_term.stdev": 3.112027168273926,
                "lowlevel.loudness_ebu128.short_term.var": 9.684712409973145,
                "lowlevel.spectral_centroid.dmean": 292.7344665527344,
                "lowlevel.spectral_centroid.dmean2": 444.8580322265625,
                "lowlevel.spectral_centroid.dvar": 120681.21875,
                "lowlevel.spectral_centroid.dvar2": 251994.390625,
                "lowlevel.spectral_centroid.max": 11025.087890625,
                "lowlevel.spectral_centroid.mean": 1777.50634765625,
                "lowlevel.spectral_centroid.median": 1668.449462890625,
                "lowlevel.spectral_centroid.min": 204.1116485595703,
                "lowlevel.spectral_centroid.stdev": 872.3134765625,
                "lowlevel.spectral_centroid.var": 760930.75,
                "metadata.audio_properties.analysis.equal_loudness": 0.0,
                "rhythm.beats_loudness.dmean": 0.023244407027959824,
                "rhythm.beats_loudness.dmean2": 0.04291178286075592,
                "rhythm.beats_loudness.dvar": 0.0004049084964208305,
                "rhythm.beats_loudness.dvar2": 0.0012416032841429114,
                "rhythm.beats_loudness.max": 0.160026416182518,
                "rhythm.beats_loudness.mean": 0.030176131054759026,
                "rhythm.beats_loudness.median": 0.025077689439058304,
                "rhythm.beats_loudness.min": 0.00044330451055429876,
                "rhythm.beats_loudness.stdev": 0.023010673001408577,
                "rhythm.beats_loudness.var": 0.0005294910515658557,
                "rhythm.bpm": 129.0604705810547,
                "rhythm.bpm_histogram_first_peak_bpm": 129.0,
                "rhythm.bpm_histogram_first_peak_weight": 0.6302521228790283,
                "rhythm.bpm_histogram_second_peak_bpm": 123.0,
                "rhythm.bpm_histogram_second_peak_spread": 0.10650885105133057,
                "rhythm.bpm_histogram_second_peak_weight": 0.16575191915035248,
                "rhythm.danceability": 1.1953074932098389
            }
        },
        {
            "id": "VEHmSQ3V54w",
            "title": "Grateful Dead 11-20-78  If I Had The World To Give, Cleveland",
            "views": 63382,
            "features": {
                "lowlevel.average_loudness": 0.2185172289609909,
                "lowlevel.loudness_ebu128.integrated": -17.824024200439453,
                "lowlevel.loudness_ebu128.loudness_range": 6.860090255737305,
                "lowlevel.loudness_ebu128.momentary.dmean": 0.8232608437538147,