{
    "song_title": "If The Shoe Fits",
    "artist": "Grateful Dead",
    "num_versions_processed": 3,
    "average_features": {
        "rhythm.beats_loudness.dvar": 0.0003814942028839141,
        "lowlevel.loudness_ebu128.momentary.median": -18.183853149414062,
        "lowlevel.loudness_ebu128.short_term.min": -77.59850056966145,
        "lowlevel.loudness_ebu128.short_term.dvar": 0.24416869692504406,
        "rhythm.beats_loudness.dvar2": 0.001086496883848061,
        "rhythm.beats_loudness.min": 1.0171586574866016e-07,
        "lowlevel.loudness_ebu128.momentary.min": -90.26722462972005,
        "rhythm.bpm_histogram_second_peak_weight": 0.12291723986466725,
        "lowlevel.spectral_centroid.min": 184.63064575195312,
        "lowlevel.spectral_centroid.var": 324756.9140625,
        "lowlevel.loudness_ebu128.short_term.dvar2": 0.40706016030162573,
        "lowlevel.loudness_ebu128.short_term.stdev": 6.37765375773112,
        "rhythm.beats_loudness.max": 0.17784183224042258,
        "lowlevel.loudness_ebu128.momentary.dvar2": 1.025304098924001,
        "lowlevel.spectral_centroid.dvar2": 45086.657552083336,
        "lowlevel.loudness_ebu128.momentary.max": -9.233664512634277,
        "lowlevel.average_loudness": 0.632625162601471,
        "lowlevel.loudness_ebu128.momentary.var": 75.46725273132324,
        "lowlevel.loudness_ebu128.loudness_range": 8.38053830464681,
        "rhythm.beats_loudness.dmean": 0.020075302571058273,
        "lowlevel.loudness_ebu128.momentary.dvar": 0.6586728791395823,
        "metadata.audio_properties.analysis.equal_loudness": 0.0,
        "lowlevel.spectral_centroid.dmean": 113.37166086832683,
        "rhythm.bpm": 139.8492635091146,
        "lowlevel.spectral_centroid.dvar": 19861.189127604168,
        "lowlevel.loudness_ebu128.momentary.dmean2": 0.7572787205378214,
        "rhythm.bpm_histogram_first_peak_weight": 0.5988880395889282,
        "rhythm.bpm_histogram_second_peak_spread": 0.24904545148213705,
        "lowlevel.loudness_ebu128.momentary.mean": -19.882541020711262,
        "lowlevel.loudness_ebu128.momentary.dmean": 0.6611491441726685,
        "rhythm.beats_loudness.mean": 0.03662665064136187,
        "rhythm.bpm_histogram_second_peak_bpm": 133.0,
        "lowlevel.loudness_ebu128.integrated": -17.200833956400555,
        "rhythm.beats_loudness.var": 0.0005907611824416866,
        "lowlevel.loudness_ebu128.momentary.stdev": 8.255790710449219,
        "lowlevel.loudness_ebu128.short_term.var": 49.40776062011719,
        "lowlevel.spectral_centroid.max": 7438.428548177083,
        "rhythm.beats_loudness.dmean2": 0.0348064744224151,
        "rhythm.danceability": 1.173796017964681,
        "lowlevel.loudness_ebu128.short_term.max": -13.935696601867676,
        "lowlevel.spectral_centroid.mean": 795.1630859375,
        "rhythm.beats_loudness.stdev": 0.024237671867012978,
        "lowlevel.loudness_ebu128.short_term.dmean2": 0.11413281659285228,
        "lowlevel.loudness_ebu128.short_term.dmean": 0.11370475590229034,
        "lowlevel.loudness_ebu128.short_term.mean": -19.155312220255535,
        "rhythm.bpm_histogram_first_peak_bpm": 140.33333333333334,
        "lowlevel.loudness_ebu128.short_term.median": -17.50127347310384,
        "lowlevel.spectral_centroid.median": 649.2586873372396,
        "lowlevel.spectral_centroid.stdev": 542.0025736490885,
        "lowlevel.spectral_centroid.dmean2": 178.7958221435547,
        "rhythm.beats_loudness.median": 0.03261354317267736
    },
    "outlier_flag": false,
    "outlier_reasons": null,
    "raw_versions": [
        {
            "id": "qNpCmygtxh4",
            "title": "Grateful Dead ~ If the Shoe Fits (7/2/94)",
            "views": 8045,
            "features": {
                "lowlevel.average_loudness": 0.8151316046714783,
                "lowlevel.loudness_ebu128.integrated": -22.125749588012695,
                "lowlevel.loudness_ebu128.loudness_range": 3.8265323638916016,
                "lowlevel.loudness_ebu128.momentary.dmean": 0.6981884241104126,
                "lowlevel.loudness_ebu128.momentary.dmean2": 0.8861075043678284,
                "lowlevel.loudness_ebu128.momentary.dvar": 0.41056516766548157,
                "lowlevel.loudness_ebu128.momentary.dvar2": 0.6251039505004883,
                "lowlevel.loudness_ebu128.momentary.max": -14.563167572021484,
                "lowlevel.loudness_ebu128.momentary.mean": -23.507694244384766,
                "lowlevel.loudness_ebu128.momentary.median": -22.792713165283203,
                "lowlevel.loudness_ebu128.momentary.min": -90.03881072998047,
                "lowlevel.loudness_ebu128.momentary.stdev": 7.360056400299072,
                "lowlevel.loudness_ebu128.momentary.var": 54.17042922973633,
                "lowlevel.loudness_ebu128.short_term.dmean": 0.11688580363988876,
                "lowlevel.loudness_ebu128.short_term.dmean2": 0.12139538675546646,
                "lowlevel.loudness_ebu128.short_term.dvar": 0.0725913792848587,
                "lowlevel.loudness_ebu128.short_term.dvar2": 0.051731307059526443,
                "lowlevel.loudness_ebu128.short_term.max": -19.221590042114258,
                "lowlevel.loudness_ebu128.short_term.mean": -22.783498764038086,
                "lowlevel.loudness_ebu128.short_term.median": -22.27851104736328,
                "lowlevel.loudness_ebu128.short_term.min": -90.01655578613281,
                "lowlevel.loudness_ebu128.short_term.stdev": 4.861634254455566,
                "lowlevel.loudness_ebu128.short_term.var": 23.635486602783203,
                "lowlevel.spectral_centroid.dmean": 84.89423370361328,
                "lowlevel.spectral_centroid.dmean2": 133.81887817382812,
                "lowlevel.spectral_centroid.dvar": 11610.8603515625,
                "lowlevel.spectral_centroid.dvar2": 28270.1875,
                "lowlevel.spectral_centroid.max": 5886.5966796875,
                "lowlevel.spectral_centroid.mean": 601.0421142578125,
                "lowlevel.spectral_centroid.median": 528.8336181640625,
                "lowlevel.spectral_centroid.min": 117.57540893554688,
                "lowlevel.spectral_centroid.stdev": 492.3127746582031,
                "lowlevel.spectral_centroid.var": 242371.859375,
                "metadata.audio_properties.analysis.equal_loudness": 0.0,
                "rhythm.beats_loudness.dmean": 0.02344674803316593,
                "rhythm.beats_loudness.dmean2": 0.04031439870595932,
                "rhythm.beats_loudness.dvar": 0.0004604371206369251,
                "rhythm.beats_loudness.dvar2": 0.00130481889937073,
                "rhythm.beats_loudness.max": 0.17661052942276,
                "rhythm.beats_loudness.mean": 0.046849533915519714,
                "rhythm.beats_loudness.median": 0.042649637907743454,
                "rhythm.beats_loudness.min": 5.048141460406441e-09,
                "rhythm.beats_loudness.stdev": 0.025984371080994606,
                "rhythm.beats_loudness.var": 0.0006751875043846667,
                "rhythm.bpm": 131.7178497314453,
                "rhythm.bpm_histogram_first_peak_bpm": 133.0,
                "rhythm.bpm_histogram_first_peak_weight": 0.5699300765991211,
                "rhythm.bpm_histogram_second_peak_bpm": 126.0,
                "rhythm.bpm_histogram_second_peak_spread": 0.2238805890083313,
                "rhythm.bpm_histogram_second_peak_weight": 0.19402985274791718,
                "rhythm.danceability": 1.2296082973480225
            }
        },
        {
            "id": "-H2ERxSjvA4",
            "title": "Grateful Dead - If The Shoe Fits (Live 1994/06/25 - Las Vegas)",
            "views": 147,
            "features": {
                "lowlevel.average_loudness": 0.6438167691230774,
                "lowlevel.loudness_ebu128.integrated": -17.428722381591797,
                "lowlevel.loudness_ebu128.loudness_range": 4.697397232055664,
                "lowlevel.loudness_ebu128.momentary.dmean": 0.6987520456314087,