{
    "song_title": "Iko Iko",
    "artist": "Grateful Dead",
    "num_versions_processed": 3,
    "average_features": {
        "lowlevel.loudness_ebu128.short_term.dvar2": 0.017954681689540546,
        "lowlevel.loudness_ebu128.momentary.var": 24.883954366048176,
        "lowlevel.loudness_ebu128.momentary.min": -75.36648050944011,
        "lowlevel.spectral_centroid.dvar": 62183.7421875,
        "rhythm.beats_loudness.min": 0.00010174499091432827,
        "lowlevel.spectral_centroid.mean": 1135.7116292317708,
        "rhythm.beats_loudness.dvar": 0.0003580721337736274,
        "rhythm.bpm_histogram_first_peak_bpm": 119.33333333333333,
        "rhythm.beats_loudness.median": 0.024952029809355736,
        "lowlevel.loudness_ebu128.integrated": -15.659018198649088,
        "lowlevel.loudness_ebu128.short_term.mean": -16.71710427602132,
        "rhythm.beats_loudness.dmean2": 0.03133006642262141,
        "lowlevel.loudness_ebu128.momentary.dvar2": 1.0591103037198384,
        "rhythm.bpm_histogram_second_peak_weight": 0.11879066377878189,
        "lowlevel.loudness_ebu128.loudness_range": 6.737664222717285,
        "rhythm.bpm_histogram_second_peak_bpm": 141.0,
        "lowlevel.loudness_ebu128.short_term.min": -39.3954823811849,
        "lowlevel.loudness_ebu128.short_term.stdev": 3.440120061238607,
        "lowlevel.loudness_ebu128.short_term.dmean2": 0.12808689723412195,
        "lowlevel.loudness_ebu128.short_term.var": 13.421136458714804,
        "rhythm.beats_loudness.mean": 0.02983931576212247,
        "lowlevel.spectral_centroid.max": 5560.956217447917,
        "lowlevel.loudness_ebu128.momentary.dvar": 0.6763843099276224,
        "rhythm.beats_loudness.stdev": 0.02186090623339017,
        "lowlevel.loudness_ebu128.momentary.max": -8.84990374247233,
        "lowlevel.spectral_centroid.median": 1034.1741129557292,
        "lowlevel.loudness_ebu128.momentary.dmean": 0.7709244887034098,
        "lowlevel.loudness_ebu128.short_term.dvar": 0.015612302658458551,
        "rhythm.beats_loudness.var": 0.00048824136805099744,
        "lowlevel.loudness_ebu128.momentary.stdev": 4.962729136149089,
        "lowlevel.loudness_ebu128.momentary.mean": -17.158216794331867,
        "rhythm.beats_loudness.dmean": 0.01801672639946143,
        "lowlevel.average_loudness": 0.4649278422196706,
        "lowlevel.loudness_ebu128.short_term.median": -16.044054349263508,
        "rhythm.beats_loudness.max": 0.16427528113126755,
        "metadata.audio_properties.analysis.equal_loudness": 0.0,
        "lowlevel.loudness_ebu128.momentary.dmean2": 0.9572027325630188,
        "lowlevel.spectral_centroid.dvar2": 133564.28385416666,
        "lowlevel.loudness_ebu128.short_term.max": -11.260632197062174,
        "lowlevel.spectral_centroid.var": 280914.1354166667,
        "rhythm.bpm_histogram_first_peak_weight": 0.3954390486081441,
        "lowlevel.loudness_ebu128.momentary.median": -16.296306610107422,
        "rhythm.bpm": 119.31545511881511,
        "rhythm.beats_loudness.dvar2": 0.0010823162156157196,
        "lowlevel.loudness_ebu128.short_term.dmean": 0.10733404258886974,
        "lowlevel.spectral_centroid.stdev": 529.2695821126302,
        "lowlevel.spectral_centroid.dmean": 221.51445515950522,
        "lowlevel.spectral_centroid.dmean2": 336.9647725423177,
        "rhythm.danceability": 1.402938961982727,
        "lowlevel.spectral_centroid.min": 237.8907674153646,
        "rhythm.bpm_histogram_second_peak_spread": 0.13529415925343832
    },
    "outlier_flag": true,
    "outlier_reasons": [
        "BPM Variance: 61.66 (limit 60)"
    ],
    "raw_versions": [
        {
            "id": "IsHVqO2X-nQ",
            "title": "Grateful Dead - Iko Iko (Philadelphia, PA 7/7/89) (Official Live Video)",
            "views": 3066853,
            "features": {
                "lowlevel.average_loudness": 0.9265111684799194,
                "lowlevel.loudness_ebu128.integrated": -13.428604125976562,
                "lowlevel.loudness_ebu128.loudness_range": 2.87576961517334,
                "lowlevel.loudness_ebu128.momentary.dmean": 0.567674458026886,
                "lowlevel.loudness_ebu128.momentary.dmean2": 0.6951356530189514,
                "lowlevel.loudness_ebu128.momentary.dvar": 0.3860139846801758,
                "lowlevel.loudness_ebu128.momentary.dvar2": 0.5206759572029114,
                "lowlevel.loudness_ebu128.momentary.max": -9.450821876525879,
                "lowlevel.loudness_ebu128.momentary.mean": -14.077082633972168,
                "lowlevel.loudness_ebu128.momentary.median": -13.521366119384766,
                "lowlevel.loudness_ebu128.momentary.min": -90.85183715820312,
                "lowlevel.loudness_ebu128.momentary.stdev": 4.248743057250977,
                "lowlevel.loudness_ebu128.momentary.var": 18.051816940307617,
                "lowlevel.loudness_ebu128.short_term.dmean": 0.07798641175031662,
                "lowlevel.loudness_ebu128.short_term.dmean2": 0.08636615425348282,
                "lowlevel.loudness_ebu128.short_term.dvar": 0.006330522708594799,
                "lowlevel.loudness_ebu128.short_term.dvar2": 0.00551203079521656,
                "lowlevel.loudness_ebu128.short_term.max": -10.90683364868164,
                "lowlevel.loudness_ebu128.short_term.mean": -13.703730583190918,
                "lowlevel.loudness_ebu128.short_term.median": -13.409539222717285,
                "lowlevel.loudness_ebu128.short_term.min": -34.1937255859375,
                "lowlevel.loudness_ebu128.short_term.stdev": 1.803328275680542,
                "lowlevel.loudness_ebu128.short_term.var": 3.25199294090271,
                "lowlevel.spectral_centroid.dmean": 208.1804656982422,
                "lowlevel.spectral_centroid.dmean2": 318.0126953125,
                "lowlevel.spectral_centroid.dvar": 55353.46875,
                "lowlevel.spectral_centroid.dvar2": 122157.6484375,
                "lowlevel.spectral_centroid.max": 5560.0771484375,
                "lowlevel.spectral_centroid.mean": 1017.12109375,
                "lowlevel.spectral_centroid.median": 899.32373046875,
                "lowlevel.spectral_centroid.min": 240.45037841796875,
                "lowlevel.spectral_centroid.stdev": 514.6207275390625,
                "lowlevel.spectral_centroid.var": 264834.5,
                "metadata.audio_properties.analysis.equal_loudness": 0.0,
                "rhythm.beats_loudness.dmean": 0.017923129722476006,
                "rhythm.beats_loudness.dmean2": 0.030771635472774506,
                "rhythm.beats_loudness.dvar": 0.0002088606561301276,
                "rhythm.beats_loudness.dvar2": 0.0006384873413480818,
                "rhythm.beats_loudness.max": 0.10588642209768295,
                "rhythm.beats_loudness.mean": 0.03694527968764305,
                "rhythm.beats_loudness.median": 0.034919623285532,
                "rhythm.beats_loudness.min": 7.798844348094747e-10,
                "rhythm.beats_loudness.stdev": 0.01750875636935234,
                "rhythm.beats_loudness.var": 0.0003065565542783588,
                "rhythm.bpm": 89.39004516601562,
                "rhythm.bpm_histogram_first_peak_bpm": 89.0,
                "rhythm.bpm_histogram_first_peak_weight": 0.39039045572280884,
                "rhythm.bpm_histogram_second_peak_bpm": 178.0,
                "rhythm.bpm_histogram_second_peak_spread": 0.0,
                "rhythm.bpm_histogram_second_peak_weight": 0.17005987465381622,
                "rhythm.danceability": 1.3869773149490356
            }
        },
        {
            "id": "3IMmBqFIzp8",
            "title": "Grateful Dead - Iko Iko (Shoreline 9/30/89)",
            "views": 119141,
            "features": {
                "lowlevel.average_loudness": 0.28996992111206055,
                "lowlevel.loudness_ebu128.integrated": -18.554201126098633,
                "lowlevel.loudness_ebu128.loudness_range": 6.374463081359863,
                "lowlevel.loudness_ebu128.momentary.dmean": 0.8787500858306885,