{
    "song_title": "In The Midnight Hour",
    "artist": "Grateful Dead",
    "num_versions_processed": 3,
    "features": {
        "lowlevel.loudness_ebu128.momentary.mean": -17.9428129196167,
        "rhythm.beats_loudness.min": 0.00013665493800848102,
        "lowlevel.loudness_ebu128.short_term.stdev": 2.8682339191436768,
        "lowlevel.spectral_centroid.dvar": 52539.7109375,
        "lowlevel.loudness_ebu128.short_term.min": -32.50108655293783,
        "lowlevel.spectral_centroid.mean": 997.2794596354166,
        "lowlevel.loudness_ebu128.momentary.var": 99.53525416056316,
        "lowlevel.loudness_ebu128.short_term.dvar": 0.02193520125001669,
        "lowlevel.loudness_ebu128.momentary.max": -8.629064718882242,
        "lowlevel.spectral_centroid.median": 885.0257975260416,
        "rhythm.bpm_histogram_first_peak_weight": 0.5185196201006571,
        "rhythm.bpm_histogram_second_peak_bpm": 136.33333333333334,
        "rhythm.bpm_histogram_first_peak_bpm": 120.33333333333333,
        "lowlevel.spectral_centroid.min": 205.9612782796224,
        "rhythm.danceability": 1.1738199790318806,
        "lowlevel.loudness_ebu128.momentary.median": -17.041576385498047,
        "rhythm.bpm": 120.30089060465495,
        "lowlevel.loudness_ebu128.short_term.var": 9.470837116241455,
        "lowlevel.loudness_ebu128.loudness_range": 5.647888819376628,
        "lowlevel.spectral_centroid.dvar2": 110770.53385416667,
        "lowlevel.loudness_ebu128.momentary.dvar2": 8.630330522855123,
        "lowlevel.spectral_centroid.dmean2": 270.1718444824219,
        "lowlevel.loudness_ebu128.short_term.mean": -17.081413586934406,
        "lowlevel.spectral_centroid.dmean": 178.11599731445312,
        "rhythm.beats_loudness.var": 0.0006394549758018305,
        "rhythm.bpm_histogram_second_peak_spread": 0.2348148226737976,
        "lowlevel.loudness_ebu128.momentary.dmean": 0.8142055869102478,
        "rhythm.beats_loudness.max": 0.23998549580574036,
        "lowlevel.spectral_centroid.var": 403404.0729166667,
        "rhythm.beats_loudness.mean": 0.03437927116950353,
        "rhythm.beats_loudness.dmean": 0.01796118977169196,
        "lowlevel.loudness_ebu128.short_term.max": -11.704195340474447,
        "lowlevel.loudness_ebu128.short_term.median": -16.708115259806316,
        "lowlevel.loudness_ebu128.momentary.dmean2": 1.021105428536733,
        "lowlevel.spectral_centroid.max": 9242.182454427084,
        "lowlevel.loudness_ebu128.short_term.dmean2": 0.1101136381427447,
        "rhythm.beats_loudness.dmean2": 0.031218574071923893,
        "lowlevel.spectral_centroid.stdev": 589.8238220214844,
        "metadata.audio_properties.analysis.equal_loudness": 0.0,
        "rhythm.beats_loudness.stdev": 0.0250396691262722,
        "lowlevel.loudness_ebu128.momentary.stdev": 8.252649943033854,
        "rhythm.beats_loudness.dvar2": 0.0012565224315039814,
        "rhythm.beats_loudness.median": 0.029876545692483585,
        "rhythm.beats_loudness.dvar": 0.000464879150968045,
        "lowlevel.average_loudness": 0.5462178587913513,
        "lowlevel.loudness_ebu128.short_term.dmean": 0.11408597479263942,
        "lowlevel.loudness_ebu128.momentary.dvar": 6.6052753527959185,
        "lowlevel.loudness_ebu128.momentary.min": -128.96597544352213,
        "lowlevel.loudness_ebu128.short_term.dvar2": 0.020771837793290615,
        "lowlevel.loudness_ebu128.integrated": -16.29727840423584,
        "rhythm.bpm_histogram_second_peak_weight": 0.03081665001809597
    }
}