{
    "song_title": "In The Pines",
    "artist": "Grateful Dead",
    "num_versions_processed": 2,
    "average_features": {
        "lowlevel.loudness_ebu128.momentary.dmean2": 0.6066413521766663,
        "lowlevel.loudness_ebu128.short_term.median": -17.237252712249756,
        "lowlevel.spectral_centroid.median": 817.2449645996094,
        "rhythm.beats_loudness.var": 0.0005014660127926618,
        "rhythm.beats_loudness.dvar": 0.00032469168945681304,
        "lowlevel.loudness_ebu128.short_term.stdev": 2.950118064880371,
        "lowlevel.loudness_ebu128.integrated": -17.087599277496338,
        "rhythm.beats_loudness.max": 0.14255325496196747,
        "lowlevel.spectral_centroid.max": 7485.2498779296875,
        "lowlevel.spectral_centroid.min": 147.08364868164062,
        "lowlevel.loudness_ebu128.momentary.stdev": 4.140309572219849,
        "rhythm.bpm": 151.79088592529297,
        "lowlevel.loudness_ebu128.loudness_range": 5.424037456512451,
        "rhythm.beats_loudness.mean": 0.03697984106838703,
        "rhythm.bpm_histogram_second_peak_weight": 0.15252172201871872,
        "metadata.audio_properties.analysis.equal_loudness": 0.0,
        "lowlevel.loudness_ebu128.short_term.var": 8.712928295135498,
        "rhythm.beats_loudness.dvar2": 0.0008775285677984357,
        "rhythm.bpm_histogram_second_peak_bpm": 150.5,
        "lowlevel.loudness_ebu128.momentary.mean": -18.19170045852661,
        "lowlevel.loudness_ebu128.short_term.max": -13.19563102722168,
        "rhythm.beats_loudness.stdev": 0.0223776800557971,
        "lowlevel.loudness_ebu128.momentary.dmean": 0.6266186535358429,
        "lowlevel.spectral_centroid.mean": 896.670166015625,
        "lowlevel.spectral_centroid.stdev": 422.54522705078125,
        "rhythm.beats_loudness.median": 0.032654695212841034,
        "lowlevel.loudness_ebu128.short_term.dmean": 0.10648041218519211,
        "lowlevel.loudness_ebu128.short_term.dvar2": 0.01609043264761567,
        "rhythm.beats_loudness.dmean2": 0.03416098654270172,
        "lowlevel.loudness_ebu128.short_term.mean": -17.70001459121704,
        "lowlevel.loudness_ebu128.momentary.var": 17.155220985412598,
        "rhythm.beats_loudness.dmean": 0.01984725147485733,
        "lowlevel.loudness_ebu128.momentary.min": -52.726837158203125,
        "lowlevel.loudness_ebu128.momentary.dvar": 0.34147433936595917,
        "lowlevel.spectral_centroid.dmean": 158.92401123046875,
        "lowlevel.spectral_centroid.var": 178686.0859375,
        "rhythm.beats_loudness.min": 1.100124245567713e-05,
        "lowlevel.average_loudness": 0.7725772857666016,
        "lowlevel.loudness_ebu128.short_term.dmean2": 0.09579117968678474,
        "lowlevel.loudness_ebu128.short_term.min": -46.58639144897461,
        "rhythm.bpm_histogram_first_peak_bpm": 152.0,
        "lowlevel.loudness_ebu128.momentary.max": -11.103610515594482,
        "lowlevel.spectral_centroid.dmean2": 247.76156616210938,
        "rhythm.bpm_histogram_second_peak_spread": 0.12582072615623474,
        "lowlevel.loudness_ebu128.short_term.dvar": 0.021091822534799576,
        "lowlevel.loudness_ebu128.momentary.median": -17.54770517349243,
        "rhythm.danceability": 1.1010181903839111,
        "lowlevel.spectral_centroid.dvar": 36299.341796875,
        "rhythm.bpm_histogram_first_peak_weight": 0.35909122228622437,
        "lowlevel.loudness_ebu128.momentary.dvar2": 0.4028463363647461,
        "lowlevel.spectral_centroid.dvar2": 79774.71484375
    },
    "outlier_flag": false,
    "outlier_reasons": null,
    "raw_versions": [
        {
            "id": "7fKqAmUNikA",
            "title": "Grateful Dead - In The Pines - 1966/07/17 Fillmore",
            "views": 68845,
            "features": {
                "lowlevel.average_loudness": 0.7594159841537476,
                "lowlevel.loudness_ebu128.integrated": -19.28927230834961,
                "lowlevel.loudness_ebu128.loudness_range": 5.71534538269043,
                "lowlevel.loudness_ebu128.momentary.dmean": 0.6456774473190308,
                "lowlevel.loudness_ebu128.momentary.dmean2": 0.6217872500419617,
                "lowlevel.loudness_ebu128.momentary.dvar": 0.3520978093147278,
                "lowlevel.loudness_ebu128.momentary.dvar2": 0.41209807991981506,
                "lowlevel.loudness_ebu128.momentary.max": -13.201601028442383,
                "lowlevel.loudness_ebu128.momentary.mean": -20.39838409423828,
                "lowlevel.loudness_ebu128.momentary.median": -19.857601165771484,
                "lowlevel.loudness_ebu128.momentary.min": -54.23847198486328,
                "lowlevel.loudness_ebu128.momentary.stdev": 4.026041030883789,
                "lowlevel.loudness_ebu128.momentary.var": 16.20900535583496,
                "lowlevel.loudness_ebu128.short_term.dmean": 0.10931318998336792,
                "lowlevel.loudness_ebu128.short_term.dmean2": 0.0973469689488411,
                "lowlevel.loudness_ebu128.short_term.dvar": 0.02200477011501789,
                "lowlevel.loudness_ebu128.short_term.dvar2": 0.017023392021656036,
                "lowlevel.loudness_ebu128.short_term.max": -15.320760726928711,
                "lowlevel.loudness_ebu128.short_term.mean": -19.90464973449707,
                "lowlevel.loudness_ebu128.short_term.median": -19.496896743774414,
                "lowlevel.loudness_ebu128.short_term.min": -48.210182189941406,
                "lowlevel.loudness_ebu128.short_term.stdev": 2.8514676094055176,
                "lowlevel.loudness_ebu128.short_term.var": 8.130867004394531,
                "lowlevel.spectral_centroid.dmean": 149.40530395507812,
                "lowlevel.spectral_centroid.dmean2": 231.385009765625,
                "lowlevel.spectral_centroid.dvar": 34378.29296875,
                "lowlevel.spectral_centroid.dvar2": 72456.625,
                "lowlevel.spectral_centroid.max": 11166.939453125,
                "lowlevel.spectral_centroid.mean": 856.2611694335938,
                "lowlevel.spectral_centroid.median": 779.9232788085938,
                "lowlevel.spectral_centroid.min": 129.2291259765625,
                "lowlevel.spectral_centroid.stdev": 410.64520263671875,
                "lowlevel.spectral_centroid.var": 168629.484375,
                "metadata.audio_properties.analysis.equal_loudness": 0.0,
                "rhythm.beats_loudness.dmean": 0.019813958555459976,
                "rhythm.beats_loudness.dmean2": 0.03440885990858078,
                "rhythm.beats_loudness.dvar": 0.0003660897200461477,
                "rhythm.beats_loudness.dvar2": 0.0009681450901553035,
                "rhythm.beats_loudness.max": 0.14737235009670258,
                "rhythm.beats_loudness.mean": 0.03577326238155365,
                "rhythm.beats_loudness.median": 0.030828338116407394,
                "rhythm.beats_loudness.min": 1.386010080750566e-05,
                "rhythm.beats_loudness.stdev": 0.023217611014842987,
                "rhythm.beats_loudness.var": 0.0005390574224293232,
                "rhythm.bpm": 151.73362731933594,
                "rhythm.bpm_histogram_first_peak_bpm": 152.0,
                "rhythm.bpm_histogram_first_peak_weight": 0.37047356367111206,
                "rhythm.bpm_histogram_second_peak_bpm": 144.0,
                "rhythm.bpm_histogram_second_peak_spread": 0.2152777910232544,
                "rhythm.bpm_histogram_second_peak_weight": 0.15782122313976288,
                "rhythm.danceability": 1.1001023054122925
            }
        },
        {
            "id": "PeWjCkVcHBM",
            "title": "In the Pines (Previously Unissued Live In San Francisco 1966 Version)",
            "views": 41953,
            "features": {
                "lowlevel.average_loudness": 0.7857385873794556,
                "lowlevel.loudness_ebu128.integrated": -14.885926246643066,
                "lowlevel.loudness_ebu128.loudness_range": 5.132729530334473,
                "lowlevel.loudness_ebu128.momentary.dmean": 0.607559859752655,