{
    "song_title": "It's A Sin",
    "artist": "Grateful Dead",
    "num_versions_processed": 3,
    "features": {
        "lowlevel.loudness_ebu128.short_term.dvar": 0.06970576321085294,
        "lowlevel.spectral_centroid.max": 6703.888346354167,
        "lowlevel.spectral_centroid.var": 217021.20833333334,
        "lowlevel.loudness_ebu128.momentary.dmean": 0.9926345745722452,
        "lowlevel.loudness_ebu128.short_term.var": 35.159343560536705,
        "lowlevel.loudness_ebu128.short_term.dmean2": 0.14840046068032584,
        "lowlevel.loudness_ebu128.integrated": -14.702407836914062,
        "lowlevel.spectral_centroid.dmean2": 189.08536275227866,
        "rhythm.beats_loudness.dvar2": 0.0023790940564746657,
        "lowlevel.loudness_ebu128.loudness_range": 13.355448722839355,
        "rhythm.bpm_histogram_second_peak_bpm": 135.66666666666666,
        "rhythm.bpm_histogram_second_peak_spread": 0.1509661873181661,
        "rhythm.beats_loudness.dmean": 0.020303893213470776,
        "lowlevel.loudness_ebu128.momentary.median": -18.488717397054035,
        "lowlevel.loudness_ebu128.momentary.var": 55.366612116495766,
        "lowlevel.loudness_ebu128.momentary.dmean2": 1.0377366542816162,
        "lowlevel.spectral_centroid.median": 702.1279500325521,
        "lowlevel.spectral_centroid.dmean": 126.48948160807292,
        "lowlevel.spectral_centroid.stdev": 464.69887288411456,
        "rhythm.beats_loudness.max": 0.2473300894101461,
        "metadata.audio_properties.analysis.equal_loudness": 0.0,
        "lowlevel.spectral_centroid.mean": 799.2916259765625,
        "lowlevel.loudness_ebu128.short_term.max": -8.218120098114014,
        "lowlevel.loudness_ebu128.momentary.max": -5.902827739715576,
        "rhythm.beats_loudness.dvar": 0.0008573922871922454,
        "rhythm.danceability": 1.0201231638590496,
        "lowlevel.spectral_centroid.dvar2": 62969.950520833336,
        "lowlevel.average_loudness": 0.26948629909505445,
        "lowlevel.loudness_ebu128.momentary.dvar2": 1.5936820308367412,
        "lowlevel.spectral_centroid.min": 133.8277155558268,
        "lowlevel.loudness_ebu128.short_term.min": -43.468153635660805,
        "rhythm.bpm_histogram_first_peak_weight": 0.4372832775115967,
        "lowlevel.loudness_ebu128.momentary.mean": -19.636553446451824,
        "rhythm.bpm_histogram_second_peak_weight": 0.10157399997115135,
        "lowlevel.loudness_ebu128.short_term.dvar2": 0.058423878625035286,
        "lowlevel.loudness_ebu128.short_term.stdev": 5.435823361078898,
        "rhythm.bpm_histogram_first_peak_bpm": 133.0,
        "rhythm.beats_loudness.var": 0.0011337895411998034,
        "lowlevel.loudness_ebu128.short_term.mean": -18.287726402282715,
        "lowlevel.spectral_centroid.dvar": 33666.5078125,
        "lowlevel.loudness_ebu128.momentary.min": -55.20382436116537,
        "lowlevel.loudness_ebu128.momentary.dvar": 1.2593199014663696,
        "lowlevel.loudness_ebu128.short_term.median": -17.330612818400066,
        "rhythm.beats_loudness.dmean2": 0.03550323781867822,
        "rhythm.bpm": 133.58527374267578,
        "rhythm.beats_loudness.mean": 0.028620239347219467,
        "lowlevel.loudness_ebu128.momentary.stdev": 6.986377398173015,
        "rhythm.beats_loudness.median": 0.01888636654863755,
        "rhythm.beats_loudness.stdev": 0.033160957197348274,
        "lowlevel.loudness_ebu128.short_term.dmean": 0.17569329837958017,
        "rhythm.beats_loudness.min": 3.174057267716727e-05
    }
}