{
    "song_title": "It's All Over Now",
    "artist": "Grateful Dead",
    "num_versions_processed": 3,
    "average_features": {
        "lowlevel.spectral_centroid.stdev": 520.6402791341146,
        "lowlevel.spectral_centroid.median": 1185.3963623046875,
        "rhythm.beats_loudness.dmean2": 0.03227349867423376,
        "lowlevel.loudness_ebu128.momentary.dvar2": 1.0378708243370056,
        "lowlevel.loudness_ebu128.short_term.stdev": 2.5364734331766763,
        "lowlevel.spectral_centroid.dmean": 210.42730712890625,
        "lowlevel.loudness_ebu128.momentary.stdev": 4.401767730712891,
        "lowlevel.loudness_ebu128.momentary.var": 20.095875422159832,
        "metadata.audio_properties.analysis.equal_loudness": 0.0,
        "rhythm.beats_loudness.dvar2": 0.0008080542708436648,
        "lowlevel.loudness_ebu128.loudness_range": 4.839877128601074,
        "lowlevel.loudness_ebu128.momentary.dmean": 0.7728110551834106,
        "lowlevel.spectral_centroid.var": 273533.3958333333,
        "rhythm.beats_loudness.dmean": 0.01837879295150439,
        "lowlevel.loudness_ebu128.momentary.dmean2": 1.0263164639472961,
        "lowlevel.loudness_ebu128.short_term.dvar": 0.01626788933450977,
        "lowlevel.loudness_ebu128.short_term.var": 6.664009730021159,
        "lowlevel.loudness_ebu128.short_term.min": -40.42836252848307,
        "lowlevel.loudness_ebu128.momentary.median": -16.831616083780926,
        "rhythm.bpm_histogram_first_peak_bpm": 122.33333333333333,
        "lowlevel.loudness_ebu128.momentary.dvar": 0.7370126148064932,
        "lowlevel.spectral_centroid.dmean2": 314.74854532877606,
        "lowlevel.loudness_ebu128.short_term.max": -12.653252283732096,
        "rhythm.beats_loudness.stdev": 0.02062768116593361,
        "rhythm.beats_loudness.mean": 0.0391811008254687,
        "lowlevel.spectral_centroid.mean": 1256.6908772786458,
        "rhythm.bpm_histogram_second_peak_spread": 0.17171716690063477,
        "lowlevel.spectral_centroid.dvar2": 112246.98958333333,
        "lowlevel.loudness_ebu128.integrated": -16.407307624816895,
        "rhythm.bpm_histogram_first_peak_weight": 0.21454578638076782,
        "rhythm.bpm_histogram_second_peak_bpm": 117.33333333333333,
        "lowlevel.loudness_ebu128.short_term.dvar2": 0.01678880536928773,
        "lowlevel.loudness_ebu128.short_term.median": -16.62775198618571,
        "lowlevel.loudness_ebu128.momentary.max": -10.360910574595133,
        "lowlevel.loudness_ebu128.short_term.mean": -16.98393185933431,
        "rhythm.bpm_histogram_second_peak_weight": 0.08896355517208576,
        "lowlevel.loudness_ebu128.momentary.min": -86.70627339680989,
        "rhythm.beats_loudness.median": 0.03667173037926356,
        "lowlevel.spectral_centroid.dvar": 54468.48046875,
        "lowlevel.loudness_ebu128.short_term.dmean2": 0.13393693417310715,
        "rhythm.beats_loudness.var": 0.00042861339170485735,
        "lowlevel.spectral_centroid.max": 5528.65283203125,
        "rhythm.beats_loudness.max": 0.1493773857752482,
        "lowlevel.loudness_ebu128.short_term.dmean": 0.10718583067258199,
        "lowlevel.average_loudness": 0.6606265703837076,
        "lowlevel.spectral_centroid.min": 297.5484161376953,
        "rhythm.danceability": 1.345830996831258,
        "rhythm.beats_loudness.min": 2.7648837859032643e-05,
        "lowlevel.loudness_ebu128.momentary.mean": -17.48976453145345,
        "rhythm.bpm": 122.42715454101562,
        "rhythm.beats_loudness.dvar": 0.0002822865208145231
    },
    "outlier_flag": true,
    "outlier_reasons": [
        "BPM Variance: 75.97 (limit 20)"
    ],
    "raw_versions": [
        {
            "id": "4FEmAVwJ-zA",
            "title": "Grateful Dead - It's All Over Now (San Francisco, CA 12/31/78) [Official Live Video]",
            "views": 83299,
            "features": {
                "lowlevel.average_loudness": 0.8840401768684387,
                "lowlevel.loudness_ebu128.integrated": -17.219955444335938,
                "lowlevel.loudness_ebu128.loudness_range": 3.873271942138672,
                "lowlevel.loudness_ebu128.momentary.dmean": 0.6759656667709351,
                "lowlevel.loudness_ebu128.momentary.dmean2": 0.8015384078025818,
                "lowlevel.loudness_ebu128.momentary.dvar": 0.48714181780815125,
                "lowlevel.loudness_ebu128.momentary.dvar2": 0.6831411719322205,
                "lowlevel.loudness_ebu128.momentary.max": -12.469658851623535,
                "lowlevel.loudness_ebu128.momentary.mean": -18.0819091796875,
                "lowlevel.loudness_ebu128.momentary.median": -17.41790008544922,
                "lowlevel.loudness_ebu128.momentary.min": -90.40642547607422,
                "lowlevel.loudness_ebu128.momentary.stdev": 4.477910041809082,
                "lowlevel.loudness_ebu128.momentary.var": 20.051677703857422,
                "lowlevel.loudness_ebu128.short_term.dmean": 0.10603627562522888,
                "lowlevel.loudness_ebu128.short_term.dmean2": 0.12859997153282166,
                "lowlevel.loudness_ebu128.short_term.dvar": 0.010531270876526833,
                "lowlevel.loudness_ebu128.short_term.dvar2": 0.010114950127899647,
                "lowlevel.loudness_ebu128.short_term.max": -14.267904281616211,
                "lowlevel.loudness_ebu128.short_term.mean": -17.549837112426758,
                "lowlevel.loudness_ebu128.short_term.median": -17.2353458404541,
                "lowlevel.loudness_ebu128.short_term.min": -36.87443542480469,
                "lowlevel.loudness_ebu128.short_term.stdev": 1.9326059818267822,
                "lowlevel.loudness_ebu128.short_term.var": 3.7349658012390137,
                "lowlevel.spectral_centroid.dmean": 218.89234924316406,
                "lowlevel.spectral_centroid.dmean2": 326.4176330566406,
                "lowlevel.spectral_centroid.dvar": 58407.75,
                "lowlevel.spectral_centroid.dvar2": 116294.7734375,
                "lowlevel.spectral_centroid.max": 5392.98388671875,
                "lowlevel.spectral_centroid.mean": 1564.228759765625,
                "lowlevel.spectral_centroid.median": 1531.4832763671875,
                "lowlevel.spectral_centroid.min": 394.05194091796875,
                "lowlevel.spectral_centroid.stdev": 535.3657836914062,
                "lowlevel.spectral_centroid.var": 286616.5,
                "metadata.audio_properties.analysis.equal_loudness": 0.0,
                "rhythm.beats_loudness.dmean": 0.01936483569443226,
                "rhythm.beats_loudness.dmean2": 0.034528061747550964,
                "rhythm.beats_loudness.dvar": 0.00030806969152763486,
                "rhythm.beats_loudness.dvar2": 0.000889030983671546,
                "rhythm.beats_loudness.max": 0.15855178236961365,
                "rhythm.beats_loudness.mean": 0.0421094074845314,
                "rhythm.beats_loudness.median": 0.039530180394649506,
                "rhythm.beats_loudness.min": 1.6109118483598195e-09,
                "rhythm.beats_loudness.stdev": 0.020914912223815918,
                "rhythm.beats_loudness.var": 0.00043743354035541415,
                "rhythm.bpm": 172.26531982421875,
                "rhythm.bpm_histogram_first_peak_bpm": 172.0,
                "rhythm.bpm_histogram_first_peak_weight": 0.0,
                "rhythm.bpm_histogram_second_peak_bpm": 86.0,
                "rhythm.bpm_histogram_second_peak_spread": 0.31515151262283325,
                "rhythm.bpm_histogram_second_peak_weight": 0.24458874762058258,
                "rhythm.danceability": 1.3393245935440063
            }
        },
        {
            "id": "gyVHPGXxc5E",
            "title": "Grateful Dead - It's All Over Now (Orchard Park, NY 7/16/90) (Official Live Video)",
            "views": 124808,
            "features": {
                "lowlevel.average_loudness": 0.17898708581924438,
                "lowlevel.loudness_ebu128.integrated": -17.09010887145996,