{
    "song_title": "It's All Over Now, Baby Blue",
    "artist": "Grateful Dead",
    "num_versions_processed": 3,
    "features": {
        "lowlevel.loudness_ebu128.momentary.mean": -22.986820856730144,
        "rhythm.beats_loudness.min": 4.3082914998511984e-07,
        "lowlevel.loudness_ebu128.short_term.stdev": 4.981174786885579,
        "lowlevel.spectral_centroid.dvar": 32821.026041666664,
        "lowlevel.loudness_ebu128.short_term.min": -61.03002166748047,
        "lowlevel.spectral_centroid.mean": 730.5761922200521,
        "lowlevel.loudness_ebu128.momentary.var": 119.40181096394856,
        "lowlevel.loudness_ebu128.short_term.dvar": 0.03296748362481594,
        "lowlevel.loudness_ebu128.momentary.max": -11.463155110677084,
        "lowlevel.spectral_centroid.median": 610.7046508789062,
        "rhythm.bpm_histogram_first_peak_weight": 0.5166030128796896,
        "rhythm.bpm_histogram_second_peak_bpm": 111.66666666666667,
        "rhythm.bpm_histogram_first_peak_bpm": 110.0,
        "lowlevel.spectral_centroid.min": 184.44096883138022,
        "rhythm.danceability": 0.9992362260818481,
        "lowlevel.loudness_ebu128.momentary.median": -21.713027318318684,
        "rhythm.bpm": 109.99573771158855,
        "lowlevel.loudness_ebu128.short_term.var": 26.294506072998047,
        "lowlevel.loudness_ebu128.loudness_range": 10.859651883443197,
        "lowlevel.spectral_centroid.dvar2": 66702.65625,
        "lowlevel.loudness_ebu128.momentary.dvar2": 9.746732691923777,
        "lowlevel.spectral_centroid.dmean2": 177.08479817708334,
        "lowlevel.loudness_ebu128.short_term.mean": -21.96057955423991,
        "lowlevel.spectral_centroid.dmean": 115.86494700113933,
        "rhythm.beats_loudness.var": 0.0006353500260350605,
        "rhythm.bpm_histogram_second_peak_spread": 0.14590301116307577,
        "lowlevel.loudness_ebu128.momentary.dmean": 0.9227065642674764,
        "rhythm.beats_loudness.max": 0.17459957798322043,
        "lowlevel.spectral_centroid.var": 334363.2578125,
        "rhythm.beats_loudness.mean": 0.026419409240285557,
        "rhythm.beats_loudness.dmean": 0.017706277780234814,
        "lowlevel.loudness_ebu128.short_term.max": -14.442943890889486,
        "lowlevel.loudness_ebu128.short_term.median": -21.064172108968098,
        "lowlevel.loudness_ebu128.momentary.dmean2": 1.2164613803227742,
        "lowlevel.spectral_centroid.max": 9269.458821614584,
        "lowlevel.loudness_ebu128.short_term.dmean2": 0.137789748609066,
        "rhythm.beats_loudness.dmean2": 0.03181770568092664,
        "lowlevel.spectral_centroid.stdev": 550.2996419270834,
        "metadata.audio_properties.analysis.equal_loudness": 0.0,
        "rhythm.beats_loudness.stdev": 0.024925366664926212,
        "lowlevel.loudness_ebu128.momentary.stdev": 10.060479958852133,
        "rhythm.beats_loudness.dvar2": 0.001293611208287378,
        "rhythm.beats_loudness.median": 0.01953477691859007,
        "rhythm.beats_loudness.dvar": 0.0004279762846029674,
        "lowlevel.average_loudness": 0.25674549241860706,
        "lowlevel.loudness_ebu128.short_term.dmean": 0.14610305925210318,
        "lowlevel.loudness_ebu128.momentary.dvar": 5.919981837272644,
        "lowlevel.loudness_ebu128.momentary.min": -148.07248179117838,
        "lowlevel.loudness_ebu128.short_term.dvar2": 0.021647000685334206,
        "lowlevel.loudness_ebu128.integrated": -19.875186284383137,
        "rhythm.bpm_histogram_second_peak_weight": 0.019375586261351902
    }
}