{
    "song_title": "It Hurts Me Too",
    "artist": "Grateful Dead",
    "num_versions_processed": 3,
    "average_features": {
        "lowlevel.spectral_centroid.stdev": 589.1035664876302,
        "lowlevel.spectral_centroid.median": 775.5685017903646,
        "rhythm.beats_loudness.dmean2": 0.034767089411616325,
        "lowlevel.loudness_ebu128.momentary.dvar2": 1.07534525791804,
        "lowlevel.loudness_ebu128.short_term.stdev": 6.017649571100871,
        "lowlevel.spectral_centroid.dmean": 143.31661478678384,
        "lowlevel.loudness_ebu128.momentary.stdev": 8.329675197601318,
        "lowlevel.loudness_ebu128.momentary.var": 72.8709233601888,
        "metadata.audio_properties.analysis.equal_loudness": 0.0,
        "rhythm.beats_loudness.dvar2": 0.0014047845033928752,
        "lowlevel.loudness_ebu128.loudness_range": 7.567287127176921,
        "lowlevel.loudness_ebu128.momentary.dmean": 0.7712562481562296,
        "lowlevel.spectral_centroid.var": 360315.3854166667,
        "rhythm.beats_loudness.dmean": 0.02051660108069579,
        "lowlevel.loudness_ebu128.momentary.dmean2": 0.8004949688911438,
        "lowlevel.loudness_ebu128.short_term.dvar": 0.12692455450693765,
        "lowlevel.loudness_ebu128.short_term.var": 40.39126427968343,
        "lowlevel.loudness_ebu128.short_term.min": -63.52304331461588,
        "lowlevel.loudness_ebu128.momentary.median": -17.323813756306965,
        "rhythm.bpm_histogram_first_peak_bpm": 139.33333333333334,
        "lowlevel.loudness_ebu128.momentary.dvar": 0.831272025903066,
        "lowlevel.spectral_centroid.dmean2": 217.21968587239584,
        "lowlevel.loudness_ebu128.short_term.max": -10.544970194498697,
        "rhythm.beats_loudness.stdev": 0.02998803307612737,
        "rhythm.beats_loudness.mean": 0.038058023899793625,
        "lowlevel.spectral_centroid.mean": 910.6086018880209,
        "rhythm.bpm_histogram_second_peak_spread": 0.08623311916987102,
        "lowlevel.spectral_centroid.dvar2": 69751.51692708333,
        "lowlevel.loudness_ebu128.integrated": -16.159496625264484,
        "rhythm.bpm_histogram_first_peak_weight": 0.37793582677841187,
        "rhythm.bpm_histogram_second_peak_bpm": 141.66666666666666,
        "lowlevel.loudness_ebu128.short_term.dvar2": 0.10972842139502366,
        "lowlevel.loudness_ebu128.short_term.median": -16.844315846761067,
        "lowlevel.loudness_ebu128.momentary.max": -8.46788771947225,
        "lowlevel.loudness_ebu128.short_term.mean": -17.9991512298584,
        "rhythm.bpm_histogram_second_peak_weight": 0.14659151310722032,
        "lowlevel.loudness_ebu128.momentary.min": -74.40580749511719,
        "rhythm.beats_loudness.median": 0.03231393421689669,
        "lowlevel.spectral_centroid.dvar": 32321.561197916668,
        "lowlevel.loudness_ebu128.short_term.dmean2": 0.10120023787021637,
        "rhythm.beats_loudness.var": 0.0009910409183551867,
        "lowlevel.spectral_centroid.max": 5161.437825520833,
        "rhythm.beats_loudness.max": 0.225435142715772,
        "lowlevel.loudness_ebu128.short_term.dmean": 0.1332054982582728,
        "lowlevel.average_loudness": 0.40182959536711377,
        "lowlevel.spectral_centroid.min": 158.62239583333334,
        "rhythm.danceability": 1.0392393668492634,
        "rhythm.beats_loudness.min": 1.8966085043962504e-06,
        "lowlevel.loudness_ebu128.momentary.mean": -18.96639633178711,
        "rhythm.bpm": 139.6932805379232,
        "rhythm.beats_loudness.dvar": 0.0005264492550243934
    },
    "outlier_flag": true,
    "outlier_reasons": [
        "BPM Variance: 60.26 (limit 20)"
    ],
    "raw_versions": [
        {
            "id": "Pb_0MzPAHeA",
            "title": "Grateful Dead - It Hurts Me Too 1966-05-19",
            "views": 7743,
            "features": {
                "lowlevel.average_loudness": 0.8855139017105103,
                "lowlevel.loudness_ebu128.integrated": -14.802820205688477,
                "lowlevel.loudness_ebu128.loudness_range": 4.567012786865234,
                "lowlevel.loudness_ebu128.momentary.dmean": 0.667047917842865,
                "lowlevel.loudness_ebu128.momentary.dmean2": 0.722331166267395,
                "lowlevel.loudness_ebu128.momentary.dvar": 0.8047586679458618,
                "lowlevel.loudness_ebu128.momentary.dvar2": 0.872628927230835,
                "lowlevel.loudness_ebu128.momentary.max": -9.081596374511719,
                "lowlevel.loudness_ebu128.momentary.mean": -17.12302589416504,
                "lowlevel.loudness_ebu128.momentary.median": -15.437946319580078,
                "lowlevel.loudness_ebu128.momentary.min": -90.04106140136719,
                "lowlevel.loudness_ebu128.momentary.stdev": 10.675262451171875,
                "lowlevel.loudness_ebu128.momentary.var": 113.96123504638672,
                "lowlevel.loudness_ebu128.short_term.dmean": 0.1216937005519867,
                "lowlevel.loudness_ebu128.short_term.dmean2": 0.10274006426334381,
                "lowlevel.loudness_ebu128.short_term.dvar": 0.2972371280193329,
                "lowlevel.loudness_ebu128.short_term.dvar2": 0.2680782675743103,
                "lowlevel.loudness_ebu128.short_term.max": -11.05872631072998,
                "lowlevel.loudness_ebu128.short_term.mean": -16.05420684814453,
                "lowlevel.loudness_ebu128.short_term.median": -15.13969612121582,
                "lowlevel.loudness_ebu128.short_term.min": -90.01663970947266,
                "lowlevel.loudness_ebu128.short_term.stdev": 7.581855773925781,
                "lowlevel.loudness_ebu128.short_term.var": 57.48453903198242,
                "lowlevel.spectral_centroid.dmean": 146.66529846191406,
                "lowlevel.spectral_centroid.dmean2": 222.24496459960938,
                "lowlevel.spectral_centroid.dvar": 31391.40234375,
                "lowlevel.spectral_centroid.dvar2": 69908.0703125,
                "lowlevel.spectral_centroid.max": 5498.5166015625,
                "lowlevel.spectral_centroid.mean": 863.1953735351562,
                "lowlevel.spectral_centroid.median": 687.3400268554688,
                "lowlevel.spectral_centroid.min": 165.44351196289062,
                "lowlevel.spectral_centroid.stdev": 725.4820556640625,
                "lowlevel.spectral_centroid.var": 526324.1875,
                "metadata.audio_properties.analysis.equal_loudness": 0.0,
                "rhythm.beats_loudness.dmean": 0.017983725294470787,
                "rhythm.beats_loudness.dmean2": 0.030216755345463753,
                "rhythm.beats_loudness.dvar": 0.00025850828387774527,
                "rhythm.beats_loudness.dvar2": 0.0007367973448708653,
                "rhythm.beats_loudness.max": 0.14366883039474487,
                "rhythm.beats_loudness.mean": 0.03649506717920303,
                "rhythm.beats_loudness.median": 0.03451569750905037,
                "rhythm.beats_loudness.min": 1.031830620945584e-09,
                "rhythm.beats_loudness.stdev": 0.020364614203572273,
                "rhythm.beats_loudness.var": 0.0004147174768149853,
                "rhythm.bpm": 178.2055206298828,
                "rhythm.bpm_histogram_first_peak_bpm": 178.0,
                "rhythm.bpm_histogram_first_peak_weight": 0.0,
                "rhythm.bpm_histogram_second_peak_bpm": 185.0,
                "rhythm.bpm_histogram_second_peak_spread": 0.0,
                "rhythm.bpm_histogram_second_peak_weight": 0.23706896603107452,
                "rhythm.danceability": 1.105305790901184
            }
        },
        {
            "id": "BBCGLBYlbSo",
            "title": "Grateful Dead - It Hurts Me Too",
            "views": 345196,
            "features": {
                "lowlevel.average_loudness": 0.14283697307109833,
                "lowlevel.loudness_ebu128.integrated": -15.140873908996582,
                "lowlevel.loudness_ebu128.loudness_range": 8.077960014343262,
                "lowlevel.loudness_ebu128.momentary.dmean": 0.9165916442871094,