{
    "song_title": "It Hurts Me Too",
    "artist": "Grateful Dead",
    "num_versions_processed": 3,
    "average_features": {
        "lowlevel.loudness_ebu128.momentary.dmean2": 0.8268616000811259,
        "lowlevel.loudness_ebu128.short_term.median": -14.87606684366862,
        "lowlevel.spectral_centroid.median": 761.3675333658854,
        "rhythm.beats_loudness.var": 0.0006020193880734345,
        "rhythm.beats_loudness.dvar": 0.00033286895874577266,
        "lowlevel.loudness_ebu128.short_term.stdev": 4.401575962702434,
        "lowlevel.loudness_ebu128.integrated": -14.021419525146484,
        "rhythm.beats_loudness.max": 0.1932863642772039,
        "lowlevel.spectral_centroid.max": 8783.759765625,
        "lowlevel.spectral_centroid.min": 150.51599629720053,
        "lowlevel.loudness_ebu128.momentary.stdev": 6.697578430175781,
        "rhythm.bpm": 129.00920867919922,
        "lowlevel.loudness_ebu128.loudness_range": 7.426952044169108,
        "rhythm.beats_loudness.mean": 0.030900167922178905,
        "rhythm.bpm_histogram_second_peak_weight": 0.08996837586164474,
        "metadata.audio_properties.analysis.equal_loudness": 0.0,
        "lowlevel.loudness_ebu128.short_term.var": 21.279043833414715,
        "rhythm.beats_loudness.dvar2": 0.0008851836707132558,
        "rhythm.bpm_histogram_second_peak_bpm": 126.33333333333333,
        "lowlevel.loudness_ebu128.momentary.mean": -16.521310170491535,
        "lowlevel.loudness_ebu128.short_term.max": -8.287543296813965,
        "rhythm.beats_loudness.stdev": 0.024479618296027184,
        "lowlevel.loudness_ebu128.momentary.dmean": 0.8101966579755148,
        "lowlevel.spectral_centroid.mean": 866.5574544270834,
        "lowlevel.spectral_centroid.stdev": 468.6054992675781,
        "rhythm.beats_loudness.median": 0.025362543761730194,
        "lowlevel.loudness_ebu128.short_term.dmean": 0.1373753696680069,
        "lowlevel.loudness_ebu128.short_term.dvar2": 0.017500249668955803,
        "rhythm.beats_loudness.dmean2": 0.029587706550955772,
        "lowlevel.loudness_ebu128.short_term.mean": -15.567692438761393,
        "lowlevel.loudness_ebu128.momentary.var": 45.753349939982094,
        "rhythm.beats_loudness.dmean": 0.017287251229087513,
        "lowlevel.loudness_ebu128.momentary.min": -73.77146911621094,
        "lowlevel.loudness_ebu128.momentary.dvar": 0.9819990197817484,
        "lowlevel.spectral_centroid.dmean": 116.39623006184895,
        "lowlevel.spectral_centroid.var": 219837.72916666666,
        "rhythm.beats_loudness.min": 9.232003614911832e-07,
        "lowlevel.average_loudness": 0.3402283738056819,
        "lowlevel.loudness_ebu128.short_term.dmean2": 0.09695850809415181,
        "lowlevel.loudness_ebu128.short_term.min": -47.13182830810547,
        "rhythm.bpm_histogram_first_peak_bpm": 129.0,
        "lowlevel.loudness_ebu128.momentary.max": -6.304386456807454,
        "lowlevel.spectral_centroid.dmean2": 175.57893880208334,
        "rhythm.bpm_histogram_second_peak_spread": 0.2658348282178243,
        "lowlevel.loudness_ebu128.short_term.dvar": 0.0284021757543087,
        "lowlevel.loudness_ebu128.momentary.median": -15.301434199015299,
        "rhythm.danceability": 1.0170629223187764,
        "lowlevel.spectral_centroid.dvar": 26644.537760416668,
        "rhythm.bpm_histogram_first_peak_weight": 0.5514447093009949,
        "lowlevel.loudness_ebu128.momentary.dvar2": 1.35353418191274,
        "lowlevel.spectral_centroid.dvar2": 55216.47265625
    },
    "outlier_flag": true,
    "outlier_reasons": [
        "BPM Variance: 23.14 (limit 20)"
    ],
    "raw_versions": [
        {
            "id": "tL96Nj1YYOg",
            "title": "Hurts Me Too (Live in London, 1972) ( [2001 Remaster)",
            "views": 231464,
            "features": {
                "lowlevel.average_loudness": 0.30301859974861145,
                "lowlevel.loudness_ebu128.integrated": -13.416401863098145,
                "lowlevel.loudness_ebu128.loudness_range": 8.07553482055664,
                "lowlevel.loudness_ebu128.momentary.dmean": 0.8385829925537109,
                "lowlevel.loudness_ebu128.momentary.dmean2": 0.8989381194114685,
                "lowlevel.loudness_ebu128.momentary.dvar": 1.3027204275131226,
                "lowlevel.loudness_ebu128.momentary.dvar2": 1.8239673376083374,
                "lowlevel.loudness_ebu128.momentary.max": -5.27321720123291,
                "lowlevel.loudness_ebu128.momentary.mean": -15.312530517578125,
                "lowlevel.loudness_ebu128.momentary.median": -14.699392318725586,
                "lowlevel.loudness_ebu128.momentary.min": -87.98493957519531,
                "lowlevel.loudness_ebu128.momentary.stdev": 5.3855671882629395,
                "lowlevel.loudness_ebu128.momentary.var": 29.004335403442383,
                "lowlevel.loudness_ebu128.short_term.dmean": 0.12976235151290894,
                "lowlevel.loudness_ebu128.short_term.dmean2": 0.08752498775720596,
                "lowlevel.loudness_ebu128.short_term.dvar": 0.01897277869284153,
                "lowlevel.loudness_ebu128.short_term.dvar2": 0.012358448468148708,
                "lowlevel.loudness_ebu128.short_term.max": -7.939422607421875,
                "lowlevel.loudness_ebu128.short_term.mean": -14.478440284729004,
                "lowlevel.loudness_ebu128.short_term.median": -14.291349411010742,
                "lowlevel.loudness_ebu128.short_term.min": -46.267433166503906,
                "lowlevel.loudness_ebu128.short_term.stdev": 3.288679838180542,
                "lowlevel.loudness_ebu128.short_term.var": 10.815415382385254,
                "lowlevel.spectral_centroid.dmean": 125.77204895019531,
                "lowlevel.spectral_centroid.dmean2": 191.24746704101562,
                "lowlevel.spectral_centroid.dvar": 28743.1484375,
                "lowlevel.spectral_centroid.dvar2": 60193.0078125,
                "lowlevel.spectral_centroid.max": 11195.048828125,
                "lowlevel.spectral_centroid.mean": 896.9972534179688,
                "lowlevel.spectral_centroid.median": 814.1312255859375,
                "lowlevel.spectral_centroid.min": 129.5794677734375,
                "lowlevel.spectral_centroid.stdev": 463.2275390625,
                "lowlevel.spectral_centroid.var": 214579.765625,
                "metadata.audio_properties.analysis.equal_loudness": 0.0,
                "rhythm.beats_loudness.dmean": 0.0171310156583786,
                "rhythm.beats_loudness.dmean2": 0.029108120128512383,
                "rhythm.beats_loudness.dvar": 0.0002849834563676268,
                "rhythm.beats_loudness.dvar2": 0.0007378224399872124,
                "rhythm.beats_loudness.max": 0.185355082154274,
                "rhythm.beats_loudness.mean": 0.028900211676955223,
                "rhythm.beats_loudness.median": 0.02294640615582466,
                "rhythm.beats_loudness.min": 4.5118738967175887e-08,
                "rhythm.beats_loudness.stdev": 0.022409945726394653,
                "rhythm.beats_loudness.var": 0.0005022056284360588,
                "rhythm.bpm": 120.51457977294922,
                "rhythm.bpm_histogram_first_peak_bpm": 120.0,
                "rhythm.bpm_histogram_first_peak_weight": 0.5702479481697083,
                "rhythm.bpm_histogram_second_peak_bpm": 126.0,
                "rhythm.bpm_histogram_second_peak_spread": 0.21818184852600098,
                "rhythm.bpm_histogram_second_peak_weight": 0.0969560295343399,
                "rhythm.danceability": 0.9893288016319275
            }
        },
        {
            "id": "BBCGLBYlbSo",
            "title": "Grateful Dead - It Hurts Me Too",
            "views": 345149,
            "features": {
                "lowlevel.average_loudness": 0.11628980934619904,
                "lowlevel.loudness_ebu128.integrated": -15.14277172088623,
                "lowlevel.loudness_ebu128.loudness_range": 8.146268844604492,