{
    "song_title": "It Takes A Lot To Laugh It Takes A Train To Cry",
    "artist": "Grateful Dead",
    "num_versions_processed": 3,
    "average_features": {
        "lowlevel.loudness_ebu128.short_term.dvar2": 0.004909986707692345,
        "lowlevel.loudness_ebu128.momentary.var": 41.370394706726074,
        "lowlevel.loudness_ebu128.momentary.min": -75.78111012776692,
        "lowlevel.spectral_centroid.dvar": 38616.3984375,
        "rhythm.beats_loudness.min": 9.079977027044255e-05,
        "lowlevel.spectral_centroid.mean": 1469.5724690755208,
        "rhythm.beats_loudness.dvar": 0.00010932890472759027,
        "rhythm.bpm_histogram_first_peak_bpm": 111.66666666666667,
        "rhythm.beats_loudness.median": 0.03580452501773834,
        "lowlevel.loudness_ebu128.integrated": -13.325995763142904,
        "lowlevel.loudness_ebu128.short_term.mean": -14.06745433807373,
        "rhythm.beats_loudness.dmean2": 0.020274960435926914,
        "lowlevel.loudness_ebu128.momentary.dvar2": 0.710554301738739,
        "rhythm.bpm_histogram_second_peak_weight": 0.048413174226880074,
        "lowlevel.loudness_ebu128.loudness_range": 3.9548330307006836,
        "rhythm.bpm_histogram_second_peak_bpm": 113.33333333333333,
        "lowlevel.loudness_ebu128.short_term.min": -44.2753480275472,
        "lowlevel.loudness_ebu128.short_term.stdev": 3.295056382815043,
        "lowlevel.loudness_ebu128.short_term.dmean2": 0.06626686205466588,
        "lowlevel.loudness_ebu128.short_term.var": 11.896700064341227,
        "rhythm.beats_loudness.mean": 0.036037564277648926,
        "lowlevel.spectral_centroid.max": 7012.134602864583,
        "lowlevel.loudness_ebu128.momentary.dvar": 0.4877391904592514,
        "rhythm.beats_loudness.stdev": 0.014519487197200457,
        "lowlevel.loudness_ebu128.momentary.max": -10.220579465230307,
        "lowlevel.spectral_centroid.median": 1446.2511393229167,
        "lowlevel.loudness_ebu128.momentary.dmean": 0.4519839286804199,
        "lowlevel.loudness_ebu128.short_term.dvar": 0.019866766408085823,
        "rhythm.beats_loudness.var": 0.0002299067346029915,
        "lowlevel.loudness_ebu128.momentary.stdev": 6.025248686472575,
        "lowlevel.loudness_ebu128.momentary.mean": -14.71087678273519,
        "rhythm.beats_loudness.dmean": 0.011443324387073517,
        "lowlevel.average_loudness": 0.9109210968017578,
        "lowlevel.loudness_ebu128.short_term.median": -13.38984743754069,
        "rhythm.beats_loudness.max": 0.07911524673302968,
        "metadata.audio_properties.analysis.equal_loudness": 0.0,
        "lowlevel.loudness_ebu128.momentary.dmean2": 0.5306858917077383,
        "lowlevel.spectral_centroid.dvar2": 86701.34114583333,
        "lowlevel.loudness_ebu128.short_term.max": -10.993285338083902,
        "lowlevel.spectral_centroid.var": 254320.63020833334,
        "rhythm.bpm_histogram_first_peak_weight": 0.377570907274882,
        "lowlevel.loudness_ebu128.momentary.median": -13.431191126505533,
        "rhythm.bpm": 111.30265553792317,
        "rhythm.beats_loudness.dvar2": 0.0003338644504159068,
        "lowlevel.loudness_ebu128.short_term.dmean": 0.08122540265321732,
        "lowlevel.spectral_centroid.stdev": 502.71177164713544,
        "lowlevel.spectral_centroid.dmean": 196.47632853190103,
        "lowlevel.spectral_centroid.dmean2": 303.15675862630206,
        "rhythm.danceability": 1.0553410053253174,
        "lowlevel.spectral_centroid.min": 274.6344909667969,
        "rhythm.bpm_histogram_second_peak_spread": 0.3015873233477275
    },
    "outlier_flag": false,
    "outlier_reasons": null,
    "raw_versions": [
        {
            "id": "ASgldwK5ERI",
            "title": "Bob Dylan - It Takes a Lot to Laugh, It Takes a Train to Cry (Live at Boston Music Hall)",
            "views": 54622,
            "features": {
                "lowlevel.average_loudness": 0.8850157856941223,
                "lowlevel.loudness_ebu128.integrated": -9.168532371520996,
                "lowlevel.loudness_ebu128.loudness_range": 5.635440826416016,
                "lowlevel.loudness_ebu128.momentary.dmean": 0.5121858716011047,
                "lowlevel.loudness_ebu128.momentary.dmean2": 0.5895492434501648,
                "lowlevel.loudness_ebu128.momentary.dvar": 1.0455178022384644,
                "lowlevel.loudness_ebu128.momentary.dvar2": 1.657254934310913,
                "lowlevel.loudness_ebu128.momentary.max": -5.526792526245117,
                "lowlevel.loudness_ebu128.momentary.mean": -11.356682777404785,
                "lowlevel.loudness_ebu128.momentary.median": -9.318233489990234,
                "lowlevel.loudness_ebu128.momentary.min": -90.45980072021484,
                "lowlevel.loudness_ebu128.momentary.stdev": 7.019944667816162,
                "lowlevel.loudness_ebu128.momentary.var": 49.27962112426758,
                "lowlevel.loudness_ebu128.short_term.dmean": 0.09553467482328415,
                "lowlevel.loudness_ebu128.short_term.dmean2": 0.06675330549478531,
                "lowlevel.loudness_ebu128.short_term.dvar": 0.01328029204159975,
                "lowlevel.loudness_ebu128.short_term.dvar2": 0.005645759403705597,
                "lowlevel.loudness_ebu128.short_term.max": -6.798205852508545,
                "lowlevel.loudness_ebu128.short_term.mean": -10.550142288208008,
                "lowlevel.loudness_ebu128.short_term.median": -9.25655460357666,
                "lowlevel.loudness_ebu128.short_term.min": -35.826622009277344,
                "lowlevel.loudness_ebu128.short_term.stdev": 4.458010196685791,
                "lowlevel.loudness_ebu128.short_term.var": 19.87385368347168,
                "lowlevel.spectral_centroid.dmean": 175.3584747314453,
                "lowlevel.spectral_centroid.dmean2": 277.18011474609375,
                "lowlevel.spectral_centroid.dvar": 36178.56640625,
                "lowlevel.spectral_centroid.dvar2": 87367.2578125,
                "lowlevel.spectral_centroid.max": 5100.5849609375,
                "lowlevel.spectral_centroid.mean": 1435.3155517578125,
                "lowlevel.spectral_centroid.median": 1417.539794921875,
                "lowlevel.spectral_centroid.min": 295.8669128417969,
                "lowlevel.spectral_centroid.stdev": 482.38623046875,
                "lowlevel.spectral_centroid.var": 232696.46875,
                "metadata.audio_properties.analysis.equal_loudness": 0.0,
                "rhythm.beats_loudness.dmean": 0.013635292649269104,
                "rhythm.beats_loudness.dmean2": 0.024097774177789688,
                "rhythm.beats_loudness.dvar": 0.00015783817798364908,
                "rhythm.beats_loudness.dvar2": 0.000492303108330816,
                "rhythm.beats_loudness.max": 0.0960351750254631,
                "rhythm.beats_loudness.mean": 0.0392344631254673,
                "rhythm.beats_loudness.median": 0.03966202959418297,
                "rhythm.beats_loudness.min": 3.3201238980318237e-10,
                "rhythm.beats_loudness.stdev": 0.01917433552443981,
                "rhythm.beats_loudness.var": 0.00036765512777492404,
                "rhythm.bpm": 125.2796401977539,
                "rhythm.bpm_histogram_first_peak_bpm": 126.0,
                "rhythm.bpm_histogram_first_peak_weight": 0.561904788017273,
                "rhythm.bpm_histogram_second_peak_bpm": 120.0,
                "rhythm.bpm_histogram_second_peak_spread": 0.23809528350830078,
                "rhythm.bpm_histogram_second_peak_weight": 0.08163265138864517,
                "rhythm.danceability": 1.0205416679382324
            }
        },
        {
            "id": "nx5VSBkpzRE",
            "title": "It Takes a Lot to Laugh, It Takes a Train to Cry (Live at the Newport Folk Festival, Newport,...",
            "views": 17503,
            "features": {
                "lowlevel.average_loudness": 0.9409582614898682,
                "lowlevel.loudness_ebu128.integrated": -16.070594787597656,