{
    "song_title": "John Brown",
    "artist": "Grateful Dead",
    "num_versions_processed": 2,
    "average_features": {
        "rhythm.beats_loudness.dvar": 0.00028733954968629405,
        "lowlevel.loudness_ebu128.momentary.median": -14.254724025726318,
        "lowlevel.loudness_ebu128.short_term.min": -38.421030044555664,
        "lowlevel.loudness_ebu128.short_term.dvar": 0.028391771484166384,
        "rhythm.beats_loudness.dvar2": 0.0008043608686421067,
        "rhythm.beats_loudness.min": 0.0001471003110964375,
        "lowlevel.loudness_ebu128.momentary.min": -47.95990753173828,
        "rhythm.bpm_histogram_second_peak_weight": 0.1336093805730343,
        "lowlevel.spectral_centroid.min": 239.67566680908203,
        "lowlevel.spectral_centroid.var": 176754.8515625,
        "lowlevel.loudness_ebu128.short_term.dvar2": 0.02916501648724079,
        "lowlevel.loudness_ebu128.short_term.stdev": 5.02661395072937,
        "rhythm.beats_loudness.max": 0.1478542909026146,
        "lowlevel.loudness_ebu128.momentary.dvar2": 0.7101585268974304,
        "lowlevel.spectral_centroid.dvar2": 68917.447265625,
        "lowlevel.loudness_ebu128.momentary.max": -7.24643611907959,
        "lowlevel.average_loudness": 0.753782719373703,
        "lowlevel.loudness_ebu128.momentary.var": 42.53643465042114,
        "lowlevel.loudness_ebu128.loudness_range": 5.618910312652588,
        "rhythm.beats_loudness.dmean": 0.017625576816499233,
        "lowlevel.loudness_ebu128.momentary.dvar": 0.5223649442195892,
        "metadata.audio_properties.analysis.equal_loudness": 0.0,
        "lowlevel.spectral_centroid.dmean": 166.82584381103516,
        "rhythm.bpm": 146.01676559448242,
        "lowlevel.spectral_centroid.dvar": 34140.2021484375,
        "lowlevel.loudness_ebu128.momentary.dmean2": 0.8443046808242798,
        "rhythm.bpm_histogram_first_peak_weight": 0.26408451795578003,
        "rhythm.bpm_histogram_second_peak_spread": 0.30354541540145874,
        "lowlevel.loudness_ebu128.momentary.mean": -15.962700366973877,
        "lowlevel.loudness_ebu128.momentary.dmean": 0.7307578325271606,
        "rhythm.beats_loudness.mean": 0.03539925627410412,
        "rhythm.bpm_histogram_second_peak_bpm": 107.5,
        "lowlevel.loudness_ebu128.integrated": -13.772679328918457,
        "rhythm.beats_loudness.var": 0.0005175623518880457,
        "lowlevel.loudness_ebu128.momentary.stdev": 5.815353274345398,
        "lowlevel.loudness_ebu128.short_term.var": 34.13537931442261,
        "lowlevel.spectral_centroid.max": 11384.53759765625,
        "rhythm.beats_loudness.dmean2": 0.030135327018797398,
        "rhythm.danceability": 1.3017724752426147,
        "lowlevel.loudness_ebu128.short_term.max": -10.6107497215271,
        "lowlevel.spectral_centroid.mean": 985.5784912109375,
        "rhythm.beats_loudness.stdev": 0.022724047303199768,
        "lowlevel.loudness_ebu128.short_term.dmean2": 0.11268924549221992,
        "lowlevel.loudness_ebu128.short_term.dmean": 0.10875459015369415,
        "lowlevel.loudness_ebu128.short_term.mean": -15.451566219329834,
        "rhythm.bpm_histogram_first_peak_bpm": 146.5,
        "lowlevel.loudness_ebu128.short_term.median": -13.930980205535889,
        "lowlevel.spectral_centroid.median": 926.6941223144531,
        "lowlevel.spectral_centroid.stdev": 409.81785583496094,
        "lowlevel.spectral_centroid.dmean2": 252.7106475830078,
        "rhythm.beats_loudness.median": 0.032516397535800934
    },
    "outlier_flag": true,
    "outlier_reasons": [
        "BPM Variance: 77.11 (limit 60)"
    ],
    "raw_versions": [
        {
            "id": "dIb0zk2ocl4",
            "title": "\"John Brown\" - Grateful Dead & Guest  7/4/87",
            "views": 16414,
            "features": {
                "lowlevel.average_loudness": 0.9018747210502625,
                "lowlevel.loudness_ebu128.integrated": -12.802114486694336,
                "lowlevel.loudness_ebu128.loudness_range": 3.7248754501342773,
                "lowlevel.loudness_ebu128.momentary.dmean": 0.7227325439453125,
                "lowlevel.loudness_ebu128.momentary.dmean2": 0.8619689345359802,
                "lowlevel.loudness_ebu128.momentary.dvar": 0.4116296172142029,
                "lowlevel.loudness_ebu128.momentary.dvar2": 0.5878840088844299,
                "lowlevel.loudness_ebu128.momentary.max": -7.989500999450684,
                "lowlevel.loudness_ebu128.momentary.mean": -13.553624153137207,
                "lowlevel.loudness_ebu128.momentary.median": -13.02610969543457,
                "lowlevel.loudness_ebu128.momentary.min": -34.8089599609375,
                "lowlevel.loudness_ebu128.momentary.stdev": 2.8627097606658936,
                "lowlevel.loudness_ebu128.momentary.var": 8.195107460021973,
                "lowlevel.loudness_ebu128.short_term.dmean": 0.0973290279507637,
                "lowlevel.loudness_ebu128.short_term.dmean2": 0.10840868204832077,
                "lowlevel.loudness_ebu128.short_term.dvar": 0.008593113161623478,
                "lowlevel.loudness_ebu128.short_term.dvar2": 0.009652379900217056,
                "lowlevel.loudness_ebu128.short_term.max": -10.673715591430664,
                "lowlevel.loudness_ebu128.short_term.mean": -13.182953834533691,
                "lowlevel.loudness_ebu128.short_term.median": -12.601152420043945,
                "lowlevel.loudness_ebu128.short_term.min": -24.859966278076172,
                "lowlevel.loudness_ebu128.short_term.stdev": 2.048605442047119,
                "lowlevel.loudness_ebu128.short_term.var": 4.196784019470215,
                "lowlevel.spectral_centroid.dmean": 137.571533203125,
                "lowlevel.spectral_centroid.dmean2": 211.65023803710938,
                "lowlevel.spectral_centroid.dvar": 27487.708984375,
                "lowlevel.spectral_centroid.dvar2": 54652.92578125,
                "lowlevel.spectral_centroid.max": 11226.0498046875,
                "lowlevel.spectral_centroid.mean": 868.134765625,
                "lowlevel.spectral_centroid.median": 819.8355102539062,
                "lowlevel.spectral_centroid.min": 300.1255798339844,
                "lowlevel.spectral_centroid.stdev": 315.98724365234375,
                "lowlevel.spectral_centroid.var": 99847.9375,
                "metadata.audio_properties.analysis.equal_loudness": 0.0,
                "rhythm.beats_loudness.dmean": 0.019188031554222107,
                "rhythm.beats_loudness.dmean2": 0.03324449062347412,
                "rhythm.beats_loudness.dvar": 0.0003420982975512743,
                "rhythm.beats_loudness.dvar2": 0.0009654268505983055,
                "rhythm.beats_loudness.max": 0.15691933035850525,
                "rhythm.beats_loudness.mean": 0.03604181855916977,
                "rhythm.beats_loudness.median": 0.031664714217185974,
                "rhythm.beats_loudness.min": 0.0002920668921433389,
                "rhythm.beats_loudness.stdev": 0.02163775824010372,
                "rhythm.beats_loudness.var": 0.0004681925638578832,
                "rhythm.bpm": 107.4629898071289,
                "rhythm.bpm_histogram_first_peak_bpm": 108.0,
                "rhythm.bpm_histogram_first_peak_weight": 0.5281690359115601,
                "rhythm.bpm_histogram_second_peak_bpm": 103.0,
                "rhythm.bpm_histogram_second_peak_spread": 0.10909086465835571,
                "rhythm.bpm_histogram_second_peak_weight": 0.07692307978868484,
                "rhythm.danceability": 1.371130347251892
            }
        },
        {
            "id": "k1tR1UmfOH8",
            "title": "Bob Dylan,John Brown, Grateful Dead ,12th July 1987",
            "views": 1309,
            "features": {
                "lowlevel.average_loudness": 0.6056907176971436,
                "lowlevel.loudness_ebu128.integrated": -14.743244171142578,
                "lowlevel.loudness_ebu128.loudness_range": 7.512945175170898,
                "lowlevel.loudness_ebu128.momentary.dmean": 0.7387831211090088,