{
    "song_title": "Just Like Tom Thumb's Blues",
    "artist": "Grateful Dead",
    "num_versions_processed": 2,
    "average_features": {
        "lowlevel.loudness_ebu128.short_term.dvar2": 0.01773512945510447,
        "lowlevel.loudness_ebu128.momentary.var": 24.867167472839355,
        "lowlevel.loudness_ebu128.momentary.min": -90.55171203613281,
        "lowlevel.spectral_centroid.dvar": 44694.232421875,
        "rhythm.beats_loudness.min": 1.0737245814684826e-09,
        "lowlevel.spectral_centroid.mean": 810.9661560058594,
        "rhythm.beats_loudness.dvar": 0.00043718612869270146,
        "rhythm.bpm_histogram_first_peak_bpm": 104.5,
        "rhythm.beats_loudness.median": 0.02505125105381012,
        "lowlevel.loudness_ebu128.integrated": -16.11910629272461,
        "lowlevel.loudness_ebu128.short_term.mean": -16.649412155151367,
        "rhythm.beats_loudness.dmean2": 0.03370410203933716,
        "lowlevel.loudness_ebu128.momentary.dvar2": 1.3337696194648743,
        "rhythm.bpm_histogram_second_peak_weight": 0.013614265248179436,
        "lowlevel.loudness_ebu128.loudness_range": 4.356048107147217,
        "rhythm.bpm_histogram_second_peak_bpm": 133.0,
        "lowlevel.loudness_ebu128.short_term.min": -37.80756378173828,
        "lowlevel.loudness_ebu128.short_term.stdev": 2.3863174319267273,
        "lowlevel.loudness_ebu128.short_term.dmean2": 0.12036505341529846,
        "lowlevel.loudness_ebu128.short_term.var": 6.2578957080841064,
        "rhythm.beats_loudness.mean": 0.02941650152206421,
        "lowlevel.spectral_centroid.max": 5879.59521484375,
        "lowlevel.loudness_ebu128.momentary.dvar": 0.881717711687088,
        "rhythm.beats_loudness.stdev": 0.02133822813630104,
        "lowlevel.loudness_ebu128.momentary.max": -8.710428237915039,
        "lowlevel.spectral_centroid.median": 691.6381225585938,
        "lowlevel.loudness_ebu128.momentary.dmean": 0.8469139337539673,
        "lowlevel.loudness_ebu128.short_term.dvar": 0.02071845531463623,
        "rhythm.beats_loudness.var": 0.00047752924729138613,
        "lowlevel.loudness_ebu128.momentary.stdev": 4.971880674362183,
        "lowlevel.loudness_ebu128.momentary.mean": -17.358895778656006,
        "rhythm.beats_loudness.dmean": 0.0189020037651062,
        "lowlevel.average_loudness": 0.6229441165924072,
        "lowlevel.loudness_ebu128.short_term.median": -16.469614505767822,
        "rhythm.beats_loudness.max": 0.2011323720216751,
        "metadata.audio_properties.analysis.equal_loudness": 0.0,
        "lowlevel.loudness_ebu128.momentary.dmean2": 1.0908019542694092,
        "lowlevel.spectral_centroid.dvar2": 92594.28125,
        "lowlevel.loudness_ebu128.short_term.max": -12.879407405853271,
        "lowlevel.spectral_centroid.var": 233235.296875,
        "rhythm.bpm_histogram_first_peak_weight": 0.46744033694267273,
        "lowlevel.loudness_ebu128.momentary.median": -16.869629859924316,
        "rhythm.bpm": 104.55560302734375,
        "rhythm.beats_loudness.dvar2": 0.001222727179992944,
        "lowlevel.loudness_ebu128.short_term.dmean": 0.12156111001968384,
        "lowlevel.spectral_centroid.stdev": 482.93341064453125,
        "lowlevel.spectral_centroid.dmean": 147.55821990966797,
        "lowlevel.spectral_centroid.dmean2": 226.74502563476562,
        "rhythm.danceability": 1.1467228531837463,
        "lowlevel.spectral_centroid.min": 236.6100845336914,
        "rhythm.bpm_histogram_second_peak_spread": 0.33750003576278687
    },
    "outlier_flag": false,
    "outlier_reasons": null,
    "raw_versions": [
        {
            "id": "lUQprzzIv6U",
            "title": "Grateful Dead - Just Like Tom Thumb's Blues (Pittsburgh, PA 7/8/90)",
            "views": 208537,
            "features": {
                "lowlevel.average_loudness": 0.29777204990386963,
                "lowlevel.loudness_ebu128.integrated": -17.889667510986328,
                "lowlevel.loudness_ebu128.loudness_range": 6.542401313781738,
                "lowlevel.loudness_ebu128.momentary.dmean": 0.9493151903152466,
                "lowlevel.loudness_ebu128.momentary.dmean2": 1.236012578010559,
                "lowlevel.loudness_ebu128.momentary.dvar": 0.9998428821563721,
                "lowlevel.loudness_ebu128.momentary.dvar2": 1.5002583265304565,
                "lowlevel.loudness_ebu128.momentary.max": -7.559853553771973,
                "lowlevel.loudness_ebu128.momentary.mean": -19.621620178222656,
                "lowlevel.loudness_ebu128.momentary.median": -19.308429718017578,
                "lowlevel.loudness_ebu128.momentary.min": -90.09281921386719,
                "lowlevel.loudness_ebu128.momentary.stdev": 5.356029033660889,
                "lowlevel.loudness_ebu128.momentary.var": 28.68704605102539,
                "lowlevel.loudness_ebu128.short_term.dmean": 0.14900384843349457,
                "lowlevel.loudness_ebu128.short_term.dmean2": 0.14694616198539734,
                "lowlevel.loudness_ebu128.short_term.dvar": 0.03355802595615387,
                "lowlevel.loudness_ebu128.short_term.dvar2": 0.027891376987099648,
                "lowlevel.loudness_ebu128.short_term.max": -12.958250999450684,
                "lowlevel.loudness_ebu128.short_term.mean": -18.735755920410156,
                "lowlevel.loudness_ebu128.short_term.median": -18.657779693603516,
                "lowlevel.loudness_ebu128.short_term.min": -42.90648651123047,
                "lowlevel.loudness_ebu128.short_term.stdev": 3.136906862258911,
                "lowlevel.loudness_ebu128.short_term.var": 9.840185165405273,
                "lowlevel.spectral_centroid.dmean": 138.31329345703125,
                "lowlevel.spectral_centroid.dmean2": 209.99864196777344,
                "lowlevel.spectral_centroid.dvar": 49698.0078125,
                "lowlevel.spectral_centroid.dvar2": 96609.96875,
                "lowlevel.spectral_centroid.max": 5544.1103515625,
                "lowlevel.spectral_centroid.mean": 735.0382690429688,
                "lowlevel.spectral_centroid.median": 614.8388671875,
                "lowlevel.spectral_centroid.min": 235.6201629638672,
                "lowlevel.spectral_centroid.stdev": 479.67413330078125,
                "lowlevel.spectral_centroid.var": 230087.265625,
                "metadata.audio_properties.analysis.equal_loudness": 0.0,
                "rhythm.beats_loudness.dmean": 0.019733620807528496,
                "rhythm.beats_loudness.dmean2": 0.03476252034306526,
                "rhythm.beats_loudness.dvar": 0.0006712641334161162,
                "rhythm.beats_loudness.dvar2": 0.0018252829322591424,
                "rhythm.beats_loudness.max": 0.3047429919242859,
                "rhythm.beats_loudness.mean": 0.025315213948488235,
                "rhythm.beats_loudness.median": 0.0177743062376976,
                "rhythm.beats_loudness.min": 1.2769020285574584e-09,
                "rhythm.beats_loudness.stdev": 0.026050901040434837,
                "rhythm.beats_loudness.var": 0.0006786494050174952,
                "rhythm.bpm": 107.66956329345703,
                "rhythm.bpm_histogram_first_peak_bpm": 108.0,
                "rhythm.bpm_histogram_first_peak_weight": 0.42424243688583374,
                "rhythm.bpm_histogram_second_peak_bpm": 126.0,
                "rhythm.bpm_histogram_second_peak_spread": 0.375,
                "rhythm.bpm_histogram_second_peak_weight": 0.015600623562932014,
                "rhythm.danceability": 1.0822023153305054
            }
        },
        {
            "id": "hYv5LRJc7So",
            "title": "Grateful Dead - Just Like Tom Thumb's Blues (Live at Mountain View, CA 08/26/1993)",
            "views": 25180,
            "features": {
                "lowlevel.average_loudness": 0.9481161832809448,
                "lowlevel.loudness_ebu128.integrated": -14.34854507446289,
                "lowlevel.loudness_ebu128.loudness_range": 2.1696949005126953,