{
    "song_title": "KC Moan",
    "artist": "Grateful Dead",
    "num_versions_processed": 1,
    "average_features": {
        "lowlevel.loudness_ebu128.short_term.dvar2": 0.0024633004795759916,
        "lowlevel.loudness_ebu128.momentary.var": 3.9853737354278564,
        "lowlevel.loudness_ebu128.momentary.min": -28.357425689697266,
        "lowlevel.spectral_centroid.dvar": 20460.744140625,
        "rhythm.beats_loudness.min": 0.001784884836524725,
        "lowlevel.spectral_centroid.mean": 849.1712036132812,
        "rhythm.beats_loudness.dvar": 0.0001418573665432632,
        "rhythm.bpm_histogram_first_peak_bpm": 167.0,
        "rhythm.beats_loudness.median": 0.03461356461048126,
        "lowlevel.loudness_ebu128.integrated": -13.87411880493164,
        "lowlevel.loudness_ebu128.short_term.mean": -14.025261878967285,
        "rhythm.beats_loudness.dmean2": 0.023172814399003983,
        "lowlevel.loudness_ebu128.momentary.dvar2": 0.1891302615404129,
        "rhythm.bpm_histogram_second_peak_weight": 0.3145454525947571,
        "lowlevel.loudness_ebu128.loudness_range": 2.560185432434082,
        "rhythm.bpm_histogram_second_peak_bpm": 161.0,
        "lowlevel.loudness_ebu128.short_term.min": -22.51059341430664,
        "lowlevel.loudness_ebu128.short_term.stdev": 1.3537641763687134,
        "lowlevel.loudness_ebu128.short_term.dmean2": 0.055300548672676086,
        "lowlevel.loudness_ebu128.short_term.var": 1.8326774835586548,
        "rhythm.beats_loudness.mean": 0.03521908447146416,
        "lowlevel.spectral_centroid.max": 11063.490234375,
        "lowlevel.loudness_ebu128.momentary.dvar": 0.1892404705286026,
        "rhythm.beats_loudness.stdev": 0.014729023911058903,
        "lowlevel.loudness_ebu128.momentary.max": -9.771628379821777,
        "lowlevel.spectral_centroid.median": 811.744384765625,
        "lowlevel.loudness_ebu128.momentary.dmean": 0.4178171455860138,
        "lowlevel.loudness_ebu128.short_term.dvar": 0.003069530474022031,
        "rhythm.beats_loudness.var": 0.00021694415772799402,
        "lowlevel.loudness_ebu128.momentary.stdev": 1.996340036392212,
        "lowlevel.loudness_ebu128.momentary.mean": -14.23359203338623,
        "rhythm.beats_loudness.dmean": 0.013461398892104626,
        "lowlevel.average_loudness": 0.9144956469535828,
        "lowlevel.loudness_ebu128.short_term.median": -13.797853469848633,
        "rhythm.beats_loudness.max": 0.09707760065793991,
        "metadata.audio_properties.analysis.equal_loudness": 0.0,
        "lowlevel.loudness_ebu128.momentary.dmean2": 0.4344383180141449,
        "lowlevel.spectral_centroid.dvar2": 38403.01953125,
        "lowlevel.loudness_ebu128.short_term.max": -11.668238639831543,
        "lowlevel.spectral_centroid.var": 131417.953125,
        "rhythm.bpm_histogram_first_peak_weight": 0.0,
        "lowlevel.loudness_ebu128.momentary.median": -13.879877090454102,
        "rhythm.bpm": 164.39190673828125,
        "rhythm.beats_loudness.dvar2": 0.0004041758948005736,
        "lowlevel.loudness_ebu128.short_term.dmean": 0.06129816919565201,
        "lowlevel.spectral_centroid.stdev": 362.5161437988281,
        "lowlevel.spectral_centroid.dmean": 105.16850280761719,
        "lowlevel.spectral_centroid.dmean2": 156.10086059570312,
        "rhythm.danceability": 1.1031709909439087,
        "lowlevel.spectral_centroid.min": 275.9204406738281,
        "rhythm.bpm_histogram_second_peak_spread": 0.16826921701431274
    },
    "outlier_flag": false,
    "outlier_reasons": null,
    "raw_versions": [
        {
            "id": "8h7tp4POwrA",
            "title": "Grateful Dead's Bob Weir in Concert in Koh Tao, Thailand - Very Rare! KC Moan",
            "views": 1379,
            "features": {
                "lowlevel.average_loudness": 0.9144956469535828,
                "lowlevel.loudness_ebu128.integrated": -13.87411880493164,
                "lowlevel.loudness_ebu128.loudness_range": 2.560185432434082,
                "lowlevel.loudness_ebu128.momentary.dmean": 0.4178171455860138,
                "lowlevel.loudness_ebu128.momentary.dmean2": 0.4344383180141449,
                "lowlevel.loudness_ebu128.momentary.dvar": 0.1892404705286026,
                "lowlevel.loudness_ebu128.momentary.dvar2": 0.1891302615404129,
                "lowlevel.loudness_ebu128.momentary.max": -9.771628379821777,
                "lowlevel.loudness_ebu128.momentary.mean": -14.23359203338623,
                "lowlevel.loudness_ebu128.momentary.median": -13.879877090454102,
                "lowlevel.loudness_ebu128.momentary.min": -28.357425689697266,
                "lowlevel.loudness_ebu128.momentary.stdev": 1.996340036392212,
                "lowlevel.loudness_ebu128.momentary.var": 3.9853737354278564,
                "lowlevel.loudness_ebu128.short_term.dmean": 0.06129816919565201,
                "lowlevel.loudness_ebu128.short_term.dmean2": 0.055300548672676086,
                "lowlevel.loudness_ebu128.short_term.dvar": 0.003069530474022031,
                "lowlevel.loudness_ebu128.short_term.dvar2": 0.0024633004795759916,
                "lowlevel.loudness_ebu128.short_term.max": -11.668238639831543,
                "lowlevel.loudness_ebu128.short_term.mean": -14.025261878967285,
                "lowlevel.loudness_ebu128.short_term.median": -13.797853469848633,
                "lowlevel.loudness_ebu128.short_term.min": -22.51059341430664,
                "lowlevel.loudness_ebu128.short_term.stdev": 1.3537641763687134,
                "lowlevel.loudness_ebu128.short_term.var": 1.8326774835586548,
                "lowlevel.spectral_centroid.dmean": 105.16850280761719,
                "lowlevel.spectral_centroid.dmean2": 156.10086059570312,
                "lowlevel.spectral_centroid.dvar": 20460.744140625,
                "lowlevel.spectral_centroid.dvar2": 38403.01953125,
                "lowlevel.spectral_centroid.max": 11063.490234375,
                "lowlevel.spectral_centroid.mean": 849.1712036132812,
                "lowlevel.spectral_centroid.median": 811.744384765625,
                "lowlevel.spectral_centroid.min": 275.9204406738281,
                "lowlevel.spectral_centroid.stdev": 362.5161437988281,
                "lowlevel.spectral_centroid.var": 131417.953125,
                "metadata.audio_properties.analysis.equal_loudness": 0.0,
                "rhythm.beats_loudness.dmean": 0.013461398892104626,
                "rhythm.beats_loudness.dmean2": 0.023172814399003983,
                "rhythm.beats_loudness.dvar": 0.0001418573665432632,
                "rhythm.beats_loudness.dvar2": 0.0004041758948005736,
                "rhythm.beats_loudness.max": 0.09707760065793991,
                "rhythm.beats_loudness.mean": 0.03521908447146416,
                "rhythm.beats_loudness.median": 0.03461356461048126,
                "rhythm.beats_loudness.min": 0.001784884836524725,
                "rhythm.beats_loudness.stdev": 0.014729023911058903,
                "rhythm.beats_loudness.var": 0.00021694415772799402,
                "rhythm.bpm": 164.39190673828125,
                "rhythm.bpm_histogram_first_peak_bpm": 167.0,
                "rhythm.bpm_histogram_first_peak_weight": 0.0,
                "rhythm.bpm_histogram_second_peak_bpm": 161.0,
                "rhythm.bpm_histogram_second_peak_spread": 0.16826921701431274,
                "rhythm.bpm_histogram_second_peak_weight": 0.3145454525947571,
                "rhythm.danceability": 1.1031709909439087
            }
        }
    ]
}