{
    "song_title": "Keep On Growing",
    "artist": "Grateful Dead",
    "num_versions_processed": 3,
    "average_features": {
        "lowlevel.loudness_ebu128.short_term.dvar2": 0.11863026084999244,
        "lowlevel.loudness_ebu128.momentary.var": 39.54112307230631,
        "lowlevel.loudness_ebu128.momentary.min": -73.26573181152344,
        "lowlevel.spectral_centroid.dvar": 56707.473958333336,
        "rhythm.beats_loudness.min": 5.9898444532321036e-05,
        "lowlevel.spectral_centroid.mean": 1050.2921346028645,
        "rhythm.beats_loudness.dvar": 0.00036478358864163357,
        "rhythm.bpm_histogram_first_peak_bpm": 103.33333333333333,
        "rhythm.beats_loudness.median": 0.0855962485074997,
        "lowlevel.loudness_ebu128.integrated": -15.894907633463541,
        "lowlevel.loudness_ebu128.short_term.mean": -16.349170366923016,
        "rhythm.beats_loudness.dmean2": 0.03785035076240698,
        "lowlevel.loudness_ebu128.momentary.dvar2": 1.3226340214411418,
        "rhythm.bpm_histogram_second_peak_weight": 0.04625616533060869,
        "lowlevel.loudness_ebu128.loudness_range": 4.438478151957194,
        "rhythm.bpm_histogram_second_peak_bpm": 106.66666666666667,
        "lowlevel.loudness_ebu128.short_term.min": -47.012368520100914,
        "lowlevel.loudness_ebu128.short_term.stdev": 2.8216415643692017,
        "lowlevel.loudness_ebu128.short_term.dmean2": 0.12070600440104802,
        "lowlevel.loudness_ebu128.short_term.var": 9.475011348724365,
        "rhythm.beats_loudness.mean": 0.0889134518802166,
        "lowlevel.spectral_centroid.max": 9017.160970052084,
        "lowlevel.loudness_ebu128.momentary.dvar": 0.9106563131014506,
        "rhythm.beats_loudness.stdev": 0.026835813497503597,
        "lowlevel.loudness_ebu128.momentary.max": -10.443521976470947,
        "lowlevel.spectral_centroid.median": 934.4482828776041,
        "lowlevel.loudness_ebu128.momentary.dmean": 0.7879887819290161,
        "lowlevel.loudness_ebu128.short_term.dvar": 0.10351399425417185,
        "rhythm.beats_loudness.var": 0.0007751867621360967,
        "lowlevel.loudness_ebu128.momentary.stdev": 5.969549576441447,
        "lowlevel.loudness_ebu128.momentary.mean": -17.147593816121418,
        "rhythm.beats_loudness.dmean": 0.022051701322197914,
        "lowlevel.average_loudness": 0.8347813288370768,
        "lowlevel.loudness_ebu128.short_term.median": -16.049420674641926,
        "rhythm.beats_loudness.max": 0.19084485371907553,
        "metadata.audio_properties.analysis.equal_loudness": 0.0,
        "lowlevel.loudness_ebu128.momentary.dmean2": 0.9679431319236755,
        "lowlevel.spectral_centroid.dvar2": 119091.28776041667,
        "lowlevel.loudness_ebu128.short_term.max": -12.416651248931885,
        "lowlevel.spectral_centroid.var": 341177.1458333333,
        "rhythm.bpm_histogram_first_peak_weight": 0.4701635241508484,
        "lowlevel.loudness_ebu128.momentary.median": -16.442322731018066,
        "rhythm.bpm": 104.5594991048177,
        "rhythm.beats_loudness.dvar2": 0.0010395648423582315,
        "lowlevel.loudness_ebu128.short_term.dmean": 0.11769776046276093,
        "lowlevel.spectral_centroid.stdev": 579.2407836914062,
        "lowlevel.spectral_centroid.dmean": 200.64412943522134,
        "lowlevel.spectral_centroid.dmean2": 300.1257069905599,
        "rhythm.danceability": 1.2159157196680705,
        "lowlevel.spectral_centroid.min": 218.19688415527344,
        "rhythm.bpm_histogram_second_peak_spread": 0.08838385343551636
    },
    "outlier_flag": false,
    "outlier_reasons": null,
    "raw_versions": [
        {
            "id": "LYTOwcMuAjQ",
            "title": "Grateful Dead 6-22-85 Keep on Growing: Alpine Valley",
            "views": 7315,
            "features": {
                "lowlevel.average_loudness": 0.9739218354225159,
                "lowlevel.loudness_ebu128.integrated": -16.536256790161133,
                "lowlevel.loudness_ebu128.loudness_range": 2.9758081436157227,
                "lowlevel.loudness_ebu128.momentary.dmean": 0.6720314025878906,
                "lowlevel.loudness_ebu128.momentary.dmean2": 0.7461369037628174,
                "lowlevel.loudness_ebu128.momentary.dvar": 0.76396644115448,
                "lowlevel.loudness_ebu128.momentary.dvar2": 1.0425357818603516,
                "lowlevel.loudness_ebu128.momentary.max": -11.627092361450195,
                "lowlevel.loudness_ebu128.momentary.mean": -17.977359771728516,
                "lowlevel.loudness_ebu128.momentary.median": -16.739242553710938,
                "lowlevel.loudness_ebu128.momentary.min": -90.39055633544922,
                "lowlevel.loudness_ebu128.momentary.stdev": 8.231058120727539,
                "lowlevel.loudness_ebu128.momentary.var": 67.75032043457031,
                "lowlevel.loudness_ebu128.short_term.dmean": 0.11433997005224228,
                "lowlevel.loudness_ebu128.short_term.dmean2": 0.10846617817878723,
                "lowlevel.loudness_ebu128.short_term.dvar": 0.2850438356399536,
                "lowlevel.loudness_ebu128.short_term.dvar2": 0.3271329700946808,
                "lowlevel.loudness_ebu128.short_term.max": -13.147811889648438,
                "lowlevel.loudness_ebu128.short_term.mean": -17.054306030273438,
                "lowlevel.loudness_ebu128.short_term.median": -16.562358856201172,
                "lowlevel.loudness_ebu128.short_term.min": -90.06136322021484,
                "lowlevel.loudness_ebu128.short_term.stdev": 4.541750431060791,
                "lowlevel.loudness_ebu128.short_term.var": 20.62749671936035,
                "lowlevel.spectral_centroid.dmean": 129.76698303222656,
                "lowlevel.spectral_centroid.dmean2": 197.7006378173828,
                "lowlevel.spectral_centroid.dvar": 27567.7109375,
                "lowlevel.spectral_centroid.dvar2": 62316.07421875,
                "lowlevel.spectral_centroid.max": 5111.78076171875,
                "lowlevel.spectral_centroid.mean": 740.7587890625,
                "lowlevel.spectral_centroid.median": 603.1790771484375,
                "lowlevel.spectral_centroid.min": 142.1018524169922,
                "lowlevel.spectral_centroid.stdev": 597.1032104492188,
                "lowlevel.spectral_centroid.var": 356532.21875,
                "metadata.audio_properties.analysis.equal_loudness": 0.0,
                "rhythm.beats_loudness.dmean": 0.024200022220611572,
                "rhythm.beats_loudness.dmean2": 0.04063258692622185,
                "rhythm.beats_loudness.dvar": 0.00038408435648307204,
                "rhythm.beats_loudness.dvar2": 0.0010333291720598936,
                "rhythm.beats_loudness.max": 0.31006869673728943,
                "rhythm.beats_loudness.mean": 0.20500926673412323,
                "rhythm.beats_loudness.median": 0.20656202733516693,
                "rhythm.beats_loudness.min": 1.8756352027082812e-09,
                "rhythm.beats_loudness.stdev": 0.03705690801143646,
                "rhythm.beats_loudness.var": 0.0013732144143432379,
                "rhythm.bpm": 100.66780090332031,
                "rhythm.bpm_histogram_first_peak_bpm": 99.0,
                "rhythm.bpm_histogram_first_peak_weight": 0.5484535694122314,
                "rhythm.bpm_histogram_second_peak_bpm": 117.0,
                "rhythm.bpm_histogram_second_peak_spread": 0.25,
                "rhythm.bpm_histogram_second_peak_weight": 0.017578125,
                "rhythm.danceability": 1.178431749343872
            }
        },
        {
            "id": "4sf4Z5VCd0o",
            "title": "Grateful Dead--Keep On Growing--6-14-85 I.wmv",
            "views": 15366,
            "features": {
                "lowlevel.average_loudness": 0.8177130818367004,
                "lowlevel.loudness_ebu128.integrated": -10.855253219604492,
                "lowlevel.loudness_ebu128.loudness_range": 4.159124374389648,
                "lowlevel.loudness_ebu128.momentary.dmean": 0.8389148712158203,