{
    "song_title": "La Bamba",
    "artist": "Grateful Dead",
    "num_versions_processed": 3,
    "average_features": {
        "rhythm.beats_loudness.dvar": 0.00023280367895495147,
        "lowlevel.loudness_ebu128.momentary.median": -22.278710047403973,
        "lowlevel.loudness_ebu128.short_term.min": -53.04410044352213,
        "lowlevel.loudness_ebu128.short_term.dvar": 0.6880616092433532,
        "rhythm.beats_loudness.dvar2": 0.0006685468445842465,
        "rhythm.beats_loudness.min": 0.0010663610112528292,
        "lowlevel.loudness_ebu128.momentary.min": -61.9318593343099,
        "rhythm.bpm_histogram_second_peak_weight": 0.22950094938278198,
        "lowlevel.spectral_centroid.min": 310.80279541015625,
        "lowlevel.spectral_centroid.var": 393703.125,
        "lowlevel.loudness_ebu128.short_term.dvar2": 1.231070776314785,
        "lowlevel.loudness_ebu128.short_term.stdev": 3.379997889200846,
        "rhythm.beats_loudness.max": 0.12858775506416956,
        "lowlevel.loudness_ebu128.momentary.dvar2": 1.6366752485434215,
        "lowlevel.spectral_centroid.dvar2": 138388.6015625,
        "lowlevel.loudness_ebu128.momentary.max": -16.68596076965332,
        "lowlevel.average_loudness": 0.9086905519167582,
        "lowlevel.loudness_ebu128.momentary.var": 53.14968776702881,
        "lowlevel.loudness_ebu128.loudness_range": 4.54185676574707,
        "rhythm.beats_loudness.dmean": 0.01682874622444312,
        "lowlevel.loudness_ebu128.momentary.dvar": 1.042774920662244,
        "metadata.audio_properties.analysis.equal_loudness": 0.0,
        "lowlevel.spectral_centroid.dmean": 225.6769053141276,
        "rhythm.bpm": 167.55597432454428,
        "lowlevel.spectral_centroid.dvar": 64427.694010416664,
        "lowlevel.loudness_ebu128.momentary.dmean2": 0.7301502426465353,
        "rhythm.bpm_histogram_first_peak_weight": 0.0,
        "rhythm.bpm_histogram_second_peak_spread": 0.010928968588511149,
        "lowlevel.loudness_ebu128.momentary.mean": -23.220279057820637,
        "lowlevel.loudness_ebu128.momentary.dmean": 0.6264799435933431,
        "rhythm.beats_loudness.mean": 0.0339704193174839,
        "rhythm.bpm_histogram_second_peak_bpm": 170.33333333333334,
        "lowlevel.loudness_ebu128.integrated": -21.94796880086263,
        "rhythm.beats_loudness.var": 0.0003462279661713789,
        "lowlevel.loudness_ebu128.momentary.stdev": 5.816383441289266,
        "lowlevel.loudness_ebu128.short_term.var": 15.40899912516276,
        "lowlevel.spectral_centroid.max": 11038.513346354166,
        "rhythm.beats_loudness.dmean2": 0.029202834392587345,
        "rhythm.danceability": 1.2507142225901287,
        "lowlevel.loudness_ebu128.short_term.max": -18.956904411315918,
        "lowlevel.spectral_centroid.mean": 1243.2440185546875,
        "rhythm.beats_loudness.stdev": 0.018600740159551304,
        "lowlevel.loudness_ebu128.short_term.dmean2": 0.12463562438885371,
        "lowlevel.loudness_ebu128.short_term.dmean": 0.10427384575208028,
        "lowlevel.loudness_ebu128.short_term.mean": -22.472651799519856,
        "rhythm.bpm_histogram_first_peak_bpm": 168.66666666666666,
        "lowlevel.loudness_ebu128.short_term.median": -21.97976303100586,
        "lowlevel.spectral_centroid.median": 1131.6925455729167,
        "lowlevel.spectral_centroid.stdev": 614.2768351236979,
        "lowlevel.spectral_centroid.dmean2": 345.7128499348958,
        "rhythm.beats_loudness.median": 0.03110401580731074
    },
    "outlier_flag": false,
    "outlier_reasons": null,
    "raw_versions": [
        {
            "id": "v6FaOqv22Ds",
            "title": "Good Lovin ~ La Bamba - Grateful Dead - 9-18-1987 - Madison Sq. Garden, NY set-2-9 (LoloYodel)",
            "views": 183696,
            "features": {
                "lowlevel.average_loudness": 0.8837484121322632,
                "lowlevel.loudness_ebu128.integrated": -24.191423416137695,
                "lowlevel.loudness_ebu128.loudness_range": 5.704917907714844,
                "lowlevel.loudness_ebu128.momentary.dmean": 0.6169160008430481,
                "lowlevel.loudness_ebu128.momentary.dmean2": 0.7151218056678772,
                "lowlevel.loudness_ebu128.momentary.dvar": 0.3432743549346924,
                "lowlevel.loudness_ebu128.momentary.dvar2": 0.517440915107727,
                "lowlevel.loudness_ebu128.momentary.max": -18.79693031311035,
                "lowlevel.loudness_ebu128.momentary.mean": -25.09783363342285,
                "lowlevel.loudness_ebu128.momentary.median": -24.55495262145996,
                "lowlevel.loudness_ebu128.momentary.min": -60.58635711669922,
                "lowlevel.loudness_ebu128.momentary.stdev": 3.3352410793304443,
                "lowlevel.loudness_ebu128.momentary.var": 11.123832702636719,
                "lowlevel.loudness_ebu128.short_term.dmean": 0.08752841502428055,
                "lowlevel.loudness_ebu128.short_term.dmean2": 0.0925559401512146,
                "lowlevel.loudness_ebu128.short_term.dvar": 0.006741196848452091,
                "lowlevel.loudness_ebu128.short_term.dvar2": 0.0078012882731854916,
                "lowlevel.loudness_ebu128.short_term.max": -21.055578231811523,
                "lowlevel.loudness_ebu128.short_term.mean": -24.71598243713379,
                "lowlevel.loudness_ebu128.short_term.median": -24.270261764526367,
                "lowlevel.loudness_ebu128.short_term.min": -38.78974151611328,
                "lowlevel.loudness_ebu128.short_term.stdev": 2.3869519233703613,
                "lowlevel.loudness_ebu128.short_term.var": 5.697539329528809,
                "lowlevel.spectral_centroid.dmean": 252.52337646484375,
                "lowlevel.spectral_centroid.dmean2": 384.18731689453125,
                "lowlevel.spectral_centroid.dvar": 77941.21875,
                "lowlevel.spectral_centroid.dvar2": 169205.09375,
                "lowlevel.spectral_centroid.max": 11025.11328125,
                "lowlevel.spectral_centroid.mean": 1294.4898681640625,
                "lowlevel.spectral_centroid.median": 1204.628662109375,
                "lowlevel.spectral_centroid.min": 258.75408935546875,
                "lowlevel.spectral_centroid.stdev": 575.80810546875,
                "lowlevel.spectral_centroid.var": 331554.96875,
                "metadata.audio_properties.analysis.equal_loudness": 0.0,
                "rhythm.beats_loudness.dmean": 0.015990834683179855,
                "rhythm.beats_loudness.dmean2": 0.027570636942982674,
                "rhythm.beats_loudness.dvar": 0.00020461753592826426,
                "rhythm.beats_loudness.dvar2": 0.0005779151688329875,
                "rhythm.beats_loudness.max": 0.11320660263299942,
                "rhythm.beats_loudness.mean": 0.03139311447739601,
                "rhythm.beats_loudness.median": 0.028892453759908676,
                "rhythm.beats_loudness.min": 4.789947524841409e-06,
                "rhythm.beats_loudness.stdev": 0.018369542434811592,
                "rhythm.beats_loudness.var": 0.0003374400839675218,
                "rhythm.bpm": 165.57882690429688,
                "rhythm.bpm_histogram_first_peak_bpm": 167.0,
                "rhythm.bpm_histogram_first_peak_weight": 0.0,
                "rhythm.bpm_histogram_second_peak_bpm": 172.0,
                "rhythm.bpm_histogram_second_peak_spread": 0.0,
                "rhythm.bpm_histogram_second_peak_weight": 0.17005695402622223,
                "rhythm.danceability": 1.1900969743728638
            }
        },
        {
            "id": "p7XBBS8Riqs",
            "title": "Grateful Dead - La Bamba (9-23-1987 at The Spectrum)",
            "views": 1901,
            "features": {
                "lowlevel.average_loudness": 0.8972418904304504,
                "lowlevel.loudness_ebu128.integrated": -16.766254425048828,
                "lowlevel.loudness_ebu128.loudness_range": 4.002754211425781,
                "lowlevel.loudness_ebu128.momentary.dmean": 0.6620640754699707,