{
    "song_title": "Lazy River Road",
    "artist": "Grateful Dead",
    "num_versions_processed": 2,
    "average_features": {
        "rhythm.beats_loudness.dvar": 0.0005045456346124411,
        "lowlevel.loudness_ebu128.momentary.median": -15.79289197921753,
        "lowlevel.loudness_ebu128.short_term.min": -50.561180114746094,
        "lowlevel.loudness_ebu128.short_term.dvar": 0.03844461962580681,
        "rhythm.beats_loudness.dvar2": 0.0014999557752162218,
        "rhythm.beats_loudness.min": 1.1760388395343213e-06,
        "lowlevel.loudness_ebu128.momentary.min": -74.89196395874023,
        "rhythm.bpm_histogram_second_peak_weight": 0.22496560215950012,
        "lowlevel.spectral_centroid.min": 194.9149627685547,
        "lowlevel.spectral_centroid.var": 148742.96875,
        "lowlevel.loudness_ebu128.short_term.dvar2": 0.0331391841173172,
        "lowlevel.loudness_ebu128.short_term.stdev": 4.465653300285339,
        "rhythm.beats_loudness.max": 0.185491681098938,
        "lowlevel.loudness_ebu128.momentary.dvar2": 1.4740189909934998,
        "lowlevel.spectral_centroid.dvar2": 47486.201171875,
        "lowlevel.loudness_ebu128.momentary.max": -6.129547357559204,
        "lowlevel.average_loudness": 0.5177597552537918,
        "lowlevel.loudness_ebu128.momentary.var": 41.07020378112793,
        "lowlevel.loudness_ebu128.loudness_range": 7.280710697174072,
        "rhythm.beats_loudness.dmean": 0.020467146299779415,
        "lowlevel.loudness_ebu128.momentary.dvar": 1.1306431889533997,
        "metadata.audio_properties.analysis.equal_loudness": 0.0,
        "lowlevel.spectral_centroid.dmean": 94.10590744018555,
        "rhythm.bpm": 159.3918228149414,
        "lowlevel.spectral_centroid.dvar": 25371.357421875,
        "lowlevel.loudness_ebu128.momentary.dmean2": 0.9930847585201263,
        "rhythm.bpm_histogram_first_peak_weight": 0.15169501304626465,
        "rhythm.bpm_histogram_second_peak_spread": 0.034210532903671265,
        "lowlevel.loudness_ebu128.momentary.mean": -16.78177833557129,
        "lowlevel.loudness_ebu128.momentary.dmean": 0.940919429063797,
        "rhythm.beats_loudness.mean": 0.025405549444258213,
        "rhythm.bpm_histogram_second_peak_bpm": 159.5,
        "lowlevel.loudness_ebu128.integrated": -14.453160285949707,
        "rhythm.beats_loudness.var": 0.00058344891294837,
        "lowlevel.loudness_ebu128.momentary.stdev": 6.3945441246032715,
        "lowlevel.loudness_ebu128.short_term.var": 20.802896976470947,
        "lowlevel.spectral_centroid.max": 5543.814208984375,
        "rhythm.beats_loudness.dmean2": 0.038039349019527435,
        "rhythm.danceability": 1.1007569432258606,
        "lowlevel.loudness_ebu128.short_term.max": -9.826595783233643,
        "lowlevel.spectral_centroid.mean": 634.5557556152344,
        "rhythm.beats_loudness.stdev": 0.024150493554770947,
        "lowlevel.loudness_ebu128.short_term.dmean2": 0.11821825802326202,
        "lowlevel.loudness_ebu128.short_term.dmean": 0.13190536201000214,
        "lowlevel.loudness_ebu128.short_term.mean": -15.867668151855469,
        "rhythm.bpm_histogram_first_peak_bpm": 159.0,
        "lowlevel.loudness_ebu128.short_term.median": -14.805931091308594,
        "lowlevel.spectral_centroid.median": 541.1640625,
        "lowlevel.spectral_centroid.stdev": 385.44981384277344,
        "lowlevel.spectral_centroid.dmean2": 138.62706756591797,
        "rhythm.beats_loudness.median": 0.01790371723473072
    },
    "outlier_flag": false,
    "outlier_reasons": null,
    "raw_versions": [
        {
            "id": "-uS6eqN6fa0",
            "title": "Grateful Dead - Lazy River Road (Washington, DC 6/26/93)",
            "views": 137751,
            "features": {
                "lowlevel.average_loudness": 0.5755558013916016,
                "lowlevel.loudness_ebu128.integrated": -14.52779769897461,
                "lowlevel.loudness_ebu128.loudness_range": 6.715625762939453,
                "lowlevel.loudness_ebu128.momentary.dmean": 0.8029683232307434,
                "lowlevel.loudness_ebu128.momentary.dmean2": 0.8352320790290833,
                "lowlevel.loudness_ebu128.momentary.dvar": 0.6149066686630249,
                "lowlevel.loudness_ebu128.momentary.dvar2": 0.674056887626648,
                "lowlevel.loudness_ebu128.momentary.max": -6.15585470199585,
                "lowlevel.loudness_ebu128.momentary.mean": -16.278629302978516,
                "lowlevel.loudness_ebu128.momentary.median": -15.569540977478027,
                "lowlevel.loudness_ebu128.momentary.min": -90.68753051757812,
                "lowlevel.loudness_ebu128.momentary.stdev": 5.97027063369751,
                "lowlevel.loudness_ebu128.momentary.var": 35.64413070678711,
                "lowlevel.loudness_ebu128.short_term.dmean": 0.12054269015789032,
                "lowlevel.loudness_ebu128.short_term.dmean2": 0.10823598504066467,
                "lowlevel.loudness_ebu128.short_term.dvar": 0.037604182958602905,
                "lowlevel.loudness_ebu128.short_term.dvar2": 0.025985680520534515,
                "lowlevel.loudness_ebu128.short_term.max": -9.685770988464355,
                "lowlevel.loudness_ebu128.short_term.mean": -15.466621398925781,
                "lowlevel.loudness_ebu128.short_term.median": -14.66956615447998,
                "lowlevel.loudness_ebu128.short_term.min": -50.58056640625,
                "lowlevel.loudness_ebu128.short_term.stdev": 3.537839651107788,
                "lowlevel.loudness_ebu128.short_term.var": 12.516308784484863,
                "lowlevel.spectral_centroid.dmean": 89.10586547851562,
                "lowlevel.spectral_centroid.dmean2": 132.6551513671875,
                "lowlevel.spectral_centroid.dvar": 20187.568359375,
                "lowlevel.spectral_centroid.dvar2": 41464.94140625,
                "lowlevel.spectral_centroid.max": 6000.53125,
                "lowlevel.spectral_centroid.mean": 615.1195068359375,
                "lowlevel.spectral_centroid.median": 534.1513061523438,
                "lowlevel.spectral_centroid.min": 197.35923767089844,
                "lowlevel.spectral_centroid.stdev": 372.3574523925781,
                "lowlevel.spectral_centroid.var": 138650.0625,
                "metadata.audio_properties.analysis.equal_loudness": 0.0,
                "rhythm.beats_loudness.dmean": 0.0199888963252306,
                "rhythm.beats_loudness.dmean2": 0.03687845543026924,
                "rhythm.beats_loudness.dvar": 0.00048169714864343405,
                "rhythm.beats_loudness.dvar2": 0.0014088581083342433,
                "rhythm.beats_loudness.max": 0.17654843628406525,
                "rhythm.beats_loudness.mean": 0.027583954855799675,
                "rhythm.beats_loudness.median": 0.020816054195165634,
                "rhythm.beats_loudness.min": 6.452933742906453e-10,
                "rhythm.beats_loudness.stdev": 0.023700369521975517,
                "rhythm.beats_loudness.var": 0.0005617074784822762,
                "rhythm.bpm": 163.14476013183594,
                "rhythm.bpm_histogram_first_peak_bpm": 161.0,
                "rhythm.bpm_histogram_first_peak_weight": 0.07182317972183228,
                "rhythm.bpm_histogram_second_peak_bpm": 167.0,
                "rhythm.bpm_histogram_second_peak_spread": 0.0,
                "rhythm.bpm_histogram_second_peak_weight": 0.2921772003173828,
                "rhythm.danceability": 1.1059871912002563
            }
        },
        {
            "id": "1OdnQlY-Cpw",
            "title": "Lazy River Road - Grateful Dead - 3-25-1993 - Chapel Hill, NC (set1-05)",
            "views": 98788,
            "features": {
                "lowlevel.average_loudness": 0.45996370911598206,
                "lowlevel.loudness_ebu128.integrated": -14.378522872924805,
                "lowlevel.loudness_ebu128.loudness_range": 7.845795631408691,
                "lowlevel.loudness_ebu128.momentary.dmean": 1.0788705348968506,