{
    "song_title": "Let Me Sing Your Blues Away",
    "artist": "Grateful Dead",
    "num_versions_processed": 3,
    "average_features": {
        "lowlevel.loudness_ebu128.short_term.dvar2": 0.02743814264734586,
        "lowlevel.loudness_ebu128.momentary.var": 56.627522786458336,
        "lowlevel.loudness_ebu128.momentary.min": -59.416038513183594,
        "lowlevel.spectral_centroid.dvar": 39693.109375,
        "rhythm.beats_loudness.min": 2.2499172303014348e-06,
        "lowlevel.spectral_centroid.mean": 1041.0146891276042,
        "rhythm.beats_loudness.dvar": 0.0005464766193957379,
        "rhythm.bpm_histogram_first_peak_bpm": 140.0,
        "rhythm.beats_loudness.median": 0.0208074984451135,
        "lowlevel.loudness_ebu128.integrated": -15.293994585673014,
        "lowlevel.loudness_ebu128.short_term.mean": -18.036996205647785,
        "rhythm.beats_loudness.dmean2": 0.030101848145325977,
        "lowlevel.loudness_ebu128.momentary.dvar2": 1.2208493947982788,
        "rhythm.bpm_histogram_second_peak_weight": 0.07771635055541992,
        "lowlevel.loudness_ebu128.loudness_range": 9.983839988708496,
        "rhythm.bpm_histogram_second_peak_bpm": 148.0,
        "lowlevel.loudness_ebu128.short_term.min": -42.981648763020836,
        "lowlevel.loudness_ebu128.short_term.stdev": 6.143243948618571,
        "lowlevel.loudness_ebu128.short_term.dmean2": 0.12648669630289078,
        "lowlevel.loudness_ebu128.short_term.var": 41.42113367716471,
        "rhythm.beats_loudness.mean": 0.02658000277976195,
        "lowlevel.spectral_centroid.max": 4209.788492838542,
        "lowlevel.loudness_ebu128.momentary.dvar": 0.9460811614990234,
        "rhythm.beats_loudness.stdev": 0.025317357232173283,
        "lowlevel.loudness_ebu128.momentary.max": -6.750176429748535,
        "lowlevel.spectral_centroid.median": 892.2097778320312,
        "lowlevel.loudness_ebu128.momentary.dmean": 0.8870428601900736,
        "lowlevel.loudness_ebu128.short_term.dvar": 0.031506591786940895,
        "rhythm.beats_loudness.var": 0.0006436958986644944,
        "lowlevel.loudness_ebu128.momentary.stdev": 7.355471611022949,
        "lowlevel.loudness_ebu128.momentary.mean": -18.86965560913086,
        "rhythm.beats_loudness.dmean": 0.01691914101441701,
        "lowlevel.average_loudness": 0.19501606623331705,
        "lowlevel.loudness_ebu128.short_term.median": -16.131015459696453,
        "rhythm.beats_loudness.max": 0.21322515110174814,
        "metadata.audio_properties.analysis.equal_loudness": 0.0,
        "lowlevel.loudness_ebu128.momentary.dmean2": 0.9237904946009318,
        "lowlevel.spectral_centroid.dvar2": 82415.20833333333,
        "lowlevel.loudness_ebu128.short_term.max": -10.094953854878744,
        "lowlevel.spectral_centroid.var": 324991.6770833333,
        "rhythm.bpm_histogram_first_peak_weight": 0.5235172112782797,
        "lowlevel.loudness_ebu128.momentary.median": -16.849454243977863,
        "rhythm.bpm": 140.55486043294272,
        "rhythm.beats_loudness.dvar2": 0.0016114870474363367,
        "lowlevel.loudness_ebu128.short_term.dmean": 0.13618611792723337,
        "lowlevel.spectral_centroid.stdev": 568.4079996744791,
        "lowlevel.spectral_centroid.dmean": 159.97457377115884,
        "lowlevel.spectral_centroid.dmean2": 237.51303100585938,
        "rhythm.danceability": 1.10769788424174,
        "lowlevel.spectral_centroid.min": 177.22501627604166,
        "rhythm.bpm_histogram_second_peak_spread": 0.11363635460535686
    },
    "outlier_flag": false,
    "outlier_reasons": null,
    "raw_versions": [
        {
            "id": "uOen54dGNhU",
            "title": "Grateful Dead ~ Roll Out The Barrel / Let Me Sing Your Blues Away (9/8/73)",
            "views": 9919,
            "features": {
                "lowlevel.average_loudness": 0.27651241421699524,
                "lowlevel.loudness_ebu128.integrated": -14.339426040649414,
                "lowlevel.loudness_ebu128.loudness_range": 7.571571350097656,
                "lowlevel.loudness_ebu128.momentary.dmean": 0.867146909236908,
                "lowlevel.loudness_ebu128.momentary.dmean2": 0.8489358425140381,
                "lowlevel.loudness_ebu128.momentary.dvar": 0.8964762687683105,
                "lowlevel.loudness_ebu128.momentary.dvar2": 1.025551438331604,
                "lowlevel.loudness_ebu128.momentary.max": -6.145336151123047,
                "lowlevel.loudness_ebu128.momentary.mean": -17.143007278442383,
                "lowlevel.loudness_ebu128.momentary.median": -15.513936996459961,
                "lowlevel.loudness_ebu128.momentary.min": -54.92851257324219,
                "lowlevel.loudness_ebu128.momentary.stdev": 6.445517539978027,
                "lowlevel.loudness_ebu128.momentary.var": 41.54469680786133,
                "lowlevel.loudness_ebu128.short_term.dmean": 0.13579680025577545,
                "lowlevel.loudness_ebu128.short_term.dmean2": 0.12078826129436493,
                "lowlevel.loudness_ebu128.short_term.dvar": 0.038129713386297226,
                "lowlevel.loudness_ebu128.short_term.dvar2": 0.032680314034223557,
                "lowlevel.loudness_ebu128.short_term.max": -9.091646194458008,
                "lowlevel.loudness_ebu128.short_term.mean": -16.271747589111328,
                "lowlevel.loudness_ebu128.short_term.median": -14.71908950805664,
                "lowlevel.loudness_ebu128.short_term.min": -36.63313293457031,
                "lowlevel.loudness_ebu128.short_term.stdev": 5.107883453369141,
                "lowlevel.loudness_ebu128.short_term.var": 26.090471267700195,
                "lowlevel.spectral_centroid.dmean": 146.3305206298828,
                "lowlevel.spectral_centroid.dmean2": 220.3817901611328,
                "lowlevel.spectral_centroid.dvar": 31919.14453125,
                "lowlevel.spectral_centroid.dvar2": 68967.890625,
                "lowlevel.spectral_centroid.max": 3991.924560546875,
                "lowlevel.spectral_centroid.mean": 943.4185791015625,
                "lowlevel.spectral_centroid.median": 795.572998046875,
                "lowlevel.spectral_centroid.min": 187.31802368164062,
                "lowlevel.spectral_centroid.stdev": 539.4425659179688,
                "lowlevel.spectral_centroid.var": 290998.3125,
                "metadata.audio_properties.analysis.equal_loudness": 0.0,
                "rhythm.beats_loudness.dmean": 0.016042539849877357,
                "rhythm.beats_loudness.dmean2": 0.028017250820994377,
                "rhythm.beats_loudness.dvar": 0.0004211378109175712,
                "rhythm.beats_loudness.dvar2": 0.0011750144185498357,
                "rhythm.beats_loudness.max": 0.16705851256847382,
                "rhythm.beats_loudness.mean": 0.02546069584786892,
                "rhythm.beats_loudness.median": 0.019730137661099434,
                "rhythm.beats_loudness.min": 8.567926101932244e-07,
                "rhythm.beats_loudness.stdev": 0.02350269816815853,
                "rhythm.beats_loudness.var": 0.0005523768486455083,
                "rhythm.bpm": 144.54202270507812,
                "rhythm.bpm_histogram_first_peak_bpm": 144.0,
                "rhythm.bpm_histogram_first_peak_weight": 0.5039788484573364,
                "rhythm.bpm_histogram_second_peak_bpm": 152.0,
                "rhythm.bpm_histogram_second_peak_spread": 0.0,
                "rhythm.bpm_histogram_second_peak_weight": 0.14478114247322083,
                "rhythm.danceability": 1.109171748161316
            }
        },
        {
            "id": "5FjXI3__cJM",
            "title": "Grateful Dead - Let Me Sing Your Blues Away 9-21-73",
            "views": 2027,
            "features": {
                "lowlevel.average_loudness": 0.11929246783256531,
                "lowlevel.loudness_ebu128.integrated": -12.967787742614746,
                "lowlevel.loudness_ebu128.loudness_range": 15.580656051635742,
                "lowlevel.loudness_ebu128.momentary.dmean": 0.9452683329582214,