{
    "song_title": "Let It Be Me",
    "artist": "Grateful Dead",
    "num_versions_processed": 2,
    "average_features": {
        "lowlevel.loudness_ebu128.momentary.dmean2": 0.6694138944149017,
        "lowlevel.loudness_ebu128.short_term.median": -14.768836975097656,
        "lowlevel.spectral_centroid.median": 990.2615051269531,
        "rhythm.beats_loudness.var": 0.00037671145400963724,
        "rhythm.beats_loudness.dvar": 0.00023935915669426322,
        "lowlevel.loudness_ebu128.short_term.stdev": 1.794472098350525,
        "lowlevel.loudness_ebu128.integrated": -14.674370288848877,
        "rhythm.beats_loudness.max": 0.11767789721488953,
        "lowlevel.spectral_centroid.max": 11095.29931640625,
        "lowlevel.spectral_centroid.min": 226.0939483642578,
        "lowlevel.loudness_ebu128.momentary.stdev": 5.2246270179748535,
        "rhythm.bpm": 126.06716537475586,
        "lowlevel.loudness_ebu128.loudness_range": 3.7218337059020996,
        "rhythm.beats_loudness.mean": 0.03850703127682209,
        "rhythm.bpm_histogram_second_peak_weight": 0.16719552129507065,
        "metadata.audio_properties.analysis.equal_loudness": 0.0,
        "lowlevel.loudness_ebu128.short_term.var": 3.2245157957077026,
        "rhythm.beats_loudness.dvar2": 0.0007315396214835346,
        "rhythm.bpm_histogram_second_peak_bpm": 128.0,
        "lowlevel.loudness_ebu128.momentary.mean": -15.508018970489502,
        "lowlevel.loudness_ebu128.short_term.max": -11.76334285736084,
        "rhythm.beats_loudness.stdev": 0.019354740157723427,
        "lowlevel.loudness_ebu128.momentary.dmean": 0.5619580745697021,
        "lowlevel.spectral_centroid.mean": 1105.7744750976562,
        "lowlevel.spectral_centroid.stdev": 568.0636901855469,
        "rhythm.beats_loudness.median": 0.03633651323616505,
        "lowlevel.loudness_ebu128.short_term.dmean": 0.08374436944723129,
        "lowlevel.loudness_ebu128.short_term.dvar2": 0.005551958689466119,
        "rhythm.beats_loudness.dmean2": 0.03286448214203119,
        "lowlevel.loudness_ebu128.short_term.mean": -14.97943925857544,
        "lowlevel.loudness_ebu128.momentary.var": 27.33799648284912,
        "rhythm.beats_loudness.dmean": 0.01892978511750698,
        "lowlevel.loudness_ebu128.momentary.min": -90.57765197753906,
        "lowlevel.loudness_ebu128.momentary.dvar": 0.7096653580665588,
        "lowlevel.spectral_centroid.dmean": 212.33126831054688,
        "lowlevel.spectral_centroid.var": 322885.203125,
        "rhythm.beats_loudness.min": 1.0367759428753232e-09,
        "lowlevel.average_loudness": 0.8828572928905487,
        "lowlevel.loudness_ebu128.short_term.dmean2": 0.08456925302743912,
        "lowlevel.loudness_ebu128.short_term.min": -30.992445945739746,
        "rhythm.bpm_histogram_first_peak_bpm": 169.5,
        "lowlevel.loudness_ebu128.momentary.max": -10.318521976470947,
        "lowlevel.spectral_centroid.dmean2": 325.5083770751953,
        "rhythm.bpm_histogram_second_peak_spread": 0.20895522832870483,
        "lowlevel.loudness_ebu128.short_term.dvar": 0.006332291988655925,
        "lowlevel.loudness_ebu128.momentary.median": -14.977982521057129,
        "rhythm.danceability": 1.2702810168266296,
        "lowlevel.spectral_centroid.dvar": 59993.12109375,
        "rhythm.bpm_histogram_first_peak_weight": 0.08753859996795654,
        "lowlevel.loudness_ebu128.momentary.dvar2": 0.918807327747345,
        "lowlevel.spectral_centroid.dvar2": 131755.66015625
    },
    "outlier_flag": true,
    "outlier_reasons": [
        "BPM Variance: 72.90 (limit 20)",
        "Danceability Variance: 0.23 (limit 0.2)"
    ],
    "raw_versions": [
        {
            "id": "IsHVqO2X-nQ",
            "title": "Grateful Dead - Iko Iko (Philadelphia, PA 7/7/89) (Official Live Video)",
            "views": 3066434,
            "features": {
                "lowlevel.average_loudness": 0.9285992980003357,
                "lowlevel.loudness_ebu128.integrated": -13.42862606048584,
                "lowlevel.loudness_ebu128.loudness_range": 2.90688419342041,
                "lowlevel.loudness_ebu128.momentary.dmean": 0.5786842703819275,
                "lowlevel.loudness_ebu128.momentary.dmean2": 0.7080323100090027,
                "lowlevel.loudness_ebu128.momentary.dvar": 0.6929544806480408,
                "lowlevel.loudness_ebu128.momentary.dvar2": 0.9542127251625061,
                "lowlevel.loudness_ebu128.momentary.max": -9.540177345275879,
                "lowlevel.loudness_ebu128.momentary.mean": -14.244603157043457,
                "lowlevel.loudness_ebu128.momentary.median": -13.532068252563477,
                "lowlevel.loudness_ebu128.momentary.min": -91.0212631225586,
                "lowlevel.loudness_ebu128.momentary.stdev": 5.427773952484131,
                "lowlevel.loudness_ebu128.momentary.var": 29.460729598999023,
                "lowlevel.loudness_ebu128.short_term.dmean": 0.07900673896074295,
                "lowlevel.loudness_ebu128.short_term.dmean2": 0.08724523335695267,
                "lowlevel.loudness_ebu128.short_term.dvar": 0.006803617812693119,
                "lowlevel.loudness_ebu128.short_term.dvar2": 0.005724406335502863,
                "lowlevel.loudness_ebu128.short_term.max": -10.917292594909668,
                "lowlevel.loudness_ebu128.short_term.mean": -13.727934837341309,
                "lowlevel.loudness_ebu128.short_term.median": -13.413932800292969,
                "lowlevel.loudness_ebu128.short_term.min": -34.32728576660156,
                "lowlevel.loudness_ebu128.short_term.stdev": 1.8606972694396973,
                "lowlevel.loudness_ebu128.short_term.var": 3.4621942043304443,
                "lowlevel.spectral_centroid.dmean": 207.3527069091797,
                "lowlevel.spectral_centroid.dmean2": 315.5335388183594,
                "lowlevel.spectral_centroid.dvar": 57824.7890625,
                "lowlevel.spectral_centroid.dvar2": 125261.7265625,
                "lowlevel.spectral_centroid.max": 10741.0888671875,
                "lowlevel.spectral_centroid.mean": 1027.3243408203125,
                "lowlevel.spectral_centroid.median": 899.6753540039062,
                "lowlevel.spectral_centroid.min": 247.5671844482422,
                "lowlevel.spectral_centroid.stdev": 554.3215942382812,
                "lowlevel.spectral_centroid.var": 307272.40625,
                "metadata.audio_properties.analysis.equal_loudness": 0.0,
                "rhythm.beats_loudness.dmean": 0.017638102173805237,
                "rhythm.beats_loudness.dmean2": 0.030347229912877083,
                "rhythm.beats_loudness.dvar": 0.0002190537634305656,
                "rhythm.beats_loudness.dvar2": 0.0006675777840428054,
                "rhythm.beats_loudness.max": 0.1055559515953064,
                "rhythm.beats_loudness.mean": 0.03613395243883133,
                "rhythm.beats_loudness.median": 0.0342785120010376,
                "rhythm.beats_loudness.min": 7.699787474280129e-10,
                "rhythm.beats_loudness.stdev": 0.017903709784150124,
                "rhythm.beats_loudness.var": 0.0003205428074579686,
                "rhythm.bpm": 89.61847686767578,
                "rhythm.bpm_histogram_first_peak_bpm": 178.0,
                "rhythm.bpm_histogram_first_peak_weight": 0.0,
                "rhythm.bpm_histogram_second_peak_bpm": 89.0,
                "rhythm.bpm_histogram_second_peak_spread": 0.41791045665740967,
                "rhythm.bpm_histogram_second_peak_weight": 0.16956521570682526,
                "rhythm.danceability": 1.385865569114685
            }
        },
        {
            "id": "0bzq24rxUNE",
            "title": "Grateful Dead - Bertha (Orchard Park, NY 7/4/89)",
            "views": 3575878,
            "features": {
                "lowlevel.average_loudness": 0.8371152877807617,
                "lowlevel.loudness_ebu128.integrated": -15.920114517211914,
                "lowlevel.loudness_ebu128.loudness_range": 4.536783218383789,