{
    "song_title": "Let It Rock",
    "artist": "Grateful Dead",
    "num_versions_processed": 2,
    "average_features": {
        "lowlevel.loudness_ebu128.short_term.dvar2": 0.02597193606197834,
        "lowlevel.loudness_ebu128.momentary.var": 84.07724952697754,
        "lowlevel.loudness_ebu128.momentary.min": -68.14004516601562,
        "lowlevel.spectral_centroid.dvar": 39319.0615234375,
        "rhythm.beats_loudness.min": 7.751778444309299e-06,
        "lowlevel.spectral_centroid.mean": 991.8417053222656,
        "rhythm.beats_loudness.dvar": 0.0004697353724623099,
        "rhythm.bpm_histogram_first_peak_bpm": 120.0,
        "rhythm.beats_loudness.median": 0.03414006531238556,
        "lowlevel.loudness_ebu128.integrated": -17.325294494628906,
        "lowlevel.loudness_ebu128.short_term.mean": -18.969581604003906,
        "rhythm.beats_loudness.dmean2": 0.041532114148139954,
        "lowlevel.loudness_ebu128.momentary.dvar2": 1.098089575767517,
        "rhythm.bpm_histogram_second_peak_weight": 0.028731388971209526,
        "lowlevel.loudness_ebu128.loudness_range": 4.117918014526367,
        "rhythm.bpm_histogram_second_peak_bpm": 126.0,
        "lowlevel.loudness_ebu128.short_term.min": -66.95154571533203,
        "lowlevel.loudness_ebu128.short_term.stdev": 6.808850169181824,
        "lowlevel.loudness_ebu128.short_term.dmean2": 0.10053231194615364,
        "lowlevel.loudness_ebu128.short_term.var": 55.09458255767822,
        "rhythm.beats_loudness.mean": 0.038397714495658875,
        "lowlevel.spectral_centroid.max": 4981.9971923828125,
        "lowlevel.loudness_ebu128.momentary.dvar": 0.6143459379673004,
        "rhythm.beats_loudness.stdev": 0.02571600954979658,
        "lowlevel.loudness_ebu128.momentary.max": -9.376768589019775,
        "lowlevel.spectral_centroid.median": 870.8319091796875,
        "lowlevel.loudness_ebu128.momentary.dmean": 0.8451430201530457,
        "lowlevel.loudness_ebu128.short_term.dvar": 0.03021236229687929,
        "rhythm.beats_loudness.var": 0.0006699708465021104,
        "lowlevel.loudness_ebu128.momentary.stdev": 8.488043546676636,
        "lowlevel.loudness_ebu128.momentary.mean": -19.738734245300293,
        "rhythm.beats_loudness.dmean": 0.022697375155985355,
        "lowlevel.average_loudness": 0.7208146452903748,
        "lowlevel.loudness_ebu128.short_term.median": -17.522768020629883,
        "rhythm.beats_loudness.max": 0.18330223858356476,
        "metadata.audio_properties.analysis.equal_loudness": 0.0,
        "lowlevel.loudness_ebu128.momentary.dmean2": 1.1821421384811401,
        "lowlevel.spectral_centroid.dvar2": 81843.67578125,
        "lowlevel.loudness_ebu128.short_term.max": -14.475730419158936,
        "lowlevel.spectral_centroid.var": 455509.765625,
        "rhythm.bpm_histogram_first_peak_weight": 0.44374245405197144,
        "lowlevel.loudness_ebu128.momentary.median": -17.787266731262207,
        "rhythm.bpm": 120.55908966064453,
        "rhythm.beats_loudness.dvar2": 0.0014377187471836805,
        "lowlevel.loudness_ebu128.short_term.dmean": 0.11242031678557396,
        "lowlevel.spectral_centroid.stdev": 647.7754821777344,
        "lowlevel.spectral_centroid.dmean": 156.56298065185547,
        "lowlevel.spectral_centroid.dmean2": 232.15148162841797,
        "rhythm.danceability": 1.3008202910423279,
        "lowlevel.spectral_centroid.min": 160.914306640625,
        "rhythm.bpm_histogram_second_peak_spread": 0.47727271914482117
    },
    "outlier_flag": false,
    "outlier_reasons": null,
    "raw_versions": [
        {
            "id": "V_uM2R1hnNk",
            "title": "grateful dead - Let It Rock (Live) - From The Mars Hotel",
            "views": 7445,
            "features": {
                "lowlevel.average_loudness": 0.7573041319847107,
                "lowlevel.loudness_ebu128.integrated": -16.98884391784668,
                "lowlevel.loudness_ebu128.loudness_range": 3.8490171432495117,
                "lowlevel.loudness_ebu128.momentary.dmean": 0.8456082940101624,
                "lowlevel.loudness_ebu128.momentary.dmean2": 1.1699520349502563,
                "lowlevel.loudness_ebu128.momentary.dvar": 0.6214480996131897,
                "lowlevel.loudness_ebu128.momentary.dvar2": 1.1079169511795044,
                "lowlevel.loudness_ebu128.momentary.max": -8.613723754882812,
                "lowlevel.loudness_ebu128.momentary.mean": -20.35189437866211,
                "lowlevel.loudness_ebu128.momentary.median": -17.4993896484375,
                "lowlevel.loudness_ebu128.momentary.min": -88.44066619873047,
                "lowlevel.loudness_ebu128.momentary.stdev": 11.956524848937988,
                "lowlevel.loudness_ebu128.momentary.var": 142.95849609375,
                "lowlevel.loudness_ebu128.short_term.dmean": 0.12334179878234863,
                "lowlevel.loudness_ebu128.short_term.dmean2": 0.10370253771543503,
                "lowlevel.loudness_ebu128.short_term.dvar": 0.04008960351347923,
                "lowlevel.loudness_ebu128.short_term.dvar2": 0.030317725613713264,
                "lowlevel.loudness_ebu128.short_term.max": -13.89803409576416,
                "lowlevel.loudness_ebu128.short_term.mean": -19.38553810119629,
                "lowlevel.loudness_ebu128.short_term.median": -17.160511016845703,
                "lowlevel.loudness_ebu128.short_term.min": -88.01689910888672,
                "lowlevel.loudness_ebu128.short_term.stdev": 9.764208793640137,
                "lowlevel.loudness_ebu128.short_term.var": 95.33976745605469,
                "lowlevel.spectral_centroid.dmean": 180.37144470214844,
                "lowlevel.spectral_centroid.dmean2": 267.0956726074219,
                "lowlevel.spectral_centroid.dvar": 49888.56640625,
                "lowlevel.spectral_centroid.dvar2": 104984.5625,
                "lowlevel.spectral_centroid.max": 6491.501953125,
                "lowlevel.spectral_centroid.mean": 1152.5850830078125,
                "lowlevel.spectral_centroid.median": 990.9917602539062,
                "lowlevel.spectral_centroid.min": 169.36935424804688,
                "lowlevel.spectral_centroid.stdev": 837.2396850585938,
                "lowlevel.spectral_centroid.var": 700970.3125,
                "metadata.audio_properties.analysis.equal_loudness": 0.0,
                "rhythm.beats_loudness.dmean": 0.019917190074920654,
                "rhythm.beats_loudness.dmean2": 0.03630967438220978,
                "rhythm.beats_loudness.dvar": 0.0003547116939444095,
                "rhythm.beats_loudness.dvar2": 0.0011047907173633575,
                "rhythm.beats_loudness.max": 0.17140904068946838,
                "rhythm.beats_loudness.mean": 0.036704692989587784,
                "rhythm.beats_loudness.median": 0.03404207527637482,
                "rhythm.beats_loudness.min": 1.225153867245865e-09,
                "rhythm.beats_loudness.stdev": 0.022773606702685356,
                "rhythm.beats_loudness.var": 0.0005186371272429824,
                "rhythm.bpm": 120.60236358642578,
                "rhythm.bpm_histogram_first_peak_bpm": 120.0,
                "rhythm.bpm_histogram_first_peak_weight": 0.4760563373565674,
                "rhythm.bpm_histogram_second_peak_bpm": 126.0,
                "rhythm.bpm_histogram_second_peak_spread": 0.45454543828964233,
                "rhythm.bpm_histogram_second_peak_weight": 0.03100775182247162,
                "rhythm.danceability": 1.3011683225631714
            }
        },
        {
            "id": "p-doH0hZpg8",
            "title": "Grateful Dead - Let it Rock 6-23-74",
            "views": 6906,
            "features": {
                "lowlevel.average_loudness": 0.6843251585960388,
                "lowlevel.loudness_ebu128.integrated": -17.661745071411133,
                "lowlevel.loudness_ebu128.loudness_range": 4.386818885803223,
                "lowlevel.loudness_ebu128.momentary.dmean": 0.844677746295929,