{
    "song_title": "Let Me In",
    "artist": "Grateful Dead",
    "num_versions_processed": 2,
    "average_features": {
        "lowlevel.loudness_ebu128.momentary.dmean2": 0.9926761090755463,
        "lowlevel.loudness_ebu128.short_term.median": -20.39334774017334,
        "lowlevel.spectral_centroid.median": 574.0953216552734,
        "rhythm.beats_loudness.var": 0.0012417842517606914,
        "rhythm.beats_loudness.dvar": 0.0010255723027512431,
        "lowlevel.loudness_ebu128.short_term.stdev": 7.665932655334473,
        "lowlevel.loudness_ebu128.integrated": -19.58102035522461,
        "rhythm.beats_loudness.max": 0.23927543312311172,
        "lowlevel.spectral_centroid.max": 11027.93701171875,
        "lowlevel.spectral_centroid.min": 147.57510375976562,
        "lowlevel.loudness_ebu128.momentary.stdev": 9.353112697601318,
        "rhythm.bpm": 91.6743278503418,
        "lowlevel.loudness_ebu128.loudness_range": 8.932180881500244,
        "rhythm.beats_loudness.mean": 0.02858563605695963,
        "rhythm.bpm_histogram_second_peak_weight": 0.07734744250774384,
        "metadata.audio_properties.analysis.equal_loudness": 0.0,
        "lowlevel.loudness_ebu128.short_term.var": 74.06230068206787,
        "rhythm.beats_loudness.dvar2": 0.0027918083360418677,
        "rhythm.bpm_histogram_second_peak_bpm": 98.0,
        "lowlevel.loudness_ebu128.momentary.mean": -23.6613826751709,
        "lowlevel.loudness_ebu128.short_term.max": -13.711690902709961,
        "rhythm.beats_loudness.stdev": 0.03512229770421982,
        "lowlevel.loudness_ebu128.momentary.dmean": 1.0027138590812683,
        "lowlevel.spectral_centroid.mean": 777.1642150878906,
        "lowlevel.spectral_centroid.stdev": 725.1873779296875,
        "rhythm.beats_loudness.median": 0.016039110254496336,
        "lowlevel.loudness_ebu128.short_term.dmean": 0.1766127049922943,
        "lowlevel.loudness_ebu128.short_term.dvar2": 0.1690046237781644,
        "rhythm.beats_loudness.dmean2": 0.04263205640017986,
        "lowlevel.loudness_ebu128.short_term.mean": -22.12873077392578,
        "lowlevel.loudness_ebu128.momentary.var": 103.88721561431885,
        "rhythm.beats_loudness.dmean": 0.024672535248100758,
        "lowlevel.loudness_ebu128.momentary.min": -74.23791885375977,
        "lowlevel.loudness_ebu128.momentary.dvar": 1.3279903531074524,
        "lowlevel.spectral_centroid.dmean": 135.23473739624023,
        "lowlevel.spectral_centroid.var": 558594.109375,
        "rhythm.beats_loudness.min": 2.1499835700655723e-05,
        "lowlevel.average_loudness": 0.34537215530872345,
        "lowlevel.loudness_ebu128.short_term.dmean2": 0.14572235941886902,
        "lowlevel.loudness_ebu128.short_term.min": -65.46480178833008,
        "rhythm.bpm_histogram_first_peak_bpm": 92.0,
        "lowlevel.loudness_ebu128.momentary.max": -11.263922214508057,
        "lowlevel.spectral_centroid.dmean2": 214.77752685546875,
        "rhythm.bpm_histogram_second_peak_spread": 0.2914230227470398,
        "lowlevel.loudness_ebu128.short_term.dvar": 0.14132610522210598,
        "lowlevel.loudness_ebu128.momentary.median": -21.748876571655273,
        "rhythm.danceability": 1.0301769375801086,
        "lowlevel.spectral_centroid.dvar": 30475.1279296875,
        "rhythm.bpm_histogram_first_peak_weight": 0.5786963105201721,
        "lowlevel.loudness_ebu128.momentary.dvar2": 1.5578564405441284,
        "lowlevel.spectral_centroid.dvar2": 67102.943359375
    },
    "outlier_flag": false,
    "outlier_reasons": null,
    "raw_versions": [
        {
            "id": "um0PFjzaGQM",
            "title": "Grateful Dead - \"Let Me In 83968\" (Electric Theater, 7/4/69)",
            "views": 1499,
            "features": {
                "lowlevel.average_loudness": 0.26627105474472046,
                "lowlevel.loudness_ebu128.integrated": -22.152507781982422,
                "lowlevel.loudness_ebu128.loudness_range": 8.707830429077148,
                "lowlevel.loudness_ebu128.momentary.dmean": 1.0287483930587769,
                "lowlevel.loudness_ebu128.momentary.dmean2": 0.9935320615768433,
                "lowlevel.loudness_ebu128.momentary.dvar": 1.6380692720413208,
                "lowlevel.loudness_ebu128.momentary.dvar2": 1.9663774967193604,
                "lowlevel.loudness_ebu128.momentary.max": -13.739727020263672,
                "lowlevel.loudness_ebu128.momentary.mean": -27.706499099731445,
                "lowlevel.loudness_ebu128.momentary.median": -24.62382698059082,
                "lowlevel.loudness_ebu128.momentary.min": -90.70869445800781,
                "lowlevel.loudness_ebu128.momentary.stdev": 13.403606414794922,
                "lowlevel.loudness_ebu128.momentary.var": 179.6566619873047,
                "lowlevel.loudness_ebu128.short_term.dmean": 0.185602068901062,
                "lowlevel.loudness_ebu128.short_term.dmean2": 0.1539260596036911,
                "lowlevel.loudness_ebu128.short_term.dvar": 0.24126149713993073,
                "lowlevel.loudness_ebu128.short_term.dvar2": 0.3082824945449829,
                "lowlevel.loudness_ebu128.short_term.max": -16.41952133178711,
                "lowlevel.loudness_ebu128.short_term.mean": -25.858057022094727,
                "lowlevel.loudness_ebu128.short_term.median": -23.375226974487305,
                "lowlevel.loudness_ebu128.short_term.min": -90.0997085571289,
                "lowlevel.loudness_ebu128.short_term.stdev": 11.57691478729248,
                "lowlevel.loudness_ebu128.short_term.var": 134.0249481201172,
                "lowlevel.spectral_centroid.dmean": 96.8264389038086,
                "lowlevel.spectral_centroid.dmean2": 149.678955078125,
                "lowlevel.spectral_centroid.dvar": 22547.318359375,
                "lowlevel.spectral_centroid.dvar2": 44985.33203125,
                "lowlevel.spectral_centroid.max": 10848.8642578125,
                "lowlevel.spectral_centroid.mean": 713.3252563476562,
                "lowlevel.spectral_centroid.median": 457.6611022949219,
                "lowlevel.spectral_centroid.min": 160.86094665527344,
                "lowlevel.spectral_centroid.stdev": 906.011474609375,
                "lowlevel.spectral_centroid.var": 820856.8125,
                "metadata.audio_properties.analysis.equal_loudness": 0.0,
                "rhythm.beats_loudness.dmean": 0.023564975708723068,
                "rhythm.beats_loudness.dmean2": 0.04038096219301224,
                "rhythm.beats_loudness.dvar": 0.0008382071973755956,
                "rhythm.beats_loudness.dvar2": 0.0023220544680953026,
                "rhythm.beats_loudness.max": 0.17378439009189606,
                "rhythm.beats_loudness.mean": 0.026327595114707947,
                "rhythm.beats_loudness.median": 0.013799904845654964,
                "rhythm.beats_loudness.min": 3.960573202732576e-09,
                "rhythm.beats_loudness.stdev": 0.032257262617349625,
                "rhythm.beats_loudness.var": 0.0010405309731140733,
                "rhythm.bpm": 92.60560607910156,
                "rhythm.bpm_histogram_first_peak_bpm": 92.0,
                "rhythm.bpm_histogram_first_peak_weight": 0.5024630427360535,
                "rhythm.bpm_histogram_second_peak_bpm": 98.0,
                "rhythm.bpm_histogram_second_peak_spread": 0.34210526943206787,
                "rhythm.bpm_histogram_second_peak_weight": 0.062972292304039,
                "rhythm.danceability": 1.0001182556152344
            }
        },
        {
            "id": "bOpfO_JaCmU",
            "title": "Grateful Dead - Let Me In 6/24/70",
            "views": 2574,
            "features": {
                "lowlevel.average_loudness": 0.42447325587272644,
                "lowlevel.loudness_ebu128.integrated": -17.009532928466797,
                "lowlevel.loudness_ebu128.loudness_range": 9.15653133392334,
                "lowlevel.loudness_ebu128.momentary.dmean": 0.9766793251037598,