{
    "song_title": "Little Red Rooster",
    "artist": "Grateful Dead",
    "num_versions_processed": 3,
    "average_features": {
        "lowlevel.loudness_ebu128.short_term.dvar2": 0.01102951867505908,
        "lowlevel.loudness_ebu128.momentary.var": 21.66964880625407,
        "lowlevel.loudness_ebu128.momentary.min": -66.7505874633789,
        "lowlevel.spectral_centroid.dvar": 49507.545572916664,
        "rhythm.beats_loudness.min": 9.815480734124785e-06,
        "lowlevel.spectral_centroid.mean": 1084.3084716796875,
        "rhythm.beats_loudness.dvar": 0.0004553978845554714,
        "rhythm.bpm_histogram_first_peak_bpm": 100.33333333333333,
        "rhythm.beats_loudness.median": 0.04100590075055758,
        "lowlevel.loudness_ebu128.integrated": -15.624970436096191,
        "lowlevel.loudness_ebu128.short_term.mean": -16.51469071706136,
        "rhythm.beats_loudness.dmean2": 0.04198722913861275,
        "lowlevel.loudness_ebu128.momentary.dvar2": 0.7755275865395864,
        "rhythm.bpm_histogram_second_peak_weight": 0.02689869763950507,
        "lowlevel.loudness_ebu128.loudness_range": 5.752115249633789,
        "rhythm.bpm_histogram_second_peak_bpm": 138.0,
        "lowlevel.loudness_ebu128.short_term.min": -39.4022471110026,
        "lowlevel.loudness_ebu128.short_term.stdev": 3.160214980443319,
        "lowlevel.loudness_ebu128.short_term.dmean2": 0.0878046415746212,
        "lowlevel.loudness_ebu128.short_term.var": 10.886506001154581,
        "rhythm.beats_loudness.mean": 0.042578477412462234,
        "lowlevel.spectral_centroid.max": 7638.621256510417,
        "lowlevel.loudness_ebu128.momentary.dvar": 0.5064728011687597,
        "rhythm.beats_loudness.stdev": 0.025991090883811314,
        "lowlevel.loudness_ebu128.momentary.max": -10.269028981526693,
        "lowlevel.spectral_centroid.median": 978.5976155598959,
        "lowlevel.loudness_ebu128.momentary.dmean": 0.6453451712926229,
        "lowlevel.loudness_ebu128.short_term.dvar": 0.013777360475311676,
        "rhythm.beats_loudness.var": 0.0007245812254647414,
        "lowlevel.loudness_ebu128.momentary.stdev": 4.44570779800415,
        "lowlevel.loudness_ebu128.momentary.mean": -17.02867253621419,
        "rhythm.beats_loudness.dmean": 0.02325058914721012,
        "lowlevel.average_loudness": 0.6968974570433298,
        "lowlevel.loudness_ebu128.short_term.median": -15.54983647664388,
        "rhythm.beats_loudness.max": 0.15332584828138351,
        "metadata.audio_properties.analysis.equal_loudness": 0.0,
        "lowlevel.loudness_ebu128.momentary.dmean2": 0.7687084476153055,
        "lowlevel.spectral_centroid.dvar2": 107843.65364583333,
        "lowlevel.loudness_ebu128.short_term.max": -12.328152656555176,
        "lowlevel.spectral_centroid.var": 310557.9947916667,
        "rhythm.bpm_histogram_first_peak_weight": 0.39559783538182575,
        "lowlevel.loudness_ebu128.momentary.median": -15.825421969095865,
        "rhythm.bpm": 100.15455627441406,
        "rhythm.beats_loudness.dvar2": 0.0013491612335201353,
        "lowlevel.loudness_ebu128.short_term.dmean": 0.0886801506082217,
        "lowlevel.spectral_centroid.stdev": 549.8733927408854,
        "lowlevel.spectral_centroid.dmean": 195.19122823079428,
        "lowlevel.spectral_centroid.dmean2": 300.8297119140625,
        "rhythm.danceability": 1.1312544345855713,
        "lowlevel.spectral_centroid.min": 193.9737752278646,
        "rhythm.bpm_histogram_second_peak_spread": 0.2264492710431417
    },
    "outlier_flag": false,
    "outlier_reasons": null,
    "raw_versions": [
        {
            "id": "gspGPBijYFU",
            "title": "Grateful Dead - Little Red Rooster 7-7-89",
            "views": 162253,
            "features": {
                "lowlevel.average_loudness": 0.823411226272583,
                "lowlevel.loudness_ebu128.integrated": -18.720510482788086,
                "lowlevel.loudness_ebu128.loudness_range": 3.931283950805664,
                "lowlevel.loudness_ebu128.momentary.dmean": 0.4703308343887329,
                "lowlevel.loudness_ebu128.momentary.dmean2": 0.49429750442504883,
                "lowlevel.loudness_ebu128.momentary.dvar": 0.2041693776845932,
                "lowlevel.loudness_ebu128.momentary.dvar2": 0.26001986861228943,
                "lowlevel.loudness_ebu128.momentary.max": -14.466014862060547,
                "lowlevel.loudness_ebu128.momentary.mean": -19.395282745361328,
                "lowlevel.loudness_ebu128.momentary.median": -18.698848724365234,
                "lowlevel.loudness_ebu128.momentary.min": -61.816566467285156,
                "lowlevel.loudness_ebu128.momentary.stdev": 3.0508410930633545,
                "lowlevel.loudness_ebu128.momentary.var": 9.307631492614746,
                "lowlevel.loudness_ebu128.short_term.dmean": 0.0633024126291275,
                "lowlevel.loudness_ebu128.short_term.dmean2": 0.05533856526017189,
                "lowlevel.loudness_ebu128.short_term.dvar": 0.004294104408472776,
                "lowlevel.loudness_ebu128.short_term.dvar2": 0.0027565709315240383,
                "lowlevel.loudness_ebu128.short_term.max": -16.164138793945312,
                "lowlevel.loudness_ebu128.short_term.mean": -19.055828094482422,
                "lowlevel.loudness_ebu128.short_term.median": -18.569377899169922,
                "lowlevel.loudness_ebu128.short_term.min": -38.53009033203125,
                "lowlevel.loudness_ebu128.short_term.stdev": 1.9149158000946045,
                "lowlevel.loudness_ebu128.short_term.var": 3.6669023036956787,
                "lowlevel.spectral_centroid.dmean": 188.66799926757812,
                "lowlevel.spectral_centroid.dmean2": 291.9053649902344,
                "lowlevel.spectral_centroid.dvar": 41119.45703125,
                "lowlevel.spectral_centroid.dvar2": 91816.6953125,
                "lowlevel.spectral_centroid.max": 5581.79150390625,
                "lowlevel.spectral_centroid.mean": 1101.17236328125,
                "lowlevel.spectral_centroid.median": 1028.293212890625,
                "lowlevel.spectral_centroid.min": 198.17193603515625,
                "lowlevel.spectral_centroid.stdev": 504.8407287597656,
                "lowlevel.spectral_centroid.var": 254864.171875,
                "metadata.audio_properties.analysis.equal_loudness": 0.0,
                "rhythm.beats_loudness.dmean": 0.015075018629431725,
                "rhythm.beats_loudness.dmean2": 0.02587319165468216,
                "rhythm.beats_loudness.dvar": 0.0001631574850762263,
                "rhythm.beats_loudness.dvar2": 0.0004532964958343655,
                "rhythm.beats_loudness.max": 0.10024581104516983,
                "rhythm.beats_loudness.mean": 0.03527497872710228,
                "rhythm.beats_loudness.median": 0.0343538373708725,
                "rhythm.beats_loudness.min": 8.755395356274676e-06,
                "rhythm.beats_loudness.stdev": 0.01649564877152443,
                "rhythm.beats_loudness.var": 0.0002721064374782145,
                "rhythm.bpm": 111.15514373779297,
                "rhythm.bpm_histogram_first_peak_bpm": 112.0,
                "rhythm.bpm_histogram_first_peak_weight": 0.6105819940567017,
                "rhythm.bpm_histogram_second_peak_bpm": 117.0,
                "rhythm.bpm_histogram_second_peak_spread": 0.0,
                "rhythm.bpm_histogram_second_peak_weight": 0.019860973581671715,
                "rhythm.danceability": 1.1057301759719849
            }
        },
        {
            "id": "2WuXkZxJAF0",
            "title": "Grateful Dead [4k50p Remaster] - Little Red Rooster - 1981 03 28 (pro shot) Rockpalast Germany",
            "views": 5127,
            "features": {
                "lowlevel.average_loudness": 0.8673086762428284,
                "lowlevel.loudness_ebu128.integrated": -13.220917701721191,
                "lowlevel.loudness_ebu128.loudness_range": 7.331448554992676,