{
    "song_title": "Loser",
    "artist": "Grateful Dead",
    "num_versions_processed": 3,
    "average_features": {
        "lowlevel.loudness_ebu128.short_term.dvar2": 0.015582695758591095,
        "lowlevel.loudness_ebu128.momentary.var": 23.597598393758137,
        "lowlevel.loudness_ebu128.momentary.min": -60.43688710530599,
        "lowlevel.spectral_centroid.dvar": 48129.1015625,
        "rhythm.beats_loudness.min": 2.3574227980308986e-05,
        "lowlevel.spectral_centroid.mean": 968.1851806640625,
        "rhythm.beats_loudness.dvar": 0.00020631751006779572,
        "rhythm.bpm_histogram_first_peak_bpm": 111.33333333333333,
        "rhythm.beats_loudness.median": 0.025363872448603313,
        "lowlevel.loudness_ebu128.integrated": -16.76383368174235,
        "lowlevel.loudness_ebu128.short_term.mean": -17.965749740600586,
        "rhythm.beats_loudness.dmean2": 0.02557970955967903,
        "lowlevel.loudness_ebu128.momentary.dvar2": 0.9312239487965902,
        "rhythm.bpm_histogram_second_peak_weight": 0.12284284333388011,
        "lowlevel.loudness_ebu128.loudness_range": 6.960239410400391,
        "rhythm.bpm_histogram_second_peak_bpm": 113.0,
        "lowlevel.loudness_ebu128.short_term.min": -37.52490425109863,
        "lowlevel.loudness_ebu128.short_term.stdev": 3.5953853925069175,
        "lowlevel.loudness_ebu128.short_term.dmean2": 0.10112522790829341,
        "lowlevel.loudness_ebu128.short_term.var": 13.95699675877889,
        "rhythm.beats_loudness.mean": 0.02833034284412861,
        "lowlevel.spectral_centroid.max": 6727.518961588542,
        "lowlevel.loudness_ebu128.momentary.dvar": 0.6834563414255778,
        "rhythm.beats_loudness.stdev": 0.0181489335373044,
        "lowlevel.loudness_ebu128.momentary.max": -10.369482040405273,
        "lowlevel.spectral_centroid.median": 805.5329996744791,
        "lowlevel.loudness_ebu128.momentary.dmean": 0.7681805491447449,
        "lowlevel.loudness_ebu128.short_term.dvar": 0.02075431930522124,
        "rhythm.beats_loudness.var": 0.0003359208203619346,
        "lowlevel.loudness_ebu128.momentary.stdev": 4.842116514841716,
        "lowlevel.loudness_ebu128.momentary.mean": -18.55245081583659,
        "rhythm.beats_loudness.dmean": 0.014685799988607565,
        "lowlevel.average_loudness": 0.6806695659955343,
        "lowlevel.loudness_ebu128.short_term.median": -17.394839604695637,
        "rhythm.beats_loudness.max": 0.12328305592139562,
        "metadata.audio_properties.analysis.equal_loudness": 0.0,
        "lowlevel.loudness_ebu128.momentary.dmean2": 0.830861508846283,
        "lowlevel.spectral_centroid.dvar2": 101898.953125,
        "lowlevel.loudness_ebu128.short_term.max": -12.844833056131998,
        "lowlevel.spectral_centroid.var": 344860.5625,
        "rhythm.bpm_histogram_first_peak_weight": 0.5505847930908203,
        "lowlevel.loudness_ebu128.momentary.median": -17.795010566711426,
        "rhythm.bpm": 111.67518361409505,
        "rhythm.beats_loudness.dvar2": 0.0006006192221927146,
        "lowlevel.loudness_ebu128.short_term.dmean": 0.11865627765655518,
        "lowlevel.spectral_centroid.stdev": 582.9022827148438,
        "lowlevel.spectral_centroid.dmean": 159.07135518391928,
        "lowlevel.spectral_centroid.dmean2": 241.32865397135416,
        "rhythm.danceability": 1.0762688318888347,
        "lowlevel.spectral_centroid.min": 175.71719868977866,
        "rhythm.bpm_histogram_second_peak_spread": 0.1457042098045349
    },
    "outlier_flag": false,
    "outlier_reasons": null,
    "raw_versions": [
        {
            "id": "7SULSMMtBPg",
            "title": "Grateful Dead - Loser (Philadelphia, PA 7/7/89) (Official Live Video)",
            "views": 1410313,
            "features": {
                "lowlevel.average_loudness": 0.826676070690155,
                "lowlevel.loudness_ebu128.integrated": -15.468480110168457,
                "lowlevel.loudness_ebu128.loudness_range": 5.207571029663086,
                "lowlevel.loudness_ebu128.momentary.dmean": 0.5944418907165527,
                "lowlevel.loudness_ebu128.momentary.dmean2": 0.6015195250511169,
                "lowlevel.loudness_ebu128.momentary.dvar": 0.5455915331840515,
                "lowlevel.loudness_ebu128.momentary.dvar2": 0.5988824367523193,
                "lowlevel.loudness_ebu128.momentary.max": -11.389427185058594,
                "lowlevel.loudness_ebu128.momentary.mean": -16.484416961669922,
                "lowlevel.loudness_ebu128.momentary.median": -15.798130989074707,
                "lowlevel.loudness_ebu128.momentary.min": -90.04502868652344,
                "lowlevel.loudness_ebu128.momentary.stdev": 4.388195037841797,
                "lowlevel.loudness_ebu128.momentary.var": 19.256256103515625,
                "lowlevel.loudness_ebu128.short_term.dmean": 0.09380241483449936,
                "lowlevel.loudness_ebu128.short_term.dmean2": 0.07326829433441162,
                "lowlevel.loudness_ebu128.short_term.dvar": 0.011272408068180084,
                "lowlevel.loudness_ebu128.short_term.dvar2": 0.007098930422216654,
                "lowlevel.loudness_ebu128.short_term.max": -12.564254760742188,
                "lowlevel.loudness_ebu128.short_term.mean": -15.969827651977539,
                "lowlevel.loudness_ebu128.short_term.median": -16.034408569335938,
                "lowlevel.loudness_ebu128.short_term.min": -30.71285057067871,
                "lowlevel.loudness_ebu128.short_term.stdev": 2.1636877059936523,
                "lowlevel.loudness_ebu128.short_term.var": 4.681544780731201,
                "lowlevel.spectral_centroid.dmean": 149.14834594726562,
                "lowlevel.spectral_centroid.dmean2": 221.23191833496094,
                "lowlevel.spectral_centroid.dvar": 37779.69140625,
                "lowlevel.spectral_centroid.dvar2": 80174.890625,
                "lowlevel.spectral_centroid.max": 5344.3642578125,
                "lowlevel.spectral_centroid.mean": 873.0213012695312,
                "lowlevel.spectral_centroid.median": 772.9834594726562,
                "lowlevel.spectral_centroid.min": 177.34620666503906,
                "lowlevel.spectral_centroid.stdev": 482.2762451171875,
                "lowlevel.spectral_centroid.var": 232590.375,
                "metadata.audio_properties.analysis.equal_loudness": 0.0,
                "rhythm.beats_loudness.dmean": 0.015725644305348396,
                "rhythm.beats_loudness.dmean2": 0.02683684229850769,
                "rhythm.beats_loudness.dvar": 0.00017698721785563976,
                "rhythm.beats_loudness.dvar2": 0.0005198586732149124,
                "rhythm.beats_loudness.max": 0.11055207997560501,
                "rhythm.beats_loudness.mean": 0.034967802464962006,
                "rhythm.beats_loudness.median": 0.033712442964315414,
                "rhythm.beats_loudness.min": 1.2490459777581009e-09,
                "rhythm.beats_loudness.stdev": 0.019148321822285652,
                "rhythm.beats_loudness.var": 0.00036665823427028954,
                "rhythm.bpm": 116.86370086669922,
                "rhythm.bpm_histogram_first_peak_bpm": 117.0,
                "rhythm.bpm_histogram_first_peak_weight": 0.5476190447807312,
                "rhythm.bpm_histogram_second_peak_bpm": 112.0,
                "rhythm.bpm_histogram_second_peak_spread": 0.14649683237075806,
                "rhythm.bpm_histogram_second_peak_weight": 0.15509259700775146,
                "rhythm.danceability": 1.0478332042694092
            }
        },
        {
            "id": "MWIIQ-FO8ic",
            "title": "Grateful Dead - Loser - 10/30/1980 - Radio City Music Hall",
            "views": 118142,
            "features": {
                "lowlevel.average_loudness": 0.8732091188430786,
                "lowlevel.loudness_ebu128.integrated": -16.16669464111328,
                "lowlevel.loudness_ebu128.loudness_range": 5.281149864196777,
                "lowlevel.loudness_ebu128.momentary.dmean": 0.6659608483314514,