{
    "song_title": "Louie Louie",
    "artist": "Grateful Dead",
    "num_versions_processed": 3,
    "average_features": {
        "lowlevel.loudness_ebu128.momentary.dmean2": 1.3587203820546467,
        "lowlevel.loudness_ebu128.short_term.median": -16.668376604715984,
        "lowlevel.spectral_centroid.median": 962.8336385091146,
        "rhythm.beats_loudness.var": 0.0006429941859096289,
        "rhythm.beats_loudness.dvar": 0.0005344514890263478,
        "lowlevel.loudness_ebu128.short_term.stdev": 3.541742523511251,
        "lowlevel.loudness_ebu128.integrated": -16.377698580423992,
        "rhythm.beats_loudness.max": 0.22996128598848978,
        "lowlevel.spectral_centroid.max": 11027.080078125,
        "lowlevel.spectral_centroid.min": 212.10555521647134,
        "lowlevel.loudness_ebu128.momentary.stdev": 5.531742254892985,
        "rhythm.bpm": 105.6238784790039,
        "lowlevel.loudness_ebu128.loudness_range": 4.653636296590169,
        "rhythm.beats_loudness.mean": 0.04213319718837738,
        "rhythm.bpm_histogram_second_peak_weight": 0.03896615902582804,
        "metadata.audio_properties.analysis.equal_loudness": 0.0,
        "lowlevel.loudness_ebu128.short_term.var": 18.148020307223003,
        "rhythm.beats_loudness.dvar2": 0.0016087705347066124,
        "rhythm.bpm_histogram_second_peak_bpm": 103.66666666666667,
        "lowlevel.loudness_ebu128.momentary.mean": -17.913008371988933,
        "lowlevel.loudness_ebu128.short_term.max": -12.775397618611654,
        "rhythm.beats_loudness.stdev": 0.025262775520483654,
        "lowlevel.loudness_ebu128.momentary.dmean": 1.0239946444829304,
        "lowlevel.spectral_centroid.mean": 1130.1240641276042,
        "lowlevel.spectral_centroid.stdev": 652.78857421875,
        "rhythm.beats_loudness.median": 0.0384648684412241,
        "lowlevel.loudness_ebu128.short_term.dmean": 0.12732970217863718,
        "lowlevel.loudness_ebu128.short_term.dvar2": 0.5352063893030087,
        "rhythm.beats_loudness.dmean2": 0.04288854698340098,
        "lowlevel.loudness_ebu128.short_term.mean": -17.129859924316406,
        "lowlevel.loudness_ebu128.momentary.var": 40.998490969340004,
        "rhythm.beats_loudness.dmean": 0.02428796390692393,
        "lowlevel.loudness_ebu128.momentary.min": -58.00200398763021,
        "lowlevel.loudness_ebu128.momentary.dvar": 1.385102927684784,
        "lowlevel.spectral_centroid.dmean": 234.31212361653647,
        "lowlevel.spectral_centroid.var": 437710.2395833333,
        "rhythm.beats_loudness.min": 5.4120868340834516e-05,
        "lowlevel.average_loudness": 0.7261432806650797,
        "lowlevel.loudness_ebu128.short_term.dmean2": 0.14036551117897034,
        "lowlevel.loudness_ebu128.short_term.min": -50.81135940551758,
        "rhythm.bpm_histogram_first_peak_bpm": 106.0,
        "lowlevel.loudness_ebu128.momentary.max": -9.907529989878336,
        "lowlevel.spectral_centroid.dmean2": 361.7420145670573,
        "rhythm.bpm_histogram_second_peak_spread": 0.3114207188288371,
        "lowlevel.loudness_ebu128.short_term.dvar": 0.32665211893618107,
        "lowlevel.loudness_ebu128.momentary.median": -16.96263313293457,
        "rhythm.danceability": 1.2563974459966023,
        "lowlevel.spectral_centroid.dvar": 82885.48958333333,
        "rhythm.bpm_histogram_first_peak_weight": 0.5734713872273763,
        "lowlevel.loudness_ebu128.momentary.dvar2": 2.3416022857030234,
        "lowlevel.spectral_centroid.dvar2": 188241.28385416666
    },
    "outlier_flag": false,
    "outlier_reasons": null,
    "raw_versions": [
        {
            "id": "8APaEplm41o",
            "title": "Grateful Dead / Louie Louie / Louisville KY  4/9/89",
            "views": 449,
            "features": {
                "lowlevel.average_loudness": 0.7695435285568237,
                "lowlevel.loudness_ebu128.integrated": -14.301743507385254,
                "lowlevel.loudness_ebu128.loudness_range": 6.6967926025390625,
                "lowlevel.loudness_ebu128.momentary.dmean": 1.0175894498825073,
                "lowlevel.loudness_ebu128.momentary.dmean2": 1.3069205284118652,
                "lowlevel.loudness_ebu128.momentary.dvar": 2.236478328704834,
                "lowlevel.loudness_ebu128.momentary.dvar2": 3.637193441390991,
                "lowlevel.loudness_ebu128.momentary.max": -7.066699504852295,
                "lowlevel.loudness_ebu128.momentary.mean": -17.1486759185791,
                "lowlevel.loudness_ebu128.momentary.median": -15.335336685180664,
                "lowlevel.loudness_ebu128.momentary.min": -91.11965942382812,
                "lowlevel.loudness_ebu128.momentary.stdev": 10.07197380065918,
                "lowlevel.loudness_ebu128.momentary.var": 101.44464874267578,
                "lowlevel.loudness_ebu128.short_term.dmean": 0.14804159104824066,
                "lowlevel.loudness_ebu128.short_term.dmean2": 0.16138435900211334,
                "lowlevel.loudness_ebu128.short_term.dvar": 0.9518091678619385,
                "lowlevel.loudness_ebu128.short_term.dvar2": 1.575538158416748,
                "lowlevel.loudness_ebu128.short_term.max": -9.486709594726562,
                "lowlevel.loudness_ebu128.short_term.mean": -15.914754867553711,
                "lowlevel.loudness_ebu128.short_term.median": -14.99096393585205,
                "lowlevel.loudness_ebu128.short_term.min": -90.14527130126953,
                "lowlevel.loudness_ebu128.short_term.stdev": 6.844053268432617,
                "lowlevel.loudness_ebu128.short_term.var": 46.841064453125,
                "lowlevel.spectral_centroid.dmean": 210.25218200683594,
                "lowlevel.spectral_centroid.dmean2": 315.69189453125,
                "lowlevel.spectral_centroid.dvar": 63768.97265625,
                "lowlevel.spectral_centroid.dvar2": 127680.6953125,
                "lowlevel.spectral_centroid.max": 11395.685546875,
                "lowlevel.spectral_centroid.mean": 1234.5484619140625,
                "lowlevel.spectral_centroid.median": 994.1820068359375,
                "lowlevel.spectral_centroid.min": 226.79409790039062,
                "lowlevel.spectral_centroid.stdev": 801.9624633789062,
                "lowlevel.spectral_centroid.var": 643143.8125,
                "metadata.audio_properties.analysis.equal_loudness": 0.0,
                "rhythm.beats_loudness.dmean": 0.020812246948480606,
                "rhythm.beats_loudness.dmean2": 0.037268947809934616,
                "rhythm.beats_loudness.dvar": 0.00041896963375620544,
                "rhythm.beats_loudness.dvar2": 0.001297644921578467,
                "rhythm.beats_loudness.max": 0.14608077704906464,
                "rhythm.beats_loudness.mean": 0.03447088599205017,
                "rhythm.beats_loudness.median": 0.030663644894957542,
                "rhythm.beats_loudness.min": 8.84154582880825e-10,
                "rhythm.beats_loudness.stdev": 0.02356293797492981,
                "rhythm.beats_loudness.var": 0.0005552120856009424,
                "rhythm.bpm": 102.7900619506836,
                "rhythm.bpm_histogram_first_peak_bpm": 103.0,
                "rhythm.bpm_histogram_first_peak_weight": 0.5588234663009644,
                "rhythm.bpm_histogram_second_peak_bpm": 98.0,
                "rhythm.bpm_histogram_second_peak_spread": 0.34210526943206787,
                "rhythm.bpm_histogram_second_peak_weight": 0.05081300809979439,
                "rhythm.danceability": 1.2282518148422241
            }
        },
        {
            "id": "L3GzZxfjCqI",
            "title": "Grateful Dead - Louie, Louie 4/9/1989",
            "views": 10590,
            "features": {
                "lowlevel.average_loudness": 0.8067324161529541,
                "lowlevel.loudness_ebu128.integrated": -18.42725372314453,
                "lowlevel.loudness_ebu128.loudness_range": 4.193960189819336,
                "lowlevel.loudness_ebu128.momentary.dmean": 1.0611103773117065,