{
    "song_title": "Love The One You're With",
    "artist": "Grateful Dead",
    "num_versions_processed": 1,
    "average_features": {
        "lowlevel.loudness_ebu128.short_term.dvar2": 0.008185387589037418,
        "lowlevel.loudness_ebu128.momentary.var": 15.885375022888184,
        "lowlevel.loudness_ebu128.momentary.min": -38.647727966308594,
        "lowlevel.spectral_centroid.dvar": 48325.21484375,
        "rhythm.beats_loudness.min": 0.0002701460325624794,
        "lowlevel.spectral_centroid.mean": 1100.638916015625,
        "rhythm.beats_loudness.dvar": 0.000642451923340559,
        "rhythm.bpm_histogram_first_peak_bpm": 92.0,
        "rhythm.beats_loudness.median": 0.022558772936463356,
        "lowlevel.loudness_ebu128.integrated": -19.79000473022461,
        "lowlevel.loudness_ebu128.short_term.mean": -21.000974655151367,
        "rhythm.beats_loudness.dmean2": 0.029397128149867058,
        "lowlevel.loudness_ebu128.momentary.dvar2": 0.49031007289886475,
        "rhythm.bpm_histogram_second_peak_weight": 0.07121212035417557,
        "lowlevel.loudness_ebu128.loudness_range": 8.774818420410156,
        "rhythm.bpm_histogram_second_peak_bpm": 178.0,
        "lowlevel.loudness_ebu128.short_term.min": -34.83416748046875,
        "lowlevel.loudness_ebu128.short_term.stdev": 3.580982208251953,
        "lowlevel.loudness_ebu128.short_term.dmean2": 0.09650091081857681,
        "lowlevel.loudness_ebu128.short_term.var": 12.823433876037598,
        "rhythm.beats_loudness.mean": 0.02946937270462513,
        "lowlevel.spectral_centroid.max": 3997.088134765625,
        "lowlevel.loudness_ebu128.momentary.dvar": 0.33083653450012207,
        "rhythm.beats_loudness.stdev": 0.030985774472355843,
        "lowlevel.loudness_ebu128.momentary.max": -11.2106294631958,
        "lowlevel.spectral_centroid.median": 1024.899169921875,
        "lowlevel.loudness_ebu128.momentary.dmean": 0.6239879727363586,
        "lowlevel.loudness_ebu128.short_term.dvar": 0.008330967277288437,
        "rhythm.beats_loudness.var": 0.0009601181955076754,
        "lowlevel.loudness_ebu128.momentary.stdev": 3.9856460094451904,
        "lowlevel.loudness_ebu128.momentary.mean": -21.307147979736328,
        "rhythm.beats_loudness.dmean": 0.01697763241827488,
        "lowlevel.average_loudness": 0.06374268978834152,
        "lowlevel.loudness_ebu128.short_term.median": -20.019495010375977,
        "rhythm.beats_loudness.max": 0.41055428981781006,
        "metadata.audio_properties.analysis.equal_loudness": 0.0,
        "lowlevel.loudness_ebu128.momentary.dmean2": 0.7531613707542419,
        "lowlevel.spectral_centroid.dvar2": 107008.9453125,
        "lowlevel.loudness_ebu128.short_term.max": -14.21397876739502,
        "lowlevel.spectral_centroid.var": 236440.703125,
        "rhythm.bpm_histogram_first_peak_weight": 0.3881453275680542,
        "lowlevel.loudness_ebu128.momentary.median": -20.44830322265625,
        "rhythm.bpm": 92.58096313476562,
        "rhythm.beats_loudness.dvar2": 0.0019035619916394353,
        "lowlevel.loudness_ebu128.short_term.dmean": 0.09302946925163269,
        "lowlevel.spectral_centroid.stdev": 486.2516784667969,
        "lowlevel.spectral_centroid.dmean": 198.56236267089844,
        "lowlevel.spectral_centroid.dmean2": 301.88134765625,
        "rhythm.danceability": 1.140175461769104,
        "lowlevel.spectral_centroid.min": 181.75039672851562,
        "rhythm.bpm_histogram_second_peak_spread": 0.0
    },
    "outlier_flag": false,
    "outlier_reasons": null,
    "raw_versions": [
        {
            "id": "_eNTwMWJ9Fo",
            "title": "Grateful Dead  - Love The One You're With  - 4/17/1983",
            "views": 6070,
            "features": {
                "lowlevel.average_loudness": 0.06374268978834152,
                "lowlevel.loudness_ebu128.integrated": -19.79000473022461,
                "lowlevel.loudness_ebu128.loudness_range": 8.774818420410156,
                "lowlevel.loudness_ebu128.momentary.dmean": 0.6239879727363586,
                "lowlevel.loudness_ebu128.momentary.dmean2": 0.7531613707542419,
                "lowlevel.loudness_ebu128.momentary.dvar": 0.33083653450012207,
                "lowlevel.loudness_ebu128.momentary.dvar2": 0.49031007289886475,
                "lowlevel.loudness_ebu128.momentary.max": -11.2106294631958,
                "lowlevel.loudness_ebu128.momentary.mean": -21.307147979736328,
                "lowlevel.loudness_ebu128.momentary.median": -20.44830322265625,
                "lowlevel.loudness_ebu128.momentary.min": -38.647727966308594,
                "lowlevel.loudness_ebu128.momentary.stdev": 3.9856460094451904,
                "lowlevel.loudness_ebu128.momentary.var": 15.885375022888184,
                "lowlevel.loudness_ebu128.short_term.dmean": 0.09302946925163269,
                "lowlevel.loudness_ebu128.short_term.dmean2": 0.09650091081857681,
                "lowlevel.loudness_ebu128.short_term.dvar": 0.008330967277288437,
                "lowlevel.loudness_ebu128.short_term.dvar2": 0.008185387589037418,
                "lowlevel.loudness_ebu128.short_term.max": -14.21397876739502,
                "lowlevel.loudness_ebu128.short_term.mean": -21.000974655151367,
                "lowlevel.loudness_ebu128.short_term.median": -20.019495010375977,
                "lowlevel.loudness_ebu128.short_term.min": -34.83416748046875,
                "lowlevel.loudness_ebu128.short_term.stdev": 3.580982208251953,
                "lowlevel.loudness_ebu128.short_term.var": 12.823433876037598,
                "lowlevel.spectral_centroid.dmean": 198.56236267089844,
                "lowlevel.spectral_centroid.dmean2": 301.88134765625,
                "lowlevel.spectral_centroid.dvar": 48325.21484375,
                "lowlevel.spectral_centroid.dvar2": 107008.9453125,
                "lowlevel.spectral_centroid.max": 3997.088134765625,
                "lowlevel.spectral_centroid.mean": 1100.638916015625,
                "lowlevel.spectral_centroid.median": 1024.899169921875,
                "lowlevel.spectral_centroid.min": 181.75039672851562,
                "lowlevel.spectral_centroid.stdev": 486.2516784667969,
                "lowlevel.spectral_centroid.var": 236440.703125,
                "metadata.audio_properties.analysis.equal_loudness": 0.0,
                "rhythm.beats_loudness.dmean": 0.01697763241827488,
                "rhythm.beats_loudness.dmean2": 0.029397128149867058,
                "rhythm.beats_loudness.dvar": 0.000642451923340559,
                "rhythm.beats_loudness.dvar2": 0.0019035619916394353,
                "rhythm.beats_loudness.max": 0.41055428981781006,
                "rhythm.beats_loudness.mean": 0.02946937270462513,
                "rhythm.beats_loudness.median": 0.022558772936463356,
                "rhythm.beats_loudness.min": 0.0002701460325624794,
                "rhythm.beats_loudness.stdev": 0.030985774472355843,
                "rhythm.beats_loudness.var": 0.0009601181955076754,
                "rhythm.bpm": 92.58096313476562,
                "rhythm.bpm_histogram_first_peak_bpm": 92.0,
                "rhythm.bpm_histogram_first_peak_weight": 0.3881453275680542,
                "rhythm.bpm_histogram_second_peak_bpm": 178.0,
                "rhythm.bpm_histogram_second_peak_spread": 0.0,
                "rhythm.bpm_histogram_second_peak_weight": 0.07121212035417557,
                "rhythm.danceability": 1.140175461769104
            }
        }
    ]
}