{
    "song_title": "Lucy In The Sky With Diamonds",
    "artist": "Grateful Dead",
    "num_versions_processed": 2,
    "average_features": {
        "rhythm.beats_loudness.dvar": 0.0005317386239767075,
        "lowlevel.loudness_ebu128.momentary.median": -14.627373695373535,
        "lowlevel.loudness_ebu128.short_term.min": -30.53490161895752,
        "lowlevel.loudness_ebu128.short_term.dvar": 0.01156068337149918,
        "rhythm.beats_loudness.dvar2": 0.0016950370627455413,
        "rhythm.beats_loudness.min": 0.0003592165703594219,
        "lowlevel.loudness_ebu128.momentary.min": -36.212430000305176,
        "rhythm.bpm_histogram_second_peak_weight": 0.08722439780831337,
        "lowlevel.spectral_centroid.min": 253.560791015625,
        "lowlevel.spectral_centroid.var": 228796.453125,
        "lowlevel.loudness_ebu128.short_term.dvar2": 0.013214818201959133,
        "lowlevel.loudness_ebu128.short_term.stdev": 4.515386343002319,
        "rhythm.beats_loudness.max": 0.19215773046016693,
        "lowlevel.loudness_ebu128.momentary.dvar2": 0.8408887088298798,
        "lowlevel.spectral_centroid.dvar2": 88141.67578125,
        "lowlevel.loudness_ebu128.momentary.max": -7.694803237915039,
        "lowlevel.average_loudness": 0.47217416763305664,
        "lowlevel.loudness_ebu128.momentary.var": 30.988889694213867,
        "lowlevel.loudness_ebu128.loudness_range": 10.806673049926758,
        "rhythm.beats_loudness.dmean": 0.019233765080571175,
        "lowlevel.loudness_ebu128.momentary.dvar": 0.6013212502002716,
        "metadata.audio_properties.analysis.equal_loudness": 0.0,
        "lowlevel.spectral_centroid.dmean": 178.89398193359375,
        "rhythm.bpm": 123.83252334594727,
        "lowlevel.spectral_centroid.dvar": 41518.2490234375,
        "lowlevel.loudness_ebu128.momentary.dmean2": 0.7382448017597198,
        "rhythm.bpm_histogram_first_peak_weight": 0.510237455368042,
        "rhythm.bpm_histogram_second_peak_spread": 0.12162160873413086,
        "lowlevel.loudness_ebu128.momentary.mean": -16.068843841552734,
        "lowlevel.loudness_ebu128.momentary.dmean": 0.6804497241973877,
        "rhythm.beats_loudness.mean": 0.029564865864813328,
        "rhythm.bpm_histogram_second_peak_bpm": 151.5,
        "lowlevel.loudness_ebu128.integrated": -13.215235710144043,
        "rhythm.beats_loudness.var": 0.0007986528216861188,
        "lowlevel.loudness_ebu128.momentary.stdev": 5.05608594417572,
        "lowlevel.loudness_ebu128.short_term.var": 26.126355171203613,
        "lowlevel.spectral_centroid.max": 7273.4102783203125,
        "rhythm.beats_loudness.dmean2": 0.03569937311112881,
        "rhythm.danceability": 1.1345152258872986,
        "lowlevel.loudness_ebu128.short_term.max": -9.060181856155396,
        "lowlevel.spectral_centroid.mean": 1214.9869689941406,
        "rhythm.beats_loudness.stdev": 0.028102893382310867,
        "lowlevel.loudness_ebu128.short_term.dmean2": 0.08849937841296196,
        "lowlevel.loudness_ebu128.short_term.dmean": 0.09688866138458252,
        "lowlevel.loudness_ebu128.short_term.mean": -15.616119384765625,
        "rhythm.bpm_histogram_first_peak_bpm": 123.0,
        "lowlevel.loudness_ebu128.short_term.median": -13.963341236114502,
        "lowlevel.spectral_centroid.median": 1183.9566040039062,
        "lowlevel.spectral_centroid.stdev": 470.73207092285156,
        "lowlevel.spectral_centroid.dmean2": 279.3659439086914,
        "rhythm.beats_loudness.median": 0.021243642084300518
    },
    "outlier_flag": false,
    "outlier_reasons": null,
    "raw_versions": [
        {
            "id": "U99KKaiSuYk",
            "title": "Grateful Dead \"Lucy in the Sky with Diamonds\"3-24-93",
            "views": 74552,
            "features": {
                "lowlevel.average_loudness": 0.7044480443000793,
                "lowlevel.loudness_ebu128.integrated": -14.094888687133789,
                "lowlevel.loudness_ebu128.loudness_range": 5.270639419555664,
                "lowlevel.loudness_ebu128.momentary.dmean": 0.5996353030204773,
                "lowlevel.loudness_ebu128.momentary.dmean2": 0.6590434312820435,
                "lowlevel.loudness_ebu128.momentary.dvar": 0.4760839343070984,
                "lowlevel.loudness_ebu128.momentary.dvar2": 0.6276870369911194,
                "lowlevel.loudness_ebu128.momentary.max": -9.087319374084473,
                "lowlevel.loudness_ebu128.momentary.mean": -14.850296020507812,
                "lowlevel.loudness_ebu128.momentary.median": -14.381128311157227,
                "lowlevel.loudness_ebu128.momentary.min": -28.443498611450195,
                "lowlevel.loudness_ebu128.momentary.stdev": 2.7269480228424072,
                "lowlevel.loudness_ebu128.momentary.var": 7.436244964599609,
                "lowlevel.loudness_ebu128.short_term.dmean": 0.08096697181463242,
                "lowlevel.loudness_ebu128.short_term.dmean2": 0.07626419514417648,
                "lowlevel.loudness_ebu128.short_term.dvar": 0.0062228539027273655,
                "lowlevel.loudness_ebu128.short_term.dvar2": 0.008097263053059578,
                "lowlevel.loudness_ebu128.short_term.max": -10.553221702575684,
                "lowlevel.loudness_ebu128.short_term.mean": -14.53087043762207,
                "lowlevel.loudness_ebu128.short_term.median": -13.928958892822266,
                "lowlevel.loudness_ebu128.short_term.min": -25.017518997192383,
                "lowlevel.loudness_ebu128.short_term.stdev": 2.120048999786377,
                "lowlevel.loudness_ebu128.short_term.var": 4.494607925415039,
                "lowlevel.spectral_centroid.dmean": 229.53993225097656,
                "lowlevel.spectral_centroid.dmean2": 360.3127746582031,
                "lowlevel.spectral_centroid.dvar": 52433.69921875,
                "lowlevel.spectral_centroid.dvar2": 111430.5546875,
                "lowlevel.spectral_centroid.max": 10572.2685546875,
                "lowlevel.spectral_centroid.mean": 1572.9285888671875,
                "lowlevel.spectral_centroid.median": 1583.285888671875,
                "lowlevel.spectral_centroid.min": 312.5747375488281,
                "lowlevel.spectral_centroid.stdev": 555.6307373046875,
                "lowlevel.spectral_centroid.var": 308725.5,
                "metadata.audio_properties.analysis.equal_loudness": 0.0,
                "rhythm.beats_loudness.dmean": 0.01995115913450718,
                "rhythm.beats_loudness.dmean2": 0.037234462797641754,
                "rhythm.beats_loudness.dvar": 0.000548750045709312,
                "rhythm.beats_loudness.dvar2": 0.0017464759293943644,
                "rhythm.beats_loudness.max": 0.20820418000221252,
                "rhythm.beats_loudness.mean": 0.030804362148046494,
                "rhythm.beats_loudness.median": 0.024294618517160416,
                "rhythm.beats_loudness.min": 0.0006973231211304665,
                "rhythm.beats_loudness.stdev": 0.02512292005121708,
                "rhythm.beats_loudness.var": 0.0006311610923148692,
                "rhythm.bpm": 117.73108673095703,
                "rhythm.bpm_histogram_first_peak_bpm": 117.0,
                "rhythm.bpm_histogram_first_peak_weight": 0.513157844543457,
                "rhythm.bpm_histogram_second_peak_bpm": 167.0,
                "rhythm.bpm_histogram_second_peak_spread": 0.0,
                "rhythm.bpm_histogram_second_peak_weight": 0.09490334242582321,
                "rhythm.danceability": 1.1630514860153198
            }
        },
        {
            "id": "PTKodZpTjFs",
            "title": "Lucy in the Sky with Diamonds - Grateful Dead - 7-23-1994 Soldier Field, Chicago, Ill., (set2-01)",
            "views": 7349,
            "features": {
                "lowlevel.average_loudness": 0.23990029096603394,
                "lowlevel.loudness_ebu128.integrated": -12.335582733154297,
                "lowlevel.loudness_ebu128.loudness_range": 16.34270668029785,