{
    "song_title": "Mason's Children",
    "artist": "Grateful Dead",
    "num_versions_processed": 3,
    "average_features": {
        "lowlevel.loudness_ebu128.momentary.dmean2": 0.7122953534126282,
        "lowlevel.loudness_ebu128.short_term.median": -15.185209274291992,
        "lowlevel.spectral_centroid.median": 1169.2368977864583,
        "rhythm.beats_loudness.var": 0.0003205936130446692,
        "rhythm.beats_loudness.dvar": 0.00023226145034035048,
        "lowlevel.loudness_ebu128.short_term.stdev": 2.2385831673940024,
        "lowlevel.loudness_ebu128.integrated": -15.036088625590006,
        "rhythm.beats_loudness.max": 0.13459548354148865,
        "lowlevel.spectral_centroid.max": 8743.755045572916,
        "lowlevel.spectral_centroid.min": 211.35252888997397,
        "lowlevel.loudness_ebu128.momentary.stdev": 3.3619987964630127,
        "rhythm.bpm": 165.58727010091147,
        "lowlevel.loudness_ebu128.loudness_range": 5.436575253804524,
        "rhythm.beats_loudness.mean": 0.028375955298542976,
        "rhythm.bpm_histogram_second_peak_weight": 0.3535965581734975,
        "metadata.audio_properties.analysis.equal_loudness": 0.0,
        "lowlevel.loudness_ebu128.short_term.var": 5.259999434153239,
        "rhythm.beats_loudness.dvar2": 0.0006912466002783427,
        "rhythm.bpm_histogram_second_peak_bpm": 167.66666666666666,
        "lowlevel.loudness_ebu128.momentary.mean": -15.982184410095215,
        "lowlevel.loudness_ebu128.short_term.max": -11.222910086313883,
        "rhythm.beats_loudness.stdev": 0.01770656742155552,
        "lowlevel.loudness_ebu128.momentary.dmean": 0.65263565381368,
        "lowlevel.spectral_centroid.mean": 1236.0794067382812,
        "lowlevel.spectral_centroid.stdev": 481.42917887369794,
        "rhythm.beats_loudness.median": 0.025930163140098255,
        "lowlevel.loudness_ebu128.short_term.dmean": 0.0943908616900444,
        "lowlevel.loudness_ebu128.short_term.dvar2": 0.009640030252436796,
        "rhythm.beats_loudness.dmean2": 0.024508376916249592,
        "lowlevel.loudness_ebu128.short_term.mean": -15.57977326711019,
        "lowlevel.loudness_ebu128.momentary.var": 11.434728622436523,
        "rhythm.beats_loudness.dmean": 0.013830485132833322,
        "lowlevel.loudness_ebu128.momentary.min": -57.966674168904625,
        "lowlevel.loudness_ebu128.momentary.dvar": 0.5658901433149973,
        "lowlevel.spectral_centroid.dmean": 195.69615681966147,
        "lowlevel.spectral_centroid.var": 241293.2578125,
        "rhythm.beats_loudness.min": 8.851325807294567e-05,
        "lowlevel.average_loudness": 0.6161023279031118,
        "lowlevel.loudness_ebu128.short_term.dmean2": 0.09382961442073186,
        "lowlevel.loudness_ebu128.short_term.min": -29.042882919311523,
        "rhythm.bpm_histogram_first_peak_bpm": 165.66666666666666,
        "lowlevel.loudness_ebu128.momentary.max": -9.060211976369223,
        "lowlevel.spectral_centroid.dmean2": 286.4046936035156,
        "rhythm.bpm_histogram_second_peak_spread": 0.050551652908325195,
        "lowlevel.loudness_ebu128.short_term.dvar": 0.010992723051458597,
        "lowlevel.loudness_ebu128.momentary.median": -15.418931325276693,
        "rhythm.danceability": 1.1828754742940266,
        "lowlevel.spectral_centroid.dvar": 49926.560546875,
        "rhythm.bpm_histogram_first_peak_weight": 0.021610995133717854,
        "lowlevel.loudness_ebu128.momentary.dvar2": 0.7164255479971567,
        "lowlevel.spectral_centroid.dvar2": 96621.640625
    },
    "outlier_flag": true,
    "outlier_reasons": [
        "BPM Variance: 24.22 (limit 20)",
        "Danceability Variance: 0.36 (limit 0.2)"
    ],
    "raw_versions": [
        {
            "id": "LUXqGzqu4jg",
            "title": "Mason's Children (Live at Fillmore East, February 13-14, 1970)",
            "views": 10529,
            "features": {
                "lowlevel.average_loudness": 0.2629566490650177,
                "lowlevel.loudness_ebu128.integrated": -15.013978004455566,
                "lowlevel.loudness_ebu128.loudness_range": 8.190912246704102,
                "lowlevel.loudness_ebu128.momentary.dmean": 0.8466081619262695,
                "lowlevel.loudness_ebu128.momentary.dmean2": 0.9151161313056946,
                "lowlevel.loudness_ebu128.momentary.dvar": 0.7679994106292725,
                "lowlevel.loudness_ebu128.momentary.dvar2": 1.0044201612472534,
                "lowlevel.loudness_ebu128.momentary.max": -7.628951072692871,
                "lowlevel.loudness_ebu128.momentary.mean": -16.54620361328125,
                "lowlevel.loudness_ebu128.momentary.median": -16.103649139404297,
                "lowlevel.loudness_ebu128.momentary.min": -31.0026912689209,
                "lowlevel.loudness_ebu128.momentary.stdev": 3.815538167953491,
                "lowlevel.loudness_ebu128.momentary.var": 14.558331489562988,
                "lowlevel.loudness_ebu128.short_term.dmean": 0.1269111931324005,
                "lowlevel.loudness_ebu128.short_term.dmean2": 0.11230404675006866,
                "lowlevel.loudness_ebu128.short_term.dvar": 0.01992402784526348,
                "lowlevel.loudness_ebu128.short_term.dvar2": 0.014342349953949451,
                "lowlevel.loudness_ebu128.short_term.max": -10.195037841796875,
                "lowlevel.loudness_ebu128.short_term.mean": -15.962821006774902,
                "lowlevel.loudness_ebu128.short_term.median": -15.630119323730469,
                "lowlevel.loudness_ebu128.short_term.min": -25.167640686035156,
                "lowlevel.loudness_ebu128.short_term.stdev": 2.936736583709717,
                "lowlevel.loudness_ebu128.short_term.var": 8.624421119689941,
                "lowlevel.spectral_centroid.dmean": 195.67945861816406,
                "lowlevel.spectral_centroid.dmean2": 276.52789306640625,
                "lowlevel.spectral_centroid.dvar": 51597.828125,
                "lowlevel.spectral_centroid.dvar2": 95401.5078125,
                "lowlevel.spectral_centroid.max": 4717.84521484375,
                "lowlevel.spectral_centroid.mean": 1087.4986572265625,
                "lowlevel.spectral_centroid.median": 977.0040283203125,
                "lowlevel.spectral_centroid.min": 259.0561828613281,
                "lowlevel.spectral_centroid.stdev": 486.46441650390625,
                "lowlevel.spectral_centroid.var": 236647.625,
                "metadata.audio_properties.analysis.equal_loudness": 0.0,
                "rhythm.beats_loudness.dmean": 0.014029907993972301,
                "rhythm.beats_loudness.dmean2": 0.025164049118757248,
                "rhythm.beats_loudness.dvar": 0.000299675710266456,
                "rhythm.beats_loudness.dvar2": 0.0009164827060885727,
                "rhythm.beats_loudness.max": 0.14307914674282074,
                "rhythm.beats_loudness.mean": 0.02130879834294319,
                "rhythm.beats_loudness.median": 0.015882713720202446,
                "rhythm.beats_loudness.min": 0.0002634232514537871,
                "rhythm.beats_loudness.stdev": 0.019796377047896385,
                "rhythm.beats_loudness.var": 0.00039189652306959033,
                "rhythm.bpm": 178.20571899414062,
                "rhythm.bpm_histogram_first_peak_bpm": 178.0,
                "rhythm.bpm_histogram_first_peak_weight": 0.0,
                "rhythm.bpm_histogram_second_peak_bpm": 185.0,
                "rhythm.bpm_histogram_second_peak_spread": 0.0,
                "rhythm.bpm_histogram_second_peak_weight": 0.3020527958869934,
                "rhythm.danceability": 1.0276823043823242
            }
        },
        {
            "id": "IdgOsyHZxX4",
            "title": "Mason's Children (Live at the Civic Auditorium in Honolulu, HI 1970 Version)",
            "views": 16366,
            "features": {
                "lowlevel.average_loudness": 0.6403141617774963,
                "lowlevel.loudness_ebu128.integrated": -11.309776306152344,