{
    "song_title": "Matilda, Matilda",
    "artist": "Grateful Dead",
    "num_versions_processed": 2,
    "average_features": {
        "rhythm.beats_loudness.dvar": 0.0005383065363275819,
        "lowlevel.loudness_ebu128.momentary.median": -13.982295036315918,
        "lowlevel.loudness_ebu128.short_term.min": -57.33449935913086,
        "lowlevel.loudness_ebu128.short_term.dvar": 0.11113052628934383,
        "rhythm.beats_loudness.dvar2": 0.0015188222751021385,
        "rhythm.beats_loudness.min": 5.025833926425305e-05,
        "lowlevel.loudness_ebu128.momentary.min": -63.71299362182617,
        "rhythm.bpm_histogram_second_peak_weight": 0.10220032930374146,
        "lowlevel.spectral_centroid.min": 179.5478744506836,
        "lowlevel.spectral_centroid.var": 479708.203125,
        "lowlevel.loudness_ebu128.short_term.dvar2": 0.07406551856547594,
        "lowlevel.loudness_ebu128.short_term.stdev": 5.185621440410614,
        "rhythm.beats_loudness.max": 0.23230579867959023,
        "lowlevel.loudness_ebu128.momentary.dvar2": 1.0798333585262299,
        "lowlevel.spectral_centroid.dvar2": 97838.677734375,
        "lowlevel.loudness_ebu128.momentary.max": -9.319264888763428,
        "lowlevel.average_loudness": 0.7040765881538391,
        "lowlevel.loudness_ebu128.momentary.var": 70.4409728050232,
        "lowlevel.loudness_ebu128.loudness_range": 8.563183307647705,
        "rhythm.beats_loudness.dmean": 0.01741105131804943,
        "lowlevel.loudness_ebu128.momentary.dvar": 0.9137013852596283,
        "metadata.audio_properties.analysis.equal_loudness": 0.0,
        "lowlevel.spectral_centroid.dmean": 166.69025039672852,
        "rhythm.bpm": 129.60666275024414,
        "lowlevel.spectral_centroid.dvar": 48126.3486328125,
        "lowlevel.loudness_ebu128.momentary.dmean2": 0.7196601927280426,
        "rhythm.bpm_histogram_first_peak_weight": 0.4128373861312866,
        "rhythm.bpm_histogram_second_peak_spread": 0.44802477955818176,
        "lowlevel.loudness_ebu128.momentary.mean": -16.443868160247803,
        "lowlevel.loudness_ebu128.momentary.dmean": 0.6486661732196808,
        "rhythm.beats_loudness.mean": 0.03416560869663954,
        "rhythm.bpm_histogram_second_peak_bpm": 137.5,
        "lowlevel.loudness_ebu128.integrated": -13.496355533599854,
        "rhythm.beats_loudness.var": 0.0008491915214108303,
        "lowlevel.loudness_ebu128.momentary.stdev": 7.430028796195984,
        "lowlevel.loudness_ebu128.short_term.var": 38.989606618881226,
        "lowlevel.spectral_centroid.max": 8194.107666015625,
        "rhythm.beats_loudness.dmean2": 0.030264592729508877,
        "rhythm.danceability": 1.1076954007148743,
        "lowlevel.loudness_ebu128.short_term.max": -10.729688167572021,
        "lowlevel.spectral_centroid.mean": 1218.5868225097656,
        "rhythm.beats_loudness.stdev": 0.027778426185250282,
        "lowlevel.loudness_ebu128.short_term.dmean2": 0.09387675300240517,
        "lowlevel.loudness_ebu128.short_term.dmean": 0.11393266171216965,
        "lowlevel.loudness_ebu128.short_term.mean": -15.66339635848999,
        "rhythm.bpm_histogram_first_peak_bpm": 130.0,
        "lowlevel.loudness_ebu128.short_term.median": -13.595744132995605,
        "lowlevel.spectral_centroid.median": 1143.8011627197266,
        "lowlevel.spectral_centroid.stdev": 692.4695739746094,
        "lowlevel.spectral_centroid.dmean2": 251.97723770141602,
        "rhythm.beats_loudness.median": 0.029846610501408577
    },
    "outlier_flag": false,
    "outlier_reasons": null,
    "raw_versions": [
        {
            "id": "3GyDL0HTCMY",
            "title": "Matilda | 2013 Tony Awards",
            "views": 593957,
            "features": {
                "lowlevel.average_loudness": 0.9273604154586792,
                "lowlevel.loudness_ebu128.integrated": -11.958358764648438,
                "lowlevel.loudness_ebu128.loudness_range": 3.5669288635253906,
                "lowlevel.loudness_ebu128.momentary.dmean": 0.750436544418335,
                "lowlevel.loudness_ebu128.momentary.dmean2": 0.8864577412605286,
                "lowlevel.loudness_ebu128.momentary.dvar": 1.0095828771591187,
                "lowlevel.loudness_ebu128.momentary.dvar2": 1.3486207723617554,
                "lowlevel.loudness_ebu128.momentary.max": -8.334345817565918,
                "lowlevel.loudness_ebu128.momentary.mean": -12.886649131774902,
                "lowlevel.loudness_ebu128.momentary.median": -11.9832763671875,
                "lowlevel.loudness_ebu128.momentary.min": -36.26509094238281,
                "lowlevel.loudness_ebu128.momentary.stdev": 3.526742696762085,
                "lowlevel.loudness_ebu128.momentary.var": 12.437914848327637,
                "lowlevel.loudness_ebu128.short_term.dmean": 0.10271453857421875,
                "lowlevel.loudness_ebu128.short_term.dmean2": 0.09843902289867401,
                "lowlevel.loudness_ebu128.short_term.dvar": 0.016727697104215622,
                "lowlevel.loudness_ebu128.short_term.dvar2": 0.012080663815140724,
                "lowlevel.loudness_ebu128.short_term.max": -9.974446296691895,
                "lowlevel.loudness_ebu128.short_term.mean": -12.363072395324707,
                "lowlevel.loudness_ebu128.short_term.median": -11.999858856201172,
                "lowlevel.loudness_ebu128.short_term.min": -24.519287109375,
                "lowlevel.loudness_ebu128.short_term.stdev": 1.7072690725326538,
                "lowlevel.loudness_ebu128.short_term.var": 2.9147677421569824,
                "lowlevel.spectral_centroid.dmean": 253.71507263183594,
                "lowlevel.spectral_centroid.dmean2": 385.3370666503906,
                "lowlevel.spectral_centroid.dvar": 77441.9296875,
                "lowlevel.spectral_centroid.dvar2": 161941.703125,
                "lowlevel.spectral_centroid.max": 11087.98828125,
                "lowlevel.spectral_centroid.mean": 1812.7935791015625,
                "lowlevel.spectral_centroid.median": 1893.649169921875,
                "lowlevel.spectral_centroid.min": 219.71661376953125,
                "lowlevel.spectral_centroid.stdev": 706.401611328125,
                "lowlevel.spectral_centroid.var": 499003.21875,
                "metadata.audio_properties.analysis.equal_loudness": 0.0,
                "rhythm.beats_loudness.dmean": 0.016526667401194572,
                "rhythm.beats_loudness.dmean2": 0.0285946074873209,
                "rhythm.beats_loudness.dvar": 0.00023541755217593163,
                "rhythm.beats_loudness.dvar2": 0.0006621461361646652,
                "rhythm.beats_loudness.max": 0.10527849942445755,
                "rhythm.beats_loudness.mean": 0.031091006472706795,
                "rhythm.beats_loudness.median": 0.029416782781481743,
                "rhythm.beats_loudness.min": 0.00010051561548607424,
                "rhythm.beats_loudness.stdev": 0.018972143530845642,
                "rhythm.beats_loudness.var": 0.00035994223435409367,
                "rhythm.bpm": 119.23847198486328,
                "rhythm.bpm_histogram_first_peak_bpm": 120.0,
                "rhythm.bpm_histogram_first_peak_weight": 0.521327018737793,
                "rhythm.bpm_histogram_second_peak_bpm": 152.0,
                "rhythm.bpm_histogram_second_peak_spread": 0.36206895112991333,
                "rhythm.bpm_histogram_second_peak_weight": 0.13503649830818176,
                "rhythm.danceability": 1.1974388360977173
            }
        },
        {
            "id": "sCpiiNXW788",
            "title": "Alt-J - Matilda (Live on KEXP)",
            "views": 676428,
            "features": {
                "lowlevel.average_loudness": 0.480792760848999,
                "lowlevel.loudness_ebu128.integrated": -15.03435230255127,
                "lowlevel.loudness_ebu128.loudness_range": 13.55943775177002,
                "lowlevel.loudness_ebu128.momentary.dmean": 0.5468958020210266,