{
    "song_title": "Maybe You Know",
    "artist": "Grateful Dead",
    "num_versions_processed": 2,
    "average_features": {
        "lowlevel.loudness_ebu128.short_term.dvar2": 0.006715874886140227,
        "lowlevel.loudness_ebu128.momentary.var": 10.55109453201294,
        "lowlevel.loudness_ebu128.momentary.min": -42.357582092285156,
        "lowlevel.spectral_centroid.dvar": 23650.0966796875,
        "rhythm.beats_loudness.min": 3.106152325926814e-05,
        "lowlevel.spectral_centroid.mean": 836.2630615234375,
        "rhythm.beats_loudness.dvar": 0.00019782866729656234,
        "rhythm.bpm_histogram_first_peak_bpm": 126.0,
        "rhythm.beats_loudness.median": 0.024225561879575253,
        "lowlevel.loudness_ebu128.integrated": -15.660876274108887,
        "lowlevel.loudness_ebu128.short_term.mean": -16.17365789413452,
        "rhythm.beats_loudness.dmean2": 0.02525440137833357,
        "lowlevel.loudness_ebu128.momentary.dvar2": 0.578268438577652,
        "rhythm.bpm_histogram_second_peak_weight": 0.02151613123714924,
        "lowlevel.loudness_ebu128.loudness_range": 4.961875915527344,
        "rhythm.bpm_histogram_second_peak_bpm": 138.0,
        "lowlevel.loudness_ebu128.short_term.min": -29.564087867736816,
        "lowlevel.loudness_ebu128.short_term.stdev": 2.282797396183014,
        "lowlevel.loudness_ebu128.short_term.dmean2": 0.08600988239049911,
        "lowlevel.loudness_ebu128.short_term.var": 5.304559230804443,
        "rhythm.beats_loudness.mean": 0.027710321359336376,
        "lowlevel.spectral_centroid.max": 7747.20361328125,
        "lowlevel.loudness_ebu128.momentary.dvar": 0.4023917317390442,
        "rhythm.beats_loudness.stdev": 0.01766346860677004,
        "lowlevel.loudness_ebu128.momentary.max": -10.751642227172852,
        "lowlevel.spectral_centroid.median": 774.0969543457031,
        "lowlevel.loudness_ebu128.momentary.dmean": 0.6429148316383362,
        "lowlevel.loudness_ebu128.short_term.dvar": 0.006399091565981507,
        "rhythm.beats_loudness.var": 0.0003122013731626794,
        "lowlevel.loudness_ebu128.momentary.stdev": 3.2414618730545044,
        "lowlevel.loudness_ebu128.momentary.mean": -16.637483596801758,
        "rhythm.beats_loudness.dmean": 0.014609978068619967,
        "lowlevel.average_loudness": 0.6936724185943604,
        "lowlevel.loudness_ebu128.short_term.median": -15.70887565612793,
        "rhythm.beats_loudness.max": 0.1204962357878685,
        "metadata.audio_properties.analysis.equal_loudness": 0.0,
        "lowlevel.loudness_ebu128.momentary.dmean2": 0.8031535148620605,
        "lowlevel.spectral_centroid.dvar2": 50724.4453125,
        "lowlevel.loudness_ebu128.short_term.max": -12.415369033813477,
        "lowlevel.spectral_centroid.var": 132064.63671875,
        "rhythm.bpm_histogram_first_peak_weight": 0.3776538372039795,
        "lowlevel.loudness_ebu128.momentary.median": -16.26274013519287,
        "rhythm.bpm": 126.31430053710938,
        "rhythm.beats_loudness.dvar2": 0.0005546428146772087,
        "lowlevel.loudness_ebu128.short_term.dmean": 0.09161413460969925,
        "lowlevel.spectral_centroid.stdev": 361.8386535644531,
        "lowlevel.spectral_centroid.dmean": 132.1874771118164,
        "lowlevel.spectral_centroid.dmean2": 201.21627807617188,
        "rhythm.danceability": 1.1294941902160645,
        "lowlevel.spectral_centroid.min": 240.306884765625,
        "rhythm.bpm_histogram_second_peak_spread": 0.11538460850715637
    },
    "outlier_flag": false,
    "outlier_reasons": null,
    "raw_versions": [
        {
            "id": "IUFzoKg3r9Y",
            "title": "Grateful Dead - Maybe You Know 4-26-83",
            "views": 1233,
            "features": {
                "lowlevel.average_loudness": 0.7629504203796387,
                "lowlevel.loudness_ebu128.integrated": -16.186975479125977,
                "lowlevel.loudness_ebu128.loudness_range": 4.066368103027344,
                "lowlevel.loudness_ebu128.momentary.dmean": 0.6336541771888733,
                "lowlevel.loudness_ebu128.momentary.dmean2": 0.7741830348968506,
                "lowlevel.loudness_ebu128.momentary.dvar": 0.44380319118499756,
                "lowlevel.loudness_ebu128.momentary.dvar2": 0.6346689462661743,
                "lowlevel.loudness_ebu128.momentary.max": -11.743674278259277,
                "lowlevel.loudness_ebu128.momentary.mean": -17.044553756713867,
                "lowlevel.loudness_ebu128.momentary.median": -16.920591354370117,
                "lowlevel.loudness_ebu128.momentary.min": -44.018218994140625,
                "lowlevel.loudness_ebu128.momentary.stdev": 3.0316555500030518,
                "lowlevel.loudness_ebu128.momentary.var": 9.190936088562012,
                "lowlevel.loudness_ebu128.short_term.dmean": 0.09209562093019485,
                "lowlevel.loudness_ebu128.short_term.dmean2": 0.08442385494709015,
                "lowlevel.loudness_ebu128.short_term.dvar": 0.006511768791824579,
                "lowlevel.loudness_ebu128.short_term.dvar2": 0.007086834870278835,
                "lowlevel.loudness_ebu128.short_term.max": -13.530410766601562,
                "lowlevel.loudness_ebu128.short_term.mean": -16.585622787475586,
                "lowlevel.loudness_ebu128.short_term.median": -16.209091186523438,
                "lowlevel.loudness_ebu128.short_term.min": -29.95037269592285,
                "lowlevel.loudness_ebu128.short_term.stdev": 1.977190613746643,
                "lowlevel.loudness_ebu128.short_term.var": 3.909282684326172,
                "lowlevel.spectral_centroid.dmean": 157.77276611328125,
                "lowlevel.spectral_centroid.dmean2": 243.43223571777344,
                "lowlevel.spectral_centroid.dvar": 26353.587890625,
                "lowlevel.spectral_centroid.dvar2": 61941.0390625,
                "lowlevel.spectral_centroid.max": 4941.515625,
                "lowlevel.spectral_centroid.mean": 987.5880126953125,
                "lowlevel.spectral_centroid.median": 943.6433715820312,
                "lowlevel.spectral_centroid.min": 233.7492218017578,
                "lowlevel.spectral_centroid.stdev": 395.5644836425781,
                "lowlevel.spectral_centroid.var": 156471.25,
                "metadata.audio_properties.analysis.equal_loudness": 0.0,
                "rhythm.beats_loudness.dmean": 0.013959204778075218,
                "rhythm.beats_loudness.dmean2": 0.023542901501059532,
                "rhythm.beats_loudness.dvar": 0.0001951588928932324,
                "rhythm.beats_loudness.dvar2": 0.0005256392760202289,
                "rhythm.beats_loudness.max": 0.11097559332847595,
                "rhythm.beats_loudness.mean": 0.027807144448161125,
                "rhythm.beats_loudness.median": 0.023170609027147293,
                "rhythm.beats_loudness.min": 4.552476093522273e-05,
                "rhythm.beats_loudness.stdev": 0.0172126367688179,
                "rhythm.beats_loudness.var": 0.0002962748403660953,
                "rhythm.bpm": 122.80218505859375,
                "rhythm.bpm_histogram_first_peak_bpm": 123.0,
                "rhythm.bpm_histogram_first_peak_weight": 0.3675958514213562,
                "rhythm.bpm_histogram_second_peak_bpm": 140.0,
                "rhythm.bpm_histogram_second_peak_spread": 0.23076921701431274,
                "rhythm.bpm_histogram_second_peak_weight": 0.01650165021419525,
                "rhythm.danceability": 1.1078717708587646
            }
        },
        {
            "id": "aoZfIOuuhI4",
            "title": "Grateful Dead - Maybe You Know",
            "views": 1322,
            "features": {
                "lowlevel.average_loudness": 0.624394416809082,
                "lowlevel.loudness_ebu128.integrated": -15.134777069091797,
                "lowlevel.loudness_ebu128.loudness_range": 5.857383728027344,
                "lowlevel.loudness_ebu128.momentary.dmean": 0.6521754860877991,