{
    "song_title": "Me And Bobby Mcgee",
    "artist": "Grateful Dead",
    "num_versions_processed": 2,
    "average_features": {
        "lowlevel.loudness_ebu128.short_term.dvar2": 0.09988870052620769,
        "lowlevel.loudness_ebu128.momentary.var": 246.76626586914062,
        "lowlevel.loudness_ebu128.momentary.min": -81.3513412475586,
        "lowlevel.spectral_centroid.dvar": 69689.857421875,
        "rhythm.beats_loudness.min": 4.325519011305623e-07,
        "lowlevel.spectral_centroid.mean": 1510.5399169921875,
        "rhythm.beats_loudness.dvar": 0.0001559872762300074,
        "rhythm.bpm_histogram_first_peak_bpm": 122.0,
        "rhythm.beats_loudness.median": 0.013176828157156706,
        "lowlevel.loudness_ebu128.integrated": -18.133468627929688,
        "lowlevel.loudness_ebu128.short_term.mean": -24.344470977783203,
        "rhythm.beats_loudness.dmean2": 0.01801268896088004,
        "lowlevel.loudness_ebu128.momentary.dvar2": 1.8139855861663818,
        "rhythm.bpm_histogram_second_peak_weight": 0.12546271458268166,
        "lowlevel.loudness_ebu128.loudness_range": 12.95657205581665,
        "rhythm.bpm_histogram_second_peak_bpm": 116.5,
        "lowlevel.loudness_ebu128.short_term.min": -69.41899108886719,
        "lowlevel.loudness_ebu128.short_term.stdev": 12.964126110076904,
        "lowlevel.loudness_ebu128.short_term.dmean2": 0.13175519183278084,
        "lowlevel.loudness_ebu128.short_term.var": 230.40252685546875,
        "rhythm.beats_loudness.mean": 0.01842520199716091,
        "lowlevel.spectral_centroid.max": 5783.673828125,
        "lowlevel.loudness_ebu128.momentary.dvar": 1.2144429087638855,
        "rhythm.beats_loudness.stdev": 0.01791383419185877,
        "lowlevel.loudness_ebu128.momentary.max": -9.954490661621094,
        "lowlevel.spectral_centroid.median": 1364.5660705566406,
        "lowlevel.loudness_ebu128.momentary.dmean": 0.9014109373092651,
        "lowlevel.loudness_ebu128.short_term.dvar": 0.0846004905179143,
        "rhythm.beats_loudness.var": 0.00032478399225510657,
        "lowlevel.loudness_ebu128.momentary.stdev": 13.723360061645508,
        "lowlevel.loudness_ebu128.momentary.mean": -25.231867790222168,
        "rhythm.beats_loudness.dmean": 0.010259667877107859,
        "lowlevel.average_loudness": 0.22582467272877693,
        "lowlevel.loudness_ebu128.short_term.median": -20.62347984313965,
        "rhythm.beats_loudness.max": 0.12647460028529167,
        "metadata.audio_properties.analysis.equal_loudness": 0.0,
        "lowlevel.loudness_ebu128.momentary.dmean2": 1.0663526058197021,
        "lowlevel.spectral_centroid.dvar2": 129165.1015625,
        "lowlevel.loudness_ebu128.short_term.max": -12.434932231903076,
        "lowlevel.spectral_centroid.var": 828006.2109375,
        "rhythm.bpm_histogram_first_peak_weight": 0.5490701198577881,
        "lowlevel.loudness_ebu128.momentary.median": -21.06931972503662,
        "rhythm.bpm": 121.10568618774414,
        "rhythm.beats_loudness.dvar2": 0.0004418960743350908,
        "lowlevel.loudness_ebu128.short_term.dmean": 0.13918741792440414,
        "lowlevel.spectral_centroid.stdev": 843.5736846923828,
        "lowlevel.spectral_centroid.dmean": 203.12197875976562,
        "lowlevel.spectral_centroid.dmean2": 297.0110855102539,
        "rhythm.danceability": 1.0411006808280945,
        "lowlevel.spectral_centroid.min": 168.19017028808594,
        "rhythm.bpm_histogram_second_peak_spread": 0.21274039149284363
    },
    "outlier_flag": false,
    "outlier_reasons": null,
    "raw_versions": [
        {
            "id": "LA9Fs7UCui8",
            "title": "Grateful Dead - Me And Bobby McGee 1971-04-06",
            "views": 9966,
            "features": {
                "lowlevel.average_loudness": 0.38683176040649414,
                "lowlevel.loudness_ebu128.integrated": -19.021427154541016,
                "lowlevel.loudness_ebu128.loudness_range": 10.277724266052246,
                "lowlevel.loudness_ebu128.momentary.dmean": 0.8429427742958069,
                "lowlevel.loudness_ebu128.momentary.dmean2": 0.9915677309036255,
                "lowlevel.loudness_ebu128.momentary.dvar": 0.6855027675628662,
                "lowlevel.loudness_ebu128.momentary.dvar2": 1.0631318092346191,
                "lowlevel.loudness_ebu128.momentary.max": -11.209783554077148,
                "lowlevel.loudness_ebu128.momentary.mean": -21.832834243774414,
                "lowlevel.loudness_ebu128.momentary.median": -20.532196044921875,
                "lowlevel.loudness_ebu128.momentary.min": -72.45092010498047,
                "lowlevel.loudness_ebu128.momentary.stdev": 6.079038619995117,
                "lowlevel.loudness_ebu128.momentary.var": 36.9547119140625,
                "lowlevel.loudness_ebu128.short_term.dmean": 0.12347614765167236,
                "lowlevel.loudness_ebu128.short_term.dmean2": 0.11379072815179825,
                "lowlevel.loudness_ebu128.short_term.dvar": 0.0167765561491251,
                "lowlevel.loudness_ebu128.short_term.dvar2": 0.012844792567193508,
                "lowlevel.loudness_ebu128.short_term.max": -13.363482475280762,
                "lowlevel.loudness_ebu128.short_term.mean": -21.206777572631836,
                "lowlevel.loudness_ebu128.short_term.median": -20.29126739501953,
                "lowlevel.loudness_ebu128.short_term.min": -48.793907165527344,
                "lowlevel.loudness_ebu128.short_term.stdev": 5.068940162658691,
                "lowlevel.loudness_ebu128.short_term.var": 25.69415283203125,
                "lowlevel.spectral_centroid.dmean": 134.02084350585938,
                "lowlevel.spectral_centroid.dmean2": 199.0473175048828,
                "lowlevel.spectral_centroid.dvar": 37244.87890625,
                "lowlevel.spectral_centroid.dvar2": 77691.0,
                "lowlevel.spectral_centroid.max": 5388.12646484375,
                "lowlevel.spectral_centroid.mean": 737.8828125,
                "lowlevel.spectral_centroid.median": 585.6292114257812,
                "lowlevel.spectral_centroid.min": 150.53419494628906,
                "lowlevel.spectral_centroid.stdev": 502.4144592285156,
                "lowlevel.spectral_centroid.var": 252420.296875,
                "metadata.audio_properties.analysis.equal_loudness": 0.0,
                "rhythm.beats_loudness.dmean": 0.012494427151978016,
                "rhythm.beats_loudness.dmean2": 0.021827904507517815,
                "rhythm.beats_loudness.dvar": 0.00016651001351419836,
                "rhythm.beats_loudness.dvar2": 0.0004831142141483724,
                "rhythm.beats_loudness.max": 0.1160210445523262,
                "rhythm.beats_loudness.mean": 0.024762535467743874,
                "rhythm.beats_loudness.median": 0.020585922524333,
                "rhythm.beats_loudness.min": 8.636957886665186e-07,
                "rhythm.beats_loudness.stdev": 0.019883234053850174,
                "rhythm.beats_loudness.var": 0.0003953430277761072,
                "rhythm.bpm": 113.9014663696289,
                "rhythm.bpm_histogram_first_peak_bpm": 115.0,
                "rhythm.bpm_histogram_first_peak_weight": 0.6088435649871826,
                "rhythm.bpm_histogram_second_peak_bpm": 110.0,
                "rhythm.bpm_histogram_second_peak_spread": 0.15625,
                "rhythm.bpm_histogram_second_peak_weight": 0.14210526645183563,
                "rhythm.danceability": 1.0552124977111816
            }
        },
        {
            "id": "H4muLG26JxY",
            "title": "Grateful Dead- Me and Bobby Mcgee 4.27.91",
            "views": 11282,
            "features": {
                "lowlevel.average_loudness": 0.06481758505105972,
                "lowlevel.loudness_ebu128.integrated": -17.24551010131836,
                "lowlevel.loudness_ebu128.loudness_range": 15.635419845581055,
                "lowlevel.loudness_ebu128.momentary.dmean": 0.9598791003227234,