{
    "song_title": "Me And My Uncle",
    "artist": "Grateful Dead",
    "num_versions_processed": 3,
    "average_features": {
        "lowlevel.loudness_ebu128.momentary.dmean2": 1.0466886361440022,
        "lowlevel.loudness_ebu128.short_term.median": -16.761327425638836,
        "lowlevel.spectral_centroid.median": 714.8196004231771,
        "rhythm.beats_loudness.var": 0.0008047957574793448,
        "rhythm.beats_loudness.dvar": 0.00046076212311163545,
        "lowlevel.loudness_ebu128.short_term.stdev": 2.9562690258026123,
        "lowlevel.loudness_ebu128.integrated": -16.69525718688965,
        "rhythm.beats_loudness.max": 0.1639430820941925,
        "lowlevel.spectral_centroid.max": 11082.629557291666,
        "lowlevel.spectral_centroid.min": 195.26581827799478,
        "lowlevel.loudness_ebu128.momentary.stdev": 5.429308891296387,
        "rhythm.bpm": 114.68639119466145,
        "lowlevel.loudness_ebu128.loudness_range": 5.230176289876302,
        "rhythm.beats_loudness.mean": 0.04182583838701248,
        "rhythm.bpm_histogram_second_peak_weight": 0.026257857059439022,
        "metadata.audio_properties.analysis.equal_loudness": 0.0,
        "lowlevel.loudness_ebu128.short_term.var": 9.004578272501627,
        "rhythm.beats_loudness.dvar2": 0.0013339275416607659,
        "rhythm.bpm_histogram_second_peak_bpm": 119.33333333333333,
        "lowlevel.loudness_ebu128.momentary.mean": -17.957156499226887,
        "lowlevel.loudness_ebu128.short_term.max": -13.918620109558105,
        "rhythm.beats_loudness.stdev": 0.027362660815318424,
        "lowlevel.loudness_ebu128.momentary.dmean": 0.7685262163480123,
        "lowlevel.spectral_centroid.mean": 840.1056111653646,
        "lowlevel.spectral_centroid.stdev": 495.2422587076823,
        "rhythm.beats_loudness.median": 0.0373694101969401,
        "lowlevel.loudness_ebu128.short_term.dmean": 0.10766542702913284,
        "lowlevel.loudness_ebu128.short_term.dvar2": 0.01633678252498309,
        "rhythm.beats_loudness.dmean2": 0.036981165409088135,
        "lowlevel.loudness_ebu128.short_term.mean": -17.306847254435223,
        "lowlevel.loudness_ebu128.momentary.var": 32.494400342305504,
        "rhythm.beats_loudness.dmean": 0.021471652512749035,
        "lowlevel.loudness_ebu128.momentary.min": -70.41852378845215,
        "lowlevel.loudness_ebu128.momentary.dvar": 0.6050754487514496,
        "lowlevel.spectral_centroid.dmean": 161.22337341308594,
        "lowlevel.spectral_centroid.var": 245793.640625,
        "rhythm.beats_loudness.min": 0.000352311329565184,
        "lowlevel.average_loudness": 0.8387092550595602,
        "lowlevel.loudness_ebu128.short_term.dmean2": 0.11873505264520645,
        "lowlevel.loudness_ebu128.short_term.min": -41.0565242767334,
        "rhythm.bpm_histogram_first_peak_bpm": 114.66666666666667,
        "lowlevel.loudness_ebu128.momentary.max": -10.897019386291504,
        "lowlevel.spectral_centroid.dmean2": 239.45795694986978,
        "rhythm.bpm_histogram_second_peak_spread": 0.23484845956166586,
        "lowlevel.loudness_ebu128.short_term.dvar": 0.0206690588966012,
        "lowlevel.loudness_ebu128.momentary.median": -17.030860265096027,
        "rhythm.danceability": 1.2523304621378581,
        "lowlevel.spectral_centroid.dvar": 42226.390625,
        "rhythm.bpm_histogram_first_peak_weight": 0.45292232433954877,
        "lowlevel.loudness_ebu128.momentary.dvar2": 1.0894624491532643,
        "lowlevel.spectral_centroid.dvar2": 81218.95052083333
    },
    "outlier_flag": false,
    "outlier_reasons": null,
    "raw_versions": [
        {
            "id": "trJcxc55YvM",
            "title": "Me & My Uncle (Live at The Fillmore East, New York, NY, April 29, 1971) [2021 Remaster]",
            "views": 774030,
            "features": {
                "lowlevel.average_loudness": 0.7958524823188782,
                "lowlevel.loudness_ebu128.integrated": -16.02023696899414,
                "lowlevel.loudness_ebu128.loudness_range": 5.741691589355469,
                "lowlevel.loudness_ebu128.momentary.dmean": 0.6684737205505371,
                "lowlevel.loudness_ebu128.momentary.dmean2": 0.791225254535675,
                "lowlevel.loudness_ebu128.momentary.dvar": 0.30595484375953674,
                "lowlevel.loudness_ebu128.momentary.dvar2": 0.41002157330513,
                "lowlevel.loudness_ebu128.momentary.max": -11.541292190551758,
                "lowlevel.loudness_ebu128.momentary.mean": -17.592111587524414,
                "lowlevel.loudness_ebu128.momentary.median": -16.456724166870117,
                "lowlevel.loudness_ebu128.momentary.min": -90.6943130493164,
                "lowlevel.loudness_ebu128.momentary.stdev": 7.15473747253418,
                "lowlevel.loudness_ebu128.momentary.var": 51.19026565551758,
                "lowlevel.loudness_ebu128.short_term.dmean": 0.10525905340909958,
                "lowlevel.loudness_ebu128.short_term.dmean2": 0.09204898774623871,
                "lowlevel.loudness_ebu128.short_term.dvar": 0.019077148288488388,
                "lowlevel.loudness_ebu128.short_term.dvar2": 0.005591621622443199,
                "lowlevel.loudness_ebu128.short_term.max": -12.959757804870605,
                "lowlevel.loudness_ebu128.short_term.mean": -16.761859893798828,
                "lowlevel.loudness_ebu128.short_term.median": -16.390827178955078,
                "lowlevel.loudness_ebu128.short_term.min": -50.011962890625,
                "lowlevel.loudness_ebu128.short_term.stdev": 3.328540563583374,
                "lowlevel.loudness_ebu128.short_term.var": 11.079181671142578,
                "lowlevel.spectral_centroid.dmean": 151.5083770751953,
                "lowlevel.spectral_centroid.dmean2": 219.62734985351562,
                "lowlevel.spectral_centroid.dvar": 34508.89453125,
                "lowlevel.spectral_centroid.dvar2": 63832.625,
                "lowlevel.spectral_centroid.max": 10704.4580078125,
                "lowlevel.spectral_centroid.mean": 800.1021728515625,
                "lowlevel.spectral_centroid.median": 721.8941040039062,
                "lowlevel.spectral_centroid.min": 155.45223999023438,
                "lowlevel.spectral_centroid.stdev": 466.8983154296875,
                "lowlevel.spectral_centroid.var": 217994.046875,
                "metadata.audio_properties.analysis.equal_loudness": 0.0,
                "rhythm.beats_loudness.dmean": 0.027096029371023178,
                "rhythm.beats_loudness.dmean2": 0.046291202306747437,
                "rhythm.beats_loudness.dvar": 0.0006876607658341527,
                "rhythm.beats_loudness.dvar2": 0.0020543374121189117,
                "rhythm.beats_loudness.max": 0.1763848066329956,
                "rhythm.beats_loudness.mean": 0.05501644313335419,
                "rhythm.beats_loudness.median": 0.047887302935123444,
                "rhythm.beats_loudness.min": 1.7264961682528224e-09,
                "rhythm.beats_loudness.stdev": 0.03789273649454117,
                "rhythm.beats_loudness.var": 0.0014358593616634607,
                "rhythm.bpm": 111.59049224853516,
                "rhythm.bpm_histogram_first_peak_bpm": 112.0,
                "rhythm.bpm_histogram_first_peak_weight": 0.493630588054657,
                "rhythm.bpm_histogram_second_peak_bpm": 117.0,
                "rhythm.bpm_histogram_second_peak_spread": 0.0,
                "rhythm.bpm_histogram_second_peak_weight": 0.020771512761712074,
                "rhythm.danceability": 1.1733952760696411
            }
        },
        {
            "id": "lupsEjczgr8",
            "title": "Grateful Dead - Me and My Uncle / Big River (Raleigh, NC 7/10/90)",
            "views": 156115,
            "features": {
                "lowlevel.average_loudness": 0.7931243777275085,
                "lowlevel.loudness_ebu128.integrated": -19.233911514282227,
                "lowlevel.loudness_ebu128.loudness_range": 4.181514739990234,