{
    "song_title": "Mission In The Rain",
    "artist": "Grateful Dead",
    "num_versions_processed": 3,
    "average_features": {
        "lowlevel.loudness_ebu128.short_term.dvar2": 0.019359554008891184,
        "lowlevel.loudness_ebu128.momentary.var": 19.219358285268147,
        "lowlevel.loudness_ebu128.momentary.min": -38.3422597249349,
        "lowlevel.spectral_centroid.dvar": 44477.696614583336,
        "rhythm.beats_loudness.min": 0.00025507404886108514,
        "lowlevel.spectral_centroid.mean": 984.6234130859375,
        "rhythm.beats_loudness.dvar": 0.00019295704260002822,
        "rhythm.bpm_histogram_first_peak_bpm": 102.0,
        "rhythm.beats_loudness.median": 0.024146343891819317,
        "lowlevel.loudness_ebu128.integrated": -14.30467446645101,
        "lowlevel.loudness_ebu128.short_term.mean": -15.468704541524252,
        "rhythm.beats_loudness.dmean2": 0.025902291138966877,
        "lowlevel.loudness_ebu128.momentary.dvar2": 0.9824091792106628,
        "rhythm.bpm_histogram_second_peak_weight": 0.06573523456851642,
        "lowlevel.loudness_ebu128.loudness_range": 8.120230992635092,
        "rhythm.bpm_histogram_second_peak_bpm": 131.0,
        "lowlevel.loudness_ebu128.short_term.min": -29.576202392578125,
        "lowlevel.loudness_ebu128.short_term.stdev": 3.0797975063323975,
        "lowlevel.loudness_ebu128.short_term.dmean2": 0.10265836616357167,
        "lowlevel.loudness_ebu128.short_term.var": 10.625906864802042,
        "rhythm.beats_loudness.mean": 0.026834360634287197,
        "lowlevel.spectral_centroid.max": 4877.81591796875,
        "lowlevel.loudness_ebu128.momentary.dvar": 0.7360846400260925,
        "rhythm.beats_loudness.stdev": 0.018491676077246666,
        "lowlevel.loudness_ebu128.momentary.max": -8.628206888834635,
        "lowlevel.spectral_centroid.median": 854.7107747395834,
        "lowlevel.loudness_ebu128.momentary.dmean": 0.7806540727615356,
        "lowlevel.loudness_ebu128.short_term.dvar": 0.023215411851803463,
        "rhythm.beats_loudness.var": 0.000344383637032782,
        "lowlevel.loudness_ebu128.momentary.stdev": 4.2218858400980634,
        "lowlevel.loudness_ebu128.momentary.mean": -16.073694547017414,
        "rhythm.beats_loudness.dmean": 0.014777193466822306,
        "lowlevel.average_loudness": 0.6876292030016581,
        "lowlevel.loudness_ebu128.short_term.median": -14.805484135945639,
        "rhythm.beats_loudness.max": 0.11625392735004425,
        "metadata.audio_properties.analysis.equal_loudness": 0.0,
        "lowlevel.loudness_ebu128.momentary.dmean2": 0.8344167470932007,
        "lowlevel.spectral_centroid.dvar2": 96917.04947916667,
        "lowlevel.loudness_ebu128.short_term.max": -10.035399436950684,
        "lowlevel.spectral_centroid.var": 299462.3229166667,
        "rhythm.bpm_histogram_first_peak_weight": 0.5678974588712057,
        "lowlevel.loudness_ebu128.momentary.median": -15.014736811319986,
        "rhythm.bpm": 100.98328653971355,
        "rhythm.beats_loudness.dvar2": 0.0005375060718506575,
        "lowlevel.loudness_ebu128.short_term.dmean": 0.11329094072182973,
        "lowlevel.spectral_centroid.stdev": 545.7817586263021,
        "lowlevel.spectral_centroid.dmean": 160.97205607096353,
        "lowlevel.spectral_centroid.dmean2": 246.4298858642578,
        "rhythm.danceability": 1.110616683959961,
        "lowlevel.spectral_centroid.min": 160.92731730143228,
        "rhythm.bpm_histogram_second_peak_spread": 0.5991305510203043
    },
    "outlier_flag": false,
    "outlier_reasons": null,
    "raw_versions": [
        {
            "id": "6YXqqMCVbts",
            "title": "Jerry Garcia Band - Mission In The Rain | Live at Capitol Theatre (1978)",
            "views": 552774,
            "features": {
                "lowlevel.average_loudness": 0.6144024133682251,
                "lowlevel.loudness_ebu128.integrated": -13.391157150268555,
                "lowlevel.loudness_ebu128.loudness_range": 10.657232284545898,
                "lowlevel.loudness_ebu128.momentary.dmean": 0.8332329988479614,
                "lowlevel.loudness_ebu128.momentary.dmean2": 0.8972032070159912,
                "lowlevel.loudness_ebu128.momentary.dvar": 0.9374713897705078,
                "lowlevel.loudness_ebu128.momentary.dvar2": 1.2715586423873901,
                "lowlevel.loudness_ebu128.momentary.max": -7.900179862976074,
                "lowlevel.loudness_ebu128.momentary.mean": -15.9348783493042,
                "lowlevel.loudness_ebu128.momentary.median": -14.334815979003906,
                "lowlevel.loudness_ebu128.momentary.min": -43.54595947265625,
                "lowlevel.loudness_ebu128.momentary.stdev": 5.275340557098389,
                "lowlevel.loudness_ebu128.momentary.var": 27.82921600341797,
                "lowlevel.loudness_ebu128.short_term.dmean": 0.12472846359014511,
                "lowlevel.loudness_ebu128.short_term.dmean2": 0.11157580465078354,
                "lowlevel.loudness_ebu128.short_term.dvar": 0.0322987325489521,
                "lowlevel.loudness_ebu128.short_term.dvar2": 0.025443831458687782,
                "lowlevel.loudness_ebu128.short_term.max": -9.30760669708252,
                "lowlevel.loudness_ebu128.short_term.mean": -15.158262252807617,
                "lowlevel.loudness_ebu128.short_term.median": -13.928470611572266,
                "lowlevel.loudness_ebu128.short_term.min": -32.43749237060547,
                "lowlevel.loudness_ebu128.short_term.stdev": 4.062558650970459,
                "lowlevel.loudness_ebu128.short_term.var": 16.50438117980957,
                "lowlevel.spectral_centroid.dmean": 143.89215087890625,
                "lowlevel.spectral_centroid.dmean2": 221.434326171875,
                "lowlevel.spectral_centroid.dvar": 37271.6640625,
                "lowlevel.spectral_centroid.dvar2": 78166.7109375,
                "lowlevel.spectral_centroid.max": 5488.4267578125,
                "lowlevel.spectral_centroid.mean": 863.99951171875,
                "lowlevel.spectral_centroid.median": 754.825927734375,
                "lowlevel.spectral_centroid.min": 170.54632568359375,
                "lowlevel.spectral_centroid.stdev": 490.52301025390625,
                "lowlevel.spectral_centroid.var": 240612.8125,
                "metadata.audio_properties.analysis.equal_loudness": 0.0,
                "rhythm.beats_loudness.dmean": 0.013458676636219025,
                "rhythm.beats_loudness.dmean2": 0.023655898869037628,
                "rhythm.beats_loudness.dvar": 0.00018947363423649222,
                "rhythm.beats_loudness.dvar2": 0.0005407014978118241,
                "rhythm.beats_loudness.max": 0.11997300386428833,
                "rhythm.beats_loudness.mean": 0.025627488270401955,
                "rhythm.beats_loudness.median": 0.023613225668668747,
                "rhythm.beats_loudness.min": 3.237339842598885e-05,
                "rhythm.beats_loudness.stdev": 0.019574185833334923,
                "rhythm.beats_loudness.var": 0.0003831487847492099,
                "rhythm.bpm": 97.60389709472656,
                "rhythm.bpm_histogram_first_peak_bpm": 98.0,
                "rhythm.bpm_histogram_first_peak_weight": 0.40813958644866943,
                "rhythm.bpm_histogram_second_peak_bpm": 144.0,
                "rhythm.bpm_histogram_second_peak_spread": 0.5796178579330444,
                "rhythm.bpm_histogram_second_peak_weight": 0.057241976261138916,
                "rhythm.danceability": 1.0778146982192993
            }
        },
        {
            "id": "7qQw3NeIcdk",
            "title": "Mission In The Rain (Live)",
            "views": 12865,
            "features": {
                "lowlevel.average_loudness": 0.7086087465286255,
                "lowlevel.loudness_ebu128.integrated": -12.70082950592041,
                "lowlevel.loudness_ebu128.loudness_range": 9.342355728149414,
                "lowlevel.loudness_ebu128.momentary.dmean": 0.7845087647438049,