{
    "song_title": "Money Money",
    "artist": "Grateful Dead",
    "num_versions_processed": 3,
    "average_features": {
        "lowlevel.loudness_ebu128.short_term.dvar2": 0.02565195628752311,
        "lowlevel.loudness_ebu128.momentary.var": 38.43585745493571,
        "lowlevel.loudness_ebu128.momentary.min": -68.1525395711263,
        "lowlevel.spectral_centroid.dvar": 52916.98046875,
        "rhythm.beats_loudness.min": 5.290888092683114e-06,
        "lowlevel.spectral_centroid.mean": 1051.8406982421875,
        "rhythm.beats_loudness.dvar": 0.0002925927353013928,
        "rhythm.bpm_histogram_first_peak_bpm": 133.0,
        "rhythm.beats_loudness.median": 0.02963530831038952,
        "lowlevel.loudness_ebu128.integrated": -14.276642799377441,
        "lowlevel.loudness_ebu128.short_term.mean": -15.34078598022461,
        "rhythm.beats_loudness.dmean2": 0.029253408312797546,
        "lowlevel.loudness_ebu128.momentary.dvar2": 0.9834746519724528,
        "rhythm.bpm_histogram_second_peak_weight": 0.021353426078955334,
        "lowlevel.loudness_ebu128.loudness_range": 3.3041868209838867,
        "rhythm.bpm_histogram_second_peak_bpm": 137.33333333333334,
        "lowlevel.loudness_ebu128.short_term.min": -42.420993169148765,
        "lowlevel.loudness_ebu128.short_term.stdev": 4.259639660517375,
        "lowlevel.loudness_ebu128.short_term.dmean2": 0.10858437418937683,
        "lowlevel.loudness_ebu128.short_term.var": 26.590027451515198,
        "rhythm.beats_loudness.mean": 0.032326011608044304,
        "lowlevel.spectral_centroid.max": 4565.837158203125,
        "lowlevel.loudness_ebu128.momentary.dvar": 0.7298736174901327,
        "rhythm.beats_loudness.stdev": 0.019975483417510986,
        "lowlevel.loudness_ebu128.momentary.max": -9.016046841939291,
        "lowlevel.spectral_centroid.median": 870.9187825520834,
        "lowlevel.loudness_ebu128.momentary.dmean": 0.7141346335411072,
        "lowlevel.loudness_ebu128.short_term.dvar": 0.02125815286611517,
        "rhythm.beats_loudness.var": 0.0004068763616184394,
        "lowlevel.loudness_ebu128.momentary.stdev": 5.634849468866984,
        "lowlevel.loudness_ebu128.momentary.mean": -15.875473340352377,
        "rhythm.beats_loudness.dmean": 0.01698295430590709,
        "lowlevel.average_loudness": 0.8740719358126322,
        "lowlevel.loudness_ebu128.short_term.median": -14.373388608296713,
        "rhythm.beats_loudness.max": 0.13353672126928964,
        "metadata.audio_properties.analysis.equal_loudness": 0.0,
        "lowlevel.loudness_ebu128.momentary.dmean2": 0.8544946511586508,
        "lowlevel.spectral_centroid.dvar2": 99518.24479166667,
        "lowlevel.loudness_ebu128.short_term.max": -11.95671272277832,
        "lowlevel.spectral_centroid.var": 419930.28125,
        "rhythm.bpm_histogram_first_peak_weight": 0.46597472826639813,
        "lowlevel.loudness_ebu128.momentary.median": -14.699483871459961,
        "rhythm.bpm": 132.19134012858072,
        "rhythm.beats_loudness.dvar2": 0.000796472595538944,
        "lowlevel.loudness_ebu128.short_term.dmean": 0.10316215455532074,
        "lowlevel.spectral_centroid.stdev": 647.2998657226562,
        "lowlevel.spectral_centroid.dmean": 191.51560974121094,
        "lowlevel.spectral_centroid.dmean2": 272.8978627522786,
        "rhythm.danceability": 1.270743449529012,
        "lowlevel.spectral_centroid.min": 146.23743693033853,
        "rhythm.bpm_histogram_second_peak_spread": 0.2777777910232544
    },
    "outlier_flag": false,
    "outlier_reasons": null,
    "raw_versions": [
        {
            "id": "qhogLVELE1k",
            "title": "Grateful Dead - Money Money - 5/19/74 Portland, OR",
            "views": 1059,
            "features": {
                "lowlevel.average_loudness": 0.9332373142242432,
                "lowlevel.loudness_ebu128.integrated": -13.769950866699219,
                "lowlevel.loudness_ebu128.loudness_range": 2.3386545181274414,
                "lowlevel.loudness_ebu128.momentary.dmean": 0.6670424938201904,
                "lowlevel.loudness_ebu128.momentary.dmean2": 0.7589068412780762,
                "lowlevel.loudness_ebu128.momentary.dvar": 0.7930979132652283,
                "lowlevel.loudness_ebu128.momentary.dvar2": 0.6606998443603516,
                "lowlevel.loudness_ebu128.momentary.max": -8.946136474609375,
                "lowlevel.loudness_ebu128.momentary.mean": -14.304486274719238,
                "lowlevel.loudness_ebu128.momentary.median": -13.983372688293457,
                "lowlevel.loudness_ebu128.momentary.min": -90.91951751708984,
                "lowlevel.loudness_ebu128.momentary.stdev": 3.0097124576568604,
                "lowlevel.loudness_ebu128.momentary.var": 9.058369636535645,
                "lowlevel.loudness_ebu128.short_term.dmean": 0.0874013900756836,
                "lowlevel.loudness_ebu128.short_term.dmean2": 0.10167814791202545,
                "lowlevel.loudness_ebu128.short_term.dvar": 0.006114162039011717,
                "lowlevel.loudness_ebu128.short_term.dvar2": 0.0071493955329060555,
                "lowlevel.loudness_ebu128.short_term.max": -11.986662864685059,
                "lowlevel.loudness_ebu128.short_term.mean": -13.909872055053711,
                "lowlevel.loudness_ebu128.short_term.median": -13.660355567932129,
                "lowlevel.loudness_ebu128.short_term.min": -24.813142776489258,
                "lowlevel.loudness_ebu128.short_term.stdev": 1.2672767639160156,
                "lowlevel.loudness_ebu128.short_term.var": 1.6059902906417847,
                "lowlevel.spectral_centroid.dmean": 192.1199188232422,
                "lowlevel.spectral_centroid.dmean2": 269.41583251953125,
                "lowlevel.spectral_centroid.dvar": 54414.0234375,
                "lowlevel.spectral_centroid.dvar2": 99242.6875,
                "lowlevel.spectral_centroid.max": 5600.98486328125,
                "lowlevel.spectral_centroid.mean": 1020.328857421875,
                "lowlevel.spectral_centroid.median": 822.0628662109375,
                "lowlevel.spectral_centroid.min": 158.11630249023438,
                "lowlevel.spectral_centroid.stdev": 644.8457641601562,
                "lowlevel.spectral_centroid.var": 415826.0625,
                "metadata.audio_properties.analysis.equal_loudness": 0.0,
                "rhythm.beats_loudness.dmean": 0.016929475590586662,
                "rhythm.beats_loudness.dmean2": 0.029020633548498154,
                "rhythm.beats_loudness.dvar": 0.0002365506807109341,
                "rhythm.beats_loudness.dvar2": 0.0006313128978945315,
                "rhythm.beats_loudness.max": 0.11747901141643524,
                "rhythm.beats_loudness.mean": 0.033356159925460815,
                "rhythm.beats_loudness.median": 0.03099391795694828,
                "rhythm.beats_loudness.min": 1.010230971587589e-05,
                "rhythm.beats_loudness.stdev": 0.017912646755576134,
                "rhythm.beats_loudness.var": 0.00032086289138533175,
                "rhythm.bpm": 133.07290649414062,
                "rhythm.bpm_histogram_first_peak_bpm": 133.0,
                "rhythm.bpm_histogram_first_peak_weight": 0.4560747742652893,
                "rhythm.bpm_histogram_second_peak_bpm": 126.0,
                "rhythm.bpm_histogram_second_peak_spread": 0.3333333730697632,
                "rhythm.bpm_histogram_second_peak_weight": 0.014311269856989384,
                "rhythm.danceability": 1.331013560295105
            }
        },
        {
            "id": "NcVU-AW3V_I",
            "title": "Grateful Dead   Money Money",
            "views": 22109,
            "features": {
                "lowlevel.average_loudness": 0.8081633448600769,
                "lowlevel.loudness_ebu128.integrated": -13.323206901550293,
                "lowlevel.loudness_ebu128.loudness_range": 3.1545181274414062,
                "lowlevel.loudness_ebu128.momentary.dmean": 0.7467545866966248,