{
    "song_title": "Monkey And The Engineer",
    "artist": "Grateful Dead",
    "num_versions_processed": 3,
    "average_features": {
        "lowlevel.loudness_ebu128.momentary.dmean2": 0.665465792020162,
        "lowlevel.loudness_ebu128.short_term.median": -13.395922978719076,
        "lowlevel.spectral_centroid.median": 777.6911010742188,
        "rhythm.beats_loudness.var": 0.0005665771410955737,
        "rhythm.beats_loudness.dvar": 0.00030144154152367264,
        "lowlevel.loudness_ebu128.short_term.stdev": 4.5861496925354,
        "lowlevel.loudness_ebu128.integrated": -13.076314290364584,
        "rhythm.beats_loudness.max": 0.14406280716260275,
        "lowlevel.spectral_centroid.max": 8593.186848958334,
        "lowlevel.spectral_centroid.min": 237.64202372233072,
        "lowlevel.loudness_ebu128.momentary.stdev": 5.303170045216878,
        "rhythm.bpm": 152.40502421061197,
        "lowlevel.loudness_ebu128.loudness_range": 11.998675346374512,
        "rhythm.beats_loudness.mean": 0.03073095716536045,
        "rhythm.bpm_histogram_second_peak_weight": 0.15534958491722742,
        "metadata.audio_properties.analysis.equal_loudness": 0.0,
        "lowlevel.loudness_ebu128.short_term.var": 22.071153322855633,
        "rhythm.beats_loudness.dvar2": 0.0008446053058529893,
        "rhythm.bpm_histogram_second_peak_bpm": 156.66666666666666,
        "lowlevel.loudness_ebu128.momentary.mean": -15.496284484863281,
        "lowlevel.loudness_ebu128.short_term.max": -10.032814025878906,
        "rhythm.beats_loudness.stdev": 0.02372694139679273,
        "lowlevel.loudness_ebu128.momentary.dmean": 0.6222657958666483,
        "lowlevel.spectral_centroid.mean": 928.9646606445312,
        "lowlevel.spectral_centroid.stdev": 496.2386169433594,
        "rhythm.beats_loudness.median": 0.027147764960924785,
        "lowlevel.loudness_ebu128.short_term.dmean": 0.11306916922330856,
        "lowlevel.loudness_ebu128.short_term.dvar2": 0.01694940620412429,
        "rhythm.beats_loudness.dmean2": 0.02670547676583131,
        "lowlevel.loudness_ebu128.short_term.mean": -14.989666938781738,
        "lowlevel.loudness_ebu128.momentary.var": 29.107542037963867,
        "rhythm.beats_loudness.dmean": 0.01535085216164589,
        "lowlevel.loudness_ebu128.momentary.min": -36.33341407775879,
        "lowlevel.loudness_ebu128.momentary.dvar": 0.4698587854703267,
        "lowlevel.spectral_centroid.dmean": 157.8762461344401,
        "lowlevel.spectral_centroid.var": 246485.90104166666,
        "rhythm.beats_loudness.min": 0.00011942089076910634,
        "lowlevel.average_loudness": 0.7194236516952515,
        "lowlevel.loudness_ebu128.short_term.dmean2": 0.10950195044279099,
        "lowlevel.loudness_ebu128.short_term.min": -33.34771728515625,
        "rhythm.bpm_histogram_first_peak_bpm": 152.33333333333334,
        "lowlevel.loudness_ebu128.momentary.max": -7.974093755086263,
        "lowlevel.spectral_centroid.dmean2": 238.6476796468099,
        "rhythm.bpm_histogram_second_peak_spread": 0.3226977586746216,
        "lowlevel.loudness_ebu128.short_term.dvar": 0.0188937084749341,
        "lowlevel.loudness_ebu128.momentary.median": -13.780586878458658,
        "rhythm.danceability": 1.1240642468134563,
        "lowlevel.spectral_centroid.dvar": 44214.983723958336,
        "rhythm.bpm_histogram_first_peak_weight": 0.36197036504745483,
        "lowlevel.loudness_ebu128.momentary.dvar2": 0.5995263655980428,
        "lowlevel.spectral_centroid.dvar2": 88763.2578125
    },
    "outlier_flag": false,
    "outlier_reasons": null,
    "raw_versions": [
        {
            "id": "rQGbsMHIOI0",
            "title": "Grateful Dead - Monkey And The Engineer - 10/31/1980 - Radio City Music Hall",
            "views": 153892,
            "features": {
                "lowlevel.average_loudness": 0.820303738117218,
                "lowlevel.loudness_ebu128.integrated": -15.516372680664062,
                "lowlevel.loudness_ebu128.loudness_range": 14.458695411682129,
                "lowlevel.loudness_ebu128.momentary.dmean": 0.6168556213378906,
                "lowlevel.loudness_ebu128.momentary.dmean2": 0.6974000334739685,
                "lowlevel.loudness_ebu128.momentary.dvar": 0.6975609064102173,
                "lowlevel.loudness_ebu128.momentary.dvar2": 0.9753513932228088,
                "lowlevel.loudness_ebu128.momentary.max": -11.687650680541992,
                "lowlevel.loudness_ebu128.momentary.mean": -18.764453887939453,
                "lowlevel.loudness_ebu128.momentary.median": -15.90808391571045,
                "lowlevel.loudness_ebu128.momentary.min": -39.09519958496094,
                "lowlevel.loudness_ebu128.momentary.stdev": 6.3012518882751465,
                "lowlevel.loudness_ebu128.momentary.var": 39.70577621459961,
                "lowlevel.loudness_ebu128.short_term.dmean": 0.10964283347129822,
                "lowlevel.loudness_ebu128.short_term.dmean2": 0.11189375817775726,
                "lowlevel.loudness_ebu128.short_term.dvar": 0.021433763206005096,
                "lowlevel.loudness_ebu128.short_term.dvar2": 0.02287103235721588,
                "lowlevel.loudness_ebu128.short_term.max": -13.472225189208984,
                "lowlevel.loudness_ebu128.short_term.mean": -18.239015579223633,
                "lowlevel.loudness_ebu128.short_term.median": -15.655951499938965,
                "lowlevel.loudness_ebu128.short_term.min": -36.67131805419922,
                "lowlevel.loudness_ebu128.short_term.stdev": 5.641603469848633,
                "lowlevel.loudness_ebu128.short_term.var": 31.82769203186035,
                "lowlevel.spectral_centroid.dmean": 139.2332305908203,
                "lowlevel.spectral_centroid.dmean2": 210.59616088867188,
                "lowlevel.spectral_centroid.dvar": 31259.111328125,
                "lowlevel.spectral_centroid.dvar2": 60189.1640625,
                "lowlevel.spectral_centroid.max": 10998.666015625,
                "lowlevel.spectral_centroid.mean": 953.7844848632812,
                "lowlevel.spectral_centroid.median": 798.8564453125,
                "lowlevel.spectral_centroid.min": 232.96209716796875,
                "lowlevel.spectral_centroid.stdev": 488.65899658203125,
                "lowlevel.spectral_centroid.var": 238787.625,
                "metadata.audio_properties.analysis.equal_loudness": 0.0,
                "rhythm.beats_loudness.dmean": 0.012938179075717926,
                "rhythm.beats_loudness.dmean2": 0.022672131657600403,
                "rhythm.beats_loudness.dvar": 0.00016908896213863045,
                "rhythm.beats_loudness.dvar2": 0.0005095367087051272,
                "rhythm.beats_loudness.max": 0.09874942898750305,
                "rhythm.beats_loudness.mean": 0.03140754625201225,
                "rhythm.beats_loudness.median": 0.03252661973237991,
                "rhythm.beats_loudness.min": 6.575281440746039e-05,
                "rhythm.beats_loudness.stdev": 0.021076422184705734,
                "rhythm.beats_loudness.var": 0.00044421557686291635,
                "rhythm.bpm": 152.71717834472656,
                "rhythm.bpm_histogram_first_peak_bpm": 152.0,
                "rhythm.bpm_histogram_first_peak_weight": 0.20930230617523193,
                "rhythm.bpm_histogram_second_peak_bpm": 161.0,
                "rhythm.bpm_histogram_second_peak_spread": 0.44720494747161865,
                "rhythm.bpm_histogram_second_peak_weight": 0.17416830360889435,
                "rhythm.danceability": 1.1647595167160034
            }
        },
        {
            "id": "F2DwAcDZF4Y",
            "title": "Monkey and the Engineer (Live)",
            "views": 345354,
            "features": {
                "lowlevel.average_loudness": 0.6610561609268188,
                "lowlevel.loudness_ebu128.integrated": -12.538949966430664,
                "lowlevel.loudness_ebu128.loudness_range": 13.617688179016113,