{
    "song_title": "Morning Dew",
    "artist": "Grateful Dead",
    "num_versions_processed": 3,
    "average_features": {
        "lowlevel.loudness_ebu128.momentary.dmean2": 0.9606834848721822,
        "lowlevel.loudness_ebu128.short_term.median": -19.341468811035156,
        "lowlevel.spectral_centroid.median": 691.7002766927084,
        "rhythm.beats_loudness.var": 0.0009046425693668425,
        "rhythm.beats_loudness.dvar": 0.00036483419050152105,
        "lowlevel.loudness_ebu128.short_term.stdev": 6.015686591466268,
        "lowlevel.loudness_ebu128.integrated": -16.046091079711914,
        "rhythm.beats_loudness.max": 0.17066290974617004,
        "lowlevel.spectral_centroid.max": 9110.282063802084,
        "lowlevel.spectral_centroid.min": 131.37865193684897,
        "lowlevel.loudness_ebu128.momentary.stdev": 7.437740643819173,
        "rhythm.bpm": 120.85370381673177,
        "lowlevel.loudness_ebu128.loudness_range": 15.002082506815592,
        "rhythm.beats_loudness.mean": 0.03042778931558132,
        "rhythm.bpm_histogram_second_peak_weight": 0.11219760030508041,
        "metadata.audio_properties.analysis.equal_loudness": 0.0,
        "lowlevel.loudness_ebu128.short_term.var": 39.213600158691406,
        "rhythm.beats_loudness.dvar2": 0.0010787132390153904,
        "rhythm.bpm_histogram_second_peak_bpm": 119.33333333333333,
        "lowlevel.loudness_ebu128.momentary.mean": -20.905508041381836,
        "lowlevel.loudness_ebu128.short_term.max": -10.940012613932291,
        "rhythm.beats_loudness.stdev": 0.029580185189843178,
        "lowlevel.loudness_ebu128.momentary.dmean": 0.8177858392397562,
        "lowlevel.spectral_centroid.mean": 798.5149536132812,
        "lowlevel.spectral_centroid.stdev": 473.6430358886719,
        "rhythm.beats_loudness.median": 0.01942553650587797,
        "lowlevel.loudness_ebu128.short_term.dmean": 0.12548113614320755,
        "lowlevel.loudness_ebu128.short_term.dvar2": 0.022111122496426105,
        "rhythm.beats_loudness.dmean2": 0.029320441807309788,
        "lowlevel.loudness_ebu128.short_term.mean": -20.135735193888348,
        "lowlevel.loudness_ebu128.momentary.var": 57.35074806213379,
        "rhythm.beats_loudness.dmean": 0.016481647888819378,
        "lowlevel.loudness_ebu128.momentary.min": -77.42207590738933,
        "lowlevel.loudness_ebu128.momentary.dvar": 1.0880866448084514,
        "lowlevel.spectral_centroid.dmean": 130.32540639241537,
        "lowlevel.spectral_centroid.var": 225340.046875,
        "rhythm.beats_loudness.min": 2.07056395525503e-06,
        "lowlevel.average_loudness": 0.2062301536401113,
        "lowlevel.loudness_ebu128.short_term.dmean2": 0.11443598071734111,
        "lowlevel.loudness_ebu128.short_term.min": -39.09568214416504,
        "rhythm.bpm_histogram_first_peak_bpm": 121.33333333333333,
        "lowlevel.loudness_ebu128.momentary.max": -9.095840295155844,
        "lowlevel.spectral_centroid.dmean2": 197.6924591064453,
        "rhythm.bpm_histogram_second_peak_spread": 0.23909606536229452,
        "lowlevel.loudness_ebu128.short_term.dvar": 0.02717969163010518,
        "lowlevel.loudness_ebu128.momentary.median": -19.817286173502605,
        "rhythm.danceability": 1.0798827012379963,
        "lowlevel.spectral_centroid.dvar": 35240.910807291664,
        "rhythm.bpm_histogram_first_peak_weight": 0.6092207431793213,
        "lowlevel.loudness_ebu128.momentary.dvar2": 1.58393394947052,
        "lowlevel.spectral_centroid.dvar2": 74674.62369791667
    },
    "outlier_flag": false,
    "outlier_reasons": null,
    "raw_versions": [
        {
            "id": "fpKQOvlDr-s",
            "title": "Grateful Dead - Morning Dew (Winterland 10/18/74) (Official Live Video)",
            "views": 2371459,
            "features": {
                "lowlevel.average_loudness": 0.07424229383468628,
                "lowlevel.loudness_ebu128.integrated": -16.559837341308594,
                "lowlevel.loudness_ebu128.loudness_range": 19.144145965576172,
                "lowlevel.loudness_ebu128.momentary.dmean": 0.8630191087722778,
                "lowlevel.loudness_ebu128.momentary.dmean2": 0.9271433353424072,
                "lowlevel.loudness_ebu128.momentary.dvar": 1.1773697137832642,
                "lowlevel.loudness_ebu128.momentary.dvar2": 1.5067951679229736,
                "lowlevel.loudness_ebu128.momentary.max": -10.176749229431152,
                "lowlevel.loudness_ebu128.momentary.mean": -23.426437377929688,
                "lowlevel.loudness_ebu128.momentary.median": -22.301393508911133,
                "lowlevel.loudness_ebu128.momentary.min": -91.07194519042969,
                "lowlevel.loudness_ebu128.momentary.stdev": 8.812067985534668,
                "lowlevel.loudness_ebu128.momentary.var": 77.65254211425781,
                "lowlevel.loudness_ebu128.short_term.dmean": 0.143021360039711,
                "lowlevel.loudness_ebu128.short_term.dmean2": 0.11230285465717316,
                "lowlevel.loudness_ebu128.short_term.dvar": 0.03489566221833229,
                "lowlevel.loudness_ebu128.short_term.dvar2": 0.023998791351914406,
                "lowlevel.loudness_ebu128.short_term.max": -11.125957489013672,
                "lowlevel.loudness_ebu128.short_term.mean": -22.372732162475586,
                "lowlevel.loudness_ebu128.short_term.median": -21.277515411376953,
                "lowlevel.loudness_ebu128.short_term.min": -41.541175842285156,
                "lowlevel.loudness_ebu128.short_term.stdev": 7.182229995727539,
                "lowlevel.loudness_ebu128.short_term.var": 51.58442687988281,
                "lowlevel.spectral_centroid.dmean": 105.0656509399414,
                "lowlevel.spectral_centroid.dmean2": 160.4510955810547,
                "lowlevel.spectral_centroid.dvar": 26120.205078125,
                "lowlevel.spectral_centroid.dvar2": 56066.47265625,
                "lowlevel.spectral_centroid.max": 10935.283203125,
                "lowlevel.spectral_centroid.mean": 722.7786254882812,
                "lowlevel.spectral_centroid.median": 627.2110595703125,
                "lowlevel.spectral_centroid.min": 113.21231079101562,
                "lowlevel.spectral_centroid.stdev": 432.9783630371094,
                "lowlevel.spectral_centroid.var": 187470.25,
                "metadata.audio_properties.analysis.equal_loudness": 0.0,
                "rhythm.beats_loudness.dmean": 0.01418391801416874,
                "rhythm.beats_loudness.dmean2": 0.02566421590745449,
                "rhythm.beats_loudness.dvar": 0.000317193305818364,
                "rhythm.beats_loudness.dvar2": 0.0009735416388139129,
                "rhythm.beats_loudness.max": 0.16406036913394928,
                "rhythm.beats_loudness.mean": 0.025853551924228668,
                "rhythm.beats_loudness.median": 0.010876302607357502,
                "rhythm.beats_loudness.min": 1.4775913825815223e-09,
                "rhythm.beats_loudness.stdev": 0.02963343635201454,
                "rhythm.beats_loudness.var": 0.0008781405631452799,
                "rhythm.bpm": 110.720703125,
                "rhythm.bpm_histogram_first_peak_bpm": 112.0,
                "rhythm.bpm_histogram_first_peak_weight": 0.6961904764175415,
                "rhythm.bpm_histogram_second_peak_bpm": 105.0,
                "rhythm.bpm_histogram_second_peak_spread": 0.3855421543121338,
                "rhythm.bpm_histogram_second_peak_weight": 0.14010989665985107,
                "rhythm.danceability": 1.0116676092147827
            }
        },
        {
            "id": "RMotfSyRcwU",
            "title": "Morning Dew (Live at Barton Hall, Cornell University, Ithaca, NY 5/8/77)",
            "views": 459577,
            "features": {
                "lowlevel.average_loudness": 0.18812444806098938,
                "lowlevel.loudness_ebu128.integrated": -14.594318389892578,
                "lowlevel.loudness_ebu128.loudness_range": 15.966414451599121,