{
    "song_title": "Mountain Jam",
    "artist": "Grateful Dead",
    "num_versions_processed": 2,
    "average_features": {
        "lowlevel.loudness_ebu128.short_term.dvar2": 0.0400459838565439,
        "lowlevel.loudness_ebu128.momentary.var": 27.13896656036377,
        "lowlevel.loudness_ebu128.momentary.min": -67.7533950805664,
        "lowlevel.spectral_centroid.dvar": 15020.15576171875,
        "rhythm.beats_loudness.min": 2.01567581786799e-06,
        "lowlevel.spectral_centroid.mean": 638.4112243652344,
        "rhythm.beats_loudness.dvar": 0.00029325555078685284,
        "rhythm.bpm_histogram_first_peak_bpm": 159.0,
        "rhythm.beats_loudness.median": 0.03534490242600441,
        "lowlevel.loudness_ebu128.integrated": -16.464284896850586,
        "lowlevel.loudness_ebu128.short_term.mean": -17.691182136535645,
        "rhythm.beats_loudness.dmean2": 0.030475275591015816,
        "lowlevel.loudness_ebu128.momentary.dvar2": 0.34276942908763885,
        "rhythm.bpm_histogram_second_peak_weight": 0.23644253611564636,
        "lowlevel.loudness_ebu128.loudness_range": 7.54970645904541,
        "rhythm.bpm_histogram_second_peak_bpm": 152.0,
        "lowlevel.loudness_ebu128.short_term.min": -63.35529708862305,
        "lowlevel.loudness_ebu128.short_term.stdev": 3.8930985927581787,
        "lowlevel.loudness_ebu128.short_term.dmean2": 0.07706674933433533,
        "lowlevel.loudness_ebu128.short_term.var": 15.376184463500977,
        "rhythm.beats_loudness.mean": 0.038206079974770546,
        "lowlevel.spectral_centroid.max": 4987.8017578125,
        "lowlevel.loudness_ebu128.momentary.dvar": 0.3051353543996811,
        "rhythm.beats_loudness.stdev": 0.024928243830800056,
        "lowlevel.loudness_ebu128.momentary.max": -11.411634922027588,
        "lowlevel.spectral_centroid.median": 560.8309020996094,
        "lowlevel.loudness_ebu128.momentary.dmean": 0.5154383182525635,
        "lowlevel.loudness_ebu128.short_term.dvar": 0.044893301324918866,
        "rhythm.beats_loudness.var": 0.0006225095421541482,
        "lowlevel.loudness_ebu128.momentary.stdev": 5.098828554153442,
        "lowlevel.loudness_ebu128.momentary.mean": -18.0593318939209,
        "rhythm.beats_loudness.dmean": 0.017563491128385067,
        "lowlevel.average_loudness": 0.7117429673671722,
        "lowlevel.loudness_ebu128.short_term.median": -16.520244598388672,
        "rhythm.beats_loudness.max": 0.1552877575159073,
        "metadata.audio_properties.analysis.equal_loudness": 0.0,
        "lowlevel.loudness_ebu128.momentary.dmean2": 0.5375023484230042,
        "lowlevel.spectral_centroid.dvar2": 35161.1298828125,
        "lowlevel.loudness_ebu128.short_term.max": -13.064393043518066,
        "lowlevel.spectral_centroid.var": 129464.12109375,
        "rhythm.bpm_histogram_first_peak_weight": 0.44917476177215576,
        "lowlevel.loudness_ebu128.momentary.median": -16.70020866394043,
        "rhythm.bpm": 158.36044311523438,
        "rhythm.beats_loudness.dvar2": 0.0008559675770811737,
        "lowlevel.loudness_ebu128.short_term.dmean": 0.08353128656744957,
        "lowlevel.spectral_centroid.stdev": 359.3426513671875,
        "lowlevel.spectral_centroid.dmean": 108.94186401367188,
        "lowlevel.spectral_centroid.dmean2": 169.8180389404297,
        "rhythm.danceability": 1.127495288848877,
        "lowlevel.spectral_centroid.min": 154.14561462402344,
        "rhythm.bpm_histogram_second_peak_spread": 0.23251193761825562
    },
    "outlier_flag": false,
    "outlier_reasons": null,
    "raw_versions": [
        {
            "id": "uS0m7hrCfHc",
            "title": "Mountain Jam (Watkins Glen) \u262e Allman Bros & Grateful Dead",
            "views": 645559,
            "features": {
                "lowlevel.average_loudness": 0.6794403195381165,
                "lowlevel.loudness_ebu128.integrated": -16.880210876464844,
                "lowlevel.loudness_ebu128.loudness_range": 8.309371948242188,
                "lowlevel.loudness_ebu128.momentary.dmean": 0.5647526979446411,
                "lowlevel.loudness_ebu128.momentary.dmean2": 0.5938175916671753,
                "lowlevel.loudness_ebu128.momentary.dvar": 0.3739473819732666,
                "lowlevel.loudness_ebu128.momentary.dvar2": 0.4293316602706909,
                "lowlevel.loudness_ebu128.momentary.max": -11.651676177978516,
                "lowlevel.loudness_ebu128.momentary.mean": -18.755672454833984,
                "lowlevel.loudness_ebu128.momentary.median": -17.302989959716797,
                "lowlevel.loudness_ebu128.momentary.min": -90.35748291015625,
                "lowlevel.loudness_ebu128.momentary.stdev": 6.166964530944824,
                "lowlevel.loudness_ebu128.momentary.var": 38.03145217895508,
                "lowlevel.loudness_ebu128.short_term.dmean": 0.09177575260400772,
                "lowlevel.loudness_ebu128.short_term.dmean2": 0.08668891340494156,
                "lowlevel.loudness_ebu128.short_term.dvar": 0.08211478590965271,
                "lowlevel.loudness_ebu128.short_term.dvar2": 0.07516080141067505,
                "lowlevel.loudness_ebu128.short_term.max": -13.066073417663574,
                "lowlevel.loudness_ebu128.short_term.mean": -18.285383224487305,
                "lowlevel.loudness_ebu128.short_term.median": -17.054340362548828,
                "lowlevel.loudness_ebu128.short_term.min": -90.0574951171875,
                "lowlevel.loudness_ebu128.short_term.stdev": 4.3621063232421875,
                "lowlevel.loudness_ebu128.short_term.var": 19.027971267700195,
                "lowlevel.spectral_centroid.dmean": 104.85386657714844,
                "lowlevel.spectral_centroid.dmean2": 163.0791778564453,
                "lowlevel.spectral_centroid.dvar": 13400.0771484375,
                "lowlevel.spectral_centroid.dvar2": 30702.134765625,
                "lowlevel.spectral_centroid.max": 5999.97412109375,
                "lowlevel.spectral_centroid.mean": 638.92626953125,
                "lowlevel.spectral_centroid.median": 563.9271240234375,
                "lowlevel.spectral_centroid.min": 162.26004028320312,
                "lowlevel.spectral_centroid.stdev": 377.69976806640625,
                "lowlevel.spectral_centroid.var": 142657.109375,
                "metadata.audio_properties.analysis.equal_loudness": 0.0,
                "rhythm.beats_loudness.dmean": 0.016225043684244156,
                "rhythm.beats_loudness.dmean2": 0.02808326482772827,
                "rhythm.beats_loudness.dvar": 0.00025572546292096376,
                "rhythm.beats_loudness.dvar2": 0.000747711630538106,
                "rhythm.beats_loudness.max": 0.1459781378507614,
                "rhythm.beats_loudness.mean": 0.03415556997060776,
                "rhythm.beats_loudness.median": 0.030922025442123413,
                "rhythm.beats_loudness.min": 1.605257371473101e-09,
                "rhythm.beats_loudness.stdev": 0.02388315461575985,
                "rhythm.beats_loudness.var": 0.0005704051000066102,
                "rhythm.bpm": 162.38778686523438,
                "rhythm.bpm_histogram_first_peak_bpm": 161.0,
                "rhythm.bpm_histogram_first_peak_weight": 0.4327334761619568,
                "rhythm.bpm_histogram_second_peak_bpm": 152.0,
                "rhythm.bpm_histogram_second_peak_spread": 0.3241954445838928,
                "rhythm.bpm_histogram_second_peak_weight": 0.26153135299682617,
                "rhythm.danceability": 1.1692755222320557
            }
        },
        {
            "id": "HTUsjdoJhvk",
            "title": "Grateful Dead & Allman Brothers - Mountain Jam - 7/28/73 - Watkins Glen",
            "views": 3790,
            "features": {
                "lowlevel.average_loudness": 0.744045615196228,
                "lowlevel.loudness_ebu128.integrated": -16.048358917236328,
                "lowlevel.loudness_ebu128.loudness_range": 6.790040969848633,