{
    "song_title": "Mr. Tambourine Man",
    "artist": "Grateful Dead",
    "num_versions_processed": 1,
    "average_features": {
        "rhythm.beats_loudness.dvar": 0.0004797978326678276,
        "lowlevel.loudness_ebu128.momentary.median": -17.013948440551758,
        "lowlevel.loudness_ebu128.short_term.min": -24.807939529418945,
        "lowlevel.loudness_ebu128.short_term.dvar": 0.009552528150379658,
        "rhythm.beats_loudness.dvar2": 0.0014164833119139075,
        "rhythm.beats_loudness.min": 0.0011568503687158227,
        "lowlevel.loudness_ebu128.momentary.min": -31.90904998779297,
        "rhythm.bpm_histogram_second_peak_weight": 0.035320088267326355,
        "lowlevel.spectral_centroid.min": 93.31018829345703,
        "lowlevel.spectral_centroid.var": 249505.453125,
        "lowlevel.loudness_ebu128.short_term.dvar2": 0.012605376541614532,
        "lowlevel.loudness_ebu128.short_term.stdev": 2.6116583347320557,
        "rhythm.beats_loudness.max": 0.19362427294254303,
        "lowlevel.loudness_ebu128.momentary.dvar2": 0.650015652179718,
        "lowlevel.spectral_centroid.dvar2": 93975.4453125,
        "lowlevel.loudness_ebu128.momentary.max": -8.65992546081543,
        "lowlevel.average_loudness": 0.5911322236061096,
        "lowlevel.loudness_ebu128.momentary.var": 9.41060733795166,
        "lowlevel.loudness_ebu128.loudness_range": 7.421797752380371,
        "rhythm.beats_loudness.dmean": 0.01954677887260914,
        "lowlevel.loudness_ebu128.momentary.dvar": 0.4352046549320221,
        "metadata.audio_properties.analysis.equal_loudness": 0.0,
        "lowlevel.spectral_centroid.dmean": 177.77493286132812,
        "rhythm.bpm": 88.58799743652344,
        "lowlevel.spectral_centroid.dvar": 50878.62109375,
        "lowlevel.loudness_ebu128.momentary.dmean2": 0.8878337740898132,
        "rhythm.bpm_histogram_first_peak_weight": 0.34272295236587524,
        "rhythm.bpm_histogram_second_peak_spread": 0.2727273106575012,
        "lowlevel.loudness_ebu128.momentary.mean": -17.390701293945312,
        "lowlevel.loudness_ebu128.momentary.dmean": 0.703876256942749,
        "rhythm.beats_loudness.mean": 0.03775165230035782,
        "rhythm.bpm_histogram_second_peak_bpm": 82.0,
        "lowlevel.loudness_ebu128.integrated": -16.423097610473633,
        "rhythm.beats_loudness.var": 0.0006731079774908721,
        "lowlevel.loudness_ebu128.momentary.stdev": 3.067671298980713,
        "lowlevel.loudness_ebu128.short_term.var": 6.820758819580078,
        "lowlevel.spectral_centroid.max": 11024.9892578125,
        "rhythm.beats_loudness.dmean2": 0.03406980633735657,
        "rhythm.danceability": 1.2435486316680908,
        "lowlevel.loudness_ebu128.short_term.max": -11.947541236877441,
        "lowlevel.spectral_centroid.mean": 964.1731567382812,
        "rhythm.beats_loudness.stdev": 0.02594432421028614,
        "lowlevel.loudness_ebu128.short_term.dmean2": 0.11878325045108795,
        "lowlevel.loudness_ebu128.short_term.dmean": 0.10410362482070923,
        "lowlevel.loudness_ebu128.short_term.mean": -17.09441566467285,
        "rhythm.bpm_histogram_first_peak_bpm": 88.0,
        "lowlevel.loudness_ebu128.short_term.median": -16.510082244873047,
        "lowlevel.spectral_centroid.median": 840.8349609375,
        "lowlevel.spectral_centroid.stdev": 499.5052185058594,
        "lowlevel.spectral_centroid.dmean2": 262.9825744628906,
        "rhythm.beats_loudness.median": 0.03265959769487381
    },
    "outlier_flag": false,
    "outlier_reasons": null,
    "raw_versions": [
        {
            "id": "u1fXAWMGhMg",
            "title": "Bob Dylan & the Grateful Dead - Mr. Tambourine Man 7/26/1987",
            "views": 1319,
            "features": {
                "lowlevel.average_loudness": 0.5911322236061096,
                "lowlevel.loudness_ebu128.integrated": -16.423097610473633,
                "lowlevel.loudness_ebu128.loudness_range": 7.421797752380371,
                "lowlevel.loudness_ebu128.momentary.dmean": 0.703876256942749,
                "lowlevel.loudness_ebu128.momentary.dmean2": 0.8878337740898132,
                "lowlevel.loudness_ebu128.momentary.dvar": 0.4352046549320221,
                "lowlevel.loudness_ebu128.momentary.dvar2": 0.650015652179718,
                "lowlevel.loudness_ebu128.momentary.max": -8.65992546081543,
                "lowlevel.loudness_ebu128.momentary.mean": -17.390701293945312,
                "lowlevel.loudness_ebu128.momentary.median": -17.013948440551758,
                "lowlevel.loudness_ebu128.momentary.min": -31.90904998779297,
                "lowlevel.loudness_ebu128.momentary.stdev": 3.067671298980713,
                "lowlevel.loudness_ebu128.momentary.var": 9.41060733795166,
                "lowlevel.loudness_ebu128.short_term.dmean": 0.10410362482070923,
                "lowlevel.loudness_ebu128.short_term.dmean2": 0.11878325045108795,
                "lowlevel.loudness_ebu128.short_term.dvar": 0.009552528150379658,
                "lowlevel.loudness_ebu128.short_term.dvar2": 0.012605376541614532,
                "lowlevel.loudness_ebu128.short_term.max": -11.947541236877441,
                "lowlevel.loudness_ebu128.short_term.mean": -17.09441566467285,
                "lowlevel.loudness_ebu128.short_term.median": -16.510082244873047,
                "lowlevel.loudness_ebu128.short_term.min": -24.807939529418945,
                "lowlevel.loudness_ebu128.short_term.stdev": 2.6116583347320557,
                "lowlevel.loudness_ebu128.short_term.var": 6.820758819580078,
                "lowlevel.spectral_centroid.dmean": 177.77493286132812,
                "lowlevel.spectral_centroid.dmean2": 262.9825744628906,
                "lowlevel.spectral_centroid.dvar": 50878.62109375,
                "lowlevel.spectral_centroid.dvar2": 93975.4453125,
                "lowlevel.spectral_centroid.max": 11024.9892578125,
                "lowlevel.spectral_centroid.mean": 964.1731567382812,
                "lowlevel.spectral_centroid.median": 840.8349609375,
                "lowlevel.spectral_centroid.min": 93.31018829345703,
                "lowlevel.spectral_centroid.stdev": 499.5052185058594,
                "lowlevel.spectral_centroid.var": 249505.453125,
                "metadata.audio_properties.analysis.equal_loudness": 0.0,
                "rhythm.beats_loudness.dmean": 0.01954677887260914,
                "rhythm.beats_loudness.dmean2": 0.03406980633735657,
                "rhythm.beats_loudness.dvar": 0.0004797978326678276,
                "rhythm.beats_loudness.dvar2": 0.0014164833119139075,
                "rhythm.beats_loudness.max": 0.19362427294254303,
                "rhythm.beats_loudness.mean": 0.03775165230035782,
                "rhythm.beats_loudness.median": 0.03265959769487381,
                "rhythm.beats_loudness.min": 0.0011568503687158227,
                "rhythm.beats_loudness.stdev": 0.02594432421028614,
                "rhythm.beats_loudness.var": 0.0006731079774908721,
                "rhythm.bpm": 88.58799743652344,
                "rhythm.bpm_histogram_first_peak_bpm": 88.0,
                "rhythm.bpm_histogram_first_peak_weight": 0.34272295236587524,
                "rhythm.bpm_histogram_second_peak_bpm": 82.0,
                "rhythm.bpm_histogram_second_peak_spread": 0.2727273106575012,
                "rhythm.bpm_histogram_second_peak_weight": 0.035320088267326355,
                "rhythm.danceability": 1.2435486316680908
            }
        }
    ]
}