{
    "song_title": "My Baby Left Me",
    "artist": "Grateful Dead",
    "num_versions_processed": 1,
    "average_features": {
        "rhythm.beats_loudness.dvar": 0.0005872695473954082,
        "lowlevel.loudness_ebu128.momentary.median": -18.029247283935547,
        "lowlevel.loudness_ebu128.short_term.min": -59.26873016357422,
        "lowlevel.loudness_ebu128.short_term.dvar": 0.059506967663764954,
        "rhythm.beats_loudness.dvar2": 0.0016091451980173588,
        "rhythm.beats_loudness.min": 1.3936719556184585e-09,
        "lowlevel.loudness_ebu128.momentary.min": -90.40100860595703,
        "rhythm.bpm_histogram_second_peak_weight": 0.06328249722719193,
        "lowlevel.spectral_centroid.min": 138.82691955566406,
        "lowlevel.spectral_centroid.var": 242825.828125,
        "lowlevel.loudness_ebu128.short_term.dvar2": 0.06446968019008636,
        "lowlevel.loudness_ebu128.short_term.stdev": 10.562849998474121,
        "rhythm.beats_loudness.max": 0.4206872880458832,
        "lowlevel.loudness_ebu128.momentary.dvar2": 1.4819319248199463,
        "lowlevel.spectral_centroid.dvar2": 86588.40625,
        "lowlevel.loudness_ebu128.momentary.max": -7.6023783683776855,
        "lowlevel.average_loudness": 0.05784836411476135,
        "lowlevel.loudness_ebu128.momentary.var": 128.87831115722656,
        "lowlevel.loudness_ebu128.loudness_range": 7.511002540588379,
        "rhythm.beats_loudness.dmean": 0.016276340931653976,
        "lowlevel.loudness_ebu128.momentary.dvar": 0.9885533452033997,
        "metadata.audio_properties.analysis.equal_loudness": 0.0,
        "lowlevel.spectral_centroid.dmean": 159.16348266601562,
        "rhythm.bpm": 120.22736358642578,
        "lowlevel.spectral_centroid.dvar": 38298.8046875,
        "lowlevel.loudness_ebu128.momentary.dmean2": 0.9486066102981567,
        "rhythm.bpm_histogram_first_peak_weight": 0.5789815187454224,
        "rhythm.bpm_histogram_second_peak_spread": 0.26259946823120117,
        "lowlevel.loudness_ebu128.momentary.mean": -22.16556739807129,
        "lowlevel.loudness_ebu128.momentary.dmean": 0.770783543586731,
        "rhythm.beats_loudness.mean": 0.027285588905215263,
        "rhythm.bpm_histogram_second_peak_bpm": 115.0,
        "lowlevel.loudness_ebu128.integrated": -16.910860061645508,
        "rhythm.beats_loudness.var": 0.0007690434576943517,
        "lowlevel.loudness_ebu128.momentary.stdev": 11.352458000183105,
        "lowlevel.loudness_ebu128.short_term.var": 111.57379913330078,
        "lowlevel.spectral_centroid.max": 5733.07470703125,
        "rhythm.beats_loudness.dmean2": 0.02838038094341755,
        "rhythm.danceability": 1.1252385377883911,
        "lowlevel.loudness_ebu128.short_term.max": -11.043209075927734,
        "lowlevel.spectral_centroid.mean": 906.3715209960938,
        "rhythm.beats_loudness.stdev": 0.027731632813811302,
        "lowlevel.loudness_ebu128.short_term.dmean2": 0.11876150965690613,
        "lowlevel.loudness_ebu128.short_term.dmean": 0.12106204777956009,
        "lowlevel.loudness_ebu128.short_term.mean": -21.515480041503906,
        "rhythm.bpm_histogram_first_peak_bpm": 120.0,
        "lowlevel.loudness_ebu128.short_term.median": -17.534656524658203,
        "lowlevel.spectral_centroid.median": 782.619873046875,
        "lowlevel.spectral_centroid.stdev": 492.77362060546875,
        "lowlevel.spectral_centroid.dmean2": 245.78964233398438,
        "rhythm.beats_loudness.median": 0.0219783503562212
    },
    "outlier_flag": false,
    "outlier_reasons": null,
    "raw_versions": [
        {
            "id": "KnQ0q-ocjkM",
            "title": "Grateful Dead 4/18/86: ONLY 'My Baby Left Me \u2794 That's All Right Mama' Since '73 | Berkeley",
            "views": 517,
            "features": {
                "lowlevel.average_loudness": 0.05784836411476135,
                "lowlevel.loudness_ebu128.integrated": -16.910860061645508,
                "lowlevel.loudness_ebu128.loudness_range": 7.511002540588379,
                "lowlevel.loudness_ebu128.momentary.dmean": 0.770783543586731,
                "lowlevel.loudness_ebu128.momentary.dmean2": 0.9486066102981567,
                "lowlevel.loudness_ebu128.momentary.dvar": 0.9885533452033997,
                "lowlevel.loudness_ebu128.momentary.dvar2": 1.4819319248199463,
                "lowlevel.loudness_ebu128.momentary.max": -7.6023783683776855,
                "lowlevel.loudness_ebu128.momentary.mean": -22.16556739807129,
                "lowlevel.loudness_ebu128.momentary.median": -18.029247283935547,
                "lowlevel.loudness_ebu128.momentary.min": -90.40100860595703,
                "lowlevel.loudness_ebu128.momentary.stdev": 11.352458000183105,
                "lowlevel.loudness_ebu128.momentary.var": 128.87831115722656,
                "lowlevel.loudness_ebu128.short_term.dmean": 0.12106204777956009,
                "lowlevel.loudness_ebu128.short_term.dmean2": 0.11876150965690613,
                "lowlevel.loudness_ebu128.short_term.dvar": 0.059506967663764954,
                "lowlevel.loudness_ebu128.short_term.dvar2": 0.06446968019008636,
                "lowlevel.loudness_ebu128.short_term.max": -11.043209075927734,
                "lowlevel.loudness_ebu128.short_term.mean": -21.515480041503906,
                "lowlevel.loudness_ebu128.short_term.median": -17.534656524658203,
                "lowlevel.loudness_ebu128.short_term.min": -59.26873016357422,
                "lowlevel.loudness_ebu128.short_term.stdev": 10.562849998474121,
                "lowlevel.loudness_ebu128.short_term.var": 111.57379913330078,
                "lowlevel.spectral_centroid.dmean": 159.16348266601562,
                "lowlevel.spectral_centroid.dmean2": 245.78964233398438,
                "lowlevel.spectral_centroid.dvar": 38298.8046875,
                "lowlevel.spectral_centroid.dvar2": 86588.40625,
                "lowlevel.spectral_centroid.max": 5733.07470703125,
                "lowlevel.spectral_centroid.mean": 906.3715209960938,
                "lowlevel.spectral_centroid.median": 782.619873046875,
                "lowlevel.spectral_centroid.min": 138.82691955566406,
                "lowlevel.spectral_centroid.stdev": 492.77362060546875,
                "lowlevel.spectral_centroid.var": 242825.828125,
                "metadata.audio_properties.analysis.equal_loudness": 0.0,
                "rhythm.beats_loudness.dmean": 0.016276340931653976,
                "rhythm.beats_loudness.dmean2": 0.02838038094341755,
                "rhythm.beats_loudness.dvar": 0.0005872695473954082,
                "rhythm.beats_loudness.dvar2": 0.0016091451980173588,
                "rhythm.beats_loudness.max": 0.4206872880458832,
                "rhythm.beats_loudness.mean": 0.027285588905215263,
                "rhythm.beats_loudness.median": 0.0219783503562212,
                "rhythm.beats_loudness.min": 1.3936719556184585e-09,
                "rhythm.beats_loudness.stdev": 0.027731632813811302,
                "rhythm.beats_loudness.var": 0.0007690434576943517,
                "rhythm.bpm": 120.22736358642578,
                "rhythm.bpm_histogram_first_peak_bpm": 120.0,
                "rhythm.bpm_histogram_first_peak_weight": 0.5789815187454224,
                "rhythm.bpm_histogram_second_peak_bpm": 115.0,
                "rhythm.bpm_histogram_second_peak_spread": 0.26259946823120117,
                "rhythm.bpm_histogram_second_peak_weight": 0.06328249722719193,
                "rhythm.danceability": 1.1252385377883911
            }
        }
    ]
}