{
    "song_title": "My Babe",
    "artist": "Grateful Dead",
    "num_versions_processed": 1,
    "average_features": {
        "lowlevel.loudness_ebu128.short_term.dvar2": 0.020088575780391693,
        "lowlevel.loudness_ebu128.momentary.var": 25.958843231201172,
        "lowlevel.loudness_ebu128.momentary.min": -90.60367584228516,
        "lowlevel.spectral_centroid.dvar": 27974.0625,
        "rhythm.beats_loudness.min": 1.1593285220712346e-09,
        "lowlevel.spectral_centroid.mean": 887.6249389648438,
        "rhythm.beats_loudness.dvar": 0.0003275734488852322,
        "rhythm.bpm_histogram_first_peak_bpm": 88.0,
        "rhythm.beats_loudness.median": 0.017082251608371735,
        "lowlevel.loudness_ebu128.integrated": -14.805184364318848,
        "lowlevel.loudness_ebu128.short_term.mean": -16.04159927368164,
        "rhythm.beats_loudness.dmean2": 0.02709861472249031,
        "lowlevel.loudness_ebu128.momentary.dvar2": 1.7747281789779663,
        "rhythm.bpm_histogram_second_peak_weight": 0.0341968908905983,
        "lowlevel.loudness_ebu128.loudness_range": 8.678834915161133,
        "rhythm.bpm_histogram_second_peak_bpm": 148.0,
        "lowlevel.loudness_ebu128.short_term.min": -28.22160530090332,
        "lowlevel.loudness_ebu128.short_term.stdev": 3.330948829650879,
        "lowlevel.loudness_ebu128.short_term.dmean2": 0.10869362205266953,
        "lowlevel.loudness_ebu128.short_term.var": 11.095219612121582,
        "rhythm.beats_loudness.mean": 0.024519765749573708,
        "lowlevel.spectral_centroid.max": 11631.0458984375,
        "lowlevel.loudness_ebu128.momentary.dvar": 1.2329802513122559,
        "rhythm.beats_loudness.stdev": 0.023159796372056007,
        "lowlevel.loudness_ebu128.momentary.max": -8.481806755065918,
        "lowlevel.spectral_centroid.median": 791.557861328125,
        "lowlevel.loudness_ebu128.momentary.dmean": 0.8580806851387024,
        "lowlevel.loudness_ebu128.short_term.dvar": 0.025094104930758476,
        "rhythm.beats_loudness.var": 0.0005363761447370052,
        "lowlevel.loudness_ebu128.momentary.stdev": 5.094982147216797,
        "lowlevel.loudness_ebu128.momentary.mean": -16.812923431396484,
        "rhythm.beats_loudness.dmean": 0.015549707226455212,
        "lowlevel.average_loudness": 0.3274548649787903,
        "lowlevel.loudness_ebu128.short_term.median": -15.541849136352539,
        "rhythm.beats_loudness.max": 0.17076361179351807,
        "metadata.audio_properties.analysis.equal_loudness": 0.0,
        "lowlevel.loudness_ebu128.momentary.dmean2": 0.8564730286598206,
        "lowlevel.spectral_centroid.dvar2": 57421.00390625,
        "lowlevel.loudness_ebu128.short_term.max": -10.096600532531738,
        "lowlevel.spectral_centroid.var": 269760.125,
        "rhythm.bpm_histogram_first_peak_weight": 0.3064771294593811,
        "lowlevel.loudness_ebu128.momentary.median": -15.809951782226562,
        "rhythm.bpm": 88.0291519165039,
        "rhythm.beats_loudness.dvar2": 0.0009286683634854853,
        "lowlevel.loudness_ebu128.short_term.dmean": 0.13202176988124847,
        "lowlevel.spectral_centroid.stdev": 519.3843994140625,
        "lowlevel.spectral_centroid.dmean": 141.9702911376953,
        "lowlevel.spectral_centroid.dmean2": 220.70899963378906,
        "rhythm.danceability": 1.0783751010894775,
        "lowlevel.spectral_centroid.min": 173.57908630371094,
        "rhythm.bpm_histogram_second_peak_spread": 0.5
    },
    "outlier_flag": false,
    "outlier_reasons": null,
    "raw_versions": [
        {
            "id": "NoeLgkeFewM",
            "title": "Grateful Dead - Mystery Train / My Babe 11/8/70",
            "views": 8358,
            "features": {
                "lowlevel.average_loudness": 0.3274548649787903,
                "lowlevel.loudness_ebu128.integrated": -14.805184364318848,
                "lowlevel.loudness_ebu128.loudness_range": 8.678834915161133,
                "lowlevel.loudness_ebu128.momentary.dmean": 0.8580806851387024,
                "lowlevel.loudness_ebu128.momentary.dmean2": 0.8564730286598206,
                "lowlevel.loudness_ebu128.momentary.dvar": 1.2329802513122559,
                "lowlevel.loudness_ebu128.momentary.dvar2": 1.7747281789779663,
                "lowlevel.loudness_ebu128.momentary.max": -8.481806755065918,
                "lowlevel.loudness_ebu128.momentary.mean": -16.812923431396484,
                "lowlevel.loudness_ebu128.momentary.median": -15.809951782226562,
                "lowlevel.loudness_ebu128.momentary.min": -90.60367584228516,
                "lowlevel.loudness_ebu128.momentary.stdev": 5.094982147216797,
                "lowlevel.loudness_ebu128.momentary.var": 25.958843231201172,
                "lowlevel.loudness_ebu128.short_term.dmean": 0.13202176988124847,
                "lowlevel.loudness_ebu128.short_term.dmean2": 0.10869362205266953,
                "lowlevel.loudness_ebu128.short_term.dvar": 0.025094104930758476,
                "lowlevel.loudness_ebu128.short_term.dvar2": 0.020088575780391693,
                "lowlevel.loudness_ebu128.short_term.max": -10.096600532531738,
                "lowlevel.loudness_ebu128.short_term.mean": -16.04159927368164,
                "lowlevel.loudness_ebu128.short_term.median": -15.541849136352539,
                "lowlevel.loudness_ebu128.short_term.min": -28.22160530090332,
                "lowlevel.loudness_ebu128.short_term.stdev": 3.330948829650879,
                "lowlevel.loudness_ebu128.short_term.var": 11.095219612121582,
                "lowlevel.spectral_centroid.dmean": 141.9702911376953,
                "lowlevel.spectral_centroid.dmean2": 220.70899963378906,
                "lowlevel.spectral_centroid.dvar": 27974.0625,
                "lowlevel.spectral_centroid.dvar2": 57421.00390625,
                "lowlevel.spectral_centroid.max": 11631.0458984375,
                "lowlevel.spectral_centroid.mean": 887.6249389648438,
                "lowlevel.spectral_centroid.median": 791.557861328125,
                "lowlevel.spectral_centroid.min": 173.57908630371094,
                "lowlevel.spectral_centroid.stdev": 519.3843994140625,
                "lowlevel.spectral_centroid.var": 269760.125,
                "metadata.audio_properties.analysis.equal_loudness": 0.0,
                "rhythm.beats_loudness.dmean": 0.015549707226455212,
                "rhythm.beats_loudness.dmean2": 0.02709861472249031,
                "rhythm.beats_loudness.dvar": 0.0003275734488852322,
                "rhythm.beats_loudness.dvar2": 0.0009286683634854853,
                "rhythm.beats_loudness.max": 0.17076361179351807,
                "rhythm.beats_loudness.mean": 0.024519765749573708,
                "rhythm.beats_loudness.median": 0.017082251608371735,
                "rhythm.beats_loudness.min": 1.1593285220712346e-09,
                "rhythm.beats_loudness.stdev": 0.023159796372056007,
                "rhythm.beats_loudness.var": 0.0005363761447370052,
                "rhythm.bpm": 88.0291519165039,
                "rhythm.bpm_histogram_first_peak_bpm": 88.0,
                "rhythm.bpm_histogram_first_peak_weight": 0.3064771294593811,
                "rhythm.bpm_histogram_second_peak_bpm": 148.0,
                "rhythm.bpm_histogram_second_peak_spread": 0.5,
                "rhythm.bpm_histogram_second_peak_weight": 0.0341968908905983,
                "rhythm.danceability": 1.0783751010894775
            }
        }
    ]
}