{
    "song_title": "My Brother Esau",
    "artist": "Grateful Dead",
    "num_versions_processed": 2,
    "average_features": {
        "lowlevel.loudness_ebu128.short_term.dvar2": 0.30187934171408415,
        "lowlevel.loudness_ebu128.momentary.var": 297.01516914367676,
        "lowlevel.loudness_ebu128.momentary.min": -66.35509490966797,
        "lowlevel.spectral_centroid.dvar": 62699.787109375,
        "rhythm.beats_loudness.min": 2.8299201175530087e-05,
        "lowlevel.spectral_centroid.mean": 1123.8995361328125,
        "rhythm.beats_loudness.dvar": 0.00043078862654510885,
        "rhythm.bpm_histogram_first_peak_bpm": 144.0,
        "rhythm.beats_loudness.median": 0.023219880647957325,
        "lowlevel.loudness_ebu128.integrated": -16.73413896560669,
        "lowlevel.loudness_ebu128.short_term.mean": -21.777029991149902,
        "rhythm.beats_loudness.dmean2": 0.031322330236434937,
        "lowlevel.loudness_ebu128.momentary.dvar2": 1.1302331984043121,
        "rhythm.bpm_histogram_second_peak_weight": 0.05837283004075289,
        "lowlevel.loudness_ebu128.loudness_range": 6.264993667602539,
        "rhythm.bpm_histogram_second_peak_bpm": 137.5,
        "lowlevel.loudness_ebu128.short_term.min": -60.099769592285156,
        "lowlevel.loudness_ebu128.short_term.stdev": 13.281443119049072,
        "lowlevel.loudness_ebu128.short_term.dmean2": 0.12329624965786934,
        "lowlevel.loudness_ebu128.short_term.var": 283.7137670516968,
        "rhythm.beats_loudness.mean": 0.027449946850538254,
        "lowlevel.spectral_centroid.max": 8006.837158203125,
        "lowlevel.loudness_ebu128.momentary.dvar": 0.7822070717811584,
        "rhythm.beats_loudness.stdev": 0.023125268518924713,
        "lowlevel.loudness_ebu128.momentary.max": -9.853277206420898,
        "lowlevel.spectral_centroid.median": 786.6582946777344,
        "lowlevel.loudness_ebu128.momentary.dmean": 0.7091063857078552,
        "lowlevel.loudness_ebu128.short_term.dvar": 0.1773166786879301,
        "rhythm.beats_loudness.var": 0.0005350361752789468,
        "lowlevel.loudness_ebu128.momentary.stdev": 13.96247148513794,
        "lowlevel.loudness_ebu128.momentary.mean": -22.419095039367676,
        "rhythm.beats_loudness.dmean": 0.017772618681192398,
        "lowlevel.average_loudness": 0.561448410153389,
        "lowlevel.loudness_ebu128.short_term.median": -17.18233871459961,
        "rhythm.beats_loudness.max": 0.2091682404279709,
        "metadata.audio_properties.analysis.equal_loudness": 0.0,
        "lowlevel.loudness_ebu128.momentary.dmean2": 0.7921539843082428,
        "lowlevel.spectral_centroid.dvar2": 127822.265625,
        "lowlevel.loudness_ebu128.short_term.max": -13.016151428222656,
        "lowlevel.spectral_centroid.var": 1047358.703125,
        "rhythm.bpm_histogram_first_peak_weight": 0.34788429737091064,
        "lowlevel.loudness_ebu128.momentary.median": -17.715535163879395,
        "rhythm.bpm": 142.88885498046875,
        "rhythm.beats_loudness.dvar2": 0.0012165074585936964,
        "lowlevel.loudness_ebu128.short_term.dmean": 0.11250604689121246,
        "lowlevel.spectral_centroid.stdev": 913.40283203125,
        "lowlevel.spectral_centroid.dmean": 186.6618881225586,
        "lowlevel.spectral_centroid.dmean2": 287.2669219970703,
        "rhythm.danceability": 1.1373948454856873,
        "lowlevel.spectral_centroid.min": 207.8556137084961,
        "rhythm.bpm_histogram_second_peak_spread": 0.0
    },
    "outlier_flag": false,
    "outlier_reasons": null,
    "raw_versions": [
        {
            "id": "5ma96SLsANs",
            "title": "Grateful Dead - My Brother Esau - 12/31/1983 - San Francisco Civic Auditorium (Official)",
            "views": 14007,
            "features": {
                "lowlevel.average_loudness": 0.6402975916862488,
                "lowlevel.loudness_ebu128.integrated": -17.63508415222168,
                "lowlevel.loudness_ebu128.loudness_range": 6.845497131347656,
                "lowlevel.loudness_ebu128.momentary.dmean": 0.7682822942733765,
                "lowlevel.loudness_ebu128.momentary.dmean2": 0.8317890763282776,
                "lowlevel.loudness_ebu128.momentary.dvar": 0.6098579168319702,
                "lowlevel.loudness_ebu128.momentary.dvar2": 0.740556538105011,
                "lowlevel.loudness_ebu128.momentary.max": -9.846503257751465,
                "lowlevel.loudness_ebu128.momentary.mean": -19.13576316833496,
                "lowlevel.loudness_ebu128.momentary.median": -18.695688247680664,
                "lowlevel.loudness_ebu128.momentary.min": -42.02690887451172,
                "lowlevel.loudness_ebu128.momentary.stdev": 3.8597707748413086,
                "lowlevel.loudness_ebu128.momentary.var": 14.897830963134766,
                "lowlevel.loudness_ebu128.short_term.dmean": 0.11734843999147415,
                "lowlevel.loudness_ebu128.short_term.dmean2": 0.12162430584430695,
                "lowlevel.loudness_ebu128.short_term.dvar": 0.01620795950293541,
                "lowlevel.loudness_ebu128.short_term.dvar2": 0.016601255163550377,
                "lowlevel.loudness_ebu128.short_term.max": -13.664478302001953,
                "lowlevel.loudness_ebu128.short_term.mean": -18.528453826904297,
                "lowlevel.loudness_ebu128.short_term.median": -18.077999114990234,
                "lowlevel.loudness_ebu128.short_term.min": -30.102981567382812,
                "lowlevel.loudness_ebu128.short_term.stdev": 2.9220495223999023,
                "lowlevel.loudness_ebu128.short_term.var": 8.538373947143555,
                "lowlevel.spectral_centroid.dmean": 140.47384643554688,
                "lowlevel.spectral_centroid.dmean2": 211.79150390625,
                "lowlevel.spectral_centroid.dvar": 48650.89453125,
                "lowlevel.spectral_centroid.dvar2": 101050.46875,
                "lowlevel.spectral_centroid.max": 4945.79833984375,
                "lowlevel.spectral_centroid.mean": 719.9942626953125,
                "lowlevel.spectral_centroid.median": 574.1489868164062,
                "lowlevel.spectral_centroid.min": 206.48475646972656,
                "lowlevel.spectral_centroid.stdev": 451.8250732421875,
                "lowlevel.spectral_centroid.var": 204145.90625,
                "metadata.audio_properties.analysis.equal_loudness": 0.0,
                "rhythm.beats_loudness.dmean": 0.01820467598736286,
                "rhythm.beats_loudness.dmean2": 0.03271663188934326,
                "rhythm.beats_loudness.dvar": 0.0004795362474396825,
                "rhythm.beats_loudness.dvar2": 0.001390061341226101,
                "rhythm.beats_loudness.max": 0.216781347990036,
                "rhythm.beats_loudness.mean": 0.02685491181910038,
                "rhythm.beats_loudness.median": 0.02255614474415779,
                "rhythm.beats_loudness.min": 5.659718590322882e-05,
                "rhythm.beats_loudness.stdev": 0.02261720784008503,
                "rhythm.beats_loudness.var": 0.0005115381209179759,
                "rhythm.bpm": 142.9532012939453,
                "rhythm.bpm_histogram_first_peak_bpm": 144.0,
                "rhythm.bpm_histogram_first_peak_weight": 0.32248520851135254,
                "rhythm.bpm_histogram_second_peak_bpm": 152.0,
                "rhythm.bpm_histogram_second_peak_spread": 0.0,
                "rhythm.bpm_histogram_second_peak_weight": 0.019971469417214394,
                "rhythm.danceability": 1.1037784814834595
            }
        },
        {
            "id": "-oiDybSHiPk",
            "title": "Grateful Dead: My Brother Esau - Atlanta, GA 10-28-1985",
            "views": 5767,
            "features": {
                "lowlevel.average_loudness": 0.4825992286205292,
                "lowlevel.loudness_ebu128.integrated": -15.8331937789917,
                "lowlevel.loudness_ebu128.loudness_range": 5.684490203857422,
                "lowlevel.loudness_ebu128.momentary.dmean": 0.649930477142334,