{
    "song_title": "My Own Fault",
    "artist": "Grateful Dead",
    "num_versions_processed": 3,
    "average_features": {
        "lowlevel.loudness_ebu128.momentary.dmean2": 0.7523408532142639,
        "lowlevel.loudness_ebu128.short_term.median": -13.612233479817709,
        "lowlevel.spectral_centroid.median": 1018.1045735677084,
        "rhythm.beats_loudness.var": 0.00043806975008919835,
        "rhythm.beats_loudness.dvar": 0.00024004401348065585,
        "lowlevel.loudness_ebu128.short_term.stdev": 3.2279891967773438,
        "lowlevel.loudness_ebu128.integrated": -13.258761405944824,
        "rhythm.beats_loudness.max": 0.13987470914920172,
        "lowlevel.spectral_centroid.max": 11343.756184895834,
        "lowlevel.spectral_centroid.min": 187.5987294514974,
        "lowlevel.loudness_ebu128.momentary.stdev": 4.977139075597127,
        "rhythm.bpm": 160.77621459960938,
        "lowlevel.loudness_ebu128.loudness_range": 8.325676600138346,
        "rhythm.beats_loudness.mean": 0.03165764734148979,
        "rhythm.bpm_histogram_second_peak_weight": 0.18417537460724512,
        "metadata.audio_properties.analysis.equal_loudness": 0.0,
        "lowlevel.loudness_ebu128.short_term.var": 11.201245466868082,
        "rhythm.beats_loudness.dvar2": 0.0007030139677226543,
        "rhythm.bpm_histogram_second_peak_bpm": 159.0,
        "lowlevel.loudness_ebu128.momentary.mean": -15.035261789957682,
        "lowlevel.loudness_ebu128.short_term.max": -9.313532193501791,
        "rhythm.beats_loudness.stdev": 0.02084715726474921,
        "lowlevel.loudness_ebu128.momentary.dmean": 0.6980975667635599,
        "lowlevel.spectral_centroid.mean": 1092.5579427083333,
        "lowlevel.spectral_centroid.stdev": 490.84607950846356,
        "rhythm.beats_loudness.median": 0.027968650373319786,
        "lowlevel.loudness_ebu128.short_term.dmean": 0.10730274518330891,
        "lowlevel.loudness_ebu128.short_term.dvar2": 0.012763453647494316,
        "rhythm.beats_loudness.dmean2": 0.0284659235427777,
        "lowlevel.loudness_ebu128.short_term.mean": -14.40542475382487,
        "lowlevel.loudness_ebu128.momentary.var": 25.513906796773274,
        "rhythm.beats_loudness.dmean": 0.01622869974623124,
        "lowlevel.loudness_ebu128.momentary.min": -87.32860056559245,
        "lowlevel.loudness_ebu128.momentary.dvar": 0.7161737084388733,
        "lowlevel.spectral_centroid.dmean": 159.0590565999349,
        "lowlevel.spectral_centroid.var": 241657.82291666666,
        "rhythm.beats_loudness.min": 8.574094706448321e-08,
        "lowlevel.average_loudness": 0.5866560935974121,
        "lowlevel.loudness_ebu128.short_term.dmean2": 0.09608029822508495,
        "lowlevel.loudness_ebu128.short_term.min": -30.066447575887043,
        "rhythm.bpm_histogram_first_peak_bpm": 161.66666666666666,
        "lowlevel.loudness_ebu128.momentary.max": -7.318232377370198,
        "lowlevel.spectral_centroid.dmean2": 242.45179748535156,
        "rhythm.bpm_histogram_second_peak_spread": 0.08150851726531982,
        "lowlevel.loudness_ebu128.short_term.dvar": 0.015478546420733133,
        "lowlevel.loudness_ebu128.momentary.median": -13.985323905944824,
        "rhythm.danceability": 1.0939431190490723,
        "lowlevel.spectral_centroid.dvar": 36710.535807291664,
        "rhythm.bpm_histogram_first_peak_weight": 0.17586294809977213,
        "lowlevel.loudness_ebu128.momentary.dvar2": 0.9024767080942789,
        "lowlevel.spectral_centroid.dvar2": 75431.92708333333
    },
    "outlier_flag": true,
    "outlier_reasons": [
        "BPM Variance: 39.51 (limit 20)",
        "Danceability Variance: 0.20 (limit 0.2)"
    ],
    "raw_versions": [
        {
            "id": "Ufaufhyl1Fo",
            "title": "Grateful Dead - My Own Fault 12/1/66",
            "views": 2884,
            "features": {
                "lowlevel.average_loudness": 0.3621490001678467,
                "lowlevel.loudness_ebu128.integrated": -13.22739315032959,
                "lowlevel.loudness_ebu128.loudness_range": 9.098068237304688,
                "lowlevel.loudness_ebu128.momentary.dmean": 0.909942090511322,
                "lowlevel.loudness_ebu128.momentary.dmean2": 0.9618579745292664,
                "lowlevel.loudness_ebu128.momentary.dvar": 1.0938361883163452,
                "lowlevel.loudness_ebu128.momentary.dvar2": 1.3878331184387207,
                "lowlevel.loudness_ebu128.momentary.max": -5.583259582519531,
                "lowlevel.loudness_ebu128.momentary.mean": -15.559527397155762,
                "lowlevel.loudness_ebu128.momentary.median": -14.729623794555664,
                "lowlevel.loudness_ebu128.momentary.min": -80.96045684814453,
                "lowlevel.loudness_ebu128.momentary.stdev": 5.242465019226074,
                "lowlevel.loudness_ebu128.momentary.var": 27.483440399169922,
                "lowlevel.loudness_ebu128.short_term.dmean": 0.14549820125102997,
                "lowlevel.loudness_ebu128.short_term.dmean2": 0.12125121802091599,
                "lowlevel.loudness_ebu128.short_term.dvar": 0.030139466747641563,
                "lowlevel.loudness_ebu128.short_term.dvar2": 0.02402276173233986,
                "lowlevel.loudness_ebu128.short_term.max": -8.703974723815918,
                "lowlevel.loudness_ebu128.short_term.mean": -14.57851505279541,
                "lowlevel.loudness_ebu128.short_term.median": -13.897581100463867,
                "lowlevel.loudness_ebu128.short_term.min": -32.984840393066406,
                "lowlevel.loudness_ebu128.short_term.stdev": 3.4827940464019775,
                "lowlevel.loudness_ebu128.short_term.var": 12.129855155944824,
                "lowlevel.spectral_centroid.dmean": 165.925048828125,
                "lowlevel.spectral_centroid.dmean2": 255.34283447265625,
                "lowlevel.spectral_centroid.dvar": 31922.439453125,
                "lowlevel.spectral_centroid.dvar2": 67504.671875,
                "lowlevel.spectral_centroid.max": 11473.232421875,
                "lowlevel.spectral_centroid.mean": 1503.2789306640625,
                "lowlevel.spectral_centroid.median": 1491.548095703125,
                "lowlevel.spectral_centroid.min": 255.95079040527344,
                "lowlevel.spectral_centroid.stdev": 484.93951416015625,
                "lowlevel.spectral_centroid.var": 235166.328125,
                "metadata.audio_properties.analysis.equal_loudness": 0.0,
                "rhythm.beats_loudness.dmean": 0.013832973316311836,
                "rhythm.beats_loudness.dmean2": 0.023989174515008926,
                "rhythm.beats_loudness.dvar": 0.00021441980788949877,
                "rhythm.beats_loudness.dvar2": 0.0005852401372976601,
                "rhythm.beats_loudness.max": 0.13900592923164368,
                "rhythm.beats_loudness.mean": 0.021023645997047424,
                "rhythm.beats_loudness.median": 0.015065125189721584,
                "rhythm.beats_loudness.min": 2.555837852469267e-07,
                "rhythm.beats_loudness.stdev": 0.019024554640054703,
                "rhythm.beats_loudness.var": 0.0003619336639530957,
                "rhythm.bpm": 178.20587158203125,
                "rhythm.bpm_histogram_first_peak_bpm": 178.0,
                "rhythm.bpm_histogram_first_peak_weight": 0.0,
                "rhythm.bpm_histogram_second_peak_bpm": 172.0,
                "rhythm.bpm_histogram_second_peak_spread": 0.0,
                "rhythm.bpm_histogram_second_peak_weight": 0.10375276207923889,
                "rhythm.danceability": 0.9803416728973389
            }
        },
        {
            "id": "L3D71KjnWLg",
            "title": "Grateful Dead - Lost Sailor/Saint Of Circumstance (New York, NY 10/31/80)",
            "views": 276415,
            "features": {
                "lowlevel.average_loudness": 0.7701587080955505,
                "lowlevel.loudness_ebu128.integrated": -14.516340255737305,
                "lowlevel.loudness_ebu128.loudness_range": 10.681219100952148,