{
    "song_title": "My Own Fault",
    "artist": "Grateful Dead",
    "num_versions_processed": 1,
    "average_features": {
        "lowlevel.spectral_centroid.dmean": 164.248046875,
        "lowlevel.loudness_ebu128.short_term.mean": -14.586410522460938,
        "rhythm.bpm_histogram_first_peak_weight": 0.0,
        "lowlevel.loudness_ebu128.short_term.median": -13.904623985290527,
        "lowlevel.loudness_ebu128.momentary.dvar": 0.9357777237892151,
        "lowlevel.loudness_ebu128.short_term.stdev": 3.4896302223205566,
        "rhythm.bpm_histogram_second_peak_spread": 0.0,
        "rhythm.beats_loudness.dmean": 0.015092287212610245,
        "rhythm.beats_loudness.min": 0.00013095854956191033,
        "lowlevel.loudness_ebu128.momentary.dmean2": 0.9415218830108643,
        "rhythm.danceability": 0.9808551669120789,
        "lowlevel.loudness_ebu128.momentary.stdev": 4.7634382247924805,
        "metadata.audio_properties.analysis.equal_loudness": 0.0,
        "rhythm.beats_loudness.stdev": 0.01975943334400654,
        "lowlevel.loudness_ebu128.momentary.mean": -15.451143264770508,
        "lowlevel.loudness_ebu128.momentary.median": -14.738061904907227,
        "lowlevel.loudness_ebu128.momentary.max": -5.556910514831543,
        "rhythm.beats_loudness.median": 0.016239799559116364,
        "rhythm.beats_loudness.dmean2": 0.026176756247878075,
        "lowlevel.loudness_ebu128.loudness_range": 9.09684944152832,
        "lowlevel.spectral_centroid.dmean2": 252.43789672851562,
        "lowlevel.loudness_ebu128.integrated": -13.230463981628418,
        "rhythm.beats_loudness.dvar": 0.00024793267948552966,
        "lowlevel.loudness_ebu128.short_term.dmean": 0.14495480060577393,
        "lowlevel.spectral_centroid.var": 222023.140625,
        "rhythm.beats_loudness.max": 0.13939978182315826,
        "lowlevel.loudness_ebu128.short_term.dmean2": 0.12055782228708267,
        "lowlevel.loudness_ebu128.short_term.max": -8.686365127563477,
        "lowlevel.spectral_centroid.min": 263.8870849609375,
        "lowlevel.average_loudness": 0.3933410942554474,
        "lowlevel.loudness_ebu128.short_term.min": -33.117431640625,
        "rhythm.bpm_histogram_second_peak_bpm": 172.0,
        "lowlevel.loudness_ebu128.short_term.dvar": 0.02895912528038025,
        "rhythm.beats_loudness.dvar2": 0.0006895150290802121,
        "lowlevel.loudness_ebu128.short_term.var": 12.177519798278809,
        "rhythm.beats_loudness.var": 0.0003904351906385273,
        "rhythm.bpm_histogram_first_peak_bpm": 178.0,
        "lowlevel.loudness_ebu128.momentary.var": 22.69034194946289,
        "lowlevel.spectral_centroid.median": 1487.5877685546875,
        "lowlevel.spectral_centroid.stdev": 471.1933288574219,
        "lowlevel.spectral_centroid.max": 3480.30126953125,
        "lowlevel.loudness_ebu128.short_term.dvar2": 0.021353216841816902,
        "rhythm.beats_loudness.mean": 0.022067200392484665,
        "lowlevel.loudness_ebu128.momentary.dmean": 0.8938019871711731,
        "rhythm.bpm": 89.59811401367188,
        "lowlevel.spectral_centroid.dvar": 28904.296875,
        "lowlevel.spectral_centroid.mean": 1499.4423828125,
        "lowlevel.loudness_ebu128.momentary.min": -34.9608154296875,
        "lowlevel.loudness_ebu128.momentary.dvar2": 1.1941419839859009,
        "rhythm.bpm_histogram_second_peak_weight": 0.1071428582072258,
        "lowlevel.spectral_centroid.dvar2": 63519.796875
    },
    "outlier_flag": false,
    "outlier_reasons": null,
    "raw_versions": [
        {
            "id": "Ufaufhyl1Fo",
            "title": "Grateful Dead - My Own Fault 12/1/66",
            "views": 2884,
            "features": {
                "lowlevel.average_loudness": 0.3933410942554474,
                "lowlevel.loudness_ebu128.integrated": -13.230463981628418,
                "lowlevel.loudness_ebu128.loudness_range": 9.09684944152832,
                "lowlevel.loudness_ebu128.momentary.dmean": 0.8938019871711731,
                "lowlevel.loudness_ebu128.momentary.dmean2": 0.9415218830108643,
                "lowlevel.loudness_ebu128.momentary.dvar": 0.9357777237892151,
                "lowlevel.loudness_ebu128.momentary.dvar2": 1.1941419839859009,
                "lowlevel.loudness_ebu128.momentary.max": -5.556910514831543,
                "lowlevel.loudness_ebu128.momentary.mean": -15.451143264770508,
                "lowlevel.loudness_ebu128.momentary.median": -14.738061904907227,
                "lowlevel.loudness_ebu128.momentary.min": -34.9608154296875,
                "lowlevel.loudness_ebu128.momentary.stdev": 4.7634382247924805,
                "lowlevel.loudness_ebu128.momentary.var": 22.69034194946289,
                "lowlevel.loudness_ebu128.short_term.dmean": 0.14495480060577393,
                "lowlevel.loudness_ebu128.short_term.dmean2": 0.12055782228708267,
                "lowlevel.loudness_ebu128.short_term.dvar": 0.02895912528038025,
                "lowlevel.loudness_ebu128.short_term.dvar2": 0.021353216841816902,
                "lowlevel.loudness_ebu128.short_term.max": -8.686365127563477,
                "lowlevel.loudness_ebu128.short_term.mean": -14.586410522460938,
                "lowlevel.loudness_ebu128.short_term.median": -13.904623985290527,
                "lowlevel.loudness_ebu128.short_term.min": -33.117431640625,
                "lowlevel.loudness_ebu128.short_term.stdev": 3.4896302223205566,
                "lowlevel.loudness_ebu128.short_term.var": 12.177519798278809,
                "lowlevel.spectral_centroid.dmean": 164.248046875,
                "lowlevel.spectral_centroid.dmean2": 252.43789672851562,
                "lowlevel.spectral_centroid.dvar": 28904.296875,
                "lowlevel.spectral_centroid.dvar2": 63519.796875,
                "lowlevel.spectral_centroid.max": 3480.30126953125,
                "lowlevel.spectral_centroid.mean": 1499.4423828125,
                "lowlevel.spectral_centroid.median": 1487.5877685546875,
                "lowlevel.spectral_centroid.min": 263.8870849609375,
                "lowlevel.spectral_centroid.stdev": 471.1933288574219,
                "lowlevel.spectral_centroid.var": 222023.140625,
                "metadata.audio_properties.analysis.equal_loudness": 0.0,
                "rhythm.beats_loudness.dmean": 0.015092287212610245,
                "rhythm.beats_loudness.dmean2": 0.026176756247878075,
                "rhythm.beats_loudness.dvar": 0.00024793267948552966,
                "rhythm.beats_loudness.dvar2": 0.0006895150290802121,
                "rhythm.beats_loudness.max": 0.13939978182315826,
                "rhythm.beats_loudness.mean": 0.022067200392484665,
                "rhythm.beats_loudness.median": 0.016239799559116364,
                "rhythm.beats_loudness.min": 0.00013095854956191033,
                "rhythm.beats_loudness.stdev": 0.01975943334400654,
                "rhythm.beats_loudness.var": 0.0003904351906385273,
                "rhythm.bpm": 89.59811401367188,
                "rhythm.bpm_histogram_first_peak_bpm": 178.0,
                "rhythm.bpm_histogram_first_peak_weight": 0.0,
                "rhythm.bpm_histogram_second_peak_bpm": 172.0,
                "rhythm.bpm_histogram_second_peak_spread": 0.0,
                "rhythm.bpm_histogram_second_peak_weight": 0.1071428582072258,
                "rhythm.danceability": 0.9808551669120789
            }
        }
    ]
}