{
    "song_title": "Mystery Train",
    "artist": "Grateful Dead",
    "num_versions_processed": 3,
    "average_features": {
        "lowlevel.loudness_ebu128.short_term.dvar2": 0.004672380009045203,
        "lowlevel.loudness_ebu128.momentary.var": 23.72730580965678,
        "lowlevel.loudness_ebu128.momentary.min": -48.42567698160807,
        "lowlevel.spectral_centroid.dvar": 73329.99869791667,
        "rhythm.beats_loudness.min": 0.002998991425350465,
        "lowlevel.spectral_centroid.mean": 1074.9981689453125,
        "rhythm.beats_loudness.dvar": 0.0001601069379830733,
        "rhythm.bpm_histogram_first_peak_bpm": 126.66666666666667,
        "rhythm.beats_loudness.median": 0.03612928713361422,
        "lowlevel.loudness_ebu128.integrated": -12.176663716634115,
        "lowlevel.loudness_ebu128.short_term.mean": -12.621941566467285,
        "rhythm.beats_loudness.dmean2": 0.02446248133977254,
        "lowlevel.loudness_ebu128.momentary.dvar2": 0.36729806164900464,
        "rhythm.bpm_histogram_second_peak_weight": 0.0520107364282012,
        "lowlevel.loudness_ebu128.loudness_range": 2.846318562825521,
        "rhythm.bpm_histogram_second_peak_bpm": 138.33333333333334,
        "lowlevel.loudness_ebu128.short_term.min": -28.687952041625977,
        "lowlevel.loudness_ebu128.short_term.stdev": 2.2395478884379068,
        "lowlevel.loudness_ebu128.short_term.dmean2": 0.06217573086420695,
        "lowlevel.loudness_ebu128.short_term.var": 7.592042485872905,
        "rhythm.beats_loudness.mean": 0.038004969557126365,
        "lowlevel.spectral_centroid.max": 11189.982096354166,
        "lowlevel.loudness_ebu128.momentary.dvar": 0.3121262987454732,
        "rhythm.beats_loudness.stdev": 0.01684028437982003,
        "lowlevel.loudness_ebu128.momentary.max": -8.98281733194987,
        "lowlevel.spectral_centroid.median": 996.4510091145834,
        "lowlevel.loudness_ebu128.momentary.dmean": 0.4022733171780904,
        "lowlevel.loudness_ebu128.short_term.dvar": 0.0065979052645464735,
        "rhythm.beats_loudness.var": 0.00028670590836554766,
        "lowlevel.loudness_ebu128.momentary.stdev": 3.9458142518997192,
        "lowlevel.loudness_ebu128.momentary.mean": -12.984986623128256,
        "rhythm.beats_loudness.dmean": 0.014290219483276209,
        "lowlevel.average_loudness": 0.8963147401809692,
        "lowlevel.loudness_ebu128.short_term.median": -12.146916707356771,
        "rhythm.beats_loudness.max": 0.11040105173985164,
        "metadata.audio_properties.analysis.equal_loudness": 0.0,
        "lowlevel.loudness_ebu128.momentary.dmean2": 0.49260061979293823,
        "lowlevel.spectral_centroid.dvar2": 165520.86458333334,
        "lowlevel.loudness_ebu128.short_term.max": -10.047382672627768,
        "lowlevel.spectral_centroid.var": 248858.09375,
        "rhythm.bpm_histogram_first_peak_weight": 0.42415966590245563,
        "lowlevel.loudness_ebu128.momentary.median": -12.276447296142578,
        "rhythm.bpm": 126.9028091430664,
        "rhythm.beats_loudness.dvar2": 0.000454471301054582,
        "lowlevel.loudness_ebu128.short_term.dmean": 0.06537123024463654,
        "lowlevel.spectral_centroid.stdev": 496.8356221516927,
        "lowlevel.spectral_centroid.dmean": 227.54705810546875,
        "lowlevel.spectral_centroid.dmean2": 364.8267313639323,
        "rhythm.danceability": 1.1403143008550007,
        "lowlevel.spectral_centroid.min": 232.2608896891276,
        "rhythm.bpm_histogram_second_peak_spread": 0.15845070282618204
    },
    "outlier_flag": false,
    "outlier_reasons": null,
    "raw_versions": [
        {
            "id": "LvvM5GlJz38",
            "title": "ELVIS PRESLEY - Mystery Train / Tiger Man (Las Vegas 1970)  New Edit 4K",
            "views": 91250,
            "features": {
                "lowlevel.average_loudness": 0.8300597667694092,
                "lowlevel.loudness_ebu128.integrated": -14.761687278747559,
                "lowlevel.loudness_ebu128.loudness_range": 3.9936695098876953,
                "lowlevel.loudness_ebu128.momentary.dmean": 0.39828187227249146,
                "lowlevel.loudness_ebu128.momentary.dmean2": 0.42540884017944336,
                "lowlevel.loudness_ebu128.momentary.dvar": 0.17911146581172943,
                "lowlevel.loudness_ebu128.momentary.dvar2": 0.15795813500881195,
                "lowlevel.loudness_ebu128.momentary.max": -11.012767791748047,
                "lowlevel.loudness_ebu128.momentary.mean": -16.542774200439453,
                "lowlevel.loudness_ebu128.momentary.median": -15.019964218139648,
                "lowlevel.loudness_ebu128.momentary.min": -90.79329681396484,
                "lowlevel.loudness_ebu128.momentary.stdev": 7.888213157653809,
                "lowlevel.loudness_ebu128.momentary.var": 62.223907470703125,
                "lowlevel.loudness_ebu128.short_term.dmean": 0.08507446944713593,
                "lowlevel.loudness_ebu128.short_term.dmean2": 0.06623302400112152,
                "lowlevel.loudness_ebu128.short_term.dvar": 0.01365665066987276,
                "lowlevel.loudness_ebu128.short_term.dvar2": 0.007599294185638428,
                "lowlevel.loudness_ebu128.short_term.max": -12.244773864746094,
                "lowlevel.loudness_ebu128.short_term.mean": -15.794915199279785,
                "lowlevel.loudness_ebu128.short_term.median": -14.765381813049316,
                "lowlevel.loudness_ebu128.short_term.min": -53.554595947265625,
                "lowlevel.loudness_ebu128.short_term.stdev": 4.489461898803711,
                "lowlevel.loudness_ebu128.short_term.var": 20.155269622802734,
                "lowlevel.spectral_centroid.dmean": 206.4144744873047,
                "lowlevel.spectral_centroid.dmean2": 323.5947265625,
                "lowlevel.spectral_centroid.dvar": 59167.43359375,
                "lowlevel.spectral_centroid.dvar2": 128498.328125,
                "lowlevel.spectral_centroid.max": 11280.0322265625,
                "lowlevel.spectral_centroid.mean": 1220.4246826171875,
                "lowlevel.spectral_centroid.median": 1139.8232421875,
                "lowlevel.spectral_centroid.min": 303.5009460449219,
                "lowlevel.spectral_centroid.stdev": 539.1356811523438,
                "lowlevel.spectral_centroid.var": 290667.3125,
                "metadata.audio_properties.analysis.equal_loudness": 0.0,
                "rhythm.beats_loudness.dmean": 0.01249741017818451,
                "rhythm.beats_loudness.dmean2": 0.021585701033473015,
                "rhythm.beats_loudness.dvar": 0.00015267563867382705,
                "rhythm.beats_loudness.dvar2": 0.000428762286901474,
                "rhythm.beats_loudness.max": 0.10529730468988419,
                "rhythm.beats_loudness.mean": 0.031448014080524445,
                "rhythm.beats_loudness.median": 0.028963953256607056,
                "rhythm.beats_loudness.min": 1.2362944001864662e-09,
                "rhythm.beats_loudness.stdev": 0.017595399171113968,
                "rhythm.beats_loudness.var": 0.00030959805008023977,
                "rhythm.bpm": 135.79306030273438,
                "rhythm.bpm_histogram_first_peak_bpm": 136.0,
                "rhythm.bpm_histogram_first_peak_weight": 0.4455445408821106,
                "rhythm.bpm_histogram_second_peak_bpm": 172.0,
                "rhythm.bpm_histogram_second_peak_spread": 0.0,
                "rhythm.bpm_histogram_second_peak_weight": 0.05154639109969139,
                "rhythm.danceability": 1.0275976657867432
            }
        },
        {
            "id": "Sv1NSXp9vWY",
            "title": "Crossroads 2010 18)tema-Mystery Train- Vince Gill , Keb Mo, Albert Lee, James Burton, & Earl Klugh-",
            "views": 4445346,
            "features": {
                "lowlevel.average_loudness": 0.9469797015190125,
                "lowlevel.loudness_ebu128.integrated": -10.1416654586792,
                "lowlevel.loudness_ebu128.loudness_range": 2.2905664443969727,