{
    "song_title": "Neighbourhood Girls",
    "artist": "Grateful Dead",
    "num_versions_processed": 3,
    "average_features": {
        "rhythm.beats_loudness.dvar": 0.00021505816645609835,
        "lowlevel.loudness_ebu128.momentary.median": -20.193278630574543,
        "lowlevel.loudness_ebu128.short_term.min": -44.034817377726235,
        "lowlevel.loudness_ebu128.short_term.dvar": 0.01821938754680256,
        "rhythm.beats_loudness.dvar2": 0.0006401979092818996,
        "rhythm.beats_loudness.min": 7.961206786625634e-05,
        "lowlevel.loudness_ebu128.momentary.min": -89.4897689819336,
        "rhythm.bpm_histogram_second_peak_weight": 0.03969564537207285,
        "lowlevel.spectral_centroid.min": 231.71583048502603,
        "lowlevel.spectral_centroid.var": 364129.8541666667,
        "lowlevel.loudness_ebu128.short_term.dvar2": 0.013849766924977303,
        "lowlevel.loudness_ebu128.short_term.stdev": 3.150743285814921,
        "rhythm.beats_loudness.max": 0.10355355342229207,
        "lowlevel.loudness_ebu128.momentary.dvar2": 2.7989676694075265,
        "lowlevel.spectral_centroid.dvar2": 171245.0546875,
        "lowlevel.loudness_ebu128.momentary.max": -16.164087613423664,
        "lowlevel.average_loudness": 0.9125576615333557,
        "lowlevel.loudness_ebu128.momentary.var": 30.22918764750163,
        "lowlevel.loudness_ebu128.loudness_range": 5.760673522949219,
        "rhythm.beats_loudness.dmean": 0.016084715723991394,
        "lowlevel.loudness_ebu128.momentary.dvar": 1.4241502086321514,
        "metadata.audio_properties.analysis.equal_loudness": 0.0,
        "lowlevel.spectral_centroid.dmean": 232.6623331705729,
        "rhythm.bpm": 125.8962631225586,
        "lowlevel.spectral_centroid.dvar": 81095.90625,
        "lowlevel.loudness_ebu128.momentary.dmean2": 0.5975490013758341,
        "rhythm.bpm_histogram_first_peak_weight": 0.31965408722559613,
        "rhythm.bpm_histogram_second_peak_spread": 0.2334087292353312,
        "lowlevel.loudness_ebu128.momentary.mean": -21.32645543416341,
        "lowlevel.loudness_ebu128.momentary.dmean": 0.5360009173552195,
        "rhythm.beats_loudness.mean": 0.03303060742715994,
        "rhythm.bpm_histogram_second_peak_bpm": 128.66666666666666,
        "lowlevel.loudness_ebu128.integrated": -20.126376469930012,
        "rhythm.beats_loudness.var": 0.0003532271269553651,
        "lowlevel.loudness_ebu128.momentary.stdev": 5.188327153523763,
        "lowlevel.loudness_ebu128.short_term.var": 11.04814608891805,
        "lowlevel.spectral_centroid.max": 8916.166666666666,
        "rhythm.beats_loudness.dmean2": 0.027959784492850304,
        "rhythm.danceability": 1.1588096618652344,
        "lowlevel.loudness_ebu128.short_term.max": -17.934324264526367,
        "lowlevel.spectral_centroid.mean": 1167.3308512369792,
        "rhythm.beats_loudness.stdev": 0.018732221176226933,
        "lowlevel.loudness_ebu128.short_term.dmean2": 0.08215398341417313,
        "lowlevel.loudness_ebu128.short_term.dmean": 0.0857628807425499,
        "lowlevel.loudness_ebu128.short_term.mean": -20.819061279296875,
        "rhythm.bpm_histogram_first_peak_bpm": 126.66666666666667,
        "lowlevel.loudness_ebu128.short_term.median": -20.05373255411784,
        "lowlevel.spectral_centroid.median": 1057.465799967448,
        "lowlevel.spectral_centroid.stdev": 596.8324991861979,
        "lowlevel.spectral_centroid.dmean2": 359.4641520182292,
        "rhythm.beats_loudness.median": 0.03199285641312599
    },
    "outlier_flag": false,
    "outlier_reasons": null,
    "raw_versions": [
        {
            "id": "7cUVCORj5Co",
            "title": "The Neighbourhood - Female Robbery (Live on Letterman)",
            "views": 655923,
            "features": {
                "lowlevel.average_loudness": 0.927401602268219,
                "lowlevel.loudness_ebu128.integrated": -18.26726722717285,
                "lowlevel.loudness_ebu128.loudness_range": 4.822332382202148,
                "lowlevel.loudness_ebu128.momentary.dmean": 0.38975271582603455,
                "lowlevel.loudness_ebu128.momentary.dmean2": 0.43792080879211426,
                "lowlevel.loudness_ebu128.momentary.dvar": 2.6468167304992676,
                "lowlevel.loudness_ebu128.momentary.dvar2": 5.853147983551025,
                "lowlevel.loudness_ebu128.momentary.max": -14.842406272888184,
                "lowlevel.loudness_ebu128.momentary.mean": -18.7854061126709,
                "lowlevel.loudness_ebu128.momentary.median": -18.265348434448242,
                "lowlevel.loudness_ebu128.momentary.min": -90.01312255859375,
                "lowlevel.loudness_ebu128.momentary.stdev": 2.837550163269043,
                "lowlevel.loudness_ebu128.momentary.var": 8.051691055297852,
                "lowlevel.loudness_ebu128.short_term.dmean": 0.05739589035511017,
                "lowlevel.loudness_ebu128.short_term.dmean2": 0.04678717255592346,
                "lowlevel.loudness_ebu128.short_term.dvar": 0.0032960951793938875,
                "lowlevel.loudness_ebu128.short_term.dvar2": 0.0019327206537127495,
                "lowlevel.loudness_ebu128.short_term.max": -15.942615509033203,
                "lowlevel.loudness_ebu128.short_term.mean": -18.54741096496582,
                "lowlevel.loudness_ebu128.short_term.median": -18.20401382446289,
                "lowlevel.loudness_ebu128.short_term.min": -26.596975326538086,
                "lowlevel.loudness_ebu128.short_term.stdev": 1.6641546487808228,
                "lowlevel.loudness_ebu128.short_term.var": 2.7694106101989746,
                "lowlevel.spectral_centroid.dmean": 168.56434631347656,
                "lowlevel.spectral_centroid.dmean2": 260.8149108886719,
                "lowlevel.spectral_centroid.dvar": 33145.9140625,
                "lowlevel.spectral_centroid.dvar2": 72317.1328125,
                "lowlevel.spectral_centroid.max": 5069.2333984375,
                "lowlevel.spectral_centroid.mean": 920.1083984375,
                "lowlevel.spectral_centroid.median": 838.3753051757812,
                "lowlevel.spectral_centroid.min": 214.7436065673828,
                "lowlevel.spectral_centroid.stdev": 473.9854736328125,
                "lowlevel.spectral_centroid.var": 224662.21875,
                "metadata.audio_properties.analysis.equal_loudness": 0.0,
                "rhythm.beats_loudness.dmean": 0.016118498519062996,
                "rhythm.beats_loudness.dmean2": 0.027128685265779495,
                "rhythm.beats_loudness.dvar": 0.00020198141282889992,
                "rhythm.beats_loudness.dvar2": 0.0005931296036578715,
                "rhythm.beats_loudness.max": 0.10598547011613846,
                "rhythm.beats_loudness.mean": 0.042363665997982025,
                "rhythm.beats_loudness.median": 0.04261573404073715,
                "rhythm.beats_loudness.min": 0.0002388232824159786,
                "rhythm.beats_loudness.stdev": 0.020826907828450203,
                "rhythm.beats_loudness.var": 0.0004337600548751652,
                "rhythm.bpm": 88.04669952392578,
                "rhythm.bpm_histogram_first_peak_bpm": 88.0,
                "rhythm.bpm_histogram_first_peak_weight": 0.10309278964996338,
                "rhythm.bpm_histogram_second_peak_bpm": 110.0,
                "rhythm.bpm_histogram_second_peak_spread": 0.4117646813392639,
                "rhythm.bpm_histogram_second_peak_weight": 0.031545739620923996,
                "rhythm.danceability": 1.038844347000122
            }
        },
        {
            "id": "w-AY9aZOqzI",
            "title": "Suzanne Vega - Neighborhood Girls (Live Royal Albert Hall 1986)",
            "views": 9825,
            "features": {
                "lowlevel.average_loudness": 0.8942209482192993,
                "lowlevel.loudness_ebu128.integrated": -24.765743255615234,
                "lowlevel.loudness_ebu128.loudness_range": 9.649541854858398,