{
    "song_title": "New Orleans",
    "artist": "Grateful Dead",
    "num_versions_processed": 1,
    "average_features": {
        "lowlevel.loudness_ebu128.momentary.dmean2": 0.9161832332611084,
        "lowlevel.loudness_ebu128.short_term.median": -21.160484313964844,
        "lowlevel.spectral_centroid.median": 553.2696533203125,
        "rhythm.beats_loudness.var": 0.0013160191010683775,
        "rhythm.beats_loudness.dvar": 0.0008567217155359685,
        "lowlevel.loudness_ebu128.short_term.stdev": 7.646483421325684,
        "lowlevel.loudness_ebu128.integrated": -17.75320053100586,
        "rhythm.beats_loudness.max": 0.394989013671875,
        "lowlevel.spectral_centroid.max": 10556.8544921875,
        "lowlevel.spectral_centroid.min": 140.6969757080078,
        "lowlevel.loudness_ebu128.momentary.stdev": 8.549267768859863,
        "rhythm.bpm": 117.63168334960938,
        "lowlevel.loudness_ebu128.loudness_range": 17.333284378051758,
        "rhythm.beats_loudness.mean": 0.025081437081098557,
        "rhythm.bpm_histogram_second_peak_weight": 0.14008121192455292,
        "metadata.audio_properties.analysis.equal_loudness": 0.0,
        "lowlevel.loudness_ebu128.short_term.var": 58.468711853027344,
        "rhythm.beats_loudness.dvar2": 0.002397115807980299,
        "rhythm.bpm_histogram_second_peak_bpm": 140.0,
        "lowlevel.loudness_ebu128.momentary.mean": -24.037172317504883,
        "lowlevel.loudness_ebu128.short_term.max": -10.202333450317383,
        "rhythm.beats_loudness.stdev": 0.03627697750926018,
        "lowlevel.loudness_ebu128.momentary.dmean": 0.8876692652702332,
        "lowlevel.spectral_centroid.mean": 726.9415893554688,
        "lowlevel.spectral_centroid.stdev": 501.913330078125,
        "rhythm.beats_loudness.median": 0.01215982437133789,
        "lowlevel.loudness_ebu128.short_term.dmean": 0.14871414005756378,
        "lowlevel.loudness_ebu128.short_term.dvar2": 0.03818297013640404,
        "rhythm.beats_loudness.dmean2": 0.029559284448623657,
        "lowlevel.loudness_ebu128.short_term.mean": -23.112464904785156,
        "lowlevel.loudness_ebu128.momentary.var": 73.08997344970703,
        "rhythm.beats_loudness.dmean": 0.016872337087988853,
        "lowlevel.loudness_ebu128.momentary.min": -90.52314758300781,
        "lowlevel.loudness_ebu128.momentary.dvar": 0.9850594401359558,
        "lowlevel.spectral_centroid.dmean": 101.25528717041016,
        "lowlevel.spectral_centroid.var": 251917.0,
        "rhythm.beats_loudness.min": 1.4302959927547931e-09,
        "lowlevel.average_loudness": 0.011617632582783699,
        "lowlevel.loudness_ebu128.short_term.dmean2": 0.11976484209299088,
        "lowlevel.loudness_ebu128.short_term.min": -51.23151397705078,
        "rhythm.bpm_histogram_first_peak_bpm": 117.0,
        "lowlevel.loudness_ebu128.momentary.max": -7.412028789520264,
        "lowlevel.spectral_centroid.dmean2": 154.72467041015625,
        "rhythm.bpm_histogram_second_peak_spread": 0.49317944049835205,
        "lowlevel.loudness_ebu128.short_term.dvar": 0.04188059642910957,
        "lowlevel.loudness_ebu128.momentary.median": -22.073219299316406,
        "rhythm.danceability": 1.044588565826416,
        "lowlevel.spectral_centroid.dvar": 26705.791015625,
        "rhythm.bpm_histogram_first_peak_weight": 0.48977601528167725,
        "lowlevel.loudness_ebu128.momentary.dvar2": 1.3059617280960083,
        "lowlevel.spectral_centroid.dvar2": 54371.171875
    },
    "outlier_flag": false,
    "outlier_reasons": null,
    "raw_versions": [
        {
            "id": "jfxfPYImfK8",
            "title": "Grateful Dead New Orleans 1980-10-18 Saenger Theatre NOLA Acoustic Set Soundboard Partial",
            "views": 387,
            "features": {
                "lowlevel.average_loudness": 0.011617632582783699,
                "lowlevel.loudness_ebu128.integrated": -17.75320053100586,
                "lowlevel.loudness_ebu128.loudness_range": 17.333284378051758,
                "lowlevel.loudness_ebu128.momentary.dmean": 0.8876692652702332,
                "lowlevel.loudness_ebu128.momentary.dmean2": 0.9161832332611084,
                "lowlevel.loudness_ebu128.momentary.dvar": 0.9850594401359558,
                "lowlevel.loudness_ebu128.momentary.dvar2": 1.3059617280960083,
                "lowlevel.loudness_ebu128.momentary.max": -7.412028789520264,
                "lowlevel.loudness_ebu128.momentary.mean": -24.037172317504883,
                "lowlevel.loudness_ebu128.momentary.median": -22.073219299316406,
                "lowlevel.loudness_ebu128.momentary.min": -90.52314758300781,
                "lowlevel.loudness_ebu128.momentary.stdev": 8.549267768859863,
                "lowlevel.loudness_ebu128.momentary.var": 73.08997344970703,
                "lowlevel.loudness_ebu128.short_term.dmean": 0.14871414005756378,
                "lowlevel.loudness_ebu128.short_term.dmean2": 0.11976484209299088,
                "lowlevel.loudness_ebu128.short_term.dvar": 0.04188059642910957,
                "lowlevel.loudness_ebu128.short_term.dvar2": 0.03818297013640404,
                "lowlevel.loudness_ebu128.short_term.max": -10.202333450317383,
                "lowlevel.loudness_ebu128.short_term.mean": -23.112464904785156,
                "lowlevel.loudness_ebu128.short_term.median": -21.160484313964844,
                "lowlevel.loudness_ebu128.short_term.min": -51.23151397705078,
                "lowlevel.loudness_ebu128.short_term.stdev": 7.646483421325684,
                "lowlevel.loudness_ebu128.short_term.var": 58.468711853027344,
                "lowlevel.spectral_centroid.dmean": 101.25528717041016,
                "lowlevel.spectral_centroid.dmean2": 154.72467041015625,
                "lowlevel.spectral_centroid.dvar": 26705.791015625,
                "lowlevel.spectral_centroid.dvar2": 54371.171875,
                "lowlevel.spectral_centroid.max": 10556.8544921875,
                "lowlevel.spectral_centroid.mean": 726.9415893554688,
                "lowlevel.spectral_centroid.median": 553.2696533203125,
                "lowlevel.spectral_centroid.min": 140.6969757080078,
                "lowlevel.spectral_centroid.stdev": 501.913330078125,
                "lowlevel.spectral_centroid.var": 251917.0,
                "metadata.audio_properties.analysis.equal_loudness": 0.0,
                "rhythm.beats_loudness.dmean": 0.016872337087988853,
                "rhythm.beats_loudness.dmean2": 0.029559284448623657,
                "rhythm.beats_loudness.dvar": 0.0008567217155359685,
                "rhythm.beats_loudness.dvar2": 0.002397115807980299,
                "rhythm.beats_loudness.max": 0.394989013671875,
                "rhythm.beats_loudness.mean": 0.025081437081098557,
                "rhythm.beats_loudness.median": 0.01215982437133789,
                "rhythm.beats_loudness.min": 1.4302959927547931e-09,
                "rhythm.beats_loudness.stdev": 0.03627697750926018,
                "rhythm.beats_loudness.var": 0.0013160191010683775,
                "rhythm.bpm": 117.63168334960938,
                "rhythm.bpm_histogram_first_peak_bpm": 117.0,
                "rhythm.bpm_histogram_first_peak_weight": 0.48977601528167725,
                "rhythm.bpm_histogram_second_peak_bpm": 140.0,
                "rhythm.bpm_histogram_second_peak_spread": 0.49317944049835205,
                "rhythm.bpm_histogram_second_peak_weight": 0.14008121192455292,
                "rhythm.danceability": 1.044588565826416
            }
        }
    ]
}