{
    "song_title": "New Potato Caboose",
    "artist": "Grateful Dead",
    "num_versions_processed": 3,
    "average_features": {
        "lowlevel.loudness_ebu128.momentary.dmean2": 0.590734581152598,
        "lowlevel.loudness_ebu128.short_term.median": -15.963186264038086,
        "lowlevel.spectral_centroid.median": 963.13623046875,
        "rhythm.beats_loudness.var": 0.00047840130476591486,
        "rhythm.beats_loudness.dvar": 0.0002035012900402459,
        "lowlevel.loudness_ebu128.short_term.stdev": 3.284182548522949,
        "lowlevel.loudness_ebu128.integrated": -15.803927739461264,
        "rhythm.beats_loudness.max": 0.15415139496326447,
        "lowlevel.spectral_centroid.max": 6437.53564453125,
        "lowlevel.spectral_centroid.min": 181.65623982747397,
        "lowlevel.loudness_ebu128.momentary.stdev": 4.1810652414957685,
        "rhythm.bpm": 132.154296875,
        "lowlevel.loudness_ebu128.loudness_range": 7.723767280578613,
        "rhythm.beats_loudness.mean": 0.032436978071928024,
        "rhythm.bpm_histogram_second_peak_weight": 0.087342436114947,
        "metadata.audio_properties.analysis.equal_loudness": 0.0,
        "lowlevel.loudness_ebu128.short_term.var": 11.385907967885336,
        "rhythm.beats_loudness.dvar2": 0.0005898528227893015,
        "rhythm.bpm_histogram_second_peak_bpm": 126.0,
        "lowlevel.loudness_ebu128.momentary.mean": -17.294342358907063,
        "lowlevel.loudness_ebu128.short_term.max": -11.252921104431152,
        "rhythm.beats_loudness.stdev": 0.021459913502136867,
        "lowlevel.loudness_ebu128.momentary.dmean": 0.5789721409479777,
        "lowlevel.spectral_centroid.mean": 1007.0669555664062,
        "lowlevel.spectral_centroid.stdev": 415.7088114420573,
        "rhythm.beats_loudness.median": 0.029126542309919994,
        "lowlevel.loudness_ebu128.short_term.dmean": 0.09298446029424667,
        "lowlevel.loudness_ebu128.short_term.dvar2": 0.007093619244794051,
        "rhythm.beats_loudness.dmean2": 0.02430557832121849,
        "lowlevel.loudness_ebu128.short_term.mean": -16.870025634765625,
        "lowlevel.loudness_ebu128.momentary.var": 17.979530652364094,
        "rhythm.beats_loudness.dmean": 0.014077702537178993,
        "lowlevel.loudness_ebu128.momentary.min": -51.024452209472656,
        "lowlevel.loudness_ebu128.momentary.dvar": 0.4301746090253194,
        "lowlevel.spectral_centroid.dmean": 156.53829447428384,
        "lowlevel.spectral_centroid.var": 173496.67708333334,
        "rhythm.beats_loudness.min": 6.679236715475174e-05,
        "lowlevel.average_loudness": 0.4568459093570709,
        "lowlevel.loudness_ebu128.short_term.dmean2": 0.07609482606252034,
        "lowlevel.loudness_ebu128.short_term.min": -34.62945238749186,
        "rhythm.bpm_histogram_first_peak_bpm": 133.0,
        "lowlevel.loudness_ebu128.momentary.max": -9.720098177591959,
        "lowlevel.spectral_centroid.dmean2": 234.98663330078125,
        "rhythm.bpm_histogram_second_peak_spread": 0.41752050320307416,
        "lowlevel.loudness_ebu128.short_term.dvar": 0.01103630568832159,
        "lowlevel.loudness_ebu128.momentary.median": -16.196609497070312,
        "rhythm.danceability": 1.0233725309371948,
        "lowlevel.spectral_centroid.dvar": 28359.831380208332,
        "rhythm.bpm_histogram_first_peak_weight": 0.5882784128189087,
        "lowlevel.loudness_ebu128.momentary.dvar2": 0.5402531226476034,
        "lowlevel.spectral_centroid.dvar2": 58573.361979166664
    },
    "outlier_flag": false,
    "outlier_reasons": null,
    "raw_versions": [
        {
            "id": "e6ple1eNEl0",
            "title": "New Potato Caboose (Live at Carousel Ballroom, San Francisco, CA, March 17, 1968)",
            "views": 2304,
            "features": {
                "lowlevel.average_loudness": 0.2830471992492676,
                "lowlevel.loudness_ebu128.integrated": -13.74386215209961,
                "lowlevel.loudness_ebu128.loudness_range": 6.373865127563477,
                "lowlevel.loudness_ebu128.momentary.dmean": 0.5336777567863464,
                "lowlevel.loudness_ebu128.momentary.dmean2": 0.5402202010154724,
                "lowlevel.loudness_ebu128.momentary.dvar": 0.3992619812488556,
                "lowlevel.loudness_ebu128.momentary.dvar2": 0.4906136989593506,
                "lowlevel.loudness_ebu128.momentary.max": -7.214350700378418,
                "lowlevel.loudness_ebu128.momentary.mean": -14.833975791931152,
                "lowlevel.loudness_ebu128.momentary.median": -13.978752136230469,
                "lowlevel.loudness_ebu128.momentary.min": -52.19482421875,
                "lowlevel.loudness_ebu128.momentary.stdev": 3.626661539077759,
                "lowlevel.loudness_ebu128.momentary.var": 13.152674674987793,
                "lowlevel.loudness_ebu128.short_term.dmean": 0.08247873187065125,
                "lowlevel.loudness_ebu128.short_term.dmean2": 0.07109266519546509,
                "lowlevel.loudness_ebu128.short_term.dvar": 0.008042220957577229,
                "lowlevel.loudness_ebu128.short_term.dvar2": 0.005791892297565937,
                "lowlevel.loudness_ebu128.short_term.max": -8.299795150756836,
                "lowlevel.loudness_ebu128.short_term.mean": -14.432567596435547,
                "lowlevel.loudness_ebu128.short_term.median": -13.850996017456055,
                "lowlevel.loudness_ebu128.short_term.min": -27.373701095581055,
                "lowlevel.loudness_ebu128.short_term.stdev": 2.5804176330566406,
                "lowlevel.loudness_ebu128.short_term.var": 6.658555507659912,
                "lowlevel.spectral_centroid.dmean": 151.60557556152344,
                "lowlevel.spectral_centroid.dmean2": 226.99237060546875,
                "lowlevel.spectral_centroid.dvar": 29225.080078125,
                "lowlevel.spectral_centroid.dvar2": 60183.47265625,
                "lowlevel.spectral_centroid.max": 3934.439453125,
                "lowlevel.spectral_centroid.mean": 813.0104370117188,
                "lowlevel.spectral_centroid.median": 740.6248779296875,
                "lowlevel.spectral_centroid.min": 166.7115020751953,
                "lowlevel.spectral_centroid.stdev": 385.801513671875,
                "lowlevel.spectral_centroid.var": 148842.796875,
                "metadata.audio_properties.analysis.equal_loudness": 0.0,
                "rhythm.beats_loudness.dmean": 0.01669125445187092,
                "rhythm.beats_loudness.dmean2": 0.028752489015460014,
                "rhythm.beats_loudness.dvar": 0.00032019743230193853,
                "rhythm.beats_loudness.dvar2": 0.000878591206856072,
                "rhythm.beats_loudness.max": 0.22076761722564697,
                "rhythm.beats_loudness.mean": 0.03761669620871544,
                "rhythm.beats_loudness.median": 0.03313438221812248,
                "rhythm.beats_loudness.min": 4.959981197316665e-06,
                "rhythm.beats_loudness.stdev": 0.026754923164844513,
                "rhythm.beats_loudness.var": 0.0007158259395509958,
                "rhythm.bpm": 132.72227478027344,
                "rhythm.bpm_histogram_first_peak_bpm": 133.0,
                "rhythm.bpm_histogram_first_peak_weight": 0.5909732580184937,
                "rhythm.bpm_histogram_second_peak_bpm": 126.0,
                "rhythm.bpm_histogram_second_peak_spread": 0.3968254327774048,
                "rhythm.bpm_histogram_second_peak_weight": 0.10565338283777237,
                "rhythm.danceability": 1.0183809995651245
            }
        },
        {
            "id": "YJUfUAkIvIg",
            "title": "Grateful Dead - New Potato Caboose, Born Cross Eyed 1968-01-22",
            "views": 12438,
            "features": {
                "lowlevel.average_loudness": 0.6791881322860718,
                "lowlevel.loudness_ebu128.integrated": -18.091297149658203,
                "lowlevel.loudness_ebu128.loudness_range": 7.278619766235352,