{
    "song_title": "New Minglewood Blues",
    "artist": "Grateful Dead",
    "num_versions_processed": 3,
    "average_features": {
        "lowlevel.loudness_ebu128.momentary.dmean2": 1.0184611280759175,
        "lowlevel.loudness_ebu128.short_term.median": -19.5237938563029,
        "lowlevel.spectral_centroid.median": 1166.5983479817708,
        "rhythm.beats_loudness.var": 0.001214785462555786,
        "rhythm.beats_loudness.dvar": 0.000867120649976035,
        "lowlevel.loudness_ebu128.short_term.stdev": 3.876995086669922,
        "lowlevel.loudness_ebu128.integrated": -19.43698024749756,
        "rhythm.beats_loudness.max": 0.22167757650216421,
        "lowlevel.spectral_centroid.max": 11039.822591145834,
        "lowlevel.spectral_centroid.min": 203.20770263671875,
        "lowlevel.loudness_ebu128.momentary.stdev": 4.620810270309448,
        "rhythm.bpm": 108.39903767903645,
        "lowlevel.loudness_ebu128.loudness_range": 3.4623498916625977,
        "rhythm.beats_loudness.mean": 0.058454481263955436,
        "rhythm.bpm_histogram_second_peak_weight": 0.025129443655411404,
        "metadata.audio_properties.analysis.equal_loudness": 0.0,
        "lowlevel.loudness_ebu128.short_term.var": 20.037431399027508,
        "rhythm.beats_loudness.dvar2": 0.0026499737286940217,
        "rhythm.bpm_histogram_second_peak_bpm": 110.66666666666667,
        "lowlevel.loudness_ebu128.momentary.mean": -20.98637517293294,
        "lowlevel.loudness_ebu128.short_term.max": -16.832568486531574,
        "rhythm.beats_loudness.stdev": 0.033894615868727364,
        "lowlevel.loudness_ebu128.momentary.dmean": 0.6914571523666382,
        "lowlevel.spectral_centroid.mean": 1232.6019287109375,
        "lowlevel.spectral_centroid.stdev": 530.9349161783854,
        "rhythm.beats_loudness.median": 0.05492334937055906,
        "lowlevel.loudness_ebu128.short_term.dmean": 0.0932977373401324,
        "lowlevel.loudness_ebu128.short_term.dvar2": 0.018834703757117193,
        "rhythm.beats_loudness.dmean2": 0.05160582189758619,
        "lowlevel.loudness_ebu128.short_term.mean": -20.63458506266276,
        "lowlevel.loudness_ebu128.momentary.var": 27.44645055135091,
        "rhythm.beats_loudness.dmean": 0.029481758053104084,
        "lowlevel.loudness_ebu128.momentary.min": -51.47896067301432,
        "lowlevel.loudness_ebu128.momentary.dvar": 0.5144395530223846,
        "lowlevel.spectral_centroid.dmean": 223.8335927327474,
        "lowlevel.spectral_centroid.var": 284765.1875,
        "rhythm.beats_loudness.min": 0.00011198987279688784,
        "lowlevel.average_loudness": 0.8749251961708069,
        "lowlevel.loudness_ebu128.short_term.dmean2": 0.11984155078728993,
        "lowlevel.loudness_ebu128.short_term.min": -40.4042002360026,
        "rhythm.bpm_histogram_first_peak_bpm": 108.33333333333333,
        "lowlevel.loudness_ebu128.momentary.max": -15.376283009847006,
        "lowlevel.spectral_centroid.dmean2": 342.57908630371094,
        "rhythm.bpm_histogram_second_peak_spread": 0.29964401324590045,
        "lowlevel.loudness_ebu128.short_term.dvar": 0.018445328654100496,
        "lowlevel.loudness_ebu128.momentary.median": -19.6312157313029,
        "rhythm.danceability": 1.4284427960713704,
        "lowlevel.spectral_centroid.dvar": 56347.979166666664,
        "rhythm.bpm_histogram_first_peak_weight": 0.4552440643310547,
        "lowlevel.loudness_ebu128.momentary.dvar2": 0.9396194616953532,
        "lowlevel.spectral_centroid.dvar2": 122489.26302083333
    },
    "outlier_flag": false,
    "outlier_reasons": null,
    "raw_versions": [
        {
            "id": "IC4QWv3doDE",
            "title": "New Minglewood Blues (Live at Barton Hall, Cornell University, Ithaca, NY 5/8/77)",
            "views": 442997,
            "features": {
                "lowlevel.average_loudness": 0.798523485660553,
                "lowlevel.loudness_ebu128.integrated": -14.458453178405762,
                "lowlevel.loudness_ebu128.loudness_range": 3.4746294021606445,
                "lowlevel.loudness_ebu128.momentary.dmean": 0.8452022075653076,
                "lowlevel.loudness_ebu128.momentary.dmean2": 1.2529401779174805,
                "lowlevel.loudness_ebu128.momentary.dvar": 0.9058413505554199,
                "lowlevel.loudness_ebu128.momentary.dvar2": 1.580485224723816,
                "lowlevel.loudness_ebu128.momentary.max": -9.48861312866211,
                "lowlevel.loudness_ebu128.momentary.mean": -17.761648178100586,
                "lowlevel.loudness_ebu128.momentary.median": -14.877213478088379,
                "lowlevel.loudness_ebu128.momentary.min": -63.536888122558594,
                "lowlevel.loudness_ebu128.momentary.stdev": 8.112040519714355,
                "lowlevel.loudness_ebu128.momentary.var": 65.80520629882812,
                "lowlevel.loudness_ebu128.short_term.dmean": 0.12156602740287781,
                "lowlevel.loudness_ebu128.short_term.dmean2": 0.1656058430671692,
                "lowlevel.loudness_ebu128.short_term.dvar": 0.043448254466056824,
                "lowlevel.loudness_ebu128.short_term.dvar2": 0.04238218069076538,
                "lowlevel.loudness_ebu128.short_term.max": -11.551067352294922,
                "lowlevel.loudness_ebu128.short_term.mean": -17.154644012451172,
                "lowlevel.loudness_ebu128.short_term.median": -14.718920707702637,
                "lowlevel.loudness_ebu128.short_term.min": -44.19828796386719,
                "lowlevel.loudness_ebu128.short_term.stdev": 7.037775993347168,
                "lowlevel.loudness_ebu128.short_term.var": 49.53028869628906,
                "lowlevel.spectral_centroid.dmean": 161.59837341308594,
                "lowlevel.spectral_centroid.dmean2": 240.82603454589844,
                "lowlevel.spectral_centroid.dvar": 36403.62890625,
                "lowlevel.spectral_centroid.dvar2": 73412.6171875,
                "lowlevel.spectral_centroid.max": 11581.3486328125,
                "lowlevel.spectral_centroid.mean": 835.310546875,
                "lowlevel.spectral_centroid.median": 739.616943359375,
                "lowlevel.spectral_centroid.min": 135.98690795898438,
                "lowlevel.spectral_centroid.stdev": 455.15106201171875,
                "lowlevel.spectral_centroid.var": 207162.5,
                "metadata.audio_properties.analysis.equal_loudness": 0.0,
                "rhythm.beats_loudness.dmean": 0.037542566657066345,
                "rhythm.beats_loudness.dmean2": 0.06642033904790878,
                "rhythm.beats_loudness.dvar": 0.0015815255464985967,
                "rhythm.beats_loudness.dvar2": 0.004930594004690647,
                "rhythm.beats_loudness.max": 0.26640745997428894,
                "rhythm.beats_loudness.mean": 0.06000329926609993,
                "rhythm.beats_loudness.median": 0.05329384654760361,
                "rhythm.beats_loudness.min": 2.3929842427605763e-06,
                "rhythm.beats_loudness.stdev": 0.045137032866477966,
                "rhythm.beats_loudness.var": 0.002037351718172431,
                "rhythm.bpm": 105.26768493652344,
                "rhythm.bpm_histogram_first_peak_bpm": 105.0,
                "rhythm.bpm_histogram_first_peak_weight": 0.4798464775085449,
                "rhythm.bpm_histogram_second_peak_bpm": 112.0,
                "rhythm.bpm_histogram_second_peak_spread": 0.52173912525177,
                "rhythm.bpm_histogram_second_peak_weight": 0.018739352002739906,
                "rhythm.danceability": 1.4471821784973145
            }
        },
        {
            "id": "Zq_FhPSDIEQ",
            "title": "Grateful Dead - New Minglewood Blues (Alpine Valley 7/18/89) (Official Live Video)",
            "views": 324243,
            "features": {
                "lowlevel.average_loudness": 0.8827939033508301,
                "lowlevel.loudness_ebu128.integrated": -21.351701736450195,
                "lowlevel.loudness_ebu128.loudness_range": 3.412527084350586,