{
    "song_title": "Nobody's Fault But Mine Jam",
    "artist": "Grateful Dead",
    "num_versions_processed": 3,
    "average_features": {
        "lowlevel.loudness_ebu128.momentary.dmean2": 1.0114065806070964,
        "lowlevel.loudness_ebu128.short_term.median": -19.08241589864095,
        "lowlevel.spectral_centroid.median": 752.0413411458334,
        "rhythm.beats_loudness.var": 0.0006231618560074518,
        "rhythm.beats_loudness.dvar": 0.00042512498718375963,
        "lowlevel.loudness_ebu128.short_term.stdev": 3.837456385294596,
        "lowlevel.loudness_ebu128.integrated": -18.390151977539062,
        "rhythm.beats_loudness.max": 0.19579332570234934,
        "lowlevel.spectral_centroid.max": 8659.190266927084,
        "lowlevel.spectral_centroid.min": 167.23222859700522,
        "lowlevel.loudness_ebu128.momentary.stdev": 4.976506074269612,
        "rhythm.bpm": 128.88484954833984,
        "lowlevel.loudness_ebu128.loudness_range": 7.089247385660808,
        "rhythm.beats_loudness.mean": 0.03181997872889042,
        "rhythm.bpm_histogram_second_peak_weight": 0.12304837256669998,
        "metadata.audio_properties.analysis.equal_loudness": 0.0,
        "lowlevel.loudness_ebu128.short_term.var": 19.681732177734375,
        "rhythm.beats_loudness.dvar2": 0.0012426155347687502,
        "rhythm.bpm_histogram_second_peak_bpm": 131.33333333333334,
        "lowlevel.loudness_ebu128.momentary.mean": -20.03949737548828,
        "lowlevel.loudness_ebu128.short_term.max": -12.625059127807617,
        "rhythm.beats_loudness.stdev": 0.024789633850256603,
        "lowlevel.loudness_ebu128.momentary.dmean": 0.8821383118629456,
        "lowlevel.spectral_centroid.mean": 874.1031901041666,
        "lowlevel.spectral_centroid.stdev": 483.1400451660156,
        "rhythm.beats_loudness.median": 0.02520147276421388,
        "lowlevel.loudness_ebu128.short_term.dmean": 0.13142622262239456,
        "lowlevel.loudness_ebu128.short_term.dvar2": 0.04105087059239546,
        "rhythm.beats_loudness.dmean2": 0.03699099520842234,
        "lowlevel.loudness_ebu128.short_term.mean": -19.387522379557293,
        "lowlevel.loudness_ebu128.momentary.var": 29.84282112121582,
        "rhythm.beats_loudness.dmean": 0.020903451678653557,
        "lowlevel.loudness_ebu128.momentary.min": -55.24735768636068,
        "lowlevel.loudness_ebu128.momentary.dvar": 0.86256871620814,
        "lowlevel.spectral_centroid.dmean": 143.79806264241537,
        "lowlevel.spectral_centroid.var": 245076.328125,
        "rhythm.beats_loudness.min": 0.00018914252331810508,
        "lowlevel.average_loudness": 0.33410676817099255,
        "lowlevel.loudness_ebu128.short_term.dmean2": 0.12959065785010657,
        "lowlevel.loudness_ebu128.short_term.min": -50.51894760131836,
        "rhythm.bpm_histogram_first_peak_bpm": 128.33333333333334,
        "lowlevel.loudness_ebu128.momentary.max": -10.041985193888346,
        "lowlevel.spectral_centroid.dmean2": 216.21987915039062,
        "rhythm.bpm_histogram_second_peak_spread": 0.29685378074645996,
        "lowlevel.loudness_ebu128.short_term.dvar": 0.035235997289419174,
        "lowlevel.loudness_ebu128.momentary.median": -19.585926691691082,
        "rhythm.danceability": 1.1664870580037434,
        "lowlevel.spectral_centroid.dvar": 36078.177083333336,
        "rhythm.bpm_histogram_first_peak_weight": 0.5495087504386902,
        "lowlevel.loudness_ebu128.momentary.dvar2": 1.31607190767924,
        "lowlevel.spectral_centroid.dvar2": 72934.51953125
    },
    "outlier_flag": false,
    "outlier_reasons": null,
    "raw_versions": [
        {
            "id": "gSZm-ifamKw",
            "title": "Nobody's Fault but Mine (Live at Curtis Hixon Convention Center, Tampa, FL, December 19, 1973)",
            "views": 32340,
            "features": {
                "lowlevel.average_loudness": 0.1828513890504837,
                "lowlevel.loudness_ebu128.integrated": -21.389404296875,
                "lowlevel.loudness_ebu128.loudness_range": 7.301948547363281,
                "lowlevel.loudness_ebu128.momentary.dmean": 1.0036267042160034,
                "lowlevel.loudness_ebu128.momentary.dmean2": 1.154707908630371,
                "lowlevel.loudness_ebu128.momentary.dvar": 1.0514190196990967,
                "lowlevel.loudness_ebu128.momentary.dvar2": 1.5897271633148193,
                "lowlevel.loudness_ebu128.momentary.max": -11.370552062988281,
                "lowlevel.loudness_ebu128.momentary.mean": -23.0114688873291,
                "lowlevel.loudness_ebu128.momentary.median": -22.833995819091797,
                "lowlevel.loudness_ebu128.momentary.min": -38.853736877441406,
                "lowlevel.loudness_ebu128.momentary.stdev": 3.814586877822876,
                "lowlevel.loudness_ebu128.momentary.var": 14.55107307434082,
                "lowlevel.loudness_ebu128.short_term.dmean": 0.1490161418914795,
                "lowlevel.loudness_ebu128.short_term.dmean2": 0.1506182700395584,
                "lowlevel.loudness_ebu128.short_term.dvar": 0.02983345277607441,
                "lowlevel.loudness_ebu128.short_term.dvar2": 0.028335528448224068,
                "lowlevel.loudness_ebu128.short_term.max": -15.341976165771484,
                "lowlevel.loudness_ebu128.short_term.mean": -22.189594268798828,
                "lowlevel.loudness_ebu128.short_term.median": -22.130571365356445,
                "lowlevel.loudness_ebu128.short_term.min": -30.626901626586914,
                "lowlevel.loudness_ebu128.short_term.stdev": 2.541282892227173,
                "lowlevel.loudness_ebu128.short_term.var": 6.458118438720703,
                "lowlevel.spectral_centroid.dmean": 118.73603057861328,
                "lowlevel.spectral_centroid.dmean2": 181.6476287841797,
                "lowlevel.spectral_centroid.dvar": 32558.802734375,
                "lowlevel.spectral_centroid.dvar2": 68290.8515625,
                "lowlevel.spectral_centroid.max": 3330.64599609375,
                "lowlevel.spectral_centroid.mean": 699.6930541992188,
                "lowlevel.spectral_centroid.median": 563.7154541015625,
                "lowlevel.spectral_centroid.min": 136.58265686035156,
                "lowlevel.spectral_centroid.stdev": 427.5169982910156,
                "lowlevel.spectral_centroid.var": 182770.78125,
                "metadata.audio_properties.analysis.equal_loudness": 0.0,
                "rhythm.beats_loudness.dmean": 0.020765909925103188,
                "rhythm.beats_loudness.dmean2": 0.03753691911697388,
                "rhythm.beats_loudness.dvar": 0.0005744642694480717,
                "rhythm.beats_loudness.dvar2": 0.0016387089854106307,
                "rhythm.beats_loudness.max": 0.22584697604179382,
                "rhythm.beats_loudness.mean": 0.02488912083208561,
                "rhythm.beats_loudness.median": 0.016509275883436203,
                "rhythm.beats_loudness.min": 0.0003726859577000141,
                "rhythm.beats_loudness.stdev": 0.025152957066893578,
                "rhythm.beats_loudness.var": 0.0006326712318696082,
                "rhythm.bpm": 130.2073211669922,
                "rhythm.bpm_histogram_first_peak_bpm": 129.0,
                "rhythm.bpm_histogram_first_peak_weight": 0.5107295513153076,
                "rhythm.bpm_histogram_second_peak_bpm": 136.0,
                "rhythm.bpm_histogram_second_peak_spread": 0.07017546892166138,
                "rhythm.bpm_histogram_second_peak_weight": 0.0691905990242958,
                "rhythm.danceability": 1.1359578371047974
            }
        },
        {
            "id": "IsDPpeW8jyA",
            "title": "Gratefu Dead - Nobodys Fault Jam-Smokestack Lightning",
            "views": 14300,
            "features": {
                "lowlevel.average_loudness": 0.6252663135528564,
                "lowlevel.loudness_ebu128.integrated": -16.844432830810547,
                "lowlevel.loudness_ebu128.loudness_range": 5.217998504638672,