{
    "song_title": "Ode For Billie Dean",
    "artist": "Grateful Dead",
    "num_versions_processed": 2,
    "average_features": {
        "lowlevel.loudness_ebu128.short_term.dvar2": 0.010226907092146575,
        "lowlevel.loudness_ebu128.momentary.var": 10.683744311332703,
        "lowlevel.loudness_ebu128.momentary.min": -37.668559074401855,
        "lowlevel.spectral_centroid.dvar": 37812.1162109375,
        "rhythm.beats_loudness.min": 0.0013277014268169296,
        "lowlevel.spectral_centroid.mean": 1068.0219116210938,
        "rhythm.beats_loudness.dvar": 0.00034067118394887075,
        "rhythm.bpm_histogram_first_peak_bpm": 93.0,
        "rhythm.beats_loudness.median": 0.029462497681379318,
        "lowlevel.loudness_ebu128.integrated": -16.19046449661255,
        "lowlevel.loudness_ebu128.short_term.mean": -16.696691513061523,
        "rhythm.beats_loudness.dmean2": 0.0365331070497632,
        "lowlevel.loudness_ebu128.momentary.dvar2": 0.8826782554388046,
        "rhythm.bpm_histogram_second_peak_weight": 0.07536843232810497,
        "lowlevel.loudness_ebu128.loudness_range": 4.485193252563477,
        "rhythm.bpm_histogram_second_peak_bpm": 135.0,
        "lowlevel.loudness_ebu128.short_term.min": -25.239049911499023,
        "lowlevel.loudness_ebu128.short_term.stdev": 1.9411546885967255,
        "lowlevel.loudness_ebu128.short_term.dmean2": 0.08489484712481499,
        "lowlevel.loudness_ebu128.short_term.var": 4.965313613414764,
        "rhythm.beats_loudness.mean": 0.03339388221502304,
        "lowlevel.spectral_centroid.max": 9223.7431640625,
        "lowlevel.loudness_ebu128.momentary.dvar": 0.6146913692355156,
        "rhythm.beats_loudness.stdev": 0.019811089150607586,
        "lowlevel.loudness_ebu128.momentary.max": -10.88585090637207,
        "lowlevel.spectral_centroid.median": 953.1859741210938,
        "lowlevel.loudness_ebu128.momentary.dmean": 0.5853637754917145,
        "lowlevel.loudness_ebu128.short_term.dvar": 0.008600377477705479,
        "rhythm.beats_loudness.var": 0.000412518456869293,
        "lowlevel.loudness_ebu128.momentary.stdev": 2.964697003364563,
        "lowlevel.loudness_ebu128.momentary.mean": -17.071752071380615,
        "rhythm.beats_loudness.dmean": 0.020458648912608624,
        "lowlevel.average_loudness": 0.7805140018463135,
        "lowlevel.loudness_ebu128.short_term.median": -16.27358055114746,
        "rhythm.beats_loudness.max": 0.1275787353515625,
        "metadata.audio_properties.analysis.equal_loudness": 0.0,
        "lowlevel.loudness_ebu128.momentary.dmean2": 0.6796420812606812,
        "lowlevel.spectral_centroid.dvar2": 81072.1015625,
        "lowlevel.loudness_ebu128.short_term.max": -13.105305194854736,
        "lowlevel.spectral_centroid.var": 291197.4140625,
        "rhythm.bpm_histogram_first_peak_weight": 0.5683475732803345,
        "lowlevel.loudness_ebu128.momentary.median": -16.389606475830078,
        "rhythm.bpm": 93.45964050292969,
        "rhythm.beats_loudness.dvar2": 0.0008919931424316019,
        "lowlevel.loudness_ebu128.short_term.dmean": 0.08387390151619911,
        "lowlevel.spectral_centroid.stdev": 537.7072296142578,
        "lowlevel.spectral_centroid.dmean": 162.61178588867188,
        "lowlevel.spectral_centroid.dmean2": 249.35084533691406,
        "rhythm.danceability": 1.1464006900787354,
        "lowlevel.spectral_centroid.min": 186.3964385986328,
        "rhythm.bpm_histogram_second_peak_spread": 0.007352948188781738
    },
    "outlier_flag": false,
    "outlier_reasons": null,
    "raw_versions": [
        {
            "id": "S-kjUHTm5ow",
            "title": "Hot Tuna   Ode For Billy Dean",
            "views": 2197,
            "features": {
                "lowlevel.average_loudness": 0.6687931418418884,
                "lowlevel.loudness_ebu128.integrated": -19.705947875976562,
                "lowlevel.loudness_ebu128.loudness_range": 6.539165496826172,
                "lowlevel.loudness_ebu128.momentary.dmean": 0.6775906085968018,
                "lowlevel.loudness_ebu128.momentary.dmean2": 0.8376045823097229,
                "lowlevel.loudness_ebu128.momentary.dvar": 0.9934287071228027,
                "lowlevel.loudness_ebu128.momentary.dvar2": 1.455891728401184,
                "lowlevel.loudness_ebu128.momentary.max": -14.228952407836914,
                "lowlevel.loudness_ebu128.momentary.mean": -21.206464767456055,
                "lowlevel.loudness_ebu128.momentary.median": -20.045814514160156,
                "lowlevel.loudness_ebu128.momentary.min": -50.91493225097656,
                "lowlevel.loudness_ebu128.momentary.stdev": 4.341038703918457,
                "lowlevel.loudness_ebu128.momentary.var": 18.844615936279297,
                "lowlevel.loudness_ebu128.short_term.dmean": 0.10104747861623764,
                "lowlevel.loudness_ebu128.short_term.dmean2": 0.10340455174446106,
                "lowlevel.loudness_ebu128.short_term.dvar": 0.013864205218851566,
                "lowlevel.loudness_ebu128.short_term.dvar2": 0.016918985173106194,
                "lowlevel.loudness_ebu128.short_term.max": -16.263811111450195,
                "lowlevel.loudness_ebu128.short_term.mean": -20.618501663208008,
                "lowlevel.loudness_ebu128.short_term.median": -19.8161563873291,
                "lowlevel.loudness_ebu128.short_term.min": -34.266357421875,
                "lowlevel.loudness_ebu128.short_term.stdev": 3.0353355407714844,
                "lowlevel.loudness_ebu128.short_term.var": 9.213262557983398,
                "lowlevel.spectral_centroid.dmean": 153.3841094970703,
                "lowlevel.spectral_centroid.dmean2": 235.43533325195312,
                "lowlevel.spectral_centroid.dvar": 28041.095703125,
                "lowlevel.spectral_centroid.dvar2": 63037.828125,
                "lowlevel.spectral_centroid.max": 6969.5478515625,
                "lowlevel.spectral_centroid.mean": 1054.760986328125,
                "lowlevel.spectral_centroid.median": 981.581787109375,
                "lowlevel.spectral_centroid.min": 164.19740295410156,
                "lowlevel.spectral_centroid.stdev": 492.2283020019531,
                "lowlevel.spectral_centroid.var": 242288.703125,
                "metadata.audio_properties.analysis.equal_loudness": 0.0,
                "rhythm.beats_loudness.dmean": 0.024580195546150208,
                "rhythm.beats_loudness.dmean2": 0.044638291001319885,
                "rhythm.beats_loudness.dvar": 0.0004901648499071598,
                "rhythm.beats_loudness.dvar2": 0.0012312784092500806,
                "rhythm.beats_loudness.max": 0.1417173147201538,
                "rhythm.beats_loudness.mean": 0.030966471880674362,
                "rhythm.beats_loudness.median": 0.024889349937438965,
                "rhythm.beats_loudness.min": 2.0791407223441638e-05,
                "rhythm.beats_loudness.stdev": 0.02428760752081871,
                "rhythm.beats_loudness.var": 0.0005898878443986177,
                "rhythm.bpm": 93.1789321899414,
                "rhythm.bpm_histogram_first_peak_bpm": 92.0,
                "rhythm.bpm_histogram_first_peak_weight": 0.5510597229003906,
                "rhythm.bpm_histogram_second_peak_bpm": 98.0,
                "rhythm.bpm_histogram_second_peak_spread": 0.014705896377563477,
                "rhythm.bpm_histogram_second_peak_weight": 0.0997023805975914,
                "rhythm.danceability": 1.1445372104644775
            }
        },
        {
            "id": "awNtGQw7FWU",
            "title": "Hot Tuna - Ode for Billy Dean",
            "views": 99,
            "features": {
                "lowlevel.average_loudness": 0.8922348618507385,
                "lowlevel.loudness_ebu128.integrated": -12.674981117248535,
                "lowlevel.loudness_ebu128.loudness_range": 2.4312210083007812,
                "lowlevel.loudness_ebu128.momentary.dmean": 0.4931369423866272,