{
    "song_title": "Oh Babe It Ain't No Lie",
    "artist": "Grateful Dead",
    "num_versions_processed": 2,
    "average_features": {
        "lowlevel.loudness_ebu128.short_term.dvar2": 0.0069132845383137465,
        "lowlevel.loudness_ebu128.momentary.var": 5.401673197746277,
        "lowlevel.loudness_ebu128.momentary.min": -36.877017974853516,
        "lowlevel.spectral_centroid.dvar": 43798.609375,
        "rhythm.beats_loudness.min": 0.004127959138713777,
        "lowlevel.spectral_centroid.mean": 589.9300384521484,
        "rhythm.beats_loudness.dvar": 0.0005148921627551317,
        "rhythm.bpm_histogram_first_peak_bpm": 130.0,
        "rhythm.beats_loudness.median": 0.03803686611354351,
        "lowlevel.loudness_ebu128.integrated": -26.790382385253906,
        "lowlevel.loudness_ebu128.short_term.mean": -27.051369667053223,
        "rhythm.beats_loudness.dmean2": 0.046828459948301315,
        "lowlevel.loudness_ebu128.momentary.dvar2": 0.4678836762905121,
        "rhythm.bpm_histogram_second_peak_weight": 0.07918291538953781,
        "lowlevel.loudness_ebu128.loudness_range": 3.720187187194824,
        "rhythm.bpm_histogram_second_peak_bpm": 136.0,
        "lowlevel.loudness_ebu128.short_term.min": -32.820119857788086,
        "lowlevel.loudness_ebu128.short_term.stdev": 1.4884980916976929,
        "lowlevel.loudness_ebu128.short_term.dmean2": 0.08333780989050865,
        "lowlevel.loudness_ebu128.short_term.var": 2.4738952219486237,
        "rhythm.beats_loudness.mean": 0.04456477425992489,
        "lowlevel.spectral_centroid.max": 7718.756103515625,
        "lowlevel.loudness_ebu128.momentary.dvar": 0.35949499905109406,
        "rhythm.beats_loudness.stdev": 0.026498310267925262,
        "lowlevel.loudness_ebu128.momentary.max": -21.06990098953247,
        "lowlevel.spectral_centroid.median": 473.3328857421875,
        "lowlevel.loudness_ebu128.momentary.dmean": 0.67533278465271,
        "lowlevel.loudness_ebu128.short_term.dvar": 0.007462974870577455,
        "rhythm.beats_loudness.var": 0.0007021722849458456,
        "lowlevel.loudness_ebu128.momentary.stdev": 2.3026338815689087,
        "lowlevel.loudness_ebu128.momentary.mean": -27.357234954833984,
        "rhythm.beats_loudness.dmean": 0.026069054380059242,
        "lowlevel.average_loudness": 0.8928762376308441,
        "lowlevel.loudness_ebu128.short_term.median": -26.859204292297363,
        "rhythm.beats_loudness.max": 0.1673988737165928,
        "metadata.audio_properties.analysis.equal_loudness": 0.0,
        "lowlevel.loudness_ebu128.momentary.dmean2": 0.71742182970047,
        "lowlevel.spectral_centroid.dvar2": 77459.16015625,
        "lowlevel.loudness_ebu128.short_term.max": -24.36888885498047,
        "lowlevel.spectral_centroid.var": 228990.4765625,
        "rhythm.bpm_histogram_first_peak_weight": 0.4379933774471283,
        "lowlevel.loudness_ebu128.momentary.median": -27.092394828796387,
        "rhythm.bpm": 130.07582473754883,
        "rhythm.beats_loudness.dvar2": 0.001497924793511629,
        "lowlevel.loudness_ebu128.short_term.dmean": 0.09111541137099266,
        "lowlevel.spectral_centroid.stdev": 475.58949279785156,
        "lowlevel.spectral_centroid.dmean": 101.84697341918945,
        "lowlevel.spectral_centroid.dmean2": 153.09711837768555,
        "rhythm.danceability": 1.1857821345329285,
        "lowlevel.spectral_centroid.min": 172.63352966308594,
        "rhythm.bpm_histogram_second_peak_spread": 0.2765151560306549
    },
    "outlier_flag": false,
    "outlier_reasons": null,
    "raw_versions": [
        {
            "id": "g75M0XuoKVw",
            "title": "Grateful Dead - Oh Babe It Ain't No Lie Cut (9-29-1980 at Warfield Theatre)",
            "views": 87,
            "features": {
                "lowlevel.average_loudness": 0.9226231575012207,
                "lowlevel.loudness_ebu128.integrated": -32.29298400878906,
                "lowlevel.loudness_ebu128.loudness_range": 2.7155895233154297,
                "lowlevel.loudness_ebu128.momentary.dmean": 0.695138692855835,
                "lowlevel.loudness_ebu128.momentary.dmean2": 0.6587088108062744,
                "lowlevel.loudness_ebu128.momentary.dvar": 0.3511614203453064,
                "lowlevel.loudness_ebu128.momentary.dvar2": 0.35564082860946655,
                "lowlevel.loudness_ebu128.momentary.max": -27.66952896118164,
                "lowlevel.loudness_ebu128.momentary.mean": -32.745304107666016,
                "lowlevel.loudness_ebu128.momentary.median": -32.601356506347656,
                "lowlevel.loudness_ebu128.momentary.min": -38.35338592529297,
                "lowlevel.loudness_ebu128.momentary.stdev": 1.9871177673339844,
                "lowlevel.loudness_ebu128.momentary.var": 3.9486372470855713,
                "lowlevel.loudness_ebu128.short_term.dmean": 0.09239216893911362,
                "lowlevel.loudness_ebu128.short_term.dmean2": 0.08524788916110992,
                "lowlevel.loudness_ebu128.short_term.dvar": 0.007900355383753777,
                "lowlevel.loudness_ebu128.short_term.dvar2": 0.006995419505983591,
                "lowlevel.loudness_ebu128.short_term.max": -30.474565505981445,
                "lowlevel.loudness_ebu128.short_term.mean": -32.433509826660156,
                "lowlevel.loudness_ebu128.short_term.median": -32.534141540527344,
                "lowlevel.loudness_ebu128.short_term.min": -35.061256408691406,
                "lowlevel.loudness_ebu128.short_term.stdev": 0.9802967309951782,
                "lowlevel.loudness_ebu128.short_term.var": 0.9609816670417786,
                "lowlevel.spectral_centroid.dmean": 79.0943832397461,
                "lowlevel.spectral_centroid.dmean2": 117.0669937133789,
                "lowlevel.spectral_centroid.dvar": 46239.265625,
                "lowlevel.spectral_centroid.dvar2": 66700.9296875,
                "lowlevel.spectral_centroid.max": 11024.958984375,
                "lowlevel.spectral_centroid.mean": 442.6858215332031,
                "lowlevel.spectral_centroid.median": 379.96722412109375,
                "lowlevel.spectral_centroid.min": 163.75149536132812,
                "lowlevel.spectral_centroid.stdev": 422.6262512207031,
                "lowlevel.spectral_centroid.var": 178612.953125,
                "metadata.audio_properties.analysis.equal_loudness": 0.0,
                "rhythm.beats_loudness.dmean": 0.026533527299761772,
                "rhythm.beats_loudness.dmean2": 0.04682460054755211,
                "rhythm.beats_loudness.dvar": 0.0005366391269490123,
                "rhythm.beats_loudness.dvar2": 0.0015154046704992652,
                "rhythm.beats_loudness.max": 0.12001477926969528,
                "rhythm.beats_loudness.mean": 0.046442847698926926,
                "rhythm.beats_loudness.median": 0.03785000741481781,
                "rhythm.beats_loudness.min": 0.007933407090604305,
                "rhythm.beats_loudness.stdev": 0.026607125997543335,
                "rhythm.beats_loudness.var": 0.0007079391507431865,
                "rhythm.bpm": 151.36117553710938,
                "rhythm.bpm_histogram_first_peak_bpm": 152.0,
                "rhythm.bpm_histogram_first_peak_weight": 0.28409093618392944,
                "rhythm.bpm_histogram_second_peak_bpm": 157.0,
                "rhythm.bpm_histogram_second_peak_spread": 0.16666662693023682,
                "rhythm.bpm_histogram_second_peak_weight": 0.09615384787321091,
                "rhythm.danceability": 1.234434962272644
            }
        },
        {
            "id": "pXR3OXS78pE",
            "title": "Grateful Dead - Oh Babe It Ain't No Lie - 10/29/1980 - Radio City Music Hall (Official)",
            "views": 24919,
            "features": {
                "lowlevel.average_loudness": 0.8631293177604675,
                "lowlevel.loudness_ebu128.integrated": -21.28778076171875,
                "lowlevel.loudness_ebu128.loudness_range": 4.724784851074219,