{
    "song_title": "Ol' Slewfoot",
    "artist": "Grateful Dead",
    "num_versions_processed": 3,
    "average_features": {
        "lowlevel.loudness_ebu128.momentary.dmean2": 0.919120858112971,
        "lowlevel.loudness_ebu128.short_term.median": -16.960235913594563,
        "lowlevel.spectral_centroid.median": 1108.8253987630208,
        "rhythm.beats_loudness.var": 0.0005112182940744484,
        "rhythm.beats_loudness.dvar": 0.00040021082046829787,
        "lowlevel.loudness_ebu128.short_term.stdev": 6.8472200234731035,
        "lowlevel.loudness_ebu128.integrated": -15.035531997680664,
        "rhythm.beats_loudness.max": 0.15817081183195114,
        "lowlevel.spectral_centroid.max": 10938.328776041666,
        "lowlevel.spectral_centroid.min": 282.11545817057294,
        "lowlevel.loudness_ebu128.momentary.stdev": 9.18651032447815,
        "rhythm.bpm": 137.77213541666666,
        "lowlevel.loudness_ebu128.loudness_range": 11.946646054585775,
        "rhythm.beats_loudness.mean": 0.021379126856724422,
        "rhythm.bpm_histogram_second_peak_weight": 0.06990678732593854,
        "metadata.audio_properties.analysis.equal_loudness": 0.0,
        "lowlevel.loudness_ebu128.short_term.var": 57.00833384195963,
        "rhythm.beats_loudness.dvar2": 0.0011620430741459131,
        "rhythm.bpm_histogram_second_peak_bpm": 143.66666666666666,
        "lowlevel.loudness_ebu128.momentary.mean": -20.125462849934895,
        "lowlevel.loudness_ebu128.short_term.max": -10.00774065653483,
        "rhythm.beats_loudness.stdev": 0.02188076451420784,
        "lowlevel.loudness_ebu128.momentary.dmean": 0.7924552162488302,
        "lowlevel.spectral_centroid.mean": 1223.0354817708333,
        "lowlevel.spectral_centroid.stdev": 585.3958129882812,
        "rhythm.beats_loudness.median": 0.015937725858141977,
        "lowlevel.loudness_ebu128.short_term.dmean": 0.13708690802256265,
        "lowlevel.loudness_ebu128.short_term.dvar2": 0.2239168838908275,
        "rhythm.beats_loudness.dmean2": 0.02189137414097786,
        "lowlevel.loudness_ebu128.short_term.mean": -18.8876789410909,
        "lowlevel.loudness_ebu128.momentary.var": 100.66485691070557,
        "rhythm.beats_loudness.dmean": 0.012229926884174347,
        "lowlevel.loudness_ebu128.momentary.min": -61.48376973470052,
        "lowlevel.loudness_ebu128.momentary.dvar": 1.1536315927902858,
        "lowlevel.spectral_centroid.dmean": 196.85071818033853,
        "lowlevel.spectral_centroid.var": 370362.8958333333,
        "rhythm.beats_loudness.min": 3.313604996950844e-05,
        "lowlevel.average_loudness": 0.3675902606919408,
        "lowlevel.loudness_ebu128.short_term.dmean2": 0.1385659178098043,
        "lowlevel.loudness_ebu128.short_term.min": -55.345052083333336,
        "rhythm.bpm_histogram_first_peak_bpm": 137.66666666666666,
        "lowlevel.loudness_ebu128.momentary.max": -7.91713825861613,
        "lowlevel.spectral_centroid.dmean2": 293.3881123860677,
        "rhythm.bpm_histogram_second_peak_spread": 0.2577597697575887,
        "lowlevel.loudness_ebu128.short_term.dvar": 0.1638134252279997,
        "lowlevel.loudness_ebu128.momentary.median": -17.720993836720783,
        "rhythm.danceability": 1.134033481280009,
        "lowlevel.spectral_centroid.dvar": 55278.236328125,
        "rhythm.bpm_histogram_first_peak_weight": 0.4680861035982768,
        "lowlevel.loudness_ebu128.momentary.dvar2": 1.6126460532347362,
        "lowlevel.spectral_centroid.dvar2": 106910.74088541667
    },
    "outlier_flag": true,
    "outlier_reasons": [
        "BPM Variance: 37.15 (limit 20)",
        "Loudness Variance: 12.09 (limit 6.0)"
    ],
    "raw_versions": [
        {
            "id": "UnBcrrH4Gwk",
            "title": "Billy Strings \"Ole Slewfoot\" Bridgeport, CT 7/21/23",
            "views": 288703,
            "features": {
                "lowlevel.average_loudness": 0.9522548317909241,
                "lowlevel.loudness_ebu128.integrated": -7.454719543457031,
                "lowlevel.loudness_ebu128.loudness_range": 3.0474653244018555,
                "lowlevel.loudness_ebu128.momentary.dmean": 0.36713337898254395,
                "lowlevel.loudness_ebu128.momentary.dmean2": 0.44653114676475525,
                "lowlevel.loudness_ebu128.momentary.dvar": 0.18879194557666779,
                "lowlevel.loudness_ebu128.momentary.dvar2": 0.2795202434062958,
                "lowlevel.loudness_ebu128.momentary.max": -4.789744853973389,
                "lowlevel.loudness_ebu128.momentary.mean": -8.243188858032227,
                "lowlevel.loudness_ebu128.momentary.median": -7.443724155426025,
                "lowlevel.loudness_ebu128.momentary.min": -30.736106872558594,
                "lowlevel.loudness_ebu128.momentary.stdev": 3.5439822673797607,
                "lowlevel.loudness_ebu128.momentary.var": 12.559809684753418,
                "lowlevel.loudness_ebu128.short_term.dmean": 0.06439365446567535,
                "lowlevel.loudness_ebu128.short_term.dmean2": 0.06925506889820099,
                "lowlevel.loudness_ebu128.short_term.dvar": 0.02388402633368969,
                "lowlevel.loudness_ebu128.short_term.dvar2": 0.02603820152580738,
                "lowlevel.loudness_ebu128.short_term.max": -5.713283538818359,
                "lowlevel.loudness_ebu128.short_term.mean": -7.926365375518799,
                "lowlevel.loudness_ebu128.short_term.median": -7.332056999206543,
                "lowlevel.loudness_ebu128.short_term.min": -26.672225952148438,
                "lowlevel.loudness_ebu128.short_term.stdev": 2.6307432651519775,
                "lowlevel.loudness_ebu128.short_term.var": 6.920810699462891,
                "lowlevel.spectral_centroid.dmean": 166.3300018310547,
                "lowlevel.spectral_centroid.dmean2": 251.93698120117188,
                "lowlevel.spectral_centroid.dvar": 31751.455078125,
                "lowlevel.spectral_centroid.dvar2": 62811.84765625,
                "lowlevel.spectral_centroid.max": 10422.87109375,
                "lowlevel.spectral_centroid.mean": 1147.2569580078125,
                "lowlevel.spectral_centroid.median": 1066.643310546875,
                "lowlevel.spectral_centroid.min": 390.3817443847656,
                "lowlevel.spectral_centroid.stdev": 407.45361328125,
                "lowlevel.spectral_centroid.var": 166018.4375,
                "metadata.audio_properties.analysis.equal_loudness": 0.0,
                "rhythm.beats_loudness.dmean": 0.012078888714313507,
                "rhythm.beats_loudness.dmean2": 0.02117152139544487,
                "rhythm.beats_loudness.dvar": 0.00010121204104507342,
                "rhythm.beats_loudness.dvar2": 0.00031087128445506096,
                "rhythm.beats_loudness.max": 0.0702638104557991,
                "rhythm.beats_loudness.mean": 0.03384353220462799,
                "rhythm.beats_loudness.median": 0.03383627533912659,
                "rhythm.beats_loudness.min": 9.877195407170802e-05,
                "rhythm.beats_loudness.stdev": 0.014219511300325394,
                "rhythm.beats_loudness.var": 0.00020219451107550412,
                "rhythm.bpm": 162.37884521484375,
                "rhythm.bpm_histogram_first_peak_bpm": 161.0,
                "rhythm.bpm_histogram_first_peak_weight": 0.4470842480659485,
                "rhythm.bpm_histogram_second_peak_bpm": 167.0,
                "rhythm.bpm_histogram_second_peak_spread": 0.0,
                "rhythm.bpm_histogram_second_peak_weight": 0.09269162267446518,
                "rhythm.danceability": 1.1684919595718384
            }
        },
        {
            "id": "pW-kE62pyHE",
            "title": "Grateful Dead - Ol' Slew Foot 6-28-69",
            "views": 19582,
            "features": {
                "lowlevel.average_loudness": 0.1371091902256012,
                "lowlevel.loudness_ebu128.integrated": -19.541915893554688,
                "lowlevel.loudness_ebu128.loudness_range": 21.7181453704834,