{
    "song_title": "Old, Old House",
    "artist": "Grateful Dead",
    "num_versions_processed": 2,
    "average_features": {
        "lowlevel.loudness_ebu128.momentary.dmean2": 1.0600534975528717,
        "lowlevel.loudness_ebu128.short_term.median": -18.443711757659912,
        "lowlevel.spectral_centroid.median": 827.5847473144531,
        "rhythm.beats_loudness.var": 0.0008481720578856766,
        "rhythm.beats_loudness.dvar": 0.001013619767036289,
        "lowlevel.loudness_ebu128.short_term.stdev": 3.947289824485779,
        "lowlevel.loudness_ebu128.integrated": -17.032463550567627,
        "rhythm.beats_loudness.max": 0.19371742010116577,
        "lowlevel.spectral_centroid.max": 11136.7412109375,
        "lowlevel.spectral_centroid.min": 214.35588836669922,
        "lowlevel.loudness_ebu128.momentary.stdev": 5.578491449356079,
        "rhythm.bpm": 129.12052536010742,
        "lowlevel.loudness_ebu128.loudness_range": 8.99000358581543,
        "rhythm.beats_loudness.mean": 0.025628489442169666,
        "rhythm.bpm_histogram_second_peak_weight": 0.08931829407811165,
        "metadata.audio_properties.analysis.equal_loudness": 0.0,
        "lowlevel.loudness_ebu128.short_term.var": 17.838263750076294,
        "rhythm.beats_loudness.dvar2": 0.002868036855943501,
        "rhythm.bpm_histogram_second_peak_bpm": 105.0,
        "lowlevel.loudness_ebu128.momentary.mean": -20.088423252105713,
        "lowlevel.loudness_ebu128.short_term.max": -12.184247493743896,
        "rhythm.beats_loudness.stdev": 0.028137831017374992,
        "lowlevel.loudness_ebu128.momentary.dmean": 1.024565190076828,
        "lowlevel.spectral_centroid.mean": 945.5115661621094,
        "lowlevel.spectral_centroid.stdev": 512.5753479003906,
        "rhythm.beats_loudness.median": 0.018169566057622433,
        "lowlevel.loudness_ebu128.short_term.dmean": 0.17344678193330765,
        "lowlevel.loudness_ebu128.short_term.dvar2": 0.05251675844192505,
        "rhythm.beats_loudness.dmean2": 0.0380146037787199,
        "lowlevel.loudness_ebu128.short_term.mean": -18.883590698242188,
        "lowlevel.loudness_ebu128.momentary.var": 32.39310264587402,
        "rhythm.beats_loudness.dmean": 0.020729998126626015,
        "lowlevel.loudness_ebu128.momentary.min": -65.9797477722168,
        "lowlevel.loudness_ebu128.momentary.dvar": 1.5524462461471558,
        "lowlevel.spectral_centroid.dmean": 141.2901611328125,
        "lowlevel.spectral_centroid.var": 264545.6015625,
        "rhythm.beats_loudness.min": 5.126278028910747e-05,
        "lowlevel.average_loudness": 0.3825741056352854,
        "lowlevel.loudness_ebu128.short_term.dmean2": 0.1414513885974884,
        "lowlevel.loudness_ebu128.short_term.min": -35.20498466491699,
        "rhythm.bpm_histogram_first_peak_bpm": 128.5,
        "lowlevel.loudness_ebu128.momentary.max": -8.596905708312988,
        "lowlevel.spectral_centroid.dmean2": 210.05795288085938,
        "rhythm.bpm_histogram_second_peak_spread": 0.43849578499794006,
        "lowlevel.loudness_ebu128.short_term.dvar": 0.07623344101011753,
        "lowlevel.loudness_ebu128.momentary.median": -19.581735610961914,
        "rhythm.danceability": 1.0251730382442474,
        "lowlevel.spectral_centroid.dvar": 34080.7578125,
        "rhythm.bpm_histogram_first_peak_weight": 0.2995169162750244,
        "lowlevel.loudness_ebu128.momentary.dvar2": 2.0634034872055054,
        "lowlevel.spectral_centroid.dvar2": 66459.921875
    },
    "outlier_flag": true,
    "outlier_reasons": [
        "BPM Variance: 110.90 (limit 20)",
        "Loudness Variance: 8.39 (limit 6.0)"
    ],
    "raw_versions": [
        {
            "id": "qsL3X6ARgVI",
            "title": "'St. Stephen' by The Grateful Dead.",
            "views": 235736,
            "features": {
                "lowlevel.average_loudness": 0.707190215587616,
                "lowlevel.loudness_ebu128.integrated": -12.8353853225708,
                "lowlevel.loudness_ebu128.loudness_range": 5.955757141113281,
                "lowlevel.loudness_ebu128.momentary.dmean": 0.8988576531410217,
                "lowlevel.loudness_ebu128.momentary.dmean2": 0.9113202691078186,
                "lowlevel.loudness_ebu128.momentary.dvar": 1.1943143606185913,
                "lowlevel.loudness_ebu128.momentary.dvar2": 1.5741658210754395,
                "lowlevel.loudness_ebu128.momentary.max": -7.166048049926758,
                "lowlevel.loudness_ebu128.momentary.mean": -14.434687614440918,
                "lowlevel.loudness_ebu128.momentary.median": -13.20523452758789,
                "lowlevel.loudness_ebu128.momentary.min": -41.0074462890625,
                "lowlevel.loudness_ebu128.momentary.stdev": 4.449980735778809,
                "lowlevel.loudness_ebu128.momentary.var": 19.802330017089844,
                "lowlevel.loudness_ebu128.short_term.dmean": 0.13385656476020813,
                "lowlevel.loudness_ebu128.short_term.dmean2": 0.1122387945652008,
                "lowlevel.loudness_ebu128.short_term.dvar": 0.03447787091135979,
                "lowlevel.loudness_ebu128.short_term.dvar2": 0.02375604957342148,
                "lowlevel.loudness_ebu128.short_term.max": -9.796045303344727,
                "lowlevel.loudness_ebu128.short_term.mean": -13.558307647705078,
                "lowlevel.loudness_ebu128.short_term.median": -12.76857852935791,
                "lowlevel.loudness_ebu128.short_term.min": -26.73550033569336,
                "lowlevel.loudness_ebu128.short_term.stdev": 2.4449031352996826,
                "lowlevel.loudness_ebu128.short_term.var": 5.977550983428955,
                "lowlevel.spectral_centroid.dmean": 152.51844787597656,
                "lowlevel.spectral_centroid.dmean2": 225.07232666015625,
                "lowlevel.spectral_centroid.dvar": 34911.75,
                "lowlevel.spectral_centroid.dvar2": 69678.0078125,
                "lowlevel.spectral_centroid.max": 11479.8916015625,
                "lowlevel.spectral_centroid.mean": 1022.11328125,
                "lowlevel.spectral_centroid.median": 970.1820678710938,
                "lowlevel.spectral_centroid.min": 237.23240661621094,
                "lowlevel.spectral_centroid.stdev": 470.00653076171875,
                "lowlevel.spectral_centroid.var": 220906.140625,
                "metadata.audio_properties.analysis.equal_loudness": 0.0,
                "rhythm.beats_loudness.dmean": 0.018128741532564163,
                "rhythm.beats_loudness.dmean2": 0.032836925238370895,
                "rhythm.beats_loudness.dvar": 0.0003669529687613249,
                "rhythm.beats_loudness.dvar2": 0.0011614460963755846,
                "rhythm.beats_loudness.max": 0.13026103377342224,
                "rhythm.beats_loudness.mean": 0.028199395164847374,
                "rhythm.beats_loudness.median": 0.02491459995508194,
                "rhythm.beats_loudness.min": 7.499488856410608e-05,
                "rhythm.beats_loudness.stdev": 0.020625542849302292,
                "rhythm.beats_loudness.var": 0.0004254130180925131,
                "rhythm.bpm": 184.5703125,
                "rhythm.bpm_histogram_first_peak_bpm": 185.0,
                "rhythm.bpm_histogram_first_peak_weight": 0.0,
                "rhythm.bpm_histogram_second_peak_bpm": 133.0,
                "rhythm.bpm_histogram_second_peak_spread": 0.5360825061798096,
                "rhythm.bpm_histogram_second_peak_weight": 0.08538899570703506,
                "rhythm.danceability": 1.0789997577667236
            }
        },
        {
            "id": "7EdI5s7fIxs",
            "title": "Grateful Dead - Old, Old House (Bound In Memories) 1/31/70",
            "views": 11116,
            "features": {
                "lowlevel.average_loudness": 0.05795799568295479,
                "lowlevel.loudness_ebu128.integrated": -21.229541778564453,
                "lowlevel.loudness_ebu128.loudness_range": 12.024250030517578,