{
    "song_title": "Ollin Arrageed",
    "artist": "Grateful Dead",
    "num_versions_processed": 1,
    "average_features": {
        "lowlevel.loudness_ebu128.short_term.dvar2": 0.029336126521229744,
        "lowlevel.loudness_ebu128.momentary.var": 11.684555053710938,
        "lowlevel.loudness_ebu128.momentary.min": -31.003931045532227,
        "lowlevel.spectral_centroid.dvar": 114801.96875,
        "rhythm.beats_loudness.min": 0.00013405234494712204,
        "lowlevel.spectral_centroid.mean": 1196.58837890625,
        "rhythm.beats_loudness.dvar": 0.015791848301887512,
        "rhythm.bpm_histogram_first_peak_bpm": 99.0,
        "rhythm.beats_loudness.median": 0.07398931682109833,
        "lowlevel.loudness_ebu128.integrated": -16.926162719726562,
        "lowlevel.loudness_ebu128.short_term.mean": -17.489727020263672,
        "rhythm.beats_loudness.dmean2": 0.16981062293052673,
        "lowlevel.loudness_ebu128.momentary.dvar2": 2.7726588249206543,
        "rhythm.bpm_histogram_second_peak_weight": 0.020348837599158287,
        "lowlevel.loudness_ebu128.loudness_range": 6.118710517883301,
        "rhythm.bpm_histogram_second_peak_bpm": 94.0,
        "lowlevel.loudness_ebu128.short_term.min": -23.271821975708008,
        "lowlevel.loudness_ebu128.short_term.stdev": 2.1245479583740234,
        "lowlevel.loudness_ebu128.short_term.dmean2": 0.16009221971035004,
        "lowlevel.loudness_ebu128.short_term.var": 4.5137038230896,
        "rhythm.beats_loudness.mean": 0.11624547839164734,
        "lowlevel.spectral_centroid.max": 3736.83349609375,
        "lowlevel.loudness_ebu128.momentary.dvar": 1.8691563606262207,
        "rhythm.beats_loudness.stdev": 0.12502051889896393,
        "lowlevel.loudness_ebu128.momentary.max": -5.801773548126221,
        "lowlevel.spectral_centroid.median": 1046.7098388671875,
        "lowlevel.loudness_ebu128.momentary.dmean": 1.3089606761932373,
        "lowlevel.loudness_ebu128.short_term.dvar": 0.02417818270623684,
        "rhythm.beats_loudness.var": 0.015630129724740982,
        "lowlevel.loudness_ebu128.momentary.stdev": 3.4182677268981934,
        "lowlevel.loudness_ebu128.momentary.mean": -18.264095306396484,
        "rhythm.beats_loudness.dmean": 0.09321558475494385,
        "lowlevel.average_loudness": 0.13072101771831512,
        "lowlevel.loudness_ebu128.short_term.median": -17.33639144897461,
        "rhythm.beats_loudness.max": 1.00804603099823,
        "metadata.audio_properties.analysis.equal_loudness": 0.0,
        "lowlevel.loudness_ebu128.momentary.dmean2": 1.7473723888397217,
        "lowlevel.spectral_centroid.dvar2": 262390.53125,
        "lowlevel.loudness_ebu128.short_term.max": -11.279413223266602,
        "lowlevel.spectral_centroid.var": 464043.90625,
        "rhythm.bpm_histogram_first_peak_weight": 0.3194029927253723,
        "lowlevel.loudness_ebu128.momentary.median": -17.959070205688477,
        "rhythm.bpm": 98.06587219238281,
        "rhythm.beats_loudness.dvar2": 0.045132871717214584,
        "lowlevel.loudness_ebu128.short_term.dmean": 0.14345405995845795,
        "lowlevel.spectral_centroid.stdev": 681.2077026367188,
        "lowlevel.spectral_centroid.dmean": 273.88946533203125,
        "lowlevel.spectral_centroid.dmean2": 431.2876892089844,
        "rhythm.danceability": 1.3345204591751099,
        "lowlevel.spectral_centroid.min": 121.830078125,
        "rhythm.bpm_histogram_second_peak_spread": 0.125
    },
    "outlier_flag": false,
    "outlier_reasons": null,
    "raw_versions": [
        {
            "id": "WoVXW03V1hw",
            "title": "Ollin Arageed (Live at Winterland, 10/22/1978)",
            "views": 3350,
            "features": {
                "lowlevel.average_loudness": 0.13072101771831512,
                "lowlevel.loudness_ebu128.integrated": -16.926162719726562,
                "lowlevel.loudness_ebu128.loudness_range": 6.118710517883301,
                "lowlevel.loudness_ebu128.momentary.dmean": 1.3089606761932373,
                "lowlevel.loudness_ebu128.momentary.dmean2": 1.7473723888397217,
                "lowlevel.loudness_ebu128.momentary.dvar": 1.8691563606262207,
                "lowlevel.loudness_ebu128.momentary.dvar2": 2.7726588249206543,
                "lowlevel.loudness_ebu128.momentary.max": -5.801773548126221,
                "lowlevel.loudness_ebu128.momentary.mean": -18.264095306396484,
                "lowlevel.loudness_ebu128.momentary.median": -17.959070205688477,
                "lowlevel.loudness_ebu128.momentary.min": -31.003931045532227,
                "lowlevel.loudness_ebu128.momentary.stdev": 3.4182677268981934,
                "lowlevel.loudness_ebu128.momentary.var": 11.684555053710938,
                "lowlevel.loudness_ebu128.short_term.dmean": 0.14345405995845795,
                "lowlevel.loudness_ebu128.short_term.dmean2": 0.16009221971035004,
                "lowlevel.loudness_ebu128.short_term.dvar": 0.02417818270623684,
                "lowlevel.loudness_ebu128.short_term.dvar2": 0.029336126521229744,
                "lowlevel.loudness_ebu128.short_term.max": -11.279413223266602,
                "lowlevel.loudness_ebu128.short_term.mean": -17.489727020263672,
                "lowlevel.loudness_ebu128.short_term.median": -17.33639144897461,
                "lowlevel.loudness_ebu128.short_term.min": -23.271821975708008,
                "lowlevel.loudness_ebu128.short_term.stdev": 2.1245479583740234,
                "lowlevel.loudness_ebu128.short_term.var": 4.5137038230896,
                "lowlevel.spectral_centroid.dmean": 273.88946533203125,
                "lowlevel.spectral_centroid.dmean2": 431.2876892089844,
                "lowlevel.spectral_centroid.dvar": 114801.96875,
                "lowlevel.spectral_centroid.dvar2": 262390.53125,
                "lowlevel.spectral_centroid.max": 3736.83349609375,
                "lowlevel.spectral_centroid.mean": 1196.58837890625,
                "lowlevel.spectral_centroid.median": 1046.7098388671875,
                "lowlevel.spectral_centroid.min": 121.830078125,
                "lowlevel.spectral_centroid.stdev": 681.2077026367188,
                "lowlevel.spectral_centroid.var": 464043.90625,
                "metadata.audio_properties.analysis.equal_loudness": 0.0,
                "rhythm.beats_loudness.dmean": 0.09321558475494385,
                "rhythm.beats_loudness.dmean2": 0.16981062293052673,
                "rhythm.beats_loudness.dvar": 0.015791848301887512,
                "rhythm.beats_loudness.dvar2": 0.045132871717214584,
                "rhythm.beats_loudness.max": 1.00804603099823,
                "rhythm.beats_loudness.mean": 0.11624547839164734,
                "rhythm.beats_loudness.median": 0.07398931682109833,
                "rhythm.beats_loudness.min": 0.00013405234494712204,
                "rhythm.beats_loudness.stdev": 0.12502051889896393,
                "rhythm.beats_loudness.var": 0.015630129724740982,
                "rhythm.bpm": 98.06587219238281,
                "rhythm.bpm_histogram_first_peak_bpm": 99.0,
                "rhythm.bpm_histogram_first_peak_weight": 0.3194029927253723,
                "rhythm.bpm_histogram_second_peak_bpm": 94.0,
                "rhythm.bpm_histogram_second_peak_spread": 0.125,
                "rhythm.bpm_histogram_second_peak_weight": 0.020348837599158287,
                "rhythm.danceability": 1.3345204591751099
            }
        }
    ]
}