{
    "song_title": "One More Saturday Night",
    "artist": "Grateful Dead",
    "num_versions_processed": 3,
    "average_features": {
        "lowlevel.loudness_ebu128.short_term.dvar2": 0.006381278469537695,
        "lowlevel.loudness_ebu128.momentary.var": 9.196039517720541,
        "lowlevel.loudness_ebu128.momentary.min": -35.50167973836263,
        "lowlevel.spectral_centroid.dvar": 34482.000651041664,
        "rhythm.beats_loudness.min": 0.0005238187901947337,
        "lowlevel.spectral_centroid.mean": 995.6231486002604,
        "rhythm.beats_loudness.dvar": 0.00022384490875992924,
        "rhythm.bpm_histogram_first_peak_bpm": 163.66666666666666,
        "rhythm.beats_loudness.median": 0.03760971501469612,
        "lowlevel.loudness_ebu128.integrated": -13.150314648946127,
        "lowlevel.loudness_ebu128.short_term.mean": -13.610875765482584,
        "rhythm.beats_loudness.dmean2": 0.029763327911496162,
        "lowlevel.loudness_ebu128.momentary.dvar2": 0.3543956031401952,
        "rhythm.bpm_histogram_second_peak_weight": 0.21357270826896033,
        "lowlevel.loudness_ebu128.loudness_range": 3.7120049794514975,
        "rhythm.bpm_histogram_second_peak_bpm": 165.33333333333334,
        "lowlevel.loudness_ebu128.short_term.min": -26.940633138020832,
        "lowlevel.loudness_ebu128.short_term.stdev": 2.081097682317098,
        "lowlevel.loudness_ebu128.short_term.dmean2": 0.07776737213134766,
        "lowlevel.loudness_ebu128.short_term.var": 5.554345667362213,
        "rhythm.beats_loudness.mean": 0.039362424363692604,
        "lowlevel.spectral_centroid.max": 6952.677327473958,
        "lowlevel.loudness_ebu128.momentary.dvar": 0.2550370792547862,
        "rhythm.beats_loudness.stdev": 0.01825445021192233,
        "lowlevel.loudness_ebu128.momentary.max": -9.231532573699951,
        "lowlevel.spectral_centroid.median": 949.7158610026041,
        "lowlevel.loudness_ebu128.momentary.dmean": 0.4883576234181722,
        "lowlevel.loudness_ebu128.short_term.dvar": 0.006204761021460096,
        "rhythm.beats_loudness.var": 0.00033814061316661537,
        "lowlevel.loudness_ebu128.momentary.stdev": 2.765070915222168,
        "lowlevel.loudness_ebu128.momentary.mean": -13.864924112955729,
        "rhythm.beats_loudness.dmean": 0.016847753586868446,
        "lowlevel.average_loudness": 0.8931903839111328,
        "lowlevel.loudness_ebu128.short_term.median": -13.352564811706543,
        "rhythm.beats_loudness.max": 0.11207820475101471,
        "metadata.audio_properties.analysis.equal_loudness": 0.0,
        "lowlevel.loudness_ebu128.momentary.dmean2": 0.55568528175354,
        "lowlevel.spectral_centroid.dvar2": 69345.13671875,
        "lowlevel.loudness_ebu128.short_term.max": -10.545552889506022,
        "lowlevel.spectral_centroid.var": 168694.29947916666,
        "rhythm.bpm_histogram_first_peak_weight": 0.08333333333333333,
        "lowlevel.loudness_ebu128.momentary.median": -13.347732543945312,
        "rhythm.bpm": 162.46644592285156,
        "rhythm.beats_loudness.dvar2": 0.0006874727744919559,
        "lowlevel.loudness_ebu128.short_term.dmean": 0.06809440876046817,
        "lowlevel.spectral_centroid.stdev": 401.1524658203125,
        "lowlevel.spectral_centroid.dmean": 158.01388804117838,
        "lowlevel.spectral_centroid.dmean2": 237.6578572591146,
        "rhythm.danceability": 1.2515017191569011,
        "lowlevel.spectral_centroid.min": 181.3741912841797,
        "rhythm.bpm_histogram_second_peak_spread": 0.068728506565094
    },
    "outlier_flag": false,
    "outlier_reasons": null,
    "raw_versions": [
        {
            "id": "1KD1usF2HtY",
            "title": "Grateful Dead \u2013 One More Saturday Night (Tivoli Concert Hall 4/17/72) | Meet Up At The Movies 2022",
            "views": 172252,
            "features": {
                "lowlevel.average_loudness": 0.9133225083351135,
                "lowlevel.loudness_ebu128.integrated": -12.387540817260742,
                "lowlevel.loudness_ebu128.loudness_range": 3.9412384033203125,
                "lowlevel.loudness_ebu128.momentary.dmean": 0.5464540719985962,
                "lowlevel.loudness_ebu128.momentary.dmean2": 0.6276435256004333,
                "lowlevel.loudness_ebu128.momentary.dvar": 0.3167608976364136,
                "lowlevel.loudness_ebu128.momentary.dvar2": 0.4093916118144989,
                "lowlevel.loudness_ebu128.momentary.max": -8.568586349487305,
                "lowlevel.loudness_ebu128.momentary.mean": -13.283868789672852,
                "lowlevel.loudness_ebu128.momentary.median": -12.501198768615723,
                "lowlevel.loudness_ebu128.momentary.min": -49.966468811035156,
                "lowlevel.loudness_ebu128.momentary.stdev": 3.814021110534668,
                "lowlevel.loudness_ebu128.momentary.var": 14.546756744384766,
                "lowlevel.loudness_ebu128.short_term.dmean": 0.07758615911006927,
                "lowlevel.loudness_ebu128.short_term.dmean2": 0.08660893142223358,
                "lowlevel.loudness_ebu128.short_term.dvar": 0.010633137077093124,
                "lowlevel.loudness_ebu128.short_term.dvar2": 0.00799851305782795,
                "lowlevel.loudness_ebu128.short_term.max": -9.883964538574219,
                "lowlevel.loudness_ebu128.short_term.mean": -12.919279098510742,
                "lowlevel.loudness_ebu128.short_term.median": -12.465078353881836,
                "lowlevel.loudness_ebu128.short_term.min": -37.674903869628906,
                "lowlevel.loudness_ebu128.short_term.stdev": 2.816829204559326,
                "lowlevel.loudness_ebu128.short_term.var": 7.934527397155762,
                "lowlevel.spectral_centroid.dmean": 157.73324584960938,
                "lowlevel.spectral_centroid.dmean2": 237.55642700195312,
                "lowlevel.spectral_centroid.dvar": 25937.390625,
                "lowlevel.spectral_centroid.dvar2": 56588.94140625,
                "lowlevel.spectral_centroid.max": 5930.494140625,
                "lowlevel.spectral_centroid.mean": 957.9130859375,
                "lowlevel.spectral_centroid.median": 911.1392822265625,
                "lowlevel.spectral_centroid.min": 210.22811889648438,
                "lowlevel.spectral_centroid.stdev": 390.3255615234375,
                "lowlevel.spectral_centroid.var": 152354.046875,
                "metadata.audio_properties.analysis.equal_loudness": 0.0,
                "rhythm.beats_loudness.dmean": 0.014674373902380466,
                "rhythm.beats_loudness.dmean2": 0.0258930753916502,
                "rhythm.beats_loudness.dvar": 0.0001864655059762299,
                "rhythm.beats_loudness.dvar2": 0.0005618656286969781,
                "rhythm.beats_loudness.max": 0.1029600277543068,
                "rhythm.beats_loudness.mean": 0.035613350570201874,
                "rhythm.beats_loudness.median": 0.0340629406273365,
                "rhythm.beats_loudness.min": 5.1692048145923764e-05,
                "rhythm.beats_loudness.stdev": 0.01707588881254196,
                "rhythm.beats_loudness.var": 0.0002915859513450414,
                "rhythm.bpm": 165.46990966796875,
                "rhythm.bpm_histogram_first_peak_bpm": 167.0,
                "rhythm.bpm_histogram_first_peak_weight": 0.0,
                "rhythm.bpm_histogram_second_peak_bpm": 172.0,
                "rhythm.bpm_histogram_second_peak_spread": 0.0,
                "rhythm.bpm_histogram_second_peak_weight": 0.2109479308128357,
                "rhythm.danceability": 1.1914349794387817
            }
        },
        {
            "id": "rvTcUIdYEtA",
            "title": "Grateful Dead - One More Saturday Night (1972)",
            "views": 102175,
            "features": {
                "lowlevel.average_loudness": 0.971066415309906,
                "lowlevel.loudness_ebu128.integrated": -14.463000297546387,
                "lowlevel.loudness_ebu128.loudness_range": 1.2431297302246094,