{
    "song_title": "Only A Fool",
    "artist": "Grateful Dead",
    "num_versions_processed": 1,
    "average_features": {
        "lowlevel.loudness_ebu128.short_term.dvar2": 0.01284844521433115,
        "lowlevel.loudness_ebu128.momentary.var": 12.52602481842041,
        "lowlevel.loudness_ebu128.momentary.min": -42.04669952392578,
        "lowlevel.spectral_centroid.dvar": 94390.8125,
        "rhythm.beats_loudness.min": 9.027306805364788e-05,
        "lowlevel.spectral_centroid.mean": 1580.1851806640625,
        "rhythm.beats_loudness.dvar": 0.00027134560514241457,
        "rhythm.bpm_histogram_first_peak_bpm": 136.0,
        "rhythm.beats_loudness.median": 0.0189739391207695,
        "lowlevel.loudness_ebu128.integrated": -14.14730167388916,
        "lowlevel.loudness_ebu128.short_term.mean": -14.838958740234375,
        "rhythm.beats_loudness.dmean2": 0.028018681332468987,
        "lowlevel.loudness_ebu128.momentary.dvar2": 0.806516170501709,
        "rhythm.bpm_histogram_second_peak_weight": 0.13643410801887512,
        "lowlevel.loudness_ebu128.loudness_range": 7.032114028930664,
        "rhythm.bpm_histogram_second_peak_bpm": 129.0,
        "lowlevel.loudness_ebu128.short_term.min": -25.26799774169922,
        "lowlevel.loudness_ebu128.short_term.stdev": 2.584705114364624,
        "lowlevel.loudness_ebu128.short_term.dmean2": 0.1164412572979927,
        "lowlevel.loudness_ebu128.short_term.var": 6.680700302124023,
        "rhythm.beats_loudness.mean": 0.02447722665965557,
        "lowlevel.spectral_centroid.max": 10840.37109375,
        "lowlevel.loudness_ebu128.momentary.dvar": 0.5826193690299988,
        "rhythm.beats_loudness.stdev": 0.020988289266824722,
        "lowlevel.loudness_ebu128.momentary.max": -7.551346778869629,
        "lowlevel.spectral_centroid.median": 1352.434326171875,
        "lowlevel.loudness_ebu128.momentary.dmean": 0.7695901989936829,
        "lowlevel.loudness_ebu128.short_term.dvar": 0.01123996265232563,
        "rhythm.beats_loudness.var": 0.00044050830183550715,
        "lowlevel.loudness_ebu128.momentary.stdev": 3.539212465286255,
        "lowlevel.loudness_ebu128.momentary.mean": -15.350484848022461,
        "rhythm.beats_loudness.dmean": 0.016269171610474586,
        "lowlevel.average_loudness": 0.6463478803634644,
        "lowlevel.loudness_ebu128.short_term.median": -14.422142028808594,
        "rhythm.beats_loudness.max": 0.11890867352485657,
        "metadata.audio_properties.analysis.equal_loudness": 0.0,
        "lowlevel.loudness_ebu128.momentary.dmean2": 0.8940901756286621,
        "lowlevel.spectral_centroid.dvar2": 176045.90625,
        "lowlevel.loudness_ebu128.short_term.max": -10.08218002319336,
        "lowlevel.spectral_centroid.var": 660116.625,
        "rhythm.bpm_histogram_first_peak_weight": 0.5839694738388062,
        "lowlevel.loudness_ebu128.momentary.median": -14.729058265686035,
        "rhythm.bpm": 136.47793579101562,
        "rhythm.beats_loudness.dvar2": 0.0007107329438440502,
        "lowlevel.loudness_ebu128.short_term.dmean": 0.11192773282527924,
        "lowlevel.spectral_centroid.stdev": 812.4755859375,
        "lowlevel.spectral_centroid.dmean": 247.4268035888672,
        "lowlevel.spectral_centroid.dmean2": 346.3031921386719,
        "rhythm.danceability": 1.181840181350708,
        "lowlevel.spectral_centroid.min": 349.3178405761719,
        "rhythm.bpm_histogram_second_peak_spread": 0.33834588527679443
    },
    "outlier_flag": false,
    "outlier_reasons": null,
    "raw_versions": [
        {
            "id": "tpYo74Lg8hc",
            "title": "Grateful Dead - Only A Fool",
            "views": 4358,
            "features": {
                "lowlevel.average_loudness": 0.6463478803634644,
                "lowlevel.loudness_ebu128.integrated": -14.14730167388916,
                "lowlevel.loudness_ebu128.loudness_range": 7.032114028930664,
                "lowlevel.loudness_ebu128.momentary.dmean": 0.7695901989936829,
                "lowlevel.loudness_ebu128.momentary.dmean2": 0.8940901756286621,
                "lowlevel.loudness_ebu128.momentary.dvar": 0.5826193690299988,
                "lowlevel.loudness_ebu128.momentary.dvar2": 0.806516170501709,
                "lowlevel.loudness_ebu128.momentary.max": -7.551346778869629,
                "lowlevel.loudness_ebu128.momentary.mean": -15.350484848022461,
                "lowlevel.loudness_ebu128.momentary.median": -14.729058265686035,
                "lowlevel.loudness_ebu128.momentary.min": -42.04669952392578,
                "lowlevel.loudness_ebu128.momentary.stdev": 3.539212465286255,
                "lowlevel.loudness_ebu128.momentary.var": 12.52602481842041,
                "lowlevel.loudness_ebu128.short_term.dmean": 0.11192773282527924,
                "lowlevel.loudness_ebu128.short_term.dmean2": 0.1164412572979927,
                "lowlevel.loudness_ebu128.short_term.dvar": 0.01123996265232563,
                "lowlevel.loudness_ebu128.short_term.dvar2": 0.01284844521433115,
                "lowlevel.loudness_ebu128.short_term.max": -10.08218002319336,
                "lowlevel.loudness_ebu128.short_term.mean": -14.838958740234375,
                "lowlevel.loudness_ebu128.short_term.median": -14.422142028808594,
                "lowlevel.loudness_ebu128.short_term.min": -25.26799774169922,
                "lowlevel.loudness_ebu128.short_term.stdev": 2.584705114364624,
                "lowlevel.loudness_ebu128.short_term.var": 6.680700302124023,
                "lowlevel.spectral_centroid.dmean": 247.4268035888672,
                "lowlevel.spectral_centroid.dmean2": 346.3031921386719,
                "lowlevel.spectral_centroid.dvar": 94390.8125,
                "lowlevel.spectral_centroid.dvar2": 176045.90625,
                "lowlevel.spectral_centroid.max": 10840.37109375,
                "lowlevel.spectral_centroid.mean": 1580.1851806640625,
                "lowlevel.spectral_centroid.median": 1352.434326171875,
                "lowlevel.spectral_centroid.min": 349.3178405761719,
                "lowlevel.spectral_centroid.stdev": 812.4755859375,
                "lowlevel.spectral_centroid.var": 660116.625,
                "metadata.audio_properties.analysis.equal_loudness": 0.0,
                "rhythm.beats_loudness.dmean": 0.016269171610474586,
                "rhythm.beats_loudness.dmean2": 0.028018681332468987,
                "rhythm.beats_loudness.dvar": 0.00027134560514241457,
                "rhythm.beats_loudness.dvar2": 0.0007107329438440502,
                "rhythm.beats_loudness.max": 0.11890867352485657,
                "rhythm.beats_loudness.mean": 0.02447722665965557,
                "rhythm.beats_loudness.median": 0.0189739391207695,
                "rhythm.beats_loudness.min": 9.027306805364788e-05,
                "rhythm.beats_loudness.stdev": 0.020988289266824722,
                "rhythm.beats_loudness.var": 0.00044050830183550715,
                "rhythm.bpm": 136.47793579101562,
                "rhythm.bpm_histogram_first_peak_bpm": 136.0,
                "rhythm.bpm_histogram_first_peak_weight": 0.5839694738388062,
                "rhythm.bpm_histogram_second_peak_bpm": 129.0,
                "rhythm.bpm_histogram_second_peak_spread": 0.33834588527679443,
                "rhythm.bpm_histogram_second_peak_weight": 0.13643410801887512,
                "rhythm.danceability": 1.181840181350708
            }
        }
    ]
}