{
    "song_title": "Passenger",
    "artist": "Grateful Dead",
    "num_versions_processed": 3,
    "average_features": {
        "lowlevel.loudness_ebu128.short_term.dvar2": 0.02115253048638503,
        "lowlevel.loudness_ebu128.momentary.var": 25.61073652903239,
        "lowlevel.loudness_ebu128.momentary.min": -70.16847229003906,
        "lowlevel.spectral_centroid.dvar": 62548.838541666664,
        "rhythm.beats_loudness.min": 0.00037679693066531666,
        "lowlevel.spectral_centroid.mean": 1403.6183675130208,
        "rhythm.beats_loudness.dvar": 0.0003370234092775111,
        "rhythm.bpm_histogram_first_peak_bpm": 148.33333333333334,
        "rhythm.beats_loudness.median": 0.03830242653687795,
        "lowlevel.loudness_ebu128.integrated": -16.204729398091633,
        "lowlevel.loudness_ebu128.short_term.mean": -16.765981992085774,
        "rhythm.beats_loudness.dmean2": 0.03614195560415586,
        "lowlevel.loudness_ebu128.momentary.dvar2": 0.6147268712520599,
        "rhythm.bpm_histogram_second_peak_weight": 0.0975622870028019,
        "lowlevel.loudness_ebu128.loudness_range": 4.228501319885254,
        "rhythm.bpm_histogram_second_peak_bpm": 139.33333333333334,
        "lowlevel.loudness_ebu128.short_term.min": -35.26407114664713,
        "lowlevel.loudness_ebu128.short_term.stdev": 2.6319452921549478,
        "lowlevel.loudness_ebu128.short_term.dmean2": 0.10754350572824478,
        "lowlevel.loudness_ebu128.short_term.var": 7.068612257639567,
        "rhythm.beats_loudness.mean": 0.04018154740333557,
        "lowlevel.spectral_centroid.max": 10975.488932291666,
        "lowlevel.loudness_ebu128.momentary.dvar": 0.4417102187871933,
        "rhythm.beats_loudness.stdev": 0.022514076282580692,
        "lowlevel.loudness_ebu128.momentary.max": -10.327330271402994,
        "lowlevel.spectral_centroid.median": 1360.2875569661458,
        "lowlevel.loudness_ebu128.momentary.dmean": 0.582807699839274,
        "lowlevel.loudness_ebu128.short_term.dvar": 0.01892477599903941,
        "rhythm.beats_loudness.var": 0.0005138179694768041,
        "lowlevel.loudness_ebu128.momentary.stdev": 4.710819085439046,
        "lowlevel.loudness_ebu128.momentary.mean": -17.307467142740887,
        "rhythm.beats_loudness.dmean": 0.02020206240316232,
        "lowlevel.average_loudness": 0.6456566005945206,
        "lowlevel.loudness_ebu128.short_term.median": -16.370538075764973,
        "rhythm.beats_loudness.max": 0.1649495537082354,
        "metadata.audio_properties.analysis.equal_loudness": 0.0,
        "lowlevel.loudness_ebu128.momentary.dmean2": 0.702809472878774,
        "lowlevel.spectral_centroid.dvar2": 128577.296875,
        "lowlevel.loudness_ebu128.short_term.max": -12.276350339253744,
        "lowlevel.spectral_centroid.var": 318112.9583333333,
        "rhythm.bpm_histogram_first_peak_weight": 0.34470661481221515,
        "lowlevel.loudness_ebu128.momentary.median": -16.459131876627605,
        "rhythm.bpm": 147.08374532063803,
        "rhythm.beats_loudness.dvar2": 0.0010124192534325023,
        "lowlevel.loudness_ebu128.short_term.dmean": 0.09571872651576996,
        "lowlevel.spectral_centroid.stdev": 562.8052368164062,
        "lowlevel.spectral_centroid.dmean": 225.40384928385416,
        "lowlevel.spectral_centroid.dmean2": 342.87647501627606,
        "rhythm.danceability": 1.2159285147984822,
        "lowlevel.spectral_centroid.min": 229.3568369547526,
        "rhythm.bpm_histogram_second_peak_spread": 0.20747862259546915
    },
    "outlier_flag": false,
    "outlier_reasons": null,
    "raw_versions": [
        {
            "id": "AIXxpROmPx0",
            "title": "Grateful Dead - Passenger (Studio Version)",
            "views": 107963,
            "features": {
                "lowlevel.average_loudness": 0.9210955500602722,
                "lowlevel.loudness_ebu128.integrated": -17.29602813720703,
                "lowlevel.loudness_ebu128.loudness_range": 2.715272903442383,
                "lowlevel.loudness_ebu128.momentary.dmean": 0.5174823999404907,
                "lowlevel.loudness_ebu128.momentary.dmean2": 0.6109984517097473,
                "lowlevel.loudness_ebu128.momentary.dvar": 0.19764898717403412,
                "lowlevel.loudness_ebu128.momentary.dvar2": 0.28290849924087524,
                "lowlevel.loudness_ebu128.momentary.max": -13.223323822021484,
                "lowlevel.loudness_ebu128.momentary.mean": -18.58378791809082,
                "lowlevel.loudness_ebu128.momentary.median": -17.42257308959961,
                "lowlevel.loudness_ebu128.momentary.min": -90.73030853271484,
                "lowlevel.loudness_ebu128.momentary.stdev": 7.214389801025391,
                "lowlevel.loudness_ebu128.momentary.var": 52.047420501708984,
                "lowlevel.loudness_ebu128.short_term.dmean": 0.09076733142137527,
                "lowlevel.loudness_ebu128.short_term.dmean2": 0.082674540579319,
                "lowlevel.loudness_ebu128.short_term.dvar": 0.019180387258529663,
                "lowlevel.loudness_ebu128.short_term.dvar2": 0.004331213887780905,
                "lowlevel.loudness_ebu128.short_term.max": -14.351463317871094,
                "lowlevel.loudness_ebu128.short_term.mean": -17.757112503051758,
                "lowlevel.loudness_ebu128.short_term.median": -17.57594108581543,
                "lowlevel.loudness_ebu128.short_term.min": -52.66526794433594,
                "lowlevel.loudness_ebu128.short_term.stdev": 2.939744472503662,
                "lowlevel.loudness_ebu128.short_term.var": 8.642097473144531,
                "lowlevel.spectral_centroid.dmean": 240.65455627441406,
                "lowlevel.spectral_centroid.dmean2": 359.62554931640625,
                "lowlevel.spectral_centroid.dvar": 71478.4140625,
                "lowlevel.spectral_centroid.dvar2": 143123.59375,
                "lowlevel.spectral_centroid.max": 10876.9794921875,
                "lowlevel.spectral_centroid.mean": 1538.3150634765625,
                "lowlevel.spectral_centroid.median": 1522.8765869140625,
                "lowlevel.spectral_centroid.min": 194.61941528320312,
                "lowlevel.spectral_centroid.stdev": 604.6395874023438,
                "lowlevel.spectral_centroid.var": 365589.0625,
                "metadata.audio_properties.analysis.equal_loudness": 0.0,
                "rhythm.beats_loudness.dmean": 0.025613006204366684,
                "rhythm.beats_loudness.dmean2": 0.04598041996359825,
                "rhythm.beats_loudness.dvar": 0.00036903112777508795,
                "rhythm.beats_loudness.dvar2": 0.00120742863509804,
                "rhythm.beats_loudness.max": 0.12877725064754486,
                "rhythm.beats_loudness.mean": 0.05480573698878288,
                "rhythm.beats_loudness.median": 0.055102743208408356,
                "rhythm.beats_loudness.min": 2.1607142741686403e-09,
                "rhythm.beats_loudness.stdev": 0.024621296674013138,
                "rhythm.beats_loudness.var": 0.0006062082829885185,
                "rhythm.bpm": 138.3581085205078,
                "rhythm.bpm_histogram_first_peak_bpm": 140.0,
                "rhythm.bpm_histogram_first_peak_weight": 0.4480874538421631,
                "rhythm.bpm_histogram_second_peak_bpm": 133.0,
                "rhythm.bpm_histogram_second_peak_spread": 0.2666666507720947,
                "rhythm.bpm_histogram_second_peak_weight": 0.02857142873108387,
                "rhythm.danceability": 1.3215471506118774
            }
        },
        {
            "id": "tEukOsVSEhA",
            "title": "The Grateful Dead - Passenger 11-24-1978 - Capital Theater - Passaic, N.J.",
            "views": 14434,
            "features": {
                "lowlevel.average_loudness": 0.08753590285778046,
                "lowlevel.loudness_ebu128.integrated": -14.940211296081543,
                "lowlevel.loudness_ebu128.loudness_range": 4.642699241638184,