{
    "song_title": "Peggy O",
    "artist": "Grateful Dead",
    "num_versions_processed": 1,
    "average_features": {
        "lowlevel.loudness_ebu128.short_term.dvar2": 0.022196972742676735,
        "lowlevel.loudness_ebu128.momentary.var": 23.518077850341797,
        "lowlevel.loudness_ebu128.momentary.min": -46.606605529785156,
        "lowlevel.spectral_centroid.dvar": 28079.119140625,
        "rhythm.beats_loudness.min": 3.951729740947485e-05,
        "lowlevel.spectral_centroid.mean": 660.937255859375,
        "rhythm.beats_loudness.dvar": 0.0005260988255031407,
        "rhythm.bpm_histogram_first_peak_bpm": 92.0,
        "rhythm.beats_loudness.median": 0.03499811887741089,
        "lowlevel.loudness_ebu128.integrated": -19.117168426513672,
        "lowlevel.loudness_ebu128.short_term.mean": -20.468647003173828,
        "rhythm.beats_loudness.dmean2": 0.04511227458715439,
        "lowlevel.loudness_ebu128.momentary.dvar2": 1.1509442329406738,
        "rhythm.bpm_histogram_second_peak_weight": 0.06618962436914444,
        "lowlevel.loudness_ebu128.loudness_range": 8.951539993286133,
        "rhythm.bpm_histogram_second_peak_bpm": 86.0,
        "lowlevel.loudness_ebu128.short_term.min": -39.02793884277344,
        "lowlevel.loudness_ebu128.short_term.stdev": 3.851331949234009,
        "lowlevel.loudness_ebu128.short_term.dmean2": 0.14224815368652344,
        "lowlevel.loudness_ebu128.short_term.var": 14.832757949829102,
        "rhythm.beats_loudness.mean": 0.03809835761785507,
        "lowlevel.spectral_centroid.max": 5275.517578125,
        "lowlevel.loudness_ebu128.momentary.dvar": 0.7819279432296753,
        "rhythm.beats_loudness.stdev": 0.029637720435857773,
        "lowlevel.loudness_ebu128.momentary.max": -12.51207447052002,
        "lowlevel.spectral_centroid.median": 577.6932983398438,
        "lowlevel.loudness_ebu128.momentary.dmean": 0.8785898089408875,
        "lowlevel.loudness_ebu128.short_term.dvar": 0.02458892948925495,
        "rhythm.beats_loudness.var": 0.0008783945231698453,
        "lowlevel.loudness_ebu128.momentary.stdev": 4.849544048309326,
        "lowlevel.loudness_ebu128.momentary.mean": -21.144325256347656,
        "rhythm.beats_loudness.dmean": 0.024648094549775124,
        "lowlevel.average_loudness": 0.6891140937805176,
        "lowlevel.loudness_ebu128.short_term.median": -19.385189056396484,
        "rhythm.beats_loudness.max": 0.194741889834404,
        "metadata.audio_properties.analysis.equal_loudness": 0.0,
        "lowlevel.loudness_ebu128.momentary.dmean2": 1.1117510795593262,
        "lowlevel.spectral_centroid.dvar2": 62075.1875,
        "lowlevel.loudness_ebu128.short_term.max": -15.642046928405762,
        "lowlevel.spectral_centroid.var": 122924.1953125,
        "rhythm.bpm_histogram_first_peak_weight": 0.3636363744735718,
        "lowlevel.loudness_ebu128.momentary.median": -20.031831741333008,
        "rhythm.bpm": 90.87916564941406,
        "rhythm.beats_loudness.dvar2": 0.0016780722653493285,
        "lowlevel.loudness_ebu128.short_term.dmean": 0.1359599232673645,
        "lowlevel.spectral_centroid.stdev": 350.60546875,
        "lowlevel.spectral_centroid.dmean": 128.2957000732422,
        "lowlevel.spectral_centroid.dmean2": 199.51890563964844,
        "rhythm.danceability": 1.1695964336395264,
        "lowlevel.spectral_centroid.min": 189.3493194580078,
        "rhythm.bpm_histogram_second_peak_spread": 0.19565212726593018
    },
    "outlier_flag": false,
    "outlier_reasons": null,
    "raw_versions": [
        {
            "id": "2JHZGWDFL24",
            "title": "Grateful Dead - Peggy O (best live version)",
            "views": 833723,
            "features": {
                "lowlevel.average_loudness": 0.6891140937805176,
                "lowlevel.loudness_ebu128.integrated": -19.117168426513672,
                "lowlevel.loudness_ebu128.loudness_range": 8.951539993286133,
                "lowlevel.loudness_ebu128.momentary.dmean": 0.8785898089408875,
                "lowlevel.loudness_ebu128.momentary.dmean2": 1.1117510795593262,
                "lowlevel.loudness_ebu128.momentary.dvar": 0.7819279432296753,
                "lowlevel.loudness_ebu128.momentary.dvar2": 1.1509442329406738,
                "lowlevel.loudness_ebu128.momentary.max": -12.51207447052002,
                "lowlevel.loudness_ebu128.momentary.mean": -21.144325256347656,
                "lowlevel.loudness_ebu128.momentary.median": -20.031831741333008,
                "lowlevel.loudness_ebu128.momentary.min": -46.606605529785156,
                "lowlevel.loudness_ebu128.momentary.stdev": 4.849544048309326,
                "lowlevel.loudness_ebu128.momentary.var": 23.518077850341797,
                "lowlevel.loudness_ebu128.short_term.dmean": 0.1359599232673645,
                "lowlevel.loudness_ebu128.short_term.dmean2": 0.14224815368652344,
                "lowlevel.loudness_ebu128.short_term.dvar": 0.02458892948925495,
                "lowlevel.loudness_ebu128.short_term.dvar2": 0.022196972742676735,
                "lowlevel.loudness_ebu128.short_term.max": -15.642046928405762,
                "lowlevel.loudness_ebu128.short_term.mean": -20.468647003173828,
                "lowlevel.loudness_ebu128.short_term.median": -19.385189056396484,
                "lowlevel.loudness_ebu128.short_term.min": -39.02793884277344,
                "lowlevel.loudness_ebu128.short_term.stdev": 3.851331949234009,
                "lowlevel.loudness_ebu128.short_term.var": 14.832757949829102,
                "lowlevel.spectral_centroid.dmean": 128.2957000732422,
                "lowlevel.spectral_centroid.dmean2": 199.51890563964844,
                "lowlevel.spectral_centroid.dvar": 28079.119140625,
                "lowlevel.spectral_centroid.dvar2": 62075.1875,
                "lowlevel.spectral_centroid.max": 5275.517578125,
                "lowlevel.spectral_centroid.mean": 660.937255859375,
                "lowlevel.spectral_centroid.median": 577.6932983398438,
                "lowlevel.spectral_centroid.min": 189.3493194580078,
                "lowlevel.spectral_centroid.stdev": 350.60546875,
                "lowlevel.spectral_centroid.var": 122924.1953125,
                "metadata.audio_properties.analysis.equal_loudness": 0.0,
                "rhythm.beats_loudness.dmean": 0.024648094549775124,
                "rhythm.beats_loudness.dmean2": 0.04511227458715439,
                "rhythm.beats_loudness.dvar": 0.0005260988255031407,
                "rhythm.beats_loudness.dvar2": 0.0016780722653493285,
                "rhythm.beats_loudness.max": 0.194741889834404,
                "rhythm.beats_loudness.mean": 0.03809835761785507,
                "rhythm.beats_loudness.median": 0.03499811887741089,
                "rhythm.beats_loudness.min": 3.951729740947485e-05,
                "rhythm.beats_loudness.stdev": 0.029637720435857773,
                "rhythm.beats_loudness.var": 0.0008783945231698453,
                "rhythm.bpm": 90.87916564941406,
                "rhythm.bpm_histogram_first_peak_bpm": 92.0,
                "rhythm.bpm_histogram_first_peak_weight": 0.3636363744735718,
                "rhythm.bpm_histogram_second_peak_bpm": 86.0,
                "rhythm.bpm_histogram_second_peak_spread": 0.19565212726593018,
                "rhythm.bpm_histogram_second_peak_weight": 0.06618962436914444,
                "rhythm.danceability": 1.1695964336395264
            }
        }
    ]
}