{
    "song_title": "Picasso Moon",
    "artist": "Grateful Dead",
    "num_versions_processed": 3,
    "average_features": {
        "rhythm.beats_loudness.dvar": 0.0005313208093866706,
        "lowlevel.loudness_ebu128.momentary.median": -17.773608843485516,
        "lowlevel.loudness_ebu128.short_term.min": -45.144421895345054,
        "lowlevel.loudness_ebu128.short_term.dvar": 0.01873919616142909,
        "rhythm.beats_loudness.dvar2": 0.0015512261306867003,
        "rhythm.beats_loudness.min": 5.391924670343033e-06,
        "lowlevel.loudness_ebu128.momentary.min": -66.05327606201172,
        "rhythm.bpm_histogram_second_peak_weight": 0.06287037705381711,
        "lowlevel.spectral_centroid.min": 197.88440958658853,
        "lowlevel.spectral_centroid.var": 117488.08333333333,
        "lowlevel.loudness_ebu128.short_term.dvar2": 0.016256304923444986,
        "lowlevel.loudness_ebu128.short_term.stdev": 3.2715795834859214,
        "rhythm.beats_loudness.max": 0.19589105248451233,
        "lowlevel.loudness_ebu128.momentary.dvar2": 0.7253146370251974,
        "lowlevel.spectral_centroid.dvar2": 53549.517578125,
        "lowlevel.loudness_ebu128.momentary.max": -10.87412134806315,
        "lowlevel.average_loudness": 0.7218925257523855,
        "lowlevel.loudness_ebu128.momentary.var": 23.62108548482259,
        "lowlevel.loudness_ebu128.loudness_range": 5.692288398742676,
        "rhythm.beats_loudness.dmean": 0.021279388417800266,
        "lowlevel.loudness_ebu128.momentary.dvar": 0.5115108688672384,
        "metadata.audio_properties.analysis.equal_loudness": 0.0,
        "lowlevel.spectral_centroid.dmean": 128.44878133138022,
        "rhythm.bpm": 134.6274668375651,
        "lowlevel.spectral_centroid.dvar": 24820.915364583332,
        "lowlevel.loudness_ebu128.momentary.dmean2": 0.847708523273468,
        "rhythm.bpm_histogram_first_peak_weight": 0.4378097852071126,
        "rhythm.bpm_histogram_second_peak_spread": 0.1534638007481893,
        "lowlevel.loudness_ebu128.momentary.mean": -18.576670964558918,
        "lowlevel.loudness_ebu128.momentary.dmean": 0.6947627067565918,
        "rhythm.beats_loudness.mean": 0.036878736689686775,
        "rhythm.bpm_histogram_second_peak_bpm": 137.66666666666666,
        "lowlevel.loudness_ebu128.integrated": -17.230676968892414,
        "rhythm.beats_loudness.var": 0.0006608052644878626,
        "lowlevel.loudness_ebu128.momentary.stdev": 4.845332940419515,
        "lowlevel.loudness_ebu128.short_term.var": 11.695881684621176,
        "lowlevel.spectral_centroid.max": 5573.321126302083,
        "rhythm.beats_loudness.dmean2": 0.037377494076887764,
        "rhythm.danceability": 1.1832667589187622,
        "lowlevel.loudness_ebu128.short_term.max": -13.933117548624674,
        "lowlevel.spectral_centroid.mean": 769.7789510091146,
        "rhythm.beats_loudness.stdev": 0.025488173589110374,
        "lowlevel.loudness_ebu128.short_term.dmean2": 0.10827463616927464,
        "lowlevel.loudness_ebu128.short_term.dmean": 0.10555325945218404,
        "lowlevel.loudness_ebu128.short_term.mean": -18.047496795654297,
        "rhythm.bpm_histogram_first_peak_bpm": 135.0,
        "lowlevel.loudness_ebu128.short_term.median": -17.450283686319988,
        "lowlevel.spectral_centroid.median": 714.0760498046875,
        "lowlevel.spectral_centroid.stdev": 338.0941569010417,
        "lowlevel.spectral_centroid.dmean2": 195.12783813476562,
        "rhythm.beats_loudness.median": 0.032626902063687645
    },
    "outlier_flag": false,
    "outlier_reasons": null,
    "raw_versions": [
        {
            "id": "AQYHZbnrpok",
            "title": "Grateful Dead - Picasso Moon (Buckeye Hebron, OH 7/1/92)",
            "views": 39287,
            "features": {
                "lowlevel.average_loudness": 0.8729414939880371,
                "lowlevel.loudness_ebu128.integrated": -16.736791610717773,
                "lowlevel.loudness_ebu128.loudness_range": 3.0450973510742188,
                "lowlevel.loudness_ebu128.momentary.dmean": 0.5689697861671448,
                "lowlevel.loudness_ebu128.momentary.dmean2": 0.6644267439842224,
                "lowlevel.loudness_ebu128.momentary.dvar": 0.41503894329071045,
                "lowlevel.loudness_ebu128.momentary.dvar2": 0.5629918575286865,
                "lowlevel.loudness_ebu128.momentary.max": -11.953706741333008,
                "lowlevel.loudness_ebu128.momentary.mean": -17.488447189331055,
                "lowlevel.loudness_ebu128.momentary.median": -17.028038024902344,
                "lowlevel.loudness_ebu128.momentary.min": -90.64847564697266,
                "lowlevel.loudness_ebu128.momentary.stdev": 4.448405742645264,
                "lowlevel.loudness_ebu128.momentary.var": 19.788314819335938,
                "lowlevel.loudness_ebu128.short_term.dmean": 0.0871163085103035,
                "lowlevel.loudness_ebu128.short_term.dmean2": 0.08810458332300186,
                "lowlevel.loudness_ebu128.short_term.dvar": 0.007218224927783012,
                "lowlevel.loudness_ebu128.short_term.dvar2": 0.007033129688352346,
                "lowlevel.loudness_ebu128.short_term.max": -14.186580657958984,
                "lowlevel.loudness_ebu128.short_term.mean": -17.03465461730957,
                "lowlevel.loudness_ebu128.short_term.median": -16.834091186523438,
                "lowlevel.loudness_ebu128.short_term.min": -35.60163116455078,
                "lowlevel.loudness_ebu128.short_term.stdev": 1.8684484958648682,
                "lowlevel.loudness_ebu128.short_term.var": 3.4910998344421387,
                "lowlevel.spectral_centroid.dmean": 103.37459564208984,
                "lowlevel.spectral_centroid.dmean2": 156.23818969726562,
                "lowlevel.spectral_centroid.dvar": 14629.666015625,
                "lowlevel.spectral_centroid.dvar2": 32712.369140625,
                "lowlevel.spectral_centroid.max": 5387.29150390625,
                "lowlevel.spectral_centroid.mean": 656.1508178710938,
                "lowlevel.spectral_centroid.median": 603.79443359375,
                "lowlevel.spectral_centroid.min": 201.31607055664062,
                "lowlevel.spectral_centroid.stdev": 319.2747802734375,
                "lowlevel.spectral_centroid.var": 101936.390625,
                "metadata.audio_properties.analysis.equal_loudness": 0.0,
                "rhythm.beats_loudness.dmean": 0.018754588440060616,
                "rhythm.beats_loudness.dmean2": 0.0316954031586647,
                "rhythm.beats_loudness.dvar": 0.0003286699648015201,
                "rhythm.beats_loudness.dvar2": 0.0009448068449273705,
                "rhythm.beats_loudness.max": 0.16919054090976715,
                "rhythm.beats_loudness.mean": 0.03649468719959259,
                "rhythm.beats_loudness.median": 0.03317415714263916,
                "rhythm.beats_loudness.min": 1.5562485744524679e-09,
                "rhythm.beats_loudness.stdev": 0.021016579121351242,
                "rhythm.beats_loudness.var": 0.0004416966112330556,
                "rhythm.bpm": 140.07350158691406,
                "rhythm.bpm_histogram_first_peak_bpm": 140.0,
                "rhythm.bpm_histogram_first_peak_weight": 0.4842473864555359,
                "rhythm.bpm_histogram_second_peak_bpm": 148.0,
                "rhythm.bpm_histogram_second_peak_spread": 0.05882352590560913,
                "rhythm.bpm_histogram_second_peak_weight": 0.017758047208189964,
                "rhythm.danceability": 1.1562683582305908
            }
        },
        {
            "id": "mTRacGNWbSk",
            "title": "Picasso Moon - Grateful Dead - 10-16-1989 Meadowlands, NJ set1-1",
            "views": 13951,
            "features": {
                "lowlevel.average_loudness": 0.3877873122692108,
                "lowlevel.loudness_ebu128.integrated": -20.715091705322266,
                "lowlevel.loudness_ebu128.loudness_range": 8.267452239990234,