{
    "song_title": "Playing In The Band (reprise)",
    "artist": "Grateful Dead",
    "num_versions_processed": 1,
    "average_features": {
        "lowlevel.loudness_ebu128.short_term.dvar2": 0.021973447874188423,
        "lowlevel.loudness_ebu128.momentary.var": 51.09703063964844,
        "lowlevel.loudness_ebu128.momentary.min": -90.36595916748047,
        "lowlevel.spectral_centroid.dvar": 38640.1796875,
        "rhythm.beats_loudness.min": 4.037633283271447e-10,
        "lowlevel.spectral_centroid.mean": 770.2213745117188,
        "rhythm.beats_loudness.dvar": 0.0004584803245961666,
        "rhythm.bpm_histogram_first_peak_bpm": 140.0,
        "rhythm.beats_loudness.median": 0.021397307515144348,
        "lowlevel.loudness_ebu128.integrated": -13.13651180267334,
        "lowlevel.loudness_ebu128.short_term.mean": -15.45645523071289,
        "rhythm.beats_loudness.dmean2": 0.032249465584754944,
        "lowlevel.loudness_ebu128.momentary.dvar2": 0.9087644219398499,
        "rhythm.bpm_histogram_second_peak_weight": 0.13042016327381134,
        "lowlevel.loudness_ebu128.loudness_range": 11.072282791137695,
        "rhythm.bpm_histogram_second_peak_bpm": 133.0,
        "lowlevel.loudness_ebu128.short_term.min": -89.09136199951172,
        "lowlevel.loudness_ebu128.short_term.stdev": 6.071115016937256,
        "lowlevel.loudness_ebu128.short_term.dmean2": 0.12982158362865448,
        "lowlevel.loudness_ebu128.short_term.var": 36.85844039916992,
        "rhythm.beats_loudness.mean": 0.02951265126466751,
        "lowlevel.spectral_centroid.max": 6163.51513671875,
        "lowlevel.loudness_ebu128.momentary.dvar": 0.6105062365531921,
        "rhythm.beats_loudness.stdev": 0.028368130326271057,
        "lowlevel.loudness_ebu128.momentary.max": -5.790992259979248,
        "lowlevel.spectral_centroid.median": 657.2508544921875,
        "lowlevel.loudness_ebu128.momentary.dmean": 0.7985736131668091,
        "lowlevel.loudness_ebu128.short_term.dvar": 0.026478594169020653,
        "rhythm.beats_loudness.var": 0.0008047508308663964,
        "lowlevel.loudness_ebu128.momentary.stdev": 7.148218631744385,
        "lowlevel.loudness_ebu128.momentary.mean": -16.01145362854004,
        "rhythm.beats_loudness.dmean": 0.01858159899711609,
        "lowlevel.average_loudness": 0.32201552391052246,
        "lowlevel.loudness_ebu128.short_term.median": -13.731863021850586,
        "rhythm.beats_loudness.max": 0.28601446747779846,
        "metadata.audio_properties.analysis.equal_loudness": 0.0,
        "lowlevel.loudness_ebu128.momentary.dmean2": 0.9656953811645508,
        "lowlevel.spectral_centroid.dvar2": 86318.671875,
        "lowlevel.loudness_ebu128.short_term.max": -7.986343860626221,
        "lowlevel.spectral_centroid.var": 216264.265625,
        "rhythm.bpm_histogram_first_peak_weight": 0.5510388612747192,
        "lowlevel.loudness_ebu128.momentary.median": -14.462306022644043,
        "rhythm.bpm": 139.7300262451172,
        "rhythm.beats_loudness.dvar2": 0.001287812483496964,
        "lowlevel.loudness_ebu128.short_term.dmean": 0.12407486140727997,
        "lowlevel.spectral_centroid.stdev": 465.0422058105469,
        "lowlevel.spectral_centroid.dmean": 141.88052368164062,
        "lowlevel.spectral_centroid.dmean2": 217.41677856445312,
        "rhythm.danceability": 1.1842926740646362,
        "lowlevel.spectral_centroid.min": 139.51258850097656,
        "rhythm.bpm_histogram_second_peak_spread": 0.33675217628479004
    },
    "outlier_flag": false,
    "outlier_reasons": null,
    "raw_versions": [
        {
            "id": "QpE9WEhVBbc",
            "title": "Playing in the Band\u2192Supplication\u2192Playin Reprise 1976-09-24 Grateful Dead Live in Williamsburg VA",
            "views": 192,
            "features": {
                "lowlevel.average_loudness": 0.32201552391052246,
                "lowlevel.loudness_ebu128.integrated": -13.13651180267334,
                "lowlevel.loudness_ebu128.loudness_range": 11.072282791137695,
                "lowlevel.loudness_ebu128.momentary.dmean": 0.7985736131668091,
                "lowlevel.loudness_ebu128.momentary.dmean2": 0.9656953811645508,
                "lowlevel.loudness_ebu128.momentary.dvar": 0.6105062365531921,
                "lowlevel.loudness_ebu128.momentary.dvar2": 0.9087644219398499,
                "lowlevel.loudness_ebu128.momentary.max": -5.790992259979248,
                "lowlevel.loudness_ebu128.momentary.mean": -16.01145362854004,
                "lowlevel.loudness_ebu128.momentary.median": -14.462306022644043,
                "lowlevel.loudness_ebu128.momentary.min": -90.36595916748047,
                "lowlevel.loudness_ebu128.momentary.stdev": 7.148218631744385,
                "lowlevel.loudness_ebu128.momentary.var": 51.09703063964844,
                "lowlevel.loudness_ebu128.short_term.dmean": 0.12407486140727997,
                "lowlevel.loudness_ebu128.short_term.dmean2": 0.12982158362865448,
                "lowlevel.loudness_ebu128.short_term.dvar": 0.026478594169020653,
                "lowlevel.loudness_ebu128.short_term.dvar2": 0.021973447874188423,
                "lowlevel.loudness_ebu128.short_term.max": -7.986343860626221,
                "lowlevel.loudness_ebu128.short_term.mean": -15.45645523071289,
                "lowlevel.loudness_ebu128.short_term.median": -13.731863021850586,
                "lowlevel.loudness_ebu128.short_term.min": -89.09136199951172,
                "lowlevel.loudness_ebu128.short_term.stdev": 6.071115016937256,
                "lowlevel.loudness_ebu128.short_term.var": 36.85844039916992,
                "lowlevel.spectral_centroid.dmean": 141.88052368164062,
                "lowlevel.spectral_centroid.dmean2": 217.41677856445312,
                "lowlevel.spectral_centroid.dvar": 38640.1796875,
                "lowlevel.spectral_centroid.dvar2": 86318.671875,
                "lowlevel.spectral_centroid.max": 6163.51513671875,
                "lowlevel.spectral_centroid.mean": 770.2213745117188,
                "lowlevel.spectral_centroid.median": 657.2508544921875,
                "lowlevel.spectral_centroid.min": 139.51258850097656,
                "lowlevel.spectral_centroid.stdev": 465.0422058105469,
                "lowlevel.spectral_centroid.var": 216264.265625,
                "metadata.audio_properties.analysis.equal_loudness": 0.0,
                "rhythm.beats_loudness.dmean": 0.01858159899711609,
                "rhythm.beats_loudness.dmean2": 0.032249465584754944,
                "rhythm.beats_loudness.dvar": 0.0004584803245961666,
                "rhythm.beats_loudness.dvar2": 0.001287812483496964,
                "rhythm.beats_loudness.max": 0.28601446747779846,
                "rhythm.beats_loudness.mean": 0.02951265126466751,
                "rhythm.beats_loudness.median": 0.021397307515144348,
                "rhythm.beats_loudness.min": 4.037633283271447e-10,
                "rhythm.beats_loudness.stdev": 0.028368130326271057,
                "rhythm.beats_loudness.var": 0.0008047508308663964,
                "rhythm.bpm": 139.7300262451172,
                "rhythm.bpm_histogram_first_peak_bpm": 140.0,
                "rhythm.bpm_histogram_first_peak_weight": 0.5510388612747192,
                "rhythm.bpm_histogram_second_peak_bpm": 133.0,
                "rhythm.bpm_histogram_second_peak_spread": 0.33675217628479004,
                "rhythm.bpm_histogram_second_peak_weight": 0.13042016327381134,
                "rhythm.danceability": 1.1842926740646362
            }
        }
    ]
}