{
    "song_title": "Pollution",
    "artist": "Grateful Dead",
    "num_versions_processed": 3,
    "average_features": {
        "lowlevel.loudness_ebu128.short_term.dvar2": 0.004985570829982559,
        "lowlevel.loudness_ebu128.momentary.var": 9.876441717147827,
        "lowlevel.loudness_ebu128.momentary.min": -33.186754862467446,
        "lowlevel.spectral_centroid.dvar": 53783.223958333336,
        "rhythm.beats_loudness.min": 0.0014858301437925547,
        "lowlevel.spectral_centroid.mean": 1466.6909586588542,
        "rhythm.beats_loudness.dvar": 0.0036658203171100467,
        "rhythm.bpm_histogram_first_peak_bpm": 138.66666666666666,
        "rhythm.beats_loudness.median": 0.04101294154922167,
        "lowlevel.loudness_ebu128.integrated": -15.05581029256185,
        "lowlevel.loudness_ebu128.short_term.mean": -15.737818082173666,
        "rhythm.beats_loudness.dmean2": 0.06921141656736533,
        "lowlevel.loudness_ebu128.momentary.dvar2": 0.3572943756977717,
        "rhythm.bpm_histogram_second_peak_weight": 0.11715376377105713,
        "lowlevel.loudness_ebu128.loudness_range": 6.170368830362956,
        "rhythm.bpm_histogram_second_peak_bpm": 118.33333333333333,
        "lowlevel.loudness_ebu128.short_term.min": -22.50156529744466,
        "lowlevel.loudness_ebu128.short_term.stdev": 2.2929753065109253,
        "lowlevel.loudness_ebu128.short_term.dmean2": 0.07444115231434505,
        "lowlevel.loudness_ebu128.short_term.var": 7.403465390205383,
        "rhythm.beats_loudness.mean": 0.06036487470070521,
        "lowlevel.spectral_centroid.max": 9143.163899739584,
        "lowlevel.loudness_ebu128.momentary.dvar": 0.22672579685846964,
        "rhythm.beats_loudness.stdev": 0.054749260346094765,
        "lowlevel.loudness_ebu128.momentary.max": -11.063647588094076,
        "lowlevel.spectral_centroid.median": 1471.784423828125,
        "lowlevel.loudness_ebu128.momentary.dmean": 0.4262470205624898,
        "lowlevel.loudness_ebu128.short_term.dvar": 0.0046442411839962006,
        "rhythm.beats_loudness.var": 0.004844356628988559,
        "lowlevel.loudness_ebu128.momentary.stdev": 2.7770797411600747,
        "lowlevel.loudness_ebu128.momentary.mean": -15.947146733601889,
        "rhythm.beats_loudness.dmean": 0.03968691763778528,
        "lowlevel.average_loudness": 0.8286428848902384,
        "lowlevel.loudness_ebu128.short_term.median": -14.6600980758667,
        "rhythm.beats_loudness.max": 0.333699531853199,
        "metadata.audio_properties.analysis.equal_loudness": 0.0,
        "lowlevel.loudness_ebu128.momentary.dmean2": 0.5547394156455994,
        "lowlevel.spectral_centroid.dvar2": 120976.74479166667,
        "lowlevel.loudness_ebu128.short_term.max": -12.247929573059082,
        "lowlevel.spectral_centroid.var": 306655.921875,
        "rhythm.bpm_histogram_first_peak_weight": 0.5420554280281067,
        "lowlevel.loudness_ebu128.momentary.median": -14.981359481811523,
        "rhythm.bpm": 138.5895029703776,
        "rhythm.beats_loudness.dvar2": 0.01078266497158135,
        "lowlevel.loudness_ebu128.short_term.dmean": 0.06744669129451115,
        "lowlevel.spectral_centroid.stdev": 531.7132364908854,
        "lowlevel.spectral_centroid.dmean": 238.91661071777344,
        "lowlevel.spectral_centroid.dmean2": 376.8297424316406,
        "rhythm.danceability": 1.277740438779195,
        "lowlevel.spectral_centroid.min": 178.2691904703776,
        "rhythm.bpm_histogram_second_peak_spread": 0.48021554946899414
    },
    "outlier_flag": false,
    "outlier_reasons": null,
    "raw_versions": [
        {
            "id": "aHPXDrQgCOA",
            "title": "Limp Bizkit - Pollution (Live at UNO Lakefront Arena, 1998) *Official Pro Shot",
            "views": 167613,
            "features": {
                "lowlevel.average_loudness": 0.803167462348938,
                "lowlevel.loudness_ebu128.integrated": -16.00237464904785,
                "lowlevel.loudness_ebu128.loudness_range": 4.414028167724609,
                "lowlevel.loudness_ebu128.momentary.dmean": 0.48885560035705566,
                "lowlevel.loudness_ebu128.momentary.dmean2": 0.6453887224197388,
                "lowlevel.loudness_ebu128.momentary.dvar": 0.34045490622520447,
                "lowlevel.loudness_ebu128.momentary.dvar2": 0.5224709510803223,
                "lowlevel.loudness_ebu128.momentary.max": -11.978843688964844,
                "lowlevel.loudness_ebu128.momentary.mean": -16.414653778076172,
                "lowlevel.loudness_ebu128.momentary.median": -15.996679306030273,
                "lowlevel.loudness_ebu128.momentary.min": -33.03755187988281,
                "lowlevel.loudness_ebu128.momentary.stdev": 2.0597102642059326,
                "lowlevel.loudness_ebu128.momentary.var": 4.242406845092773,
                "lowlevel.loudness_ebu128.short_term.dmean": 0.06991652399301529,
                "lowlevel.loudness_ebu128.short_term.dmean2": 0.08748621493577957,
                "lowlevel.loudness_ebu128.short_term.dvar": 0.004062811844050884,
                "lowlevel.loudness_ebu128.short_term.dvar2": 0.00565049285069108,
                "lowlevel.loudness_ebu128.short_term.max": -13.11567497253418,
                "lowlevel.loudness_ebu128.short_term.mean": -16.233705520629883,
                "lowlevel.loudness_ebu128.short_term.median": -15.766972541809082,
                "lowlevel.loudness_ebu128.short_term.min": -20.223188400268555,
                "lowlevel.loudness_ebu128.short_term.stdev": 1.4770911931991577,
                "lowlevel.loudness_ebu128.short_term.var": 2.181798219680786,
                "lowlevel.spectral_centroid.dmean": 253.16854858398438,
                "lowlevel.spectral_centroid.dmean2": 398.7166442871094,
                "lowlevel.spectral_centroid.dvar": 59992.06640625,
                "lowlevel.spectral_centroid.dvar2": 128018.828125,
                "lowlevel.spectral_centroid.max": 11025.5810546875,
                "lowlevel.spectral_centroid.mean": 1241.3131103515625,
                "lowlevel.spectral_centroid.median": 1211.21923828125,
                "lowlevel.spectral_centroid.min": 153.1949920654297,
                "lowlevel.spectral_centroid.stdev": 488.3553466796875,
                "lowlevel.spectral_centroid.var": 238490.953125,
                "metadata.audio_properties.analysis.equal_loudness": 0.0,
                "rhythm.beats_loudness.dmean": 0.02953202836215496,
                "rhythm.beats_loudness.dmean2": 0.052006661891937256,
                "rhythm.beats_loudness.dvar": 0.0008168289787136018,
                "rhythm.beats_loudness.dvar2": 0.0022829207591712475,
                "rhythm.beats_loudness.max": 0.1850799173116684,
                "rhythm.beats_loudness.mean": 0.05112399905920029,
                "rhythm.beats_loudness.median": 0.040842462331056595,
                "rhythm.beats_loudness.min": 0.0010662863496690989,
                "rhythm.beats_loudness.stdev": 0.03362680599093437,
                "rhythm.beats_loudness.var": 0.001130762044340372,
                "rhythm.bpm": 136.02320861816406,
                "rhythm.bpm_histogram_first_peak_bpm": 136.0,
                "rhythm.bpm_histogram_first_peak_weight": 0.5393258333206177,
                "rhythm.bpm_histogram_second_peak_bpm": 110.0,
                "rhythm.bpm_histogram_second_peak_spread": 0.5319148898124695,
                "rhythm.bpm_histogram_second_peak_weight": 0.11538461595773697,
                "rhythm.danceability": 1.2806806564331055
            }
        },
        {
            "id": "CLMarw1xQIk",
            "title": "Limp Bizkit - \u201cPollution\u201d  (Live at  PinkPop Festival 1997) Official Pro Shot  4K Remastered",
            "views": 409410,
            "features": {
                "lowlevel.average_loudness": 0.9545521140098572,
                "lowlevel.loudness_ebu128.integrated": -14.748799324035645,
                "lowlevel.loudness_ebu128.loudness_range": 3.3541831970214844,