{
    "song_title": "Prisoner Blues",
    "artist": "Grateful Dead",
    "num_versions_processed": 2,
    "average_features": {
        "lowlevel.loudness_ebu128.momentary.dmean2": 1.0290063619613647,
        "lowlevel.loudness_ebu128.short_term.median": -21.438800811767578,
        "lowlevel.spectral_centroid.median": 618.0879516601562,
        "rhythm.beats_loudness.var": 0.0004805231437785551,
        "rhythm.beats_loudness.dvar": 0.00038215643871808425,
        "lowlevel.loudness_ebu128.short_term.stdev": 2.1823747158050537,
        "lowlevel.loudness_ebu128.integrated": -21.265265464782715,
        "rhythm.beats_loudness.max": 0.14750108495354652,
        "lowlevel.spectral_centroid.max": 11254.13720703125,
        "lowlevel.spectral_centroid.min": 207.18515014648438,
        "lowlevel.loudness_ebu128.momentary.stdev": 4.118645787239075,
        "rhythm.bpm": 105.92826461791992,
        "lowlevel.loudness_ebu128.loudness_range": 4.3903703689575195,
        "rhythm.beats_loudness.mean": 0.03477715328335762,
        "rhythm.bpm_histogram_second_peak_weight": 0.03608460258692503,
        "metadata.audio_properties.analysis.equal_loudness": 0.0,
        "lowlevel.loudness_ebu128.short_term.var": 5.770063638687134,
        "rhythm.beats_loudness.dvar2": 0.0011348118132445961,
        "rhythm.bpm_histogram_second_peak_bpm": 101.0,
        "lowlevel.loudness_ebu128.momentary.mean": -22.220227241516113,
        "lowlevel.loudness_ebu128.short_term.max": -17.349231719970703,
        "rhythm.beats_loudness.stdev": 0.02162757609039545,
        "lowlevel.loudness_ebu128.momentary.dmean": 0.7893559336662292,
        "lowlevel.spectral_centroid.mean": 722.6213684082031,
        "lowlevel.spectral_centroid.stdev": 422.1195068359375,
        "rhythm.beats_loudness.median": 0.030220648273825645,
        "lowlevel.loudness_ebu128.short_term.dmean": 0.10475260391831398,
        "lowlevel.loudness_ebu128.short_term.dvar2": 0.020943144569173455,
        "rhythm.beats_loudness.dmean2": 0.03472413308918476,
        "lowlevel.loudness_ebu128.short_term.mean": -21.724072456359863,
        "lowlevel.loudness_ebu128.momentary.var": 22.067903757095337,
        "rhythm.beats_loudness.dmean": 0.019510391168296337,
        "lowlevel.loudness_ebu128.momentary.min": -61.927154541015625,
        "lowlevel.loudness_ebu128.momentary.dvar": 0.7061846852302551,
        "lowlevel.spectral_centroid.dmean": 139.60845947265625,
        "lowlevel.spectral_centroid.var": 184840.21484375,
        "rhythm.beats_loudness.min": 0.003397126567344144,
        "lowlevel.average_loudness": 0.685492530465126,
        "lowlevel.loudness_ebu128.short_term.dmean2": 0.12344639375805855,
        "lowlevel.loudness_ebu128.short_term.min": -38.932931900024414,
        "rhythm.bpm_histogram_first_peak_bpm": 106.5,
        "lowlevel.loudness_ebu128.momentary.max": -14.192782878875732,
        "lowlevel.spectral_centroid.dmean2": 209.61675262451172,
        "rhythm.bpm_histogram_second_peak_spread": 0.1736111044883728,
        "lowlevel.loudness_ebu128.short_term.dvar": 0.01791721465997398,
        "lowlevel.loudness_ebu128.momentary.median": -21.699443817138672,
        "rhythm.danceability": 1.3059744834899902,
        "lowlevel.spectral_centroid.dvar": 41353.83984375,
        "rhythm.bpm_histogram_first_peak_weight": 0.4359614849090576,
        "lowlevel.loudness_ebu128.momentary.dvar2": 1.138433963060379,
        "lowlevel.spectral_centroid.dvar2": 85478.0078125
    },
    "outlier_flag": true,
    "outlier_reasons": [
        "Loudness Variance: 8.96 (limit 6.0)"
    ],
    "raw_versions": [
        {
            "id": "qx1LqnIJLj8",
            "title": "Grateful Dead - Deep Elem Blues (acoustic)",
            "views": 1151266,
            "features": {
                "lowlevel.average_loudness": 0.8829277157783508,
                "lowlevel.loudness_ebu128.integrated": -25.74640464782715,
                "lowlevel.loudness_ebu128.loudness_range": 3.2793445587158203,
                "lowlevel.loudness_ebu128.momentary.dmean": 0.6556406021118164,
                "lowlevel.loudness_ebu128.momentary.dmean2": 0.7727130651473999,
                "lowlevel.loudness_ebu128.momentary.dvar": 0.2798457145690918,
                "lowlevel.loudness_ebu128.momentary.dvar2": 0.4207581877708435,
                "lowlevel.loudness_ebu128.momentary.max": -19.389089584350586,
                "lowlevel.loudness_ebu128.momentary.mean": -26.125858306884766,
                "lowlevel.loudness_ebu128.momentary.median": -25.930429458618164,
                "lowlevel.loudness_ebu128.momentary.min": -33.43193054199219,
                "lowlevel.loudness_ebu128.momentary.stdev": 1.8592960834503174,
                "lowlevel.loudness_ebu128.momentary.var": 3.456982135772705,
                "lowlevel.loudness_ebu128.short_term.dmean": 0.08436686545610428,
                "lowlevel.loudness_ebu128.short_term.dmean2": 0.09288770705461502,
                "lowlevel.loudness_ebu128.short_term.dvar": 0.004985743667930365,
                "lowlevel.loudness_ebu128.short_term.dvar2": 0.006460838485509157,
                "lowlevel.loudness_ebu128.short_term.max": -22.71600914001465,
                "lowlevel.loudness_ebu128.short_term.mean": -25.931943893432617,
                "lowlevel.loudness_ebu128.short_term.median": -25.800674438476562,
                "lowlevel.loudness_ebu128.short_term.min": -29.834659576416016,
                "lowlevel.loudness_ebu128.short_term.stdev": 1.1787292957305908,
                "lowlevel.loudness_ebu128.short_term.var": 1.3894028663635254,
                "lowlevel.spectral_centroid.dmean": 119.77284240722656,
                "lowlevel.spectral_centroid.dmean2": 177.60923767089844,
                "lowlevel.spectral_centroid.dvar": 29804.43359375,
                "lowlevel.spectral_centroid.dvar2": 56895.7734375,
                "lowlevel.spectral_centroid.max": 11030.93359375,
                "lowlevel.spectral_centroid.mean": 662.9368896484375,
                "lowlevel.spectral_centroid.median": 585.8364868164062,
                "lowlevel.spectral_centroid.min": 220.94915771484375,
                "lowlevel.spectral_centroid.stdev": 340.539306640625,
                "lowlevel.spectral_centroid.var": 115967.0234375,
                "metadata.audio_properties.analysis.equal_loudness": 0.0,
                "rhythm.beats_loudness.dmean": 0.018583541736006737,
                "rhythm.beats_loudness.dmean2": 0.03322766721248627,
                "rhythm.beats_loudness.dvar": 0.0002364290558034554,
                "rhythm.beats_loudness.dvar2": 0.0006753284833393991,
                "rhythm.beats_loudness.max": 0.11475414782762527,
                "rhythm.beats_loudness.mean": 0.03717661276459694,
                "rhythm.beats_loudness.median": 0.033902980387210846,
                "rhythm.beats_loudness.min": 0.0067942519672214985,
                "rhythm.beats_loudness.stdev": 0.01805390976369381,
                "rhythm.beats_loudness.var": 0.0003259436634834856,
                "rhythm.bpm": 97.34033203125,
                "rhythm.bpm_histogram_first_peak_bpm": 98.0,
                "rhythm.bpm_histogram_first_peak_weight": 0.3375314474105835,
                "rhythm.bpm_histogram_second_peak_bpm": 92.0,
                "rhythm.bpm_histogram_second_peak_spread": 0.0,
                "rhythm.bpm_histogram_second_peak_weight": 0.017326733097434044,
                "rhythm.danceability": 1.3290477991104126
            }
        },
        {
            "id": "xd2W_W795iw",
            "title": "Grateful Dead - Mama Tried / Mexicali Blues (Buffalo, NY 7/16/90)",
            "views": 210456,
            "features": {
                "lowlevel.average_loudness": 0.48805734515190125,
                "lowlevel.loudness_ebu128.integrated": -16.78412628173828,
                "lowlevel.loudness_ebu128.loudness_range": 5.501396179199219,