{
    "song_title": "Rainy Day Women #12 & #35",
    "artist": "Grateful Dead",
    "num_versions_processed": 3,
    "average_features": {
        "rhythm.beats_loudness.dvar": 0.00010986854734558922,
        "lowlevel.loudness_ebu128.momentary.median": -11.855506896972656,
        "lowlevel.loudness_ebu128.short_term.min": -23.11933135986328,
        "lowlevel.loudness_ebu128.short_term.dvar": 0.009541134738052884,
        "rhythm.beats_loudness.dvar2": 0.0003394657396711409,
        "rhythm.beats_loudness.min": 0.001625259340168365,
        "lowlevel.loudness_ebu128.momentary.min": -51.52192306518555,
        "rhythm.bpm_histogram_second_peak_weight": 0.07004505520065625,
        "lowlevel.spectral_centroid.min": 342.1249237060547,
        "lowlevel.spectral_centroid.var": 187580.546875,
        "lowlevel.loudness_ebu128.short_term.dvar2": 0.012780604301951826,
        "lowlevel.loudness_ebu128.short_term.stdev": 2.4181639750798545,
        "rhythm.beats_loudness.max": 0.08852964391311009,
        "lowlevel.loudness_ebu128.momentary.dvar2": 1.0560805946588516,
        "lowlevel.spectral_centroid.dvar2": 68779.69140625,
        "lowlevel.loudness_ebu128.momentary.max": -7.113864421844482,
        "lowlevel.average_loudness": 0.8315283457438151,
        "lowlevel.loudness_ebu128.momentary.var": 13.617684602737427,
        "lowlevel.loudness_ebu128.loudness_range": 4.322445392608643,
        "rhythm.beats_loudness.dmean": 0.012071695799628893,
        "lowlevel.loudness_ebu128.momentary.dvar": 0.8224671830733618,
        "metadata.audio_properties.analysis.equal_loudness": 0.0,
        "lowlevel.spectral_centroid.dmean": 163.83558909098306,
        "rhythm.bpm": 122.51793924967448,
        "lowlevel.spectral_centroid.dvar": 32233.125,
        "lowlevel.loudness_ebu128.momentary.dmean2": 0.6552769243717194,
        "rhythm.bpm_histogram_first_peak_weight": 0.4629147450129191,
        "rhythm.bpm_histogram_second_peak_spread": 0.18070175250371298,
        "lowlevel.loudness_ebu128.momentary.mean": -12.288869857788086,
        "lowlevel.loudness_ebu128.momentary.dmean": 0.5100139081478119,
        "rhythm.beats_loudness.mean": 0.034310770531495415,
        "rhythm.bpm_histogram_second_peak_bpm": 132.66666666666666,
        "lowlevel.loudness_ebu128.integrated": -11.434770901997885,
        "rhythm.beats_loudness.var": 0.0002188635553466156,
        "lowlevel.loudness_ebu128.momentary.stdev": 3.44950000445048,
        "lowlevel.loudness_ebu128.short_term.var": 7.470295826594035,
        "lowlevel.spectral_centroid.max": 6016.316080729167,
        "rhythm.beats_loudness.dmean2": 0.021440738812088966,
        "rhythm.danceability": 1.1953975756963093,
        "lowlevel.loudness_ebu128.short_term.max": -8.082908312479654,
        "lowlevel.spectral_centroid.mean": 1400.5496012369792,
        "rhythm.beats_loudness.stdev": 0.014467193434635798,
        "lowlevel.loudness_ebu128.short_term.dmean2": 0.07795058687527974,
        "lowlevel.loudness_ebu128.short_term.dmean": 0.07673762490351994,
        "lowlevel.loudness_ebu128.short_term.mean": -11.991409619649252,
        "rhythm.bpm_histogram_first_peak_bpm": 122.0,
        "lowlevel.loudness_ebu128.short_term.median": -11.660643577575684,
        "lowlevel.spectral_centroid.median": 1376.3125,
        "lowlevel.spectral_centroid.stdev": 431.0824279785156,
        "lowlevel.spectral_centroid.dmean2": 255.24942016601562,
        "rhythm.beats_loudness.median": 0.03295432279507319
    },
    "outlier_flag": false,
    "outlier_reasons": null,
    "raw_versions": [
        {
            "id": "lu9IQHxsrDU",
            "title": "Bob Dylan - Rainy Day Women #12 & 35 (Live at Farm Aid 1986)",
            "views": 612091,
            "features": {
                "lowlevel.average_loudness": 0.6293834447860718,
                "lowlevel.loudness_ebu128.integrated": -14.89064884185791,
                "lowlevel.loudness_ebu128.loudness_range": 4.87060546875,
                "lowlevel.loudness_ebu128.momentary.dmean": 0.6937958598136902,
                "lowlevel.loudness_ebu128.momentary.dmean2": 0.9151028990745544,
                "lowlevel.loudness_ebu128.momentary.dvar": 1.8515673875808716,
                "lowlevel.loudness_ebu128.momentary.dvar2": 2.048879623413086,
                "lowlevel.loudness_ebu128.momentary.max": -9.417061805725098,
                "lowlevel.loudness_ebu128.momentary.mean": -15.654182434082031,
                "lowlevel.loudness_ebu128.momentary.median": -15.708507537841797,
                "lowlevel.loudness_ebu128.momentary.min": -90.92347717285156,
                "lowlevel.loudness_ebu128.momentary.stdev": 3.8175010681152344,
                "lowlevel.loudness_ebu128.momentary.var": 14.573314666748047,
                "lowlevel.loudness_ebu128.short_term.dmean": 0.10245310515165329,
                "lowlevel.loudness_ebu128.short_term.dmean2": 0.10867185145616531,
                "lowlevel.loudness_ebu128.short_term.dvar": 0.005755639635026455,
                "lowlevel.loudness_ebu128.short_term.dvar2": 0.007703914772719145,
                "lowlevel.loudness_ebu128.short_term.max": -9.789925575256348,
                "lowlevel.loudness_ebu128.short_term.mean": -15.230460166931152,
                "lowlevel.loudness_ebu128.short_term.median": -15.259099006652832,
                "lowlevel.loudness_ebu128.short_term.min": -19.187076568603516,
                "lowlevel.loudness_ebu128.short_term.stdev": 1.7135270833969116,
                "lowlevel.loudness_ebu128.short_term.var": 2.9361751079559326,
                "lowlevel.spectral_centroid.dmean": 123.7674331665039,
                "lowlevel.spectral_centroid.dmean2": 186.22946166992188,
                "lowlevel.spectral_centroid.dvar": 32002.296875,
                "lowlevel.spectral_centroid.dvar2": 52095.90234375,
                "lowlevel.spectral_centroid.max": 11080.2841796875,
                "lowlevel.spectral_centroid.mean": 773.2076416015625,
                "lowlevel.spectral_centroid.median": 644.20263671875,
                "lowlevel.spectral_centroid.min": 187.9026641845703,
                "lowlevel.spectral_centroid.stdev": 490.19384765625,
                "lowlevel.spectral_centroid.var": 240290.0,
                "metadata.audio_properties.analysis.equal_loudness": 0.0,
                "rhythm.beats_loudness.dmean": 0.014181516133248806,
                "rhythm.beats_loudness.dmean2": 0.025394205003976822,
                "rhythm.beats_loudness.dvar": 0.00013260556443128735,
                "rhythm.beats_loudness.dvar2": 0.0004327511414885521,
                "rhythm.beats_loudness.max": 0.09426715224981308,
                "rhythm.beats_loudness.mean": 0.033157892525196075,
                "rhythm.beats_loudness.median": 0.030459865927696228,
                "rhythm.beats_loudness.min": 0.00267767789773643,
                "rhythm.beats_loudness.stdev": 0.015679556876420975,
                "rhythm.beats_loudness.var": 0.00024584849597886205,
                "rhythm.bpm": 126.17076873779297,
                "rhythm.bpm_histogram_first_peak_bpm": 126.0,
                "rhythm.bpm_histogram_first_peak_weight": 0.39393937587738037,
                "rhythm.bpm_histogram_second_peak_bpm": 157.0,
                "rhythm.bpm_histogram_second_peak_spread": 0.19999998807907104,
                "rhythm.bpm_histogram_second_peak_weight": 0.026402641087770462,
                "rhythm.danceability": 1.1838539838790894
            }
        },
        {
            "id": "B8NocHFec8I",
            "title": "Rainy Day Women #12 & 35 (Live at Madison Square Garden, New York, NY - October 1992)",
            "views": 115726,
            "features": {
                "lowlevel.average_loudness": 0.9616814255714417,
                "lowlevel.loudness_ebu128.integrated": -10.44038200378418,
                "lowlevel.loudness_ebu128.loudness_range": 2.85532283782959,