{
    "song_title": "Ramble On Rose",
    "artist": "Grateful Dead",
    "num_versions_processed": 2,
    "average_features": {
        "lowlevel.loudness_ebu128.short_term.dvar2": 0.01005325629375875,
        "lowlevel.loudness_ebu128.momentary.var": 21.439287185668945,
        "lowlevel.loudness_ebu128.momentary.min": -90.61198043823242,
        "lowlevel.spectral_centroid.dvar": 38220.509765625,
        "rhythm.beats_loudness.min": 1.548064454404141e-09,
        "lowlevel.spectral_centroid.mean": 755.5123901367188,
        "rhythm.beats_loudness.dvar": 0.00037897225411143154,
        "rhythm.bpm_histogram_first_peak_bpm": 117.5,
        "rhythm.beats_loudness.median": 0.032699406147003174,
        "lowlevel.loudness_ebu128.integrated": -16.9509859085083,
        "lowlevel.loudness_ebu128.short_term.mean": -17.475815773010254,
        "rhythm.beats_loudness.dmean2": 0.037584539502859116,
        "lowlevel.loudness_ebu128.momentary.dvar2": 1.1478189527988434,
        "rhythm.bpm_histogram_second_peak_weight": 0.13669632375240326,
        "lowlevel.loudness_ebu128.loudness_range": 5.252111434936523,
        "rhythm.bpm_histogram_second_peak_bpm": 117.0,
        "lowlevel.loudness_ebu128.short_term.min": -32.46302032470703,
        "lowlevel.loudness_ebu128.short_term.stdev": 2.254384756088257,
        "lowlevel.loudness_ebu128.short_term.dmean2": 0.10133498907089233,
        "lowlevel.loudness_ebu128.short_term.var": 5.158751726150513,
        "rhythm.beats_loudness.mean": 0.0374340433627367,
        "lowlevel.spectral_centroid.max": 5323.224365234375,
        "lowlevel.loudness_ebu128.momentary.dvar": 0.7982779443264008,
        "rhythm.beats_loudness.stdev": 0.022783753462135792,
        "lowlevel.loudness_ebu128.momentary.max": -11.665789604187012,
        "lowlevel.spectral_centroid.median": 661.7228240966797,
        "lowlevel.loudness_ebu128.momentary.dmean": 0.8280161917209625,
        "lowlevel.loudness_ebu128.short_term.dvar": 0.009842924540862441,
        "rhythm.beats_loudness.var": 0.0005322118813637644,
        "lowlevel.loudness_ebu128.momentary.stdev": 4.625221252441406,
        "lowlevel.loudness_ebu128.momentary.mean": -18.08064079284668,
        "rhythm.beats_loudness.dmean": 0.020917152054607868,
        "lowlevel.average_loudness": 0.7517209053039551,
        "lowlevel.loudness_ebu128.short_term.median": -17.165462493896484,
        "rhythm.beats_loudness.max": 0.1339564174413681,
        "metadata.audio_properties.analysis.equal_loudness": 0.0,
        "lowlevel.loudness_ebu128.momentary.dmean2": 0.9477810263633728,
        "lowlevel.spectral_centroid.dvar2": 79417.03125,
        "lowlevel.loudness_ebu128.short_term.max": -13.224535942077637,
        "lowlevel.spectral_centroid.var": 191424.9921875,
        "rhythm.bpm_histogram_first_peak_weight": 0.5179956257343292,
        "lowlevel.loudness_ebu128.momentary.median": -17.418341636657715,
        "rhythm.bpm": 117.59360122680664,
        "rhythm.beats_loudness.dvar2": 0.0011515890655573457,
        "lowlevel.loudness_ebu128.short_term.dmean": 0.10391881316900253,
        "lowlevel.spectral_centroid.stdev": 433.06915283203125,
        "lowlevel.spectral_centroid.dmean": 128.5627899169922,
        "lowlevel.spectral_centroid.dmean2": 193.69283294677734,
        "rhythm.danceability": 1.1708810329437256,
        "lowlevel.spectral_centroid.min": 186.920654296875,
        "rhythm.bpm_histogram_second_peak_spread": 0.10963335633277893
    },
    "outlier_flag": false,
    "outlier_reasons": null,
    "raw_versions": [
        {
            "id": "dSjoAtPgUc4",
            "title": "Grateful Dead - Ramble On Rose (Philadelphia 7/7/89) (Official Live Video)",
            "views": 4674932,
            "features": {
                "lowlevel.average_loudness": 0.8166691660881042,
                "lowlevel.loudness_ebu128.integrated": -16.98500633239746,
                "lowlevel.loudness_ebu128.loudness_range": 4.3140106201171875,
                "lowlevel.loudness_ebu128.momentary.dmean": 0.7120130658149719,
                "lowlevel.loudness_ebu128.momentary.dmean2": 0.7920240163803101,
                "lowlevel.loudness_ebu128.momentary.dvar": 0.5808988213539124,
                "lowlevel.loudness_ebu128.momentary.dvar2": 0.7930068373680115,
                "lowlevel.loudness_ebu128.momentary.max": -12.443597793579102,
                "lowlevel.loudness_ebu128.momentary.mean": -17.88440704345703,
                "lowlevel.loudness_ebu128.momentary.median": -17.279518127441406,
                "lowlevel.loudness_ebu128.momentary.min": -90.40138244628906,
                "lowlevel.loudness_ebu128.momentary.stdev": 4.40931510925293,
                "lowlevel.loudness_ebu128.momentary.var": 19.442058563232422,
                "lowlevel.loudness_ebu128.short_term.dmean": 0.09375181049108505,
                "lowlevel.loudness_ebu128.short_term.dmean2": 0.08943204581737518,
                "lowlevel.loudness_ebu128.short_term.dvar": 0.0063851927407085896,
                "lowlevel.loudness_ebu128.short_term.dvar2": 0.006163095589727163,
                "lowlevel.loudness_ebu128.short_term.max": -13.861137390136719,
                "lowlevel.loudness_ebu128.short_term.mean": -17.38651466369629,
                "lowlevel.loudness_ebu128.short_term.median": -17.30712890625,
                "lowlevel.loudness_ebu128.short_term.min": -32.98124694824219,
                "lowlevel.loudness_ebu128.short_term.stdev": 1.9777967929840088,
                "lowlevel.loudness_ebu128.short_term.var": 3.911680221557617,
                "lowlevel.spectral_centroid.dmean": 164.03103637695312,
                "lowlevel.spectral_centroid.dmean2": 244.1121826171875,
                "lowlevel.spectral_centroid.dvar": 48660.71875,
                "lowlevel.spectral_centroid.dvar2": 100213.921875,
                "lowlevel.spectral_centroid.max": 5524.474609375,
                "lowlevel.spectral_centroid.mean": 921.0137329101562,
                "lowlevel.spectral_centroid.median": 813.5408935546875,
                "lowlevel.spectral_centroid.min": 192.30296325683594,
                "lowlevel.spectral_centroid.stdev": 495.3275146484375,
                "lowlevel.spectral_centroid.var": 245349.34375,
                "metadata.audio_properties.analysis.equal_loudness": 0.0,
                "rhythm.beats_loudness.dmean": 0.017460256814956665,
                "rhythm.beats_loudness.dmean2": 0.030572116374969482,
                "rhythm.beats_loudness.dvar": 0.00021864581503905356,
                "rhythm.beats_loudness.dvar2": 0.000658634991850704,
                "rhythm.beats_loudness.max": 0.11619225144386292,
                "rhythm.beats_loudness.mean": 0.038839440792798996,
                "rhythm.beats_loudness.median": 0.03622916713356972,
                "rhythm.beats_loudness.min": 1.6735209884544133e-09,
                "rhythm.beats_loudness.stdev": 0.01916264370083809,
                "rhythm.beats_loudness.var": 0.00036720692878589034,
                "rhythm.bpm": 113.1262435913086,
                "rhythm.bpm_histogram_first_peak_bpm": 112.0,
                "rhythm.bpm_histogram_first_peak_weight": 0.5105421543121338,
                "rhythm.bpm_histogram_second_peak_bpm": 117.0,
                "rhythm.bpm_histogram_second_peak_spread": 0.1538461446762085,
                "rhythm.bpm_histogram_second_peak_weight": 0.14648909866809845,
                "rhythm.danceability": 1.1776657104492188
            }
        },
        {
            "id": "bqWYAUq65h4",
            "title": "Grateful Dead - Ramble On Rose (Live at Madison Square Garden; New York, NY 09/24/1988)",
            "views": 14992,
            "features": {
                "lowlevel.average_loudness": 0.6867726445198059,
                "lowlevel.loudness_ebu128.integrated": -16.91696548461914,
                "lowlevel.loudness_ebu128.loudness_range": 6.190212249755859,