{
    "song_title": "Roberta",
    "artist": "Grateful Dead",
    "num_versions_processed": 2,
    "average_features": {
        "lowlevel.loudness_ebu128.momentary.dmean2": 1.4854561686515808,
        "lowlevel.loudness_ebu128.short_term.median": -27.289764404296875,
        "lowlevel.spectral_centroid.median": 499.17425537109375,
        "rhythm.beats_loudness.var": 0.0005672093684552237,
        "rhythm.beats_loudness.dvar": 0.0005448541705845855,
        "lowlevel.loudness_ebu128.short_term.stdev": 4.384214818477631,
        "lowlevel.loudness_ebu128.integrated": -23.111275672912598,
        "rhythm.beats_loudness.max": 0.15025826916098595,
        "lowlevel.spectral_centroid.max": 8707.18701171875,
        "lowlevel.spectral_centroid.min": 154.27286529541016,
        "lowlevel.loudness_ebu128.momentary.stdev": 6.788862705230713,
        "rhythm.bpm": 113.53852462768555,
        "lowlevel.loudness_ebu128.loudness_range": 10.610527992248535,
        "rhythm.beats_loudness.mean": 0.022558229975402355,
        "rhythm.bpm_histogram_second_peak_weight": 0.0566372387111187,
        "metadata.audio_properties.analysis.equal_loudness": 0.0,
        "lowlevel.loudness_ebu128.short_term.var": 26.716569900512695,
        "rhythm.beats_loudness.dvar2": 0.001455187884857878,
        "rhythm.bpm_histogram_second_peak_bpm": 125.5,
        "lowlevel.loudness_ebu128.momentary.mean": -28.771641731262207,
        "lowlevel.loudness_ebu128.short_term.max": -18.965155124664307,
        "rhythm.beats_loudness.stdev": 0.02322961762547493,
        "lowlevel.loudness_ebu128.momentary.dmean": 1.3255370259284973,
        "lowlevel.spectral_centroid.mean": 635.6485748291016,
        "lowlevel.spectral_centroid.stdev": 500.7558288574219,
        "rhythm.beats_loudness.median": 0.0165220188209787,
        "lowlevel.loudness_ebu128.short_term.dmean": 0.2154054306447506,
        "lowlevel.loudness_ebu128.short_term.dvar2": 0.41925857961177826,
        "rhythm.beats_loudness.dmean2": 0.028597594238817692,
        "lowlevel.loudness_ebu128.short_term.mean": -26.75050926208496,
        "lowlevel.loudness_ebu128.momentary.var": 49.806230545043945,
        "rhythm.beats_loudness.dmean": 0.016498294193297625,
        "lowlevel.loudness_ebu128.momentary.min": -70.2667350769043,
        "lowlevel.loudness_ebu128.momentary.dvar": 3.2681385278701782,
        "lowlevel.spectral_centroid.dmean": 123.0268669128418,
        "lowlevel.spectral_centroid.var": 251154.453125,
        "rhythm.beats_loudness.min": 5.785198922581003e-06,
        "lowlevel.average_loudness": 0.43202079040929675,
        "lowlevel.loudness_ebu128.short_term.dmean2": 0.19112109392881393,
        "lowlevel.loudness_ebu128.short_term.min": -63.15766143798828,
        "rhythm.bpm_histogram_first_peak_bpm": 114.5,
        "lowlevel.loudness_ebu128.momentary.max": -16.17301082611084,
        "lowlevel.spectral_centroid.dmean2": 182.294677734375,
        "rhythm.bpm_histogram_second_peak_spread": 0.4447876811027527,
        "lowlevel.loudness_ebu128.short_term.dvar": 0.31472213566303253,
        "lowlevel.loudness_ebu128.momentary.median": -28.81544780731201,
        "rhythm.danceability": 1.0860932171344757,
        "lowlevel.spectral_centroid.dvar": 56697.6484375,
        "rhythm.bpm_histogram_first_peak_weight": 0.5790112614631653,
        "lowlevel.loudness_ebu128.momentary.dvar2": 4.884802579879761,
        "lowlevel.spectral_centroid.dvar2": 107740.59765625
    },
    "outlier_flag": true,
    "outlier_reasons": [
        "BPM Variance: 59.11 (limit 20)",
        "Danceability Variance: 0.33 (limit 0.2)",
        "Loudness Variance: 18.79 (limit 6.0)"
    ],
    "raw_versions": [
        {
            "id": "su5fVkAQ8iI",
            "title": "The Grateful Dead ~ Roberta ~ (Acoustic!) 04/18/70",
            "views": 12221,
            "features": {
                "lowlevel.average_loudness": 0.01395882572978735,
                "lowlevel.loudness_ebu128.integrated": -13.71522331237793,
                "lowlevel.loudness_ebu128.loudness_range": 18.488269805908203,
                "lowlevel.loudness_ebu128.momentary.dmean": 1.753658413887024,
                "lowlevel.loudness_ebu128.momentary.dmean2": 1.9385524988174438,
                "lowlevel.loudness_ebu128.momentary.dvar": 4.921049118041992,
                "lowlevel.loudness_ebu128.momentary.dvar2": 7.507357120513916,
                "lowlevel.loudness_ebu128.momentary.max": -4.632841110229492,
                "lowlevel.loudness_ebu128.momentary.mean": -24.015687942504883,
                "lowlevel.loudness_ebu128.momentary.median": -25.031164169311523,
                "lowlevel.loudness_ebu128.momentary.min": -51.398468017578125,
                "lowlevel.loudness_ebu128.momentary.stdev": 8.716964721679688,
                "lowlevel.loudness_ebu128.momentary.var": 75.98546600341797,
                "lowlevel.loudness_ebu128.short_term.dmean": 0.3146609961986542,
                "lowlevel.loudness_ebu128.short_term.dmean2": 0.2565237581729889,
                "lowlevel.loudness_ebu128.short_term.dvar": 0.31791263818740845,
                "lowlevel.loudness_ebu128.short_term.dvar2": 0.28371915221214294,
                "lowlevel.loudness_ebu128.short_term.max": -8.783528327941895,
                "lowlevel.loudness_ebu128.short_term.mean": -20.7513427734375,
                "lowlevel.loudness_ebu128.short_term.median": -21.932273864746094,
                "lowlevel.loudness_ebu128.short_term.min": -39.17986297607422,
                "lowlevel.loudness_ebu128.short_term.stdev": 7.121956825256348,
                "lowlevel.loudness_ebu128.short_term.var": 50.722267150878906,
                "lowlevel.spectral_centroid.dmean": 89.4277572631836,
                "lowlevel.spectral_centroid.dmean2": 133.32858276367188,
                "lowlevel.spectral_centroid.dvar": 54129.30859375,
                "lowlevel.spectral_centroid.dvar2": 104663.453125,
                "lowlevel.spectral_centroid.max": 11212.1630859375,
                "lowlevel.spectral_centroid.mean": 502.1067199707031,
                "lowlevel.spectral_centroid.median": 352.42718505859375,
                "lowlevel.spectral_centroid.min": 140.086181640625,
                "lowlevel.spectral_centroid.stdev": 480.80438232421875,
                "lowlevel.spectral_centroid.var": 231172.84375,
                "metadata.audio_properties.analysis.equal_loudness": 0.0,
                "rhythm.beats_loudness.dmean": 0.01453122403472662,
                "rhythm.beats_loudness.dmean2": 0.025213418528437614,
                "rhythm.beats_loudness.dvar": 0.0008544938173145056,
                "rhythm.beats_loudness.dvar2": 0.002227573888376355,
                "rhythm.beats_loudness.max": 0.19804833829402924,
                "rhythm.beats_loudness.mean": 0.013670580461621284,
                "rhythm.beats_loudness.median": 0.0023671642411500216,
                "rhythm.beats_loudness.min": 1.1525587979122065e-05,
                "rhythm.beats_loudness.stdev": 0.02848263829946518,
                "rhythm.beats_loudness.var": 0.0008112607174552977,
                "rhythm.bpm": 83.9846420288086,
                "rhythm.bpm_histogram_first_peak_bpm": 85.0,
                "rhythm.bpm_histogram_first_peak_weight": 0.5922330617904663,
                "rhythm.bpm_histogram_second_peak_bpm": 115.0,
                "rhythm.bpm_histogram_second_peak_spread": 0.4571428894996643,
                "rhythm.bpm_histogram_second_peak_weight": 0.05428571254014969,
                "rhythm.danceability": 0.9186111092567444
            }
        },
        {
            "id": "CIu3I2kYPf8",
            "title": "Grateful Dead 1985",
            "views": 5740,
            "features": {
                "lowlevel.average_loudness": 0.8500827550888062,
                "lowlevel.loudness_ebu128.integrated": -32.507328033447266,
                "lowlevel.loudness_ebu128.loudness_range": 2.732786178588867,