{
    "song_title": "Rockin' Pneumonia & The Boogie Woogie Flu",
    "artist": "Grateful Dead",
    "num_versions_processed": 3,
    "average_features": {
        "lowlevel.loudness_ebu128.short_term.dvar2": 0.08461058170845111,
        "lowlevel.loudness_ebu128.momentary.var": 105.81392478942871,
        "lowlevel.loudness_ebu128.momentary.min": -83.76524098714192,
        "lowlevel.spectral_centroid.dvar": 48232.128255208336,
        "rhythm.beats_loudness.min": 5.123986804058308e-05,
        "lowlevel.spectral_centroid.mean": 1383.2656860351562,
        "rhythm.beats_loudness.dvar": 0.00015596569331440455,
        "rhythm.bpm_histogram_first_peak_bpm": 114.66666666666667,
        "rhythm.beats_loudness.median": 0.038853595654169716,
        "lowlevel.loudness_ebu128.integrated": -16.477617263793945,
        "lowlevel.loudness_ebu128.short_term.mean": -18.020287831624348,
        "rhythm.beats_loudness.dmean2": 0.023923101524511974,
        "lowlevel.loudness_ebu128.momentary.dvar2": 0.6769215017557144,
        "rhythm.bpm_histogram_second_peak_weight": 0.01871963342030843,
        "lowlevel.loudness_ebu128.loudness_range": 2.8538554509480796,
        "rhythm.bpm_histogram_second_peak_bpm": 83.66666666666667,
        "lowlevel.loudness_ebu128.short_term.min": -63.13461367289225,
        "lowlevel.loudness_ebu128.short_term.stdev": 7.149072527885437,
        "lowlevel.loudness_ebu128.short_term.dmean2": 0.09021433194478352,
        "lowlevel.loudness_ebu128.short_term.var": 71.50643390417099,
        "rhythm.beats_loudness.mean": 0.03888962169488271,
        "lowlevel.spectral_centroid.max": 7464.488444010417,
        "lowlevel.loudness_ebu128.momentary.dvar": 0.5051044821739197,
        "rhythm.beats_loudness.stdev": 0.017792541533708572,
        "lowlevel.loudness_ebu128.momentary.max": -12.856164614359537,
        "lowlevel.spectral_centroid.median": 1299.5884602864583,
        "lowlevel.loudness_ebu128.momentary.dmean": 0.5825243989626566,
        "lowlevel.loudness_ebu128.short_term.dvar": 0.11768796388059855,
        "rhythm.beats_loudness.var": 0.00031712585284064215,
        "lowlevel.loudness_ebu128.momentary.stdev": 9.204882065455118,
        "lowlevel.loudness_ebu128.momentary.mean": -18.71532090504964,
        "rhythm.beats_loudness.dmean": 0.014031955972313881,
        "lowlevel.average_loudness": 0.9017973144849142,
        "lowlevel.loudness_ebu128.short_term.median": -16.411635716756184,
        "rhythm.beats_loudness.max": 0.11405750612417857,
        "metadata.audio_properties.analysis.equal_loudness": 0.0,
        "lowlevel.loudness_ebu128.momentary.dmean2": 0.7996470133463541,
        "lowlevel.spectral_centroid.dvar2": 100769.11848958333,
        "lowlevel.loudness_ebu128.short_term.max": -14.30962085723877,
        "lowlevel.spectral_centroid.var": 413277.0208333333,
        "rhythm.bpm_histogram_first_peak_weight": 0.4371058742205302,
        "lowlevel.loudness_ebu128.momentary.median": -16.524661699930828,
        "rhythm.bpm": 114.42041269938152,
        "rhythm.beats_loudness.dvar2": 0.00043838042377804715,
        "lowlevel.loudness_ebu128.short_term.dmean": 0.09484965602556865,
        "lowlevel.spectral_centroid.stdev": 616.2752380371094,
        "lowlevel.spectral_centroid.dmean": 210.16258239746094,
        "lowlevel.spectral_centroid.dmean2": 318.5217793782552,
        "rhythm.danceability": 1.0953375895818074,
        "lowlevel.spectral_centroid.min": 228.55439249674478,
        "rhythm.bpm_histogram_second_peak_spread": 0.12903225421905518
    },
    "outlier_flag": false,
    "outlier_reasons": null,
    "raw_versions": [
        {
            "id": "UvJ78hYI6wk",
            "title": "Rockin' Pneumonia and Boogie Woogie Flu",
            "views": 4281995,
            "features": {
                "lowlevel.average_loudness": 0.9165809750556946,
                "lowlevel.loudness_ebu128.integrated": -8.93330192565918,
                "lowlevel.loudness_ebu128.loudness_range": 3.517338752746582,
                "lowlevel.loudness_ebu128.momentary.dmean": 0.658648669719696,
                "lowlevel.loudness_ebu128.momentary.dmean2": 1.028693675994873,
                "lowlevel.loudness_ebu128.momentary.dvar": 0.28515589237213135,
                "lowlevel.loudness_ebu128.momentary.dvar2": 0.6014236211776733,
                "lowlevel.loudness_ebu128.momentary.max": -4.908490180969238,
                "lowlevel.loudness_ebu128.momentary.mean": -11.887301445007324,
                "lowlevel.loudness_ebu128.momentary.median": -9.091832160949707,
                "lowlevel.loudness_ebu128.momentary.min": -90.4330825805664,
                "lowlevel.loudness_ebu128.momentary.stdev": 11.170906066894531,
                "lowlevel.loudness_ebu128.momentary.var": 124.78914642333984,
                "lowlevel.loudness_ebu128.short_term.dmean": 0.10395294427871704,
                "lowlevel.loudness_ebu128.short_term.dmean2": 0.09480954706668854,
                "lowlevel.loudness_ebu128.short_term.dvar": 0.015478075481951237,
                "lowlevel.loudness_ebu128.short_term.dvar2": 0.006634532939642668,
                "lowlevel.loudness_ebu128.short_term.max": -6.603514671325684,
                "lowlevel.loudness_ebu128.short_term.mean": -11.111156463623047,
                "lowlevel.loudness_ebu128.short_term.median": -8.925058364868164,
                "lowlevel.loudness_ebu128.short_term.min": -74.12976837158203,
                "lowlevel.loudness_ebu128.short_term.stdev": 8.773436546325684,
                "lowlevel.loudness_ebu128.short_term.var": 76.97319030761719,
                "lowlevel.spectral_centroid.dmean": 255.45166015625,
                "lowlevel.spectral_centroid.dmean2": 387.0975341796875,
                "lowlevel.spectral_centroid.dvar": 65994.8125,
                "lowlevel.spectral_centroid.dvar2": 141696.90625,
                "lowlevel.spectral_centroid.max": 11217.1767578125,
                "lowlevel.spectral_centroid.mean": 1724.6060791015625,
                "lowlevel.spectral_centroid.median": 1699.7088623046875,
                "lowlevel.spectral_centroid.min": 269.7828369140625,
                "lowlevel.spectral_centroid.stdev": 602.0487670898438,
                "lowlevel.spectral_centroid.var": 362462.6875,
                "metadata.audio_properties.analysis.equal_loudness": 0.0,
                "rhythm.beats_loudness.dmean": 0.0122064258903265,
                "rhythm.beats_loudness.dmean2": 0.02107367478311062,
                "rhythm.beats_loudness.dvar": 0.00011928976891795173,
                "rhythm.beats_loudness.dvar2": 0.0003590315754991025,
                "rhythm.beats_loudness.max": 0.08851123601198196,
                "rhythm.beats_loudness.mean": 0.03756018728017807,
                "rhythm.beats_loudness.median": 0.03875014930963516,
                "rhythm.beats_loudness.min": 2.983207569862145e-10,
                "rhythm.beats_loudness.stdev": 0.01694640889763832,
                "rhythm.beats_loudness.var": 0.0002871807955671102,
                "rhythm.bpm": 111.53052520751953,
                "rhythm.bpm_histogram_first_peak_bpm": 112.0,
                "rhythm.bpm_histogram_first_peak_weight": 0.4854881167411804,
                "rhythm.bpm_histogram_second_peak_bpm": 0.0,
                "rhythm.bpm_histogram_second_peak_spread": 0.0,
                "rhythm.bpm_histogram_second_peak_weight": 0.0,
                "rhythm.danceability": 1.1916446685791016
            }
        },
        {
            "id": "4YP4b51l_Rw",
            "title": "Johnny Rivers - Rockin' Pneumonia and the Boogie Woogie (1973)",
            "views": 461052,
            "features": {
                "lowlevel.average_loudness": 0.8384171724319458,
                "lowlevel.loudness_ebu128.integrated": -20.74529457092285,
                "lowlevel.loudness_ebu128.loudness_range": 2.3987674713134766,
                "lowlevel.loudness_ebu128.momentary.dmean": 0.540174663066864,