{
    "song_title": "Rollin' And Tumblin'",
    "artist": "Grateful Dead",
    "num_versions_processed": 3,
    "average_features": {
        "rhythm.beats_loudness.dvar": 0.00014500458685991666,
        "lowlevel.loudness_ebu128.momentary.median": -15.932699998219809,
        "lowlevel.loudness_ebu128.short_term.min": -25.805187861124676,
        "lowlevel.loudness_ebu128.short_term.dvar": 0.005749803967773914,
        "rhythm.beats_loudness.dvar2": 0.00042454216357630986,
        "rhythm.beats_loudness.min": 0.001702678947064366,
        "lowlevel.loudness_ebu128.momentary.min": -58.6734619140625,
        "rhythm.bpm_histogram_second_peak_weight": 0.032310176019867264,
        "lowlevel.spectral_centroid.min": 226.22210693359375,
        "lowlevel.spectral_centroid.var": 297832.296875,
        "lowlevel.loudness_ebu128.short_term.dvar2": 0.006914291065186262,
        "lowlevel.loudness_ebu128.short_term.stdev": 1.97159743309021,
        "rhythm.beats_loudness.max": 0.10099402318398158,
        "lowlevel.loudness_ebu128.momentary.dvar2": 0.9382199347019196,
        "lowlevel.spectral_centroid.dvar2": 131598.21875,
        "lowlevel.loudness_ebu128.momentary.max": -12.15901811917623,
        "lowlevel.average_loudness": 0.8910486300786337,
        "lowlevel.loudness_ebu128.momentary.var": 11.317208766937256,
        "lowlevel.loudness_ebu128.loudness_range": 3.0535977681477866,
        "rhythm.beats_loudness.dmean": 0.012983320901791254,
        "lowlevel.loudness_ebu128.momentary.dvar": 0.6632944643497467,
        "metadata.audio_properties.analysis.equal_loudness": 0.0,
        "lowlevel.spectral_centroid.dmean": 228.01733907063803,
        "rhythm.bpm": 127.8902587890625,
        "lowlevel.spectral_centroid.dvar": 59689.696614583336,
        "lowlevel.loudness_ebu128.momentary.dmean2": 0.7425973216692606,
        "rhythm.bpm_histogram_first_peak_weight": 0.4372384349505107,
        "rhythm.bpm_histogram_second_peak_spread": 0.2215574582417806,
        "lowlevel.loudness_ebu128.momentary.mean": -16.62685219446818,
        "lowlevel.loudness_ebu128.momentary.dmean": 0.5730437139670054,
        "rhythm.beats_loudness.mean": 0.03418669787545999,
        "rhythm.bpm_histogram_second_peak_bpm": 133.66666666666666,
        "lowlevel.loudness_ebu128.integrated": -15.861521085103353,
        "rhythm.beats_loudness.var": 0.0002168733578097696,
        "lowlevel.loudness_ebu128.momentary.stdev": 3.306079705556234,
        "lowlevel.loudness_ebu128.short_term.var": 4.89987583955129,
        "lowlevel.spectral_centroid.max": 8569.7158203125,
        "rhythm.beats_loudness.dmean2": 0.022192103167374928,
        "rhythm.danceability": 1.260067343711853,
        "lowlevel.loudness_ebu128.short_term.max": -13.472805817921957,
        "lowlevel.spectral_centroid.mean": 1325.9978841145833,
        "rhythm.beats_loudness.stdev": 0.014701838294665018,
        "lowlevel.loudness_ebu128.short_term.dmean2": 0.09092566619316737,
        "lowlevel.loudness_ebu128.short_term.dmean": 0.07893642286459605,
        "lowlevel.loudness_ebu128.short_term.mean": -16.29648240407308,
        "rhythm.bpm_histogram_first_peak_bpm": 128.0,
        "lowlevel.loudness_ebu128.short_term.median": -15.884777228037516,
        "lowlevel.spectral_centroid.median": 1291.3357340494792,
        "lowlevel.spectral_centroid.stdev": 543.4485371907552,
        "lowlevel.spectral_centroid.dmean2": 355.20815022786456,
        "rhythm.beats_loudness.median": 0.033580509945750237
    },
    "outlier_flag": false,
    "outlier_reasons": null,
    "raw_versions": [
        {
            "id": "mBpu3ia7Lwo",
            "title": "Canned Heat - Rollin' and Tumblin' (1967)",
            "views": 1657139,
            "features": {
                "lowlevel.average_loudness": 0.9499003887176514,
                "lowlevel.loudness_ebu128.integrated": -20.794757843017578,
                "lowlevel.loudness_ebu128.loudness_range": 3.105602264404297,
                "lowlevel.loudness_ebu128.momentary.dmean": 0.43897560238838196,
                "lowlevel.loudness_ebu128.momentary.dmean2": 0.5387892127037048,
                "lowlevel.loudness_ebu128.momentary.dvar": 0.3164134919643402,
                "lowlevel.loudness_ebu128.momentary.dvar2": 0.336402028799057,
                "lowlevel.loudness_ebu128.momentary.max": -17.348234176635742,
                "lowlevel.loudness_ebu128.momentary.mean": -22.001527786254883,
                "lowlevel.loudness_ebu128.momentary.median": -20.78915023803711,
                "lowlevel.loudness_ebu128.momentary.min": -48.350074768066406,
                "lowlevel.loudness_ebu128.momentary.stdev": 4.090876579284668,
                "lowlevel.loudness_ebu128.momentary.var": 16.735271453857422,
                "lowlevel.loudness_ebu128.short_term.dmean": 0.06847728043794632,
                "lowlevel.loudness_ebu128.short_term.dmean2": 0.06903433799743652,
                "lowlevel.loudness_ebu128.short_term.dvar": 0.006279958412051201,
                "lowlevel.loudness_ebu128.short_term.dvar2": 0.005207957699894905,
                "lowlevel.loudness_ebu128.short_term.max": -19.447406768798828,
                "lowlevel.loudness_ebu128.short_term.mean": -21.661041259765625,
                "lowlevel.loudness_ebu128.short_term.median": -20.662193298339844,
                "lowlevel.loudness_ebu128.short_term.min": -36.22184753417969,
                "lowlevel.loudness_ebu128.short_term.stdev": 3.306393623352051,
                "lowlevel.loudness_ebu128.short_term.var": 10.932239532470703,
                "lowlevel.spectral_centroid.dmean": 208.24807739257812,
                "lowlevel.spectral_centroid.dmean2": 324.75604248046875,
                "lowlevel.spectral_centroid.dvar": 51907.35546875,
                "lowlevel.spectral_centroid.dvar2": 106927.4453125,
                "lowlevel.spectral_centroid.max": 11024.91015625,
                "lowlevel.spectral_centroid.mean": 1250.4461669921875,
                "lowlevel.spectral_centroid.median": 1256.9970703125,
                "lowlevel.spectral_centroid.min": 106.97140502929688,
                "lowlevel.spectral_centroid.stdev": 508.4178771972656,
                "lowlevel.spectral_centroid.var": 258488.75,
                "metadata.audio_properties.analysis.equal_loudness": 0.0,
                "rhythm.beats_loudness.dmean": 0.012678143568336964,
                "rhythm.beats_loudness.dmean2": 0.02169334515929222,
                "rhythm.beats_loudness.dvar": 0.00013196065265219659,
                "rhythm.beats_loudness.dvar2": 0.0003817419055849314,
                "rhythm.beats_loudness.max": 0.10499199479818344,
                "rhythm.beats_loudness.mean": 0.03667765483260155,
                "rhythm.beats_loudness.median": 0.03824713081121445,
                "rhythm.beats_loudness.min": 2.8654496418312192e-05,
                "rhythm.beats_loudness.stdev": 0.015648582950234413,
                "rhythm.beats_loudness.var": 0.00024487817427143455,
                "rhythm.bpm": 132.20179748535156,
                "rhythm.bpm_histogram_first_peak_bpm": 133.0,
                "rhythm.bpm_histogram_first_peak_weight": 0.41926342248916626,
                "rhythm.bpm_histogram_second_peak_bpm": 152.0,
                "rhythm.bpm_histogram_second_peak_spread": 0.30000001192092896,
                "rhythm.bpm_histogram_second_peak_weight": 0.018766755238175392,
                "rhythm.danceability": 1.143776297569275
            }
        },
        {
            "id": "Q7PdxdXzskU",
            "title": "R. L. Burnside - Rollin and Tumblin",
            "views": 1972926,
            "features": {
                "lowlevel.average_loudness": 0.7860155701637268,
                "lowlevel.loudness_ebu128.integrated": -19.96219253540039,
                "lowlevel.loudness_ebu128.loudness_range": 3.045459747314453,
                "lowlevel.loudness_ebu128.momentary.dmean": 0.7529477477073669,