{
    "song_title": "Rosemary",
    "artist": "Grateful Dead",
    "num_versions_processed": 3,
    "average_features": {
        "lowlevel.loudness_ebu128.momentary.dmean2": 0.7821737130482992,
        "lowlevel.loudness_ebu128.short_term.median": -27.897862752278645,
        "lowlevel.spectral_centroid.median": 542.6702982584635,
        "rhythm.beats_loudness.var": 0.0020552507582275816,
        "rhythm.beats_loudness.dvar": 0.002350345540132063,
        "lowlevel.loudness_ebu128.short_term.stdev": 5.538189172744751,
        "lowlevel.loudness_ebu128.integrated": -23.349526087443035,
        "rhythm.beats_loudness.max": 0.4835436940193176,
        "lowlevel.spectral_centroid.max": 10999.250651041666,
        "lowlevel.spectral_centroid.min": 151.98871358235678,
        "lowlevel.loudness_ebu128.momentary.stdev": 7.714308897654216,
        "rhythm.bpm": 137.08238474527994,
        "lowlevel.loudness_ebu128.loudness_range": 11.872456232706705,
        "rhythm.beats_loudness.mean": 0.03064570513864358,
        "rhythm.bpm_histogram_second_peak_weight": 0.13310182094573975,
        "metadata.audio_properties.analysis.equal_loudness": 0.0,
        "lowlevel.loudness_ebu128.short_term.var": 44.86116854349772,
        "rhythm.beats_loudness.dvar2": 0.006759647066549708,
        "rhythm.bpm_histogram_second_peak_bpm": 133.66666666666666,
        "lowlevel.loudness_ebu128.momentary.mean": -28.527942021687824,
        "lowlevel.loudness_ebu128.short_term.max": -17.638769149780273,
        "rhythm.beats_loudness.stdev": 0.041895126923918724,
        "lowlevel.loudness_ebu128.momentary.dmean": 0.8336172302563986,
        "lowlevel.spectral_centroid.mean": 679.0253601074219,
        "lowlevel.spectral_centroid.stdev": 539.6738789876302,
        "rhythm.beats_loudness.median": 0.017323769629001617,
        "lowlevel.loudness_ebu128.short_term.dmean": 0.15868801871935526,
        "lowlevel.loudness_ebu128.short_term.dvar2": 0.09854536239678661,
        "rhythm.beats_loudness.dmean2": 0.037313571820656456,
        "lowlevel.loudness_ebu128.short_term.mean": -27.375281016031902,
        "lowlevel.loudness_ebu128.momentary.var": 68.80092239379883,
        "rhythm.beats_loudness.dmean": 0.02100597508251667,
        "lowlevel.loudness_ebu128.momentary.min": -90.22295379638672,
        "lowlevel.loudness_ebu128.momentary.dvar": 1.2091912627220154,
        "lowlevel.spectral_centroid.dmean": 107.65398915608723,
        "lowlevel.spectral_centroid.var": 304721.0729166667,
        "rhythm.beats_loudness.min": 1.2482994304896522e-08,
        "lowlevel.average_loudness": 0.29232556497057277,
        "lowlevel.loudness_ebu128.short_term.dmean2": 0.12010427316029866,
        "lowlevel.loudness_ebu128.short_term.min": -57.68129221598307,
        "rhythm.bpm_histogram_first_peak_bpm": 137.33333333333334,
        "lowlevel.loudness_ebu128.momentary.max": -13.77546501159668,
        "lowlevel.spectral_centroid.dmean2": 163.2046915690104,
        "rhythm.bpm_histogram_second_peak_spread": 0.29734575748443604,
        "lowlevel.loudness_ebu128.short_term.dvar": 0.0921469001720349,
        "lowlevel.loudness_ebu128.momentary.median": -28.318148295084637,
        "rhythm.danceability": 1.054065227508545,
        "lowlevel.spectral_centroid.dvar": 35723.782552083336,
        "rhythm.bpm_histogram_first_peak_weight": 0.5325881242752075,
        "lowlevel.loudness_ebu128.momentary.dvar2": 1.6046876509984334,
        "lowlevel.spectral_centroid.dvar2": 71971.78776041667
    },
    "outlier_flag": true,
    "outlier_reasons": [
        "BPM Variance: 37.80 (limit 20)"
    ],
    "raw_versions": [
        {
            "id": "dSjoAtPgUc4",
            "title": "Grateful Dead - Ramble On Rose (Philadelphia 7/7/89) (Official Live Video)",
            "views": 4674386,
            "features": {
                "lowlevel.average_loudness": 0.840741753578186,
                "lowlevel.loudness_ebu128.integrated": -16.985008239746094,
                "lowlevel.loudness_ebu128.loudness_range": 4.340847015380859,
                "lowlevel.loudness_ebu128.momentary.dmean": 0.720878005027771,
                "lowlevel.loudness_ebu128.momentary.dmean2": 0.8017309308052063,
                "lowlevel.loudness_ebu128.momentary.dvar": 0.8235486149787903,
                "lowlevel.loudness_ebu128.momentary.dvar2": 1.0667059421539307,
                "lowlevel.loudness_ebu128.momentary.max": -12.29097843170166,
                "lowlevel.loudness_ebu128.momentary.mean": -18.047178268432617,
                "lowlevel.loudness_ebu128.momentary.median": -17.300952911376953,
                "lowlevel.loudness_ebu128.momentary.min": -90.63945770263672,
                "lowlevel.loudness_ebu128.momentary.stdev": 5.462853908538818,
                "lowlevel.loudness_ebu128.momentary.var": 29.8427734375,
                "lowlevel.loudness_ebu128.short_term.dmean": 0.09358946979045868,
                "lowlevel.loudness_ebu128.short_term.dmean2": 0.08994178473949432,
                "lowlevel.loudness_ebu128.short_term.dvar": 0.006919173523783684,
                "lowlevel.loudness_ebu128.short_term.dvar2": 0.006419941317290068,
                "lowlevel.loudness_ebu128.short_term.max": -13.88011360168457,
                "lowlevel.loudness_ebu128.short_term.mean": -17.411579132080078,
                "lowlevel.loudness_ebu128.short_term.median": -17.315101623535156,
                "lowlevel.loudness_ebu128.short_term.min": -33.09833526611328,
                "lowlevel.loudness_ebu128.short_term.stdev": 2.0291805267333984,
                "lowlevel.loudness_ebu128.short_term.var": 4.1175737380981445,
                "lowlevel.spectral_centroid.dmean": 163.39108276367188,
                "lowlevel.spectral_centroid.dmean2": 243.32553100585938,
                "lowlevel.spectral_centroid.dvar": 50697.1171875,
                "lowlevel.spectral_centroid.dvar2": 101926.0390625,
                "lowlevel.spectral_centroid.max": 11072.3544921875,
                "lowlevel.spectral_centroid.mean": 931.4010009765625,
                "lowlevel.spectral_centroid.median": 815.7883911132812,
                "lowlevel.spectral_centroid.min": 196.53578186035156,
                "lowlevel.spectral_centroid.stdev": 539.2283325195312,
                "lowlevel.spectral_centroid.var": 290767.21875,
                "metadata.audio_properties.analysis.equal_loudness": 0.0,
                "rhythm.beats_loudness.dmean": 0.0174107663333416,
                "rhythm.beats_loudness.dmean2": 0.030511576682329178,
                "rhythm.beats_loudness.dvar": 0.00022213887132238597,
                "rhythm.beats_loudness.dvar2": 0.0006663057138212025,
                "rhythm.beats_loudness.max": 0.11532920598983765,
                "rhythm.beats_loudness.mean": 0.03827441856265068,
                "rhythm.beats_loudness.median": 0.035352762788534164,
                "rhythm.beats_loudness.min": 1.5114570706131758e-09,
                "rhythm.beats_loudness.stdev": 0.019308118149638176,
                "rhythm.beats_loudness.var": 0.00037280339165590703,
                "rhythm.bpm": 113.13689422607422,
                "rhythm.bpm_histogram_first_peak_bpm": 112.0,
                "rhythm.bpm_histogram_first_peak_weight": 0.5226585865020752,
                "rhythm.bpm_histogram_second_peak_bpm": 117.0,
                "rhythm.bpm_histogram_second_peak_spread": 0.2214764952659607,
                "rhythm.bpm_histogram_second_peak_weight": 0.13925570249557495,
                "rhythm.danceability": 1.176238775253296
            }
        },
        {
            "id": "GuflLjOvCCw",
            "title": "Grateful Dead - Rosemary 1968-12-07",
            "views": 13612,
            "features": {
                "lowlevel.average_loudness": 0.020245974883437157,
                "lowlevel.loudness_ebu128.integrated": -30.79404640197754,
                "lowlevel.loudness_ebu128.loudness_range": 11.425512313842773,