{
    "song_title": "Row Jimmy",
    "artist": "Grateful Dead",
    "num_versions_processed": 2,
    "average_features": {
        "lowlevel.loudness_ebu128.short_term.dvar2": 0.02342477533966303,
        "lowlevel.loudness_ebu128.momentary.var": 21.04720401763916,
        "lowlevel.loudness_ebu128.momentary.min": -65.95735931396484,
        "lowlevel.spectral_centroid.dvar": 63758.025390625,
        "rhythm.beats_loudness.min": 6.867632585638717e-05,
        "lowlevel.spectral_centroid.mean": 1001.6520080566406,
        "rhythm.beats_loudness.dvar": 0.00037685150164179504,
        "rhythm.bpm_histogram_first_peak_bpm": 99.5,
        "rhythm.beats_loudness.median": 0.025894748978316784,
        "lowlevel.loudness_ebu128.integrated": -17.48061180114746,
        "lowlevel.loudness_ebu128.short_term.mean": -18.375245094299316,
        "rhythm.beats_loudness.dmean2": 0.03838950768113136,
        "lowlevel.loudness_ebu128.momentary.dvar2": 2.0616607069969177,
        "rhythm.bpm_histogram_second_peak_weight": 0.00933063286356628,
        "lowlevel.loudness_ebu128.loudness_range": 7.273252964019775,
        "rhythm.bpm_histogram_second_peak_bpm": 103.0,
        "lowlevel.loudness_ebu128.short_term.min": -37.283016204833984,
        "lowlevel.loudness_ebu128.short_term.stdev": 2.819655179977417,
        "lowlevel.loudness_ebu128.short_term.dmean2": 0.1373935341835022,
        "lowlevel.loudness_ebu128.short_term.var": 8.016483306884766,
        "rhythm.beats_loudness.mean": 0.031332800164818764,
        "lowlevel.spectral_centroid.max": 5156.583740234375,
        "lowlevel.loudness_ebu128.momentary.dvar": 1.2943208813667297,
        "rhythm.beats_loudness.stdev": 0.023783575743436813,
        "lowlevel.loudness_ebu128.momentary.max": -9.608516693115234,
        "lowlevel.spectral_centroid.median": 873.4297180175781,
        "lowlevel.loudness_ebu128.momentary.dmean": 1.083518922328949,
        "lowlevel.loudness_ebu128.short_term.dvar": 0.02587296161800623,
        "rhythm.beats_loudness.var": 0.0005834091280121356,
        "lowlevel.loudness_ebu128.momentary.stdev": 4.55535626411438,
        "lowlevel.loudness_ebu128.momentary.mean": -19.225438117980957,
        "rhythm.beats_loudness.dmean": 0.021497661247849464,
        "lowlevel.average_loudness": 0.4917147755622864,
        "lowlevel.loudness_ebu128.short_term.median": -18.033446311950684,
        "rhythm.beats_loudness.max": 0.15865781903266907,
        "metadata.audio_properties.analysis.equal_loudness": 0.0,
        "lowlevel.loudness_ebu128.momentary.dmean2": 1.3062530159950256,
        "lowlevel.spectral_centroid.dvar2": 135631.9296875,
        "lowlevel.loudness_ebu128.short_term.max": -12.642242908477783,
        "lowlevel.spectral_centroid.var": 328123.65625,
        "rhythm.bpm_histogram_first_peak_weight": 0.44207119941711426,
        "lowlevel.loudness_ebu128.momentary.median": -18.585463523864746,
        "rhythm.bpm": 99.34452819824219,
        "rhythm.beats_loudness.dvar2": 0.0011013585899490863,
        "lowlevel.loudness_ebu128.short_term.dmean": 0.14866839349269867,
        "lowlevel.spectral_centroid.stdev": 572.5536193847656,
        "lowlevel.spectral_centroid.dmean": 187.30148315429688,
        "lowlevel.spectral_centroid.dmean2": 281.01847076416016,
        "rhythm.danceability": 1.1124542355537415,
        "lowlevel.spectral_centroid.min": 141.63080215454102,
        "rhythm.bpm_histogram_second_peak_spread": 0.4166666865348816
    },
    "outlier_flag": false,
    "outlier_reasons": null,
    "raw_versions": [
        {
            "id": "1OSGnkJyNYQ",
            "title": "Grateful Dead - Row Jimmy - 4/27/1977 - Capitol Theatre",
            "views": 57235,
            "features": {
                "lowlevel.average_loudness": 0.7041974663734436,
                "lowlevel.loudness_ebu128.integrated": -17.54789161682129,
                "lowlevel.loudness_ebu128.loudness_range": 6.621854782104492,
                "lowlevel.loudness_ebu128.momentary.dmean": 1.0724586248397827,
                "lowlevel.loudness_ebu128.momentary.dmean2": 1.3072433471679688,
                "lowlevel.loudness_ebu128.momentary.dvar": 1.2864881753921509,
                "lowlevel.loudness_ebu128.momentary.dvar2": 2.12849760055542,
                "lowlevel.loudness_ebu128.momentary.max": -10.349895477294922,
                "lowlevel.loudness_ebu128.momentary.mean": -19.12544059753418,
                "lowlevel.loudness_ebu128.momentary.median": -18.652603149414062,
                "lowlevel.loudness_ebu128.momentary.min": -40.661781311035156,
                "lowlevel.loudness_ebu128.momentary.stdev": 4.01135778427124,
                "lowlevel.loudness_ebu128.momentary.var": 16.09099006652832,
                "lowlevel.loudness_ebu128.short_term.dmean": 0.1486992985010147,
                "lowlevel.loudness_ebu128.short_term.dmean2": 0.13106292486190796,
                "lowlevel.loudness_ebu128.short_term.dvar": 0.022797347977757454,
                "lowlevel.loudness_ebu128.short_term.dvar2": 0.0208759643137455,
                "lowlevel.loudness_ebu128.short_term.max": -13.389820098876953,
                "lowlevel.loudness_ebu128.short_term.mean": -18.30632972717285,
                "lowlevel.loudness_ebu128.short_term.median": -17.957523345947266,
                "lowlevel.loudness_ebu128.short_term.min": -29.91613006591797,
                "lowlevel.loudness_ebu128.short_term.stdev": 2.5626962184906006,
                "lowlevel.loudness_ebu128.short_term.var": 6.567411422729492,
                "lowlevel.spectral_centroid.dmean": 209.6680450439453,
                "lowlevel.spectral_centroid.dmean2": 317.1180725097656,
                "lowlevel.spectral_centroid.dvar": 74286.3984375,
                "lowlevel.spectral_centroid.dvar2": 162703.28125,
                "lowlevel.spectral_centroid.max": 4997.88037109375,
                "lowlevel.spectral_centroid.mean": 1089.0423583984375,
                "lowlevel.spectral_centroid.median": 960.2396240234375,
                "lowlevel.spectral_centroid.min": 159.13009643554688,
                "lowlevel.spectral_centroid.stdev": 590.0463256835938,
                "lowlevel.spectral_centroid.var": 348154.6875,
                "metadata.audio_properties.analysis.equal_loudness": 0.0,
                "rhythm.beats_loudness.dmean": 0.019247902557253838,
                "rhythm.beats_loudness.dmean2": 0.034406714141368866,
                "rhythm.beats_loudness.dvar": 0.0002808687568176538,
                "rhythm.beats_loudness.dvar2": 0.0008397750207222998,
                "rhythm.beats_loudness.max": 0.14124412834644318,
                "rhythm.beats_loudness.mean": 0.02661164477467537,
                "rhythm.beats_loudness.median": 0.02234547957777977,
                "rhythm.beats_loudness.min": 0.00013735124957747757,
                "rhythm.beats_loudness.stdev": 0.019570425152778625,
                "rhythm.beats_loudness.var": 0.0003830015193670988,
                "rhythm.bpm": 101.1722183227539,
                "rhythm.bpm_histogram_first_peak_bpm": 101.0,
                "rhythm.bpm_histogram_first_peak_weight": 0.5635104179382324,
                "rhythm.bpm_histogram_second_peak_bpm": 94.0,
                "rhythm.bpm_histogram_second_peak_spread": 0.5,
                "rhythm.bpm_histogram_second_peak_weight": 0.013186813332140446,
                "rhythm.danceability": 1.100370168685913
            }
        },
        {
            "id": "PAkCvAEfb_0",
            "title": "Grateful Dead - Row Jimmy (Egypt 9/16/78)",
            "views": 142450,
            "features": {
                "lowlevel.average_loudness": 0.27923208475112915,
                "lowlevel.loudness_ebu128.integrated": -17.413331985473633,
                "lowlevel.loudness_ebu128.loudness_range": 7.924651145935059,
                "lowlevel.loudness_ebu128.momentary.dmean": 1.0945792198181152,