{
    "song_title": "Samba In The Rain",
    "artist": "Grateful Dead",
    "num_versions_processed": 2,
    "average_features": {
        "rhythm.beats_loudness.dvar": 0.0002959527773782611,
        "lowlevel.loudness_ebu128.momentary.median": -11.742290019989014,
        "lowlevel.loudness_ebu128.short_term.min": -37.48677062988281,
        "lowlevel.loudness_ebu128.short_term.dvar": 0.017769043799489737,
        "rhythm.beats_loudness.dvar2": 0.0008416790515184402,
        "rhythm.beats_loudness.min": 2.2074126775351033e-06,
        "lowlevel.loudness_ebu128.momentary.min": -86.07514190673828,
        "rhythm.bpm_histogram_second_peak_weight": 0.018220115918666124,
        "lowlevel.spectral_centroid.min": 175.35523223876953,
        "lowlevel.spectral_centroid.var": 159493.81640625,
        "lowlevel.loudness_ebu128.short_term.dvar2": 0.01707718474790454,
        "lowlevel.loudness_ebu128.short_term.stdev": 4.49221408367157,
        "rhythm.beats_loudness.max": 0.15962351113557816,
        "lowlevel.loudness_ebu128.momentary.dvar2": 0.9809039533138275,
        "lowlevel.spectral_centroid.dvar2": 73358.421875,
        "lowlevel.loudness_ebu128.momentary.max": -3.3020143508911133,
        "lowlevel.average_loudness": 0.37757621705532074,
        "lowlevel.loudness_ebu128.momentary.var": 36.43015098571777,
        "lowlevel.loudness_ebu128.loudness_range": 6.529942035675049,
        "rhythm.beats_loudness.dmean": 0.019412591122090816,
        "lowlevel.loudness_ebu128.momentary.dvar": 0.7049636840820312,
        "metadata.audio_properties.analysis.equal_loudness": 0.0,
        "lowlevel.spectral_centroid.dmean": 154.20868682861328,
        "rhythm.bpm": 93.27986907958984,
        "lowlevel.spectral_centroid.dvar": 32341.6875,
        "lowlevel.loudness_ebu128.momentary.dmean2": 0.9157904088497162,
        "rhythm.bpm_histogram_first_peak_weight": 0.4678748846054077,
        "rhythm.bpm_histogram_second_peak_spread": 0.30965912342071533,
        "lowlevel.loudness_ebu128.momentary.mean": -12.861360549926758,
        "lowlevel.loudness_ebu128.momentary.dmean": 0.7470742762088776,
        "rhythm.beats_loudness.mean": 0.04066973552107811,
        "rhythm.bpm_histogram_second_peak_bpm": 112.0,
        "lowlevel.loudness_ebu128.integrated": -10.812016010284424,
        "rhythm.beats_loudness.var": 0.0006337336089927703,
        "lowlevel.loudness_ebu128.momentary.stdev": 5.8546531200408936,
        "lowlevel.loudness_ebu128.short_term.var": 23.320892810821533,
        "lowlevel.spectral_centroid.max": 11167.33056640625,
        "rhythm.beats_loudness.dmean2": 0.033381387591362,
        "rhythm.danceability": 1.162032961845398,
        "lowlevel.loudness_ebu128.short_term.max": -4.402934312820435,
        "lowlevel.spectral_centroid.mean": 748.9112243652344,
        "rhythm.beats_loudness.stdev": 0.025095793418586254,
        "lowlevel.loudness_ebu128.short_term.dmean2": 0.10614094510674477,
        "lowlevel.loudness_ebu128.short_term.dmean": 0.10698030889034271,
        "lowlevel.loudness_ebu128.short_term.mean": -12.349158763885498,
        "rhythm.bpm_histogram_first_peak_bpm": 93.5,
        "lowlevel.loudness_ebu128.short_term.median": -11.462822914123535,
        "lowlevel.spectral_centroid.median": 663.7694091796875,
        "lowlevel.spectral_centroid.stdev": 396.8052978515625,
        "lowlevel.spectral_centroid.dmean2": 247.831787109375,
        "rhythm.beats_loudness.median": 0.03800346329808235
    },
    "outlier_flag": false,
    "outlier_reasons": null,
    "raw_versions": [
        {
            "id": "2b7flPMzUuI",
            "title": "Samba in the Rain - Grateful Dead - 6-24-1994 Sam Boyd Silver Bowl, Las Vegas, NV (set2-02)",
            "views": 15449,
            "features": {
                "lowlevel.average_loudness": 0.5032311677932739,
                "lowlevel.loudness_ebu128.integrated": -10.39902114868164,
                "lowlevel.loudness_ebu128.loudness_range": 7.050869941711426,
                "lowlevel.loudness_ebu128.momentary.dmean": 0.7260919809341431,
                "lowlevel.loudness_ebu128.momentary.dmean2": 0.8356102108955383,
                "lowlevel.loudness_ebu128.momentary.dvar": 0.482207715511322,
                "lowlevel.loudness_ebu128.momentary.dvar2": 0.6554762721061707,
                "lowlevel.loudness_ebu128.momentary.max": -2.4065051078796387,
                "lowlevel.loudness_ebu128.momentary.mean": -11.666532516479492,
                "lowlevel.loudness_ebu128.momentary.median": -11.35936450958252,
                "lowlevel.loudness_ebu128.momentary.min": -81.44180297851562,
                "lowlevel.loudness_ebu128.momentary.stdev": 4.387279033660889,
                "lowlevel.loudness_ebu128.momentary.var": 19.248218536376953,
                "lowlevel.loudness_ebu128.short_term.dmean": 0.10552316904067993,
                "lowlevel.loudness_ebu128.short_term.dmean2": 0.10107313096523285,
                "lowlevel.loudness_ebu128.short_term.dvar": 0.01011378038674593,
                "lowlevel.loudness_ebu128.short_term.dvar2": 0.009117388166487217,
                "lowlevel.loudness_ebu128.short_term.max": -3.642819881439209,
                "lowlevel.loudness_ebu128.short_term.mean": -11.165214538574219,
                "lowlevel.loudness_ebu128.short_term.median": -11.00489616394043,
                "lowlevel.loudness_ebu128.short_term.min": -34.00218200683594,
                "lowlevel.loudness_ebu128.short_term.stdev": 2.719953775405884,
                "lowlevel.loudness_ebu128.short_term.var": 7.398148536682129,
                "lowlevel.spectral_centroid.dmean": 163.8153076171875,
                "lowlevel.spectral_centroid.dmean2": 266.8047180175781,
                "lowlevel.spectral_centroid.dvar": 30948.01171875,
                "lowlevel.spectral_centroid.dvar2": 74682.140625,
                "lowlevel.spectral_centroid.max": 11310.7587890625,
                "lowlevel.spectral_centroid.mean": 737.3854370117188,
                "lowlevel.spectral_centroid.median": 666.2782592773438,
                "lowlevel.spectral_centroid.min": 195.55587768554688,
                "lowlevel.spectral_centroid.stdev": 351.6458740234375,
                "lowlevel.spectral_centroid.var": 123654.8203125,
                "metadata.audio_properties.analysis.equal_loudness": 0.0,
                "rhythm.beats_loudness.dmean": 0.020551932975649834,
                "rhythm.beats_loudness.dmean2": 0.035427771508693695,
                "rhythm.beats_loudness.dvar": 0.00028500574990175664,
                "rhythm.beats_loudness.dvar2": 0.0008294834406115115,
                "rhythm.beats_loudness.max": 0.15785615146160126,
                "rhythm.beats_loudness.mean": 0.04093704745173454,
                "rhythm.beats_loudness.median": 0.03770934417843819,
                "rhythm.beats_loudness.min": 7.882159138716816e-07,
                "rhythm.beats_loudness.stdev": 0.02311217039823532,
                "rhythm.beats_loudness.var": 0.0005341724609024823,
                "rhythm.bpm": 96.08418273925781,
                "rhythm.bpm_histogram_first_peak_bpm": 96.0,
                "rhythm.bpm_histogram_first_peak_weight": 0.6471494436264038,
                "rhythm.bpm_histogram_second_peak_bpm": 91.0,
                "rhythm.bpm_histogram_second_peak_spread": 0.18181824684143066,
                "rhythm.bpm_histogram_second_peak_weight": 0.013392857275903225,
                "rhythm.danceability": 1.165377140045166
            }
        },
        {
            "id": "fM_xka6VTqE",
            "title": "Samba in the Rain - Grateful Dead - 7-23-1994 Soldier Field, Chicago, Ill., (set2-02)",
            "views": 2251,
            "features": {
                "lowlevel.average_loudness": 0.25192126631736755,
                "lowlevel.loudness_ebu128.integrated": -11.225010871887207,
                "lowlevel.loudness_ebu128.loudness_range": 6.009014129638672,