{
    "song_title": "Samson And Delilah",
    "artist": "Grateful Dead",
    "num_versions_processed": 3,
    "average_features": {
        "lowlevel.loudness_ebu128.short_term.dvar2": 0.012563458954294523,
        "lowlevel.loudness_ebu128.momentary.var": 17.472426017125446,
        "lowlevel.loudness_ebu128.momentary.min": -70.81165377298991,
        "lowlevel.spectral_centroid.dvar": 51539.709635416664,
        "rhythm.beats_loudness.min": 0.00016285227160025192,
        "lowlevel.spectral_centroid.mean": 1100.1165161132812,
        "rhythm.beats_loudness.dvar": 0.00037182645852832746,
        "rhythm.bpm_histogram_first_peak_bpm": 128.0,
        "rhythm.beats_loudness.median": 0.03366589235762755,
        "lowlevel.loudness_ebu128.integrated": -17.000221888224285,
        "lowlevel.loudness_ebu128.short_term.mean": -17.591173489888508,
        "rhythm.beats_loudness.dmean2": 0.03594489643971125,
        "lowlevel.loudness_ebu128.momentary.dvar2": 1.2329094409942627,
        "rhythm.bpm_histogram_second_peak_weight": 0.08943237612644832,
        "lowlevel.loudness_ebu128.loudness_range": 4.921770731608073,
        "rhythm.bpm_histogram_second_peak_bpm": 122.0,
        "lowlevel.loudness_ebu128.short_term.min": -32.29176139831543,
        "lowlevel.loudness_ebu128.short_term.stdev": 2.4074591398239136,
        "lowlevel.loudness_ebu128.short_term.dmean2": 0.10974738498528798,
        "lowlevel.loudness_ebu128.short_term.var": 6.592086871465047,
        "rhythm.beats_loudness.mean": 0.037718853602806725,
        "lowlevel.spectral_centroid.max": 7260.756510416667,
        "lowlevel.loudness_ebu128.momentary.dvar": 0.6871715684731802,
        "rhythm.beats_loudness.stdev": 0.02333501974741618,
        "lowlevel.loudness_ebu128.momentary.max": -11.959518432617188,
        "lowlevel.spectral_centroid.median": 1045.1179606119792,
        "lowlevel.loudness_ebu128.momentary.dmean": 0.682480126619339,
        "lowlevel.loudness_ebu128.short_term.dvar": 0.010387665514523784,
        "rhythm.beats_loudness.var": 0.000568082497920841,
        "lowlevel.loudness_ebu128.momentary.stdev": 3.9152382214864097,
        "lowlevel.loudness_ebu128.momentary.mean": -17.99671808878581,
        "rhythm.beats_loudness.dmean": 0.021109225849310558,
        "lowlevel.average_loudness": 0.8024466435114542,
        "lowlevel.loudness_ebu128.short_term.median": -17.14554214477539,
        "rhythm.beats_loudness.max": 0.1700601726770401,
        "metadata.audio_properties.analysis.equal_loudness": 0.0,
        "lowlevel.loudness_ebu128.momentary.dmean2": 0.9495185613632202,
        "lowlevel.spectral_centroid.dvar2": 113179.12239583333,
        "lowlevel.loudness_ebu128.short_term.max": -14.018720626831055,
        "lowlevel.spectral_centroid.var": 207024.046875,
        "rhythm.bpm_histogram_first_peak_weight": 0.49717897176742554,
        "lowlevel.loudness_ebu128.momentary.median": -17.306723594665527,
        "rhythm.bpm": 127.5317866007487,
        "rhythm.beats_loudness.dvar2": 0.001001537641665588,
        "lowlevel.loudness_ebu128.short_term.dmean": 0.09078283111254375,
        "lowlevel.spectral_centroid.stdev": 452.52466837565106,
        "lowlevel.spectral_centroid.dmean": 200.49470011393228,
        "lowlevel.spectral_centroid.dmean2": 312.1905517578125,
        "rhythm.danceability": 1.2610315481821697,
        "lowlevel.spectral_centroid.min": 199.39912923177084,
        "rhythm.bpm_histogram_second_peak_spread": 0.09700836737950642
    },
    "outlier_flag": false,
    "outlier_reasons": null,
    "raw_versions": [
        {
            "id": "RMwTK6IgXUo",
            "title": "Grateful Dead - Samson and Delilah (Winterland 12/31/78) (Official Live Video)",
            "views": 452543,
            "features": {
                "lowlevel.average_loudness": 0.8918483853340149,
                "lowlevel.loudness_ebu128.integrated": -17.286836624145508,
                "lowlevel.loudness_ebu128.loudness_range": 5.129493713378906,
                "lowlevel.loudness_ebu128.momentary.dmean": 0.7260541319847107,
                "lowlevel.loudness_ebu128.momentary.dmean2": 0.9652331471443176,
                "lowlevel.loudness_ebu128.momentary.dvar": 0.6258544921875,
                "lowlevel.loudness_ebu128.momentary.dvar2": 1.0822904109954834,
                "lowlevel.loudness_ebu128.momentary.max": -12.415823936462402,
                "lowlevel.loudness_ebu128.momentary.mean": -18.288818359375,
                "lowlevel.loudness_ebu128.momentary.median": -17.523571014404297,
                "lowlevel.loudness_ebu128.momentary.min": -90.41397857666016,
                "lowlevel.loudness_ebu128.momentary.stdev": 4.358265399932861,
                "lowlevel.loudness_ebu128.momentary.var": 18.994478225708008,
                "lowlevel.loudness_ebu128.short_term.dmean": 0.09720078110694885,
                "lowlevel.loudness_ebu128.short_term.dmean2": 0.11057405918836594,
                "lowlevel.loudness_ebu128.short_term.dvar": 0.010584515519440174,
                "lowlevel.loudness_ebu128.short_term.dvar2": 0.010878737084567547,
                "lowlevel.loudness_ebu128.short_term.max": -14.511624336242676,
                "lowlevel.loudness_ebu128.short_term.mean": -17.821962356567383,
                "lowlevel.loudness_ebu128.short_term.median": -17.275985717773438,
                "lowlevel.loudness_ebu128.short_term.min": -34.356895446777344,
                "lowlevel.loudness_ebu128.short_term.stdev": 2.3099725246429443,
                "lowlevel.loudness_ebu128.short_term.var": 5.335972785949707,
                "lowlevel.spectral_centroid.dmean": 221.71656799316406,
                "lowlevel.spectral_centroid.dmean2": 342.8132019042969,
                "lowlevel.spectral_centroid.dvar": 54701.0078125,
                "lowlevel.spectral_centroid.dvar2": 117250.7578125,
                "lowlevel.spectral_centroid.max": 5181.5458984375,
                "lowlevel.spectral_centroid.mean": 1347.80712890625,
                "lowlevel.spectral_centroid.median": 1312.6014404296875,
                "lowlevel.spectral_centroid.min": 271.8504943847656,
                "lowlevel.spectral_centroid.stdev": 509.701171875,
                "lowlevel.spectral_centroid.var": 259795.296875,
                "metadata.audio_properties.analysis.equal_loudness": 0.0,
                "rhythm.beats_loudness.dmean": 0.0264444500207901,
                "rhythm.beats_loudness.dmean2": 0.04458538815379143,
                "rhythm.beats_loudness.dvar": 0.0005124624585732818,
                "rhythm.beats_loudness.dvar2": 0.001344029325991869,
                "rhythm.beats_loudness.max": 0.1733885407447815,
                "rhythm.beats_loudness.mean": 0.045604266226291656,
                "rhythm.beats_loudness.median": 0.04158453643321991,
                "rhythm.beats_loudness.min": 1.738192256794946e-09,
                "rhythm.beats_loudness.stdev": 0.027640486136078835,
                "rhythm.beats_loudness.var": 0.0007639964460395277,
                "rhythm.bpm": 128.37916564941406,
                "rhythm.bpm_histogram_first_peak_bpm": 129.0,
                "rhythm.bpm_histogram_first_peak_weight": 0.42307692766189575,
                "rhythm.bpm_histogram_second_peak_bpm": 123.0,
                "rhythm.bpm_histogram_second_peak_spread": 0.05263161659240723,
                "rhythm.bpm_histogram_second_peak_weight": 0.11308900266885757,
                "rhythm.danceability": 1.2578974962234497
            }
        },
        {
            "id": "Acuud7fYvzc",
            "title": "Grateful Dead - Samson and Delilah (Live at Three Rivers Stadium; Pittsburgh, PA 07/08/90)",
            "views": 57773,
            "features": {
                "lowlevel.average_loudness": 0.5623325109481812,
                "lowlevel.loudness_ebu128.integrated": -18.618999481201172,
                "lowlevel.loudness_ebu128.loudness_range": 6.548412322998047,