{
    "song_title": "Sawmill",
    "artist": "Grateful Dead",
    "num_versions_processed": 2,
    "average_features": {
        "lowlevel.loudness_ebu128.momentary.dmean2": 0.942246675491333,
        "lowlevel.loudness_ebu128.short_term.median": -18.689382553100586,
        "lowlevel.spectral_centroid.median": 753.9233245849609,
        "rhythm.beats_loudness.var": 0.000710812775650993,
        "rhythm.beats_loudness.dvar": 0.0005601553857559338,
        "lowlevel.loudness_ebu128.short_term.stdev": 6.095379710197449,
        "lowlevel.loudness_ebu128.integrated": -17.59934425354004,
        "rhythm.beats_loudness.max": 0.16809769719839096,
        "lowlevel.spectral_centroid.max": 10551.00537109375,
        "lowlevel.spectral_centroid.min": 162.00692749023438,
        "lowlevel.loudness_ebu128.momentary.stdev": 6.92635452747345,
        "rhythm.bpm": 172.2657241821289,
        "lowlevel.loudness_ebu128.loudness_range": 12.423176765441895,
        "rhythm.beats_loudness.mean": 0.02539759036153555,
        "rhythm.bpm_histogram_second_peak_weight": 0.2382790744304657,
        "metadata.audio_properties.analysis.equal_loudness": 0.0,
        "lowlevel.loudness_ebu128.short_term.var": 49.959121227264404,
        "rhythm.beats_loudness.dvar2": 0.0016210658359341323,
        "rhythm.bpm_histogram_second_peak_bpm": 172.5,
        "lowlevel.loudness_ebu128.momentary.mean": -21.903712272644043,
        "lowlevel.loudness_ebu128.short_term.max": -13.648604393005371,
        "rhythm.beats_loudness.stdev": 0.026504437439143658,
        "lowlevel.loudness_ebu128.momentary.dmean": 0.8255189955234528,
        "lowlevel.spectral_centroid.mean": 796.6080780029297,
        "lowlevel.spectral_centroid.stdev": 334.36968994140625,
        "rhythm.beats_loudness.median": 0.016978632658720016,
        "lowlevel.loudness_ebu128.short_term.dmean": 0.14433492720127106,
        "lowlevel.loudness_ebu128.short_term.dvar2": 0.050562703516334295,
        "rhythm.beats_loudness.dmean2": 0.03182995691895485,
        "lowlevel.loudness_ebu128.short_term.mean": -21.074453353881836,
        "lowlevel.loudness_ebu128.momentary.var": 60.339006423950195,
        "rhythm.beats_loudness.dmean": 0.01774607226252556,
        "lowlevel.loudness_ebu128.momentary.min": -42.41218566894531,
        "lowlevel.loudness_ebu128.momentary.dvar": 0.9532423615455627,
        "lowlevel.spectral_centroid.dmean": 125.23050689697266,
        "lowlevel.spectral_centroid.var": 132181.28125,
        "rhythm.beats_loudness.min": 8.956143210525624e-05,
        "lowlevel.average_loudness": 0.38272328674793243,
        "lowlevel.loudness_ebu128.short_term.dmean2": 0.1409178450703621,
        "lowlevel.loudness_ebu128.short_term.min": -35.52548694610596,
        "rhythm.bpm_histogram_first_peak_bpm": 172.0,
        "lowlevel.loudness_ebu128.momentary.max": -10.979055881500244,
        "lowlevel.spectral_centroid.dmean2": 190.19860458374023,
        "rhythm.bpm_histogram_second_peak_spread": 0.0,
        "lowlevel.loudness_ebu128.short_term.dvar": 0.04429776407778263,
        "lowlevel.loudness_ebu128.momentary.median": -19.520256996154785,
        "rhythm.danceability": 1.1214760541915894,
        "lowlevel.spectral_centroid.dvar": 26038.96533203125,
        "rhythm.bpm_histogram_first_peak_weight": 0.0,
        "lowlevel.loudness_ebu128.momentary.dvar2": 1.374145269393921,
        "lowlevel.spectral_centroid.dvar2": 48649.927734375
    },
    "outlier_flag": false,
    "outlier_reasons": null,
    "raw_versions": [
        {
            "id": "IFick3j1Zps",
            "title": "Grateful Dead - Saw Mill 1-31-70",
            "views": 5436,
            "features": {
                "lowlevel.average_loudness": 0.32617613673210144,
                "lowlevel.loudness_ebu128.integrated": -18.51596450805664,
                "lowlevel.loudness_ebu128.loudness_range": 17.365392684936523,
                "lowlevel.loudness_ebu128.momentary.dmean": 0.8953430652618408,
                "lowlevel.loudness_ebu128.momentary.dmean2": 1.011832356452942,
                "lowlevel.loudness_ebu128.momentary.dvar": 1.3458008766174316,
                "lowlevel.loudness_ebu128.momentary.dvar2": 1.9634215831756592,
                "lowlevel.loudness_ebu128.momentary.max": -12.457572937011719,
                "lowlevel.loudness_ebu128.momentary.mean": -25.87928009033203,
                "lowlevel.loudness_ebu128.momentary.median": -21.153362274169922,
                "lowlevel.loudness_ebu128.momentary.min": -47.352394104003906,
                "lowlevel.loudness_ebu128.momentary.stdev": 10.442689895629883,
                "lowlevel.loudness_ebu128.momentary.var": 109.0497817993164,
                "lowlevel.loudness_ebu128.short_term.dmean": 0.15762624144554138,
                "lowlevel.loudness_ebu128.short_term.dmean2": 0.15684309601783752,
                "lowlevel.loudness_ebu128.short_term.dvar": 0.07209240645170212,
                "lowlevel.loudness_ebu128.short_term.dvar2": 0.08616343885660172,
                "lowlevel.loudness_ebu128.short_term.max": -14.609153747558594,
                "lowlevel.loudness_ebu128.short_term.mean": -24.795459747314453,
                "lowlevel.loudness_ebu128.short_term.median": -20.11503791809082,
                "lowlevel.loudness_ebu128.short_term.min": -46.471839904785156,
                "lowlevel.loudness_ebu128.short_term.stdev": 9.67385196685791,
                "lowlevel.loudness_ebu128.short_term.var": 93.58341979980469,
                "lowlevel.spectral_centroid.dmean": 178.0477752685547,
                "lowlevel.spectral_centroid.dmean2": 269.44921875,
                "lowlevel.spectral_centroid.dvar": 41676.38671875,
                "lowlevel.spectral_centroid.dvar2": 81610.75,
                "lowlevel.spectral_centroid.max": 10643.4990234375,
                "lowlevel.spectral_centroid.mean": 1083.4056396484375,
                "lowlevel.spectral_centroid.median": 1019.2349853515625,
                "lowlevel.spectral_centroid.min": 155.1907501220703,
                "lowlevel.spectral_centroid.stdev": 477.1219177246094,
                "lowlevel.spectral_centroid.var": 227645.3125,
                "metadata.audio_properties.analysis.equal_loudness": 0.0,
                "rhythm.beats_loudness.dmean": 0.018980426713824272,
                "rhythm.beats_loudness.dmean2": 0.03408108651638031,
                "rhythm.beats_loudness.dvar": 0.0007280359277501702,
                "rhythm.beats_loudness.dvar2": 0.0020574883092194796,
                "rhythm.beats_loudness.max": 0.20141053199768066,
                "rhythm.beats_loudness.mean": 0.026164278388023376,
                "rhythm.beats_loudness.median": 0.01835624873638153,
                "rhythm.beats_loudness.min": 2.273647260153666e-05,
                "rhythm.beats_loudness.stdev": 0.02939019352197647,
                "rhythm.beats_loudness.var": 0.0008637834689579904,
                "rhythm.bpm": 172.26608276367188,
                "rhythm.bpm_histogram_first_peak_bpm": 172.0,
                "rhythm.bpm_histogram_first_peak_weight": 0.0,
                "rhythm.bpm_histogram_second_peak_bpm": 167.0,
                "rhythm.bpm_histogram_second_peak_spread": 0.0,
                "rhythm.bpm_histogram_second_peak_weight": 0.2621527910232544,
                "rhythm.danceability": 1.1710002422332764
            }
        },
        {
            "id": "oLl7vbqlInU",
            "title": "Saw Mill (Live)",
            "views": 1194,
            "features": {
                "lowlevel.average_loudness": 0.4392704367637634,
                "lowlevel.loudness_ebu128.integrated": -16.682723999023438,
                "lowlevel.loudness_ebu128.loudness_range": 7.480960845947266,
                "lowlevel.loudness_ebu128.momentary.dmean": 0.7556949257850647,
                "lowlevel.loudness_ebu128.momentary.dmean2": 0.8726609945297241,
                "lowlevel.loudness_ebu128.momentary.dvar": 0.5606838464736938,