{
    "song_title": "Scarlet Begonias",
    "artist": "Grateful Dead",
    "num_versions_processed": 3,
    "average_features": {
        "lowlevel.loudness_ebu128.short_term.dvar2": 0.022410135716199875,
        "lowlevel.loudness_ebu128.momentary.var": 30.391276677449543,
        "lowlevel.loudness_ebu128.momentary.min": -90.7265116373698,
        "lowlevel.spectral_centroid.dvar": 54582.915364583336,
        "rhythm.beats_loudness.min": 1.497395818450542e-09,
        "lowlevel.spectral_centroid.mean": 984.0901285807291,
        "rhythm.beats_loudness.dvar": 0.0008049681200645864,
        "rhythm.bpm_histogram_first_peak_bpm": 156.66666666666666,
        "rhythm.beats_loudness.median": 0.033461579432090126,
        "lowlevel.loudness_ebu128.integrated": -16.621126174926758,
        "lowlevel.loudness_ebu128.short_term.mean": -17.734299023946125,
        "rhythm.beats_loudness.dmean2": 0.049276385456323624,
        "lowlevel.loudness_ebu128.momentary.dvar2": 1.1239509185155232,
        "rhythm.bpm_histogram_second_peak_weight": 0.22104591379563013,
        "lowlevel.loudness_ebu128.loudness_range": 7.651174545288086,
        "rhythm.bpm_histogram_second_peak_bpm": 143.0,
        "lowlevel.loudness_ebu128.short_term.min": -53.97398694356283,
        "lowlevel.loudness_ebu128.short_term.stdev": 3.9880124727884927,
        "lowlevel.loudness_ebu128.short_term.dmean2": 0.13243184487024942,
        "lowlevel.loudness_ebu128.short_term.var": 20.334838390350342,
        "rhythm.beats_loudness.mean": 0.04019203533728918,
        "lowlevel.spectral_centroid.max": 7177.452799479167,
        "lowlevel.loudness_ebu128.momentary.dvar": 0.7342061003049215,
        "rhythm.beats_loudness.stdev": 0.03237681525448958,
        "lowlevel.loudness_ebu128.momentary.max": -8.994989236195883,
        "lowlevel.spectral_centroid.median": 889.3141682942709,
        "lowlevel.loudness_ebu128.momentary.dmean": 0.8151114583015442,
        "lowlevel.loudness_ebu128.short_term.dvar": 0.021934626313547295,
        "rhythm.beats_loudness.var": 0.0010713835169250767,
        "lowlevel.loudness_ebu128.momentary.stdev": 5.187787294387817,
        "lowlevel.loudness_ebu128.momentary.mean": -18.223378499348957,
        "rhythm.beats_loudness.dmean": 0.0274738868077596,
        "lowlevel.average_loudness": 0.45885154108206433,
        "lowlevel.loudness_ebu128.short_term.median": -17.010387420654297,
        "rhythm.beats_loudness.max": 0.28316261370976764,
        "metadata.audio_properties.analysis.equal_loudness": 0.0,
        "lowlevel.loudness_ebu128.momentary.dmean2": 0.9836434523264567,
        "lowlevel.spectral_centroid.dvar2": 118062.359375,
        "lowlevel.loudness_ebu128.short_term.max": -11.890033404032389,
        "lowlevel.spectral_centroid.var": 267242.1875,
        "rhythm.bpm_histogram_first_peak_weight": 0.25704872608184814,
        "lowlevel.loudness_ebu128.momentary.median": -17.46626377105713,
        "rhythm.bpm": 157.52560424804688,
        "rhythm.beats_loudness.dvar2": 0.002391487864467005,
        "lowlevel.loudness_ebu128.short_term.dmean": 0.1152329295873642,
        "lowlevel.spectral_centroid.stdev": 516.8354797363281,
        "lowlevel.spectral_centroid.dmean": 186.69000244140625,
        "lowlevel.spectral_centroid.dmean2": 281.75962829589844,
        "rhythm.danceability": 1.2787770827611287,
        "lowlevel.spectral_centroid.min": 149.4588368733724,
        "rhythm.bpm_histogram_second_peak_spread": 0.2305880387624105
    },
    "outlier_flag": false,
    "outlier_reasons": null,
    "raw_versions": [
        {
            "id": "3QlxSBquv5s",
            "title": "Grateful Dead - Scarlet Begonias (Winterland 10/19/74) (Official Live Video)",
            "views": 2370536,
            "features": {
                "lowlevel.average_loudness": 0.2167138308286667,
                "lowlevel.loudness_ebu128.integrated": -18.356290817260742,
                "lowlevel.loudness_ebu128.loudness_range": 6.808830261230469,
                "lowlevel.loudness_ebu128.momentary.dmean": 0.8359395861625671,
                "lowlevel.loudness_ebu128.momentary.dmean2": 0.9378904700279236,
                "lowlevel.loudness_ebu128.momentary.dvar": 0.7195076942443848,
                "lowlevel.loudness_ebu128.momentary.dvar2": 0.9905866384506226,
                "lowlevel.loudness_ebu128.momentary.max": -8.810380935668945,
                "lowlevel.loudness_ebu128.momentary.mean": -19.620071411132812,
                "lowlevel.loudness_ebu128.momentary.median": -19.642013549804688,
                "lowlevel.loudness_ebu128.momentary.min": -90.257568359375,
                "lowlevel.loudness_ebu128.momentary.stdev": 4.08764123916626,
                "lowlevel.loudness_ebu128.momentary.var": 16.708812713623047,
                "lowlevel.loudness_ebu128.short_term.dmean": 0.12960252165794373,
                "lowlevel.loudness_ebu128.short_term.dmean2": 0.12447525560855865,
                "lowlevel.loudness_ebu128.short_term.dvar": 0.02041257917881012,
                "lowlevel.loudness_ebu128.short_term.dvar2": 0.016129080206155777,
                "lowlevel.loudness_ebu128.short_term.max": -12.902698516845703,
                "lowlevel.loudness_ebu128.short_term.mean": -18.975364685058594,
                "lowlevel.loudness_ebu128.short_term.median": -18.859153747558594,
                "lowlevel.loudness_ebu128.short_term.min": -31.60856819152832,
                "lowlevel.loudness_ebu128.short_term.stdev": 2.3365299701690674,
                "lowlevel.loudness_ebu128.short_term.var": 5.459372520446777,
                "lowlevel.spectral_centroid.dmean": 186.04129028320312,
                "lowlevel.spectral_centroid.dmean2": 282.0711975097656,
                "lowlevel.spectral_centroid.dvar": 49128.69921875,
                "lowlevel.spectral_centroid.dvar2": 103752.8046875,
                "lowlevel.spectral_centroid.max": 5364.3173828125,
                "lowlevel.spectral_centroid.mean": 988.0947265625,
                "lowlevel.spectral_centroid.median": 878.799560546875,
                "lowlevel.spectral_centroid.min": 153.49908447265625,
                "lowlevel.spectral_centroid.stdev": 507.0685729980469,
                "lowlevel.spectral_centroid.var": 257118.53125,
                "metadata.audio_properties.analysis.equal_loudness": 0.0,
                "rhythm.beats_loudness.dmean": 0.01920648105442524,
                "rhythm.beats_loudness.dmean2": 0.03340378776192665,
                "rhythm.beats_loudness.dvar": 0.0005817103083245456,
                "rhythm.beats_loudness.dvar2": 0.0016266870079562068,
                "rhythm.beats_loudness.max": 0.30017736554145813,
                "rhythm.beats_loudness.mean": 0.026479031890630722,
                "rhythm.beats_loudness.median": 0.019350718706846237,
                "rhythm.beats_loudness.min": 1.7591981205100637e-09,
                "rhythm.beats_loudness.stdev": 0.026506898924708366,
                "rhythm.beats_loudness.var": 0.0007026157109066844,
                "rhythm.bpm": 156.08627319335938,
                "rhythm.bpm_histogram_first_peak_bpm": 157.0,
                "rhythm.bpm_histogram_first_peak_weight": 0.37042462825775146,
                "rhythm.bpm_histogram_second_peak_bpm": 105.0,
                "rhythm.bpm_histogram_second_peak_spread": 0.5065789222717285,
                "rhythm.bpm_histogram_second_peak_weight": 0.0797872319817543,
                "rhythm.danceability": 1.10611891746521
            }
        },
        {
            "id": "luAqu8VX5wo",
            "title": "Grateful Dead - Scarlet Begonias / Fire on the Mountain 5/8/77",
            "views": 5249928,
            "features": {
                "lowlevel.average_loudness": 0.45547768473625183,
                "lowlevel.loudness_ebu128.integrated": -13.535848617553711,
                "lowlevel.loudness_ebu128.loudness_range": 9.004138946533203,