{
    "song_title": "Searchin'",
    "artist": "Grateful Dead",
    "num_versions_processed": 3,
    "average_features": {
        "lowlevel.loudness_ebu128.momentary.dmean2": 0.8900531927744547,
        "lowlevel.loudness_ebu128.short_term.median": -13.729351679484049,
        "lowlevel.spectral_centroid.median": 840.9879964192709,
        "rhythm.beats_loudness.var": 0.0006142602457354466,
        "rhythm.beats_loudness.dvar": 0.0005222183826845139,
        "lowlevel.loudness_ebu128.short_term.stdev": 4.031599283218384,
        "lowlevel.loudness_ebu128.integrated": -13.319408734639486,
        "rhythm.beats_loudness.max": 0.24899698793888092,
        "lowlevel.spectral_centroid.max": 11109.61328125,
        "lowlevel.spectral_centroid.min": 159.21353149414062,
        "lowlevel.loudness_ebu128.momentary.stdev": 4.806775093078613,
        "rhythm.bpm": 136.57074991861978,
        "lowlevel.loudness_ebu128.loudness_range": 7.871542612711589,
        "rhythm.beats_loudness.mean": 0.027085913345217705,
        "rhythm.bpm_histogram_second_peak_weight": 0.1845379521449407,
        "metadata.audio_properties.analysis.equal_loudness": 0.0,
        "lowlevel.loudness_ebu128.short_term.var": 17.34208106994629,
        "rhythm.beats_loudness.dvar2": 0.0014610591266925137,
        "rhythm.bpm_histogram_second_peak_bpm": 138.33333333333334,
        "lowlevel.loudness_ebu128.momentary.mean": -15.36993662516276,
        "lowlevel.loudness_ebu128.short_term.max": -8.530421574910482,
        "rhythm.beats_loudness.stdev": 0.024779215455055237,
        "lowlevel.loudness_ebu128.momentary.dmean": 0.7955227096875509,
        "lowlevel.spectral_centroid.mean": 879.8826904296875,
        "lowlevel.spectral_centroid.stdev": 400.49268595377606,
        "rhythm.beats_loudness.median": 0.020504682945708435,
        "lowlevel.loudness_ebu128.short_term.dmean": 0.13338622699181238,
        "lowlevel.loudness_ebu128.short_term.dvar2": 0.018970996762315433,
        "rhythm.beats_loudness.dmean2": 0.029844526822368305,
        "lowlevel.loudness_ebu128.short_term.mean": -14.711174011230469,
        "lowlevel.loudness_ebu128.momentary.var": 24.280494689941406,
        "rhythm.beats_loudness.dmean": 0.01718294092764457,
        "lowlevel.loudness_ebu128.momentary.min": -45.60466003417969,
        "lowlevel.loudness_ebu128.momentary.dvar": 0.7152911225954691,
        "lowlevel.spectral_centroid.dmean": 157.68587239583334,
        "lowlevel.spectral_centroid.var": 160888.88541666666,
        "rhythm.beats_loudness.min": 8.387125626541092e-05,
        "lowlevel.average_loudness": 0.3187445178627968,
        "lowlevel.loudness_ebu128.short_term.dmean2": 0.1227644110719363,
        "lowlevel.loudness_ebu128.short_term.min": -35.157958348592125,
        "rhythm.bpm_histogram_first_peak_bpm": 136.33333333333334,
        "lowlevel.loudness_ebu128.momentary.max": -5.12261422475179,
        "lowlevel.spectral_centroid.dmean2": 241.2834014892578,
        "rhythm.bpm_histogram_second_peak_spread": 0.4225691755612691,
        "lowlevel.loudness_ebu128.short_term.dvar": 0.0235456225151817,
        "lowlevel.loudness_ebu128.momentary.median": -14.536242485046387,
        "rhythm.danceability": 1.1073597272237141,
        "lowlevel.spectral_centroid.dvar": 30549.263020833332,
        "rhythm.bpm_histogram_first_peak_weight": 0.4797658721605937,
        "lowlevel.loudness_ebu128.momentary.dvar2": 0.9986890355745951,
        "lowlevel.spectral_centroid.dvar2": 65908.93359375
    },
    "outlier_flag": false,
    "outlier_reasons": null,
    "raw_versions": [
        {
            "id": "2efqWXGiPiU",
            "title": "Grateful Dead - New Orleans / Searchin' 11/8/70",
            "views": 10167,
            "features": {
                "lowlevel.average_loudness": 0.7474126815795898,
                "lowlevel.loudness_ebu128.integrated": -12.129006385803223,
                "lowlevel.loudness_ebu128.loudness_range": 5.246944427490234,
                "lowlevel.loudness_ebu128.momentary.dmean": 0.6558864116668701,
                "lowlevel.loudness_ebu128.momentary.dmean2": 0.6947546601295471,
                "lowlevel.loudness_ebu128.momentary.dvar": 0.4342840909957886,
                "lowlevel.loudness_ebu128.momentary.dvar2": 0.5618179440498352,
                "lowlevel.loudness_ebu128.momentary.max": -6.80092716217041,
                "lowlevel.loudness_ebu128.momentary.mean": -13.105003356933594,
                "lowlevel.loudness_ebu128.momentary.median": -12.278124809265137,
                "lowlevel.loudness_ebu128.momentary.min": -32.25347900390625,
                "lowlevel.loudness_ebu128.momentary.stdev": 3.2736868858337402,
                "lowlevel.loudness_ebu128.momentary.var": 10.717025756835938,
                "lowlevel.loudness_ebu128.short_term.dmean": 0.10075733810663223,
                "lowlevel.loudness_ebu128.short_term.dmean2": 0.09268633276224136,
                "lowlevel.loudness_ebu128.short_term.dvar": 0.009349356405436993,
                "lowlevel.loudness_ebu128.short_term.dvar2": 0.008865179494023323,
                "lowlevel.loudness_ebu128.short_term.max": -9.319209098815918,
                "lowlevel.loudness_ebu128.short_term.mean": -12.727069854736328,
                "lowlevel.loudness_ebu128.short_term.median": -12.03896713256836,
                "lowlevel.loudness_ebu128.short_term.min": -26.2086238861084,
                "lowlevel.loudness_ebu128.short_term.stdev": 2.556335210800171,
                "lowlevel.loudness_ebu128.short_term.var": 6.534849166870117,
                "lowlevel.spectral_centroid.dmean": 169.55636596679688,
                "lowlevel.spectral_centroid.dmean2": 267.1925964355469,
                "lowlevel.spectral_centroid.dvar": 29452.52734375,
                "lowlevel.spectral_centroid.dvar2": 66103.3671875,
                "lowlevel.spectral_centroid.max": 11220.736328125,
                "lowlevel.spectral_centroid.mean": 882.5042114257812,
                "lowlevel.spectral_centroid.median": 831.6779174804688,
                "lowlevel.spectral_centroid.min": 165.1034393310547,
                "lowlevel.spectral_centroid.stdev": 431.8077392578125,
                "lowlevel.spectral_centroid.var": 186457.921875,
                "metadata.audio_properties.analysis.equal_loudness": 0.0,
                "rhythm.beats_loudness.dmean": 0.020648352801799774,
                "rhythm.beats_loudness.dmean2": 0.03613053262233734,
                "rhythm.beats_loudness.dvar": 0.00044210543273948133,
                "rhythm.beats_loudness.dvar2": 0.0012974527198821306,
                "rhythm.beats_loudness.max": 0.17417697608470917,
                "rhythm.beats_loudness.mean": 0.03752867132425308,
                "rhythm.beats_loudness.median": 0.033873580396175385,
                "rhythm.beats_loudness.min": 0.00024233282601926476,
                "rhythm.beats_loudness.stdev": 0.02414235845208168,
                "rhythm.beats_loudness.var": 0.0005828534485772252,
                "rhythm.bpm": 129.01791381835938,
                "rhythm.bpm_histogram_first_peak_bpm": 129.0,
                "rhythm.bpm_histogram_first_peak_weight": 0.4626234173774719,
                "rhythm.bpm_histogram_second_peak_bpm": 157.0,
                "rhythm.bpm_histogram_second_peak_spread": 0.44833946228027344,
                "rhythm.bpm_histogram_second_peak_weight": 0.19377835094928741,
                "rhythm.danceability": 1.1888697147369385
            }
        },
        {
            "id": "xoo4u66D2E8",
            "title": "Grateful Dead - New Orleans/Searchin/Good Lovin 8/29/69",
            "views": 2088,
            "features": {
                "lowlevel.average_loudness": 0.09299851953983307,
                "lowlevel.loudness_ebu128.integrated": -13.919260025024414,
                "lowlevel.loudness_ebu128.loudness_range": 9.224684715270996,
                "lowlevel.loudness_ebu128.momentary.dmean": 0.8695168495178223,