{
    "song_title": "See That My Grave Is Kept Clean",
    "artist": "Grateful Dead",
    "num_versions_processed": 3,
    "average_features": {
        "lowlevel.loudness_ebu128.loudness_range": 8.32325013478597,
        "lowlevel.loudness_ebu128.short_term.stdev": 3.3536404768625894,
        "metadata.audio_properties.analysis.equal_loudness": 0.0,
        "rhythm.beats_loudness.min": 2.120892956251434e-05,
        "rhythm.bpm_histogram_first_peak_bpm": 101.66666666666667,
        "rhythm.bpm_histogram_second_peak_weight": 0.057900795713067055,
        "lowlevel.loudness_ebu128.short_term.dmean2": 0.1019150676826636,
        "lowlevel.loudness_ebu128.momentary.median": -19.056652704874676,
        "lowlevel.spectral_centroid.min": 147.06981658935547,
        "lowlevel.loudness_ebu128.momentary.min": -49.83685557047526,
        "lowlevel.average_loudness": 0.5588184197743734,
        "rhythm.bpm_histogram_first_peak_weight": 0.45359257857004803,
        "lowlevel.spectral_centroid.dmean": 186.21375020345053,
        "lowlevel.spectral_centroid.dvar": 46140.662760416664,
        "lowlevel.loudness_ebu128.momentary.max": -11.046082178751627,
        "rhythm.beats_loudness.dmean": 0.018536179636915524,
        "lowlevel.loudness_ebu128.momentary.dvar2": 1.0645548005898793,
        "lowlevel.loudness_ebu128.short_term.dvar": 0.0186153845085452,
        "lowlevel.loudness_ebu128.momentary.var": 23.981191635131836,
        "lowlevel.loudness_ebu128.short_term.median": -18.525591214497883,
        "lowlevel.loudness_ebu128.integrated": -17.74776331583659,
        "lowlevel.loudness_ebu128.short_term.var": 14.613066792488098,
        "lowlevel.spectral_centroid.mean": 1018.7836710611979,
        "rhythm.bpm_histogram_second_peak_spread": 0.4511606494585673,
        "lowlevel.loudness_ebu128.short_term.dvar2": 0.01593024500956138,
        "rhythm.beats_loudness.dmean2": 0.03346209414303303,
        "rhythm.beats_loudness.median": 0.03722775603334109,
        "lowlevel.loudness_ebu128.short_term.min": -33.76521301269531,
        "lowlevel.loudness_ebu128.momentary.mean": -19.78135395050049,
        "lowlevel.spectral_centroid.dvar2": 96769.82291666667,
        "lowlevel.spectral_centroid.max": 8548.5859375,
        "rhythm.beats_loudness.dvar2": 0.0011530243209563196,
        "rhythm.beats_loudness.mean": 0.040408034498492874,
        "rhythm.bpm": 101.59855143229167,
        "lowlevel.spectral_centroid.dmean2": 280.9847056070964,
        "rhythm.danceability": 1.154834548632304,
        "lowlevel.loudness_ebu128.short_term.dmean": 0.11031381040811539,
        "lowlevel.loudness_ebu128.momentary.dmean": 0.7526185512542725,
        "lowlevel.loudness_ebu128.short_term.max": -13.059015274047852,
        "rhythm.bpm_histogram_second_peak_bpm": 107.0,
        "lowlevel.loudness_ebu128.momentary.dvar": 0.7350525160630544,
        "lowlevel.loudness_ebu128.momentary.dmean2": 0.8975899616877238,
        "rhythm.beats_loudness.stdev": 0.02351910000046094,
        "rhythm.beats_loudness.var": 0.0005829511986424526,
        "lowlevel.spectral_centroid.median": 924.0870971679688,
        "lowlevel.loudness_ebu128.momentary.stdev": 4.549851894378662,
        "lowlevel.spectral_centroid.stdev": 530.4671325683594,
        "lowlevel.loudness_ebu128.short_term.mean": -19.142169952392578,
        "rhythm.beats_loudness.dvar": 0.0003765887280072396,
        "lowlevel.spectral_centroid.var": 284975.8697916667,
        "rhythm.beats_loudness.max": 0.14619629830121994
    },
    "raw_versions": [
        {
            "id": "SRSZS9KpYVM",
            "title": "Lou Reed - See That My Grave Is Kept Clean (Live)",
            "views": 27903,
            "features": {
                "lowlevel.average_loudness": 0.9280563592910767,
                "lowlevel.loudness_ebu128.integrated": -11.949173927307129,
                "lowlevel.loudness_ebu128.loudness_range": 3.0882978439331055,
                "lowlevel.loudness_ebu128.momentary.dmean": 0.4922351837158203,
                "lowlevel.loudness_ebu128.momentary.dmean2": 0.6560567617416382,
                "lowlevel.loudness_ebu128.momentary.dvar": 0.3115810453891754,
                "lowlevel.loudness_ebu128.momentary.dvar2": 0.49811431765556335,
                "lowlevel.loudness_ebu128.momentary.max": -8.513567924499512,
                "lowlevel.loudness_ebu128.momentary.mean": -12.355462074279785,
                "lowlevel.loudness_ebu128.momentary.median": -12.038217544555664,
                "lowlevel.loudness_ebu128.momentary.min": -47.830718994140625,
                "lowlevel.loudness_ebu128.momentary.stdev": 2.4760236740112305,
                "lowlevel.loudness_ebu128.momentary.var": 6.130693435668945,
                "lowlevel.loudness_ebu128.short_term.dmean": 0.0515991672873497,
                "lowlevel.loudness_ebu128.short_term.dmean2": 0.05266735330224037,
                "lowlevel.loudness_ebu128.short_term.dvar": 0.00314067373983562,
                "lowlevel.loudness_ebu128.short_term.dvar2": 0.0033686822280287743,
                "lowlevel.loudness_ebu128.short_term.max": -9.676766395568848,
                "lowlevel.loudness_ebu128.short_term.mean": -12.12205696105957,
                "lowlevel.loudness_ebu128.short_term.median": -12.087603569030762,
                "lowlevel.loudness_ebu128.short_term.min": -24.75542449951172,
                "lowlevel.loudness_ebu128.short_term.stdev": 1.28196120262146,
                "lowlevel.loudness_ebu128.short_term.var": 1.643424391746521,
                "lowlevel.spectral_centroid.dmean": 160.1151123046875,
                "lowlevel.spectral_centroid.dmean2": 245.4273223876953,
                "lowlevel.spectral_centroid.dvar": 34738.1796875,
                "lowlevel.spectral_centroid.dvar2": 70924.125,
                "lowlevel.spectral_centroid.max": 11252.8388671875,
                "lowlevel.spectral_centroid.mean": 974.3754272460938,
                "lowlevel.spectral_centroid.median": 911.989013671875,
                "lowlevel.spectral_centroid.min": 175.781982421875,
                "lowlevel.spectral_centroid.stdev": 449.8739318847656,
                "lowlevel.spectral_centroid.var": 202386.546875,
                "metadata.audio_properties.analysis.equal_loudness": 0.0,
                "rhythm.beats_loudness.dmean": 0.025203336030244827,
                "rhythm.beats_loudness.dmean2": 0.046750087291002274,
                "rhythm.beats_loudness.dvar": 0.0005022111581638455,
                "rhythm.beats_loudness.dvar2": 0.0016883236821740866,
                "rhythm.beats_loudness.max": 0.19376003742218018,
                "rhythm.beats_loudness.mean": 0.07465697079896927,
                "rhythm.beats_loudness.median": 0.07594084739685059,
                "rhythm.beats_loudness.min": 2.1306472262949683e-05,
                "rhythm.beats_loudness.stdev": 0.030020182952284813,
                "rhythm.beats_loudness.var": 0.0009012114023789763,
                "rhythm.bpm": 79.84076690673828,
                "rhythm.bpm_histogram_first_peak_bpm": 80.0,
                "rhythm.bpm_histogram_first_peak_weight": 0.3309222459793091,
                "rhythm.bpm_histogram_second_peak_bpm": 110.0,
                "rhythm.bpm_histogram_second_peak_spread": 0.23529410362243652,
                "rhythm.bpm_histogram_second_peak_weight": 0.021346470341086388,
                "rhythm.danceability": 1.3313013315200806
            }
        },
        {
            "id": "9ZZSdhz9GrI",
            "title": "Grateful Dead - See That My Grave Is Kept Clean - 1966/11/29",
            "views": 9082,
            "features": {
                "lowlevel.average_loudness": 0.1580275297164917,
                "lowlevel.loudness_ebu128.integrated": -12.839156150817871,
                "lowlevel.loudness_ebu128.loudness_range": 13.069454193115234,
                "lowlevel.loudness_ebu128.momentary.dmean": 0.7774875164031982,