{
    "song_title": "She Belongs To Me",
    "artist": "Grateful Dead",
    "num_versions_processed": 3,
    "features": {
        "lowlevel.loudness_ebu128.momentary.mean": -20.806759516398113,
        "rhythm.beats_loudness.min": 2.609999379880416e-05,
        "lowlevel.loudness_ebu128.short_term.stdev": 3.772049347559611,
        "lowlevel.spectral_centroid.dvar": 70622.05729166667,
        "lowlevel.loudness_ebu128.short_term.min": -40.89171600341797,
        "lowlevel.spectral_centroid.mean": 889.4330851236979,
        "lowlevel.loudness_ebu128.momentary.var": 31.288058598836262,
        "lowlevel.loudness_ebu128.short_term.dvar": 0.0181912782912453,
        "lowlevel.loudness_ebu128.momentary.max": -12.681967417399088,
        "lowlevel.spectral_centroid.median": 732.4282531738281,
        "rhythm.bpm_histogram_first_peak_weight": 0.27698129415512085,
        "rhythm.bpm_histogram_second_peak_bpm": 144.66666666666666,
        "rhythm.bpm_histogram_first_peak_bpm": 146.33333333333334,
        "lowlevel.spectral_centroid.min": 175.6339111328125,
        "rhythm.danceability": 1.050712764263153,
        "lowlevel.loudness_ebu128.momentary.median": -19.87075360616048,
        "rhythm.bpm": 146.10425313313803,
        "lowlevel.loudness_ebu128.short_term.var": 14.41657829284668,
        "lowlevel.loudness_ebu128.loudness_range": 7.582178433736165,
        "lowlevel.spectral_centroid.dvar2": 136831.43489583334,
        "lowlevel.loudness_ebu128.momentary.dvar2": 17.861489216486614,
        "lowlevel.spectral_centroid.dmean2": 248.28094482421875,
        "lowlevel.loudness_ebu128.short_term.mean": -20.04459571838379,
        "lowlevel.spectral_centroid.dmean": 166.90306599934897,
        "rhythm.beats_loudness.var": 0.0009682967502158135,
        "rhythm.bpm_histogram_second_peak_spread": 0.13661112387975058,
        "lowlevel.loudness_ebu128.momentary.dmean": 0.8377042214075724,
        "rhythm.beats_loudness.max": 0.19674804310003915,
        "lowlevel.spectral_centroid.var": 399643.203125,
        "rhythm.beats_loudness.mean": 0.03706720657646656,
        "rhythm.beats_loudness.dmean": 0.022320952576895554,
        "lowlevel.loudness_ebu128.short_term.max": -14.951987902323404,
        "lowlevel.loudness_ebu128.short_term.median": -19.256035486857098,
        "lowlevel.loudness_ebu128.momentary.dmean2": 0.9647060434023539,
        "lowlevel.spectral_centroid.max": 9075.048177083334,
        "lowlevel.loudness_ebu128.short_term.dmean2": 0.121912881731987,
        "rhythm.beats_loudness.dmean2": 0.03906739875674248,
        "lowlevel.spectral_centroid.stdev": 619.4554138183594,
        "metadata.audio_properties.analysis.equal_loudness": 0.0,
        "rhythm.beats_loudness.stdev": 0.03000926785171032,
        "lowlevel.loudness_ebu128.momentary.stdev": 5.500729242960612,
        "rhythm.beats_loudness.dvar2": 0.0014173125576538344,
        "rhythm.beats_loudness.median": 0.03020811329285304,
        "rhythm.beats_loudness.dvar": 0.0005125681782374159,
        "lowlevel.average_loudness": 0.5864679316679636,
        "lowlevel.loudness_ebu128.short_term.dmean": 0.13017899046341577,
        "lowlevel.loudness_ebu128.momentary.dvar": 8.035416295131048,
        "lowlevel.loudness_ebu128.momentary.min": -95.412841796875,
        "lowlevel.loudness_ebu128.short_term.dvar2": 0.015899891033768654,
        "lowlevel.loudness_ebu128.integrated": -18.75547917683919,
        "rhythm.bpm_histogram_second_peak_weight": 0.19842021415630975
    }
}