{
    "song_title": "Shelter From The Storm",
    "artist": "Grateful Dead",
    "num_versions_processed": 2,
    "average_features": {
        "rhythm.beats_loudness.dvar": 0.00022175180492922664,
        "lowlevel.loudness_ebu128.momentary.median": -18.48620080947876,
        "lowlevel.loudness_ebu128.short_term.min": -61.10054397583008,
        "lowlevel.loudness_ebu128.short_term.dvar": 0.18607621174305677,
        "rhythm.beats_loudness.dvar2": 0.000640847923932597,
        "rhythm.beats_loudness.min": 0.00014708946388566901,
        "lowlevel.loudness_ebu128.momentary.min": -63.130611419677734,
        "rhythm.bpm_histogram_second_peak_weight": 0.02729030791670084,
        "lowlevel.spectral_centroid.min": 253.9862289428711,
        "lowlevel.spectral_centroid.var": 504026.828125,
        "lowlevel.loudness_ebu128.short_term.dvar2": 0.3077870844863355,
        "lowlevel.loudness_ebu128.short_term.stdev": 6.58184540271759,
        "rhythm.beats_loudness.max": 0.10480541363358498,
        "lowlevel.loudness_ebu128.momentary.dvar2": 1.2636299133300781,
        "lowlevel.spectral_centroid.dvar2": 158218.9921875,
        "lowlevel.loudness_ebu128.momentary.max": -11.468883991241455,
        "lowlevel.average_loudness": 0.665430098772049,
        "lowlevel.loudness_ebu128.momentary.var": 83.36498308181763,
        "lowlevel.loudness_ebu128.loudness_range": 10.027549266815186,
        "rhythm.beats_loudness.dmean": 0.013180280569940805,
        "lowlevel.loudness_ebu128.momentary.dvar": 0.8955603539943695,
        "metadata.audio_properties.analysis.equal_loudness": 0.0,
        "lowlevel.spectral_centroid.dmean": 272.11783599853516,
        "rhythm.bpm": 101.5773811340332,
        "lowlevel.spectral_centroid.dvar": 71879.876953125,
        "lowlevel.loudness_ebu128.momentary.dmean2": 0.9678695201873779,
        "rhythm.bpm_histogram_first_peak_weight": 0.4897877275943756,
        "rhythm.bpm_histogram_second_peak_spread": 0.19117647409439087,
        "lowlevel.loudness_ebu128.momentary.mean": -20.657140731811523,
        "lowlevel.loudness_ebu128.momentary.dmean": 0.7893609702587128,
        "rhythm.beats_loudness.mean": 0.022102675400674343,
        "rhythm.bpm_histogram_second_peak_bpm": 139.0,
        "lowlevel.loudness_ebu128.integrated": -17.75631046295166,
        "rhythm.beats_loudness.var": 0.0003033485991181806,
        "lowlevel.loudness_ebu128.momentary.stdev": 7.950730323791504,
        "lowlevel.loudness_ebu128.short_term.var": 59.19670104980469,
        "lowlevel.spectral_centroid.max": 8251.261474609375,
        "rhythm.beats_loudness.dmean2": 0.023435404524207115,
        "rhythm.danceability": 1.270129382610321,
        "lowlevel.loudness_ebu128.short_term.max": -14.168094635009766,
        "lowlevel.spectral_centroid.mean": 1964.9484252929688,
        "rhythm.beats_loudness.stdev": 0.017353015020489693,
        "lowlevel.loudness_ebu128.short_term.dmean2": 0.12478910014033318,
        "lowlevel.loudness_ebu128.short_term.dmean": 0.12247493118047714,
        "lowlevel.loudness_ebu128.short_term.mean": -19.85786533355713,
        "rhythm.bpm_histogram_first_peak_bpm": 101.0,
        "lowlevel.loudness_ebu128.short_term.median": -17.896972179412842,
        "lowlevel.spectral_centroid.median": 1916.5673828125,
        "lowlevel.spectral_centroid.stdev": 709.8145751953125,
        "lowlevel.spectral_centroid.dmean2": 416.69728088378906,
        "rhythm.beats_loudness.median": 0.018924113363027573
    },
    "outlier_flag": false,
    "outlier_reasons": null,
    "raw_versions": [
        {
            "id": "_7BxOzhNf_8",
            "title": "Grateful Dead 7 24 1987 Shelter from the Storm",
            "views": 11124,
            "features": {
                "lowlevel.average_loudness": 0.5068547129631042,
                "lowlevel.loudness_ebu128.integrated": -14.633769989013672,
                "lowlevel.loudness_ebu128.loudness_range": 13.642199516296387,
                "lowlevel.loudness_ebu128.momentary.dmean": 0.8514475226402283,
                "lowlevel.loudness_ebu128.momentary.dmean2": 1.043885350227356,
                "lowlevel.loudness_ebu128.momentary.dvar": 1.2729554176330566,
                "lowlevel.loudness_ebu128.momentary.dvar2": 1.8348958492279053,
                "lowlevel.loudness_ebu128.momentary.max": -7.737366676330566,
                "lowlevel.loudness_ebu128.momentary.mean": -19.246726989746094,
                "lowlevel.loudness_ebu128.momentary.median": -15.473599433898926,
                "lowlevel.loudness_ebu128.momentary.min": -90.89757537841797,
                "lowlevel.loudness_ebu128.momentary.stdev": 12.439702987670898,
                "lowlevel.loudness_ebu128.momentary.var": 154.74620056152344,
                "lowlevel.loudness_ebu128.short_term.dmean": 0.13697946071624756,
                "lowlevel.loudness_ebu128.short_term.dmean2": 0.14302344620227814,
                "lowlevel.loudness_ebu128.short_term.dvar": 0.3597361743450165,
                "lowlevel.loudness_ebu128.short_term.dvar2": 0.6043949127197266,
                "lowlevel.loudness_ebu128.short_term.max": -11.206098556518555,
                "lowlevel.loudness_ebu128.short_term.mean": -18.163454055786133,
                "lowlevel.loudness_ebu128.short_term.median": -14.7675199508667,
                "lowlevel.loudness_ebu128.short_term.min": -90.12113189697266,
                "lowlevel.loudness_ebu128.short_term.stdev": 10.566316604614258,
                "lowlevel.loudness_ebu128.short_term.var": 111.64704895019531,
                "lowlevel.spectral_centroid.dmean": 240.13417053222656,
                "lowlevel.spectral_centroid.dmean2": 370.20550537109375,
                "lowlevel.spectral_centroid.dvar": 58384.37890625,
                "lowlevel.spectral_centroid.dvar2": 130675.265625,
                "lowlevel.spectral_centroid.max": 5060.88330078125,
                "lowlevel.spectral_centroid.mean": 1915.501708984375,
                "lowlevel.spectral_centroid.median": 1853.908203125,
                "lowlevel.spectral_centroid.min": 302.91510009765625,
                "lowlevel.spectral_centroid.stdev": 696.0272216796875,
                "lowlevel.spectral_centroid.var": 484453.875,
                "metadata.audio_properties.analysis.equal_loudness": 0.0,
                "rhythm.beats_loudness.dmean": 0.013143476098775864,
                "rhythm.beats_loudness.dmean2": 0.02340768650174141,
                "rhythm.beats_loudness.dvar": 0.000239582805079408,
                "rhythm.beats_loudness.dvar2": 0.0007115802727639675,
                "rhythm.beats_loudness.max": 0.11628977209329605,
                "rhythm.beats_loudness.mean": 0.021214168518781662,
                "rhythm.beats_loudness.median": 0.018027592450380325,
                "rhythm.beats_loudness.min": 7.855590067329388e-10,
                "rhythm.beats_loudness.stdev": 0.018843479454517365,
                "rhythm.beats_loudness.var": 0.00035507671418599784,
                "rhythm.bpm": 101.16600036621094,
                "rhythm.bpm_histogram_first_peak_bpm": 101.0,
                "rhythm.bpm_histogram_first_peak_weight": 0.4668094515800476,
                "rhythm.bpm_histogram_second_peak_bpm": 126.0,
                "rhythm.bpm_histogram_second_peak_spread": 0.38235294818878174,
                "rhythm.bpm_histogram_second_peak_weight": 0.03553299605846405,
                "rhythm.danceability": 1.2999266386032104
            }
        },
        {
            "id": "-RiH2d7xvJk",
            "title": "Shelter from the Storm-Bob Dylan & The Grateful Dead -live Oakland 1987",
            "views": 1949,
            "features": {
                "lowlevel.average_loudness": 0.8240054845809937,
                "lowlevel.loudness_ebu128.integrated": -20.87885093688965,
                "lowlevel.loudness_ebu128.loudness_range": 6.412899017333984,
                "lowlevel.loudness_ebu128.momentary.dmean": 0.7272744178771973,