{
    "song_title": "Ship Of Fools",
    "artist": "Grateful Dead",
    "num_versions_processed": 3,
    "average_features": {
        "lowlevel.loudness_ebu128.short_term.dvar2": 0.04078745717803637,
        "lowlevel.loudness_ebu128.momentary.var": 28.73280207316081,
        "lowlevel.loudness_ebu128.momentary.min": -60.19027455647787,
        "lowlevel.spectral_centroid.dvar": 36439.750325520836,
        "rhythm.beats_loudness.min": 4.426954986304817e-05,
        "lowlevel.spectral_centroid.mean": 735.6772054036459,
        "rhythm.beats_loudness.dvar": 0.0005982831935398281,
        "rhythm.bpm_histogram_first_peak_bpm": 82.0,
        "rhythm.beats_loudness.median": 0.03195161186158657,
        "lowlevel.loudness_ebu128.integrated": -16.31239891052246,
        "lowlevel.loudness_ebu128.short_term.mean": -17.761580149332683,
        "rhythm.beats_loudness.dmean2": 0.03820070003469785,
        "lowlevel.loudness_ebu128.momentary.dvar2": 2.1802498499552407,
        "rhythm.bpm_histogram_second_peak_weight": 0.05356555183728536,
        "lowlevel.loudness_ebu128.loudness_range": 9.559315999348959,
        "rhythm.bpm_histogram_second_peak_bpm": 102.66666666666667,
        "lowlevel.loudness_ebu128.short_term.min": -39.853050231933594,
        "lowlevel.loudness_ebu128.short_term.stdev": 3.816540797551473,
        "lowlevel.loudness_ebu128.short_term.dmean2": 0.14761430770158768,
        "lowlevel.loudness_ebu128.short_term.var": 15.560170332590738,
        "rhythm.beats_loudness.mean": 0.036845405275623,
        "lowlevel.spectral_centroid.max": 9132.705078125,
        "lowlevel.loudness_ebu128.momentary.dvar": 1.334956208864848,
        "rhythm.beats_loudness.stdev": 0.030355017632246017,
        "lowlevel.loudness_ebu128.momentary.max": -7.635612805684407,
        "lowlevel.spectral_centroid.median": 632.5776774088541,
        "lowlevel.loudness_ebu128.momentary.dmean": 1.0711098909378052,
        "lowlevel.loudness_ebu128.short_term.dvar": 0.04629328101873398,
        "rhythm.beats_loudness.var": 0.0010905846041472007,
        "lowlevel.loudness_ebu128.momentary.stdev": 5.294994195302327,
        "lowlevel.loudness_ebu128.momentary.mean": -18.677588780721027,
        "rhythm.beats_loudness.dmean": 0.021848047773043316,
        "lowlevel.average_loudness": 0.3722302367289861,
        "lowlevel.loudness_ebu128.short_term.median": -16.97745641072591,
        "rhythm.beats_loudness.max": 0.2176458090543747,
        "metadata.audio_properties.analysis.equal_loudness": 0.0,
        "lowlevel.loudness_ebu128.momentary.dmean2": 1.3020796378453572,
        "lowlevel.spectral_centroid.dvar2": 71078.822265625,
        "lowlevel.loudness_ebu128.short_term.max": -11.150031089782715,
        "lowlevel.spectral_centroid.var": 216619.22786458334,
        "rhythm.bpm_histogram_first_peak_weight": 0.41838014125823975,
        "lowlevel.loudness_ebu128.momentary.median": -17.733805338541668,
        "rhythm.bpm": 82.37607065836589,
        "rhythm.beats_loudness.dvar2": 0.00174014256723846,
        "lowlevel.loudness_ebu128.short_term.dmean": 0.15595093369483948,
        "lowlevel.spectral_centroid.stdev": 434.3920033772786,
        "lowlevel.spectral_centroid.dmean": 119.60430145263672,
        "lowlevel.spectral_centroid.dmean2": 182.52401479085287,
        "rhythm.danceability": 1.101255218187968,
        "lowlevel.spectral_centroid.min": 177.0608113606771,
        "rhythm.bpm_histogram_second_peak_spread": 0.22354501485824585
    },
    "outlier_flag": false,
    "outlier_reasons": null,
    "raw_versions": [
        {
            "id": "5b-I4mFVjrU",
            "title": "Grateful Dead - Ship Of Fools (Orchard Park, NY 7/16/90) (Official Live Video)",
            "views": 123234,
            "features": {
                "lowlevel.average_loudness": 0.04983542859554291,
                "lowlevel.loudness_ebu128.integrated": -16.447200775146484,
                "lowlevel.loudness_ebu128.loudness_range": 9.0366849899292,
                "lowlevel.loudness_ebu128.momentary.dmean": 1.0871942043304443,
                "lowlevel.loudness_ebu128.momentary.dmean2": 1.2301145792007446,
                "lowlevel.loudness_ebu128.momentary.dvar": 1.4488270282745361,
                "lowlevel.loudness_ebu128.momentary.dvar2": 2.037593364715576,
                "lowlevel.loudness_ebu128.momentary.max": -7.2110395431518555,
                "lowlevel.loudness_ebu128.momentary.mean": -19.005903244018555,
                "lowlevel.loudness_ebu128.momentary.median": -18.396289825439453,
                "lowlevel.loudness_ebu128.momentary.min": -90.08531188964844,
                "lowlevel.loudness_ebu128.momentary.stdev": 5.854127407073975,
                "lowlevel.loudness_ebu128.momentary.var": 34.27080535888672,
                "lowlevel.loudness_ebu128.short_term.dmean": 0.16564974188804626,
                "lowlevel.loudness_ebu128.short_term.dmean2": 0.14676575362682343,
                "lowlevel.loudness_ebu128.short_term.dvar": 0.04254124313592911,
                "lowlevel.loudness_ebu128.short_term.dvar2": 0.03370935097336769,
                "lowlevel.loudness_ebu128.short_term.max": -9.152348518371582,
                "lowlevel.loudness_ebu128.short_term.mean": -17.79479217529297,
                "lowlevel.loudness_ebu128.short_term.median": -17.310897827148438,
                "lowlevel.loudness_ebu128.short_term.min": -47.829437255859375,
                "lowlevel.loudness_ebu128.short_term.stdev": 3.5958783626556396,
                "lowlevel.loudness_ebu128.short_term.var": 12.930341720581055,
                "lowlevel.spectral_centroid.dmean": 103.73141479492188,
                "lowlevel.spectral_centroid.dmean2": 154.8094024658203,
                "lowlevel.spectral_centroid.dvar": 29533.328125,
                "lowlevel.spectral_centroid.dvar2": 57586.19140625,
                "lowlevel.spectral_centroid.max": 5079.8818359375,
                "lowlevel.spectral_centroid.mean": 656.4796752929688,
                "lowlevel.spectral_centroid.median": 567.44921875,
                "lowlevel.spectral_centroid.min": 191.52793884277344,
                "lowlevel.spectral_centroid.stdev": 415.3001708984375,
                "lowlevel.spectral_centroid.var": 172474.234375,
                "metadata.audio_properties.analysis.equal_loudness": 0.0,
                "rhythm.beats_loudness.dmean": 0.017071442678570747,
                "rhythm.beats_loudness.dmean2": 0.030115626752376556,
                "rhythm.beats_loudness.dvar": 0.00037542503559961915,
                "rhythm.beats_loudness.dvar2": 0.0010270022321492434,
                "rhythm.beats_loudness.max": 0.16042543947696686,
                "rhythm.beats_loudness.mean": 0.024555476382374763,
                "rhythm.beats_loudness.median": 0.019284356385469437,
                "rhythm.beats_loudness.min": 8.299070874961956e-10,
                "rhythm.beats_loudness.stdev": 0.02278544194996357,
                "rhythm.beats_loudness.var": 0.0005191763630136847,
                "rhythm.bpm": 77.13619995117188,
                "rhythm.bpm_histogram_first_peak_bpm": 76.0,
                "rhythm.bpm_histogram_first_peak_weight": 0.28493648767471313,
                "rhythm.bpm_histogram_second_peak_bpm": 81.0,
                "rhythm.bpm_histogram_second_peak_spread": 0.14285719394683838,
                "rhythm.bpm_histogram_second_peak_weight": 0.03852327540516853,
                "rhythm.danceability": 1.0185043811798096
            }
        },
        {
            "id": "Tn9I1AqL4KY",
            "title": "Grateful Dead [4k50p Remaster] - Ship of Fools - 1981 03 28 (pro shot) Rockpalast Germany",
            "views": 16826,
            "features": {
                "lowlevel.average_loudness": 0.320353239774704,
                "lowlevel.loudness_ebu128.integrated": -16.011396408081055,
                "lowlevel.loudness_ebu128.loudness_range": 14.208242416381836,