{
    "song_title": "Sick And Tired",
    "artist": "Grateful Dead",
    "num_versions_processed": 3,
    "features": {
        "lowlevel.loudness_ebu128.momentary.mean": -45.35148334503174,
        "rhythm.beats_loudness.min": 6.195098042856746e-06,
        "lowlevel.loudness_ebu128.short_term.stdev": 46.2325070699056,
        "lowlevel.spectral_centroid.dvar": 59970.856770833336,
        "lowlevel.loudness_ebu128.short_term.min": -125.2417761484782,
        "lowlevel.spectral_centroid.mean": 1989.351318359375,
        "lowlevel.loudness_ebu128.momentary.var": 5869.389748573303,
        "lowlevel.loudness_ebu128.short_term.dvar": 3.486814540810883,
        "lowlevel.loudness_ebu128.momentary.max": -8.135625203450521,
        "lowlevel.spectral_centroid.median": 947.5484212239584,
        "rhythm.bpm_histogram_first_peak_weight": 0.4306423266728719,
        "rhythm.bpm_histogram_second_peak_bpm": 143.0,
        "rhythm.bpm_histogram_first_peak_bpm": 136.66666666666666,
        "lowlevel.spectral_centroid.min": 127.36968739827473,
        "rhythm.danceability": 1.177773118019104,
        "lowlevel.loudness_ebu128.momentary.median": -15.196939468383789,
        "rhythm.bpm": 137.58594767252603,
        "lowlevel.loudness_ebu128.short_term.var": 5792.165442943573,
        "lowlevel.loudness_ebu128.loudness_range": 5.978851318359375,
        "lowlevel.spectral_centroid.dvar2": 131941.30208333334,
        "lowlevel.loudness_ebu128.momentary.dvar2": 19.842718064785004,
        "lowlevel.spectral_centroid.dmean2": 293.6774597167969,
        "lowlevel.loudness_ebu128.short_term.mean": -43.94997183481852,
        "lowlevel.spectral_centroid.dmean": 193.25004069010416,
        "rhythm.beats_loudness.var": 0.0005846826146201541,
        "rhythm.bpm_histogram_second_peak_spread": 0.1482804218928019,
        "lowlevel.loudness_ebu128.momentary.dmean": 0.7900508443514506,
        "rhythm.beats_loudness.max": 0.13188615441322327,
        "lowlevel.spectral_centroid.var": 7710940.5,
        "rhythm.beats_loudness.mean": 0.03523148534198602,
        "rhythm.beats_loudness.dmean": 0.018654032610356808,
        "lowlevel.loudness_ebu128.short_term.max": -9.927210172017416,
        "lowlevel.loudness_ebu128.short_term.median": -14.529287338256836,
        "lowlevel.loudness_ebu128.momentary.dmean2": 0.8639314373334249,
        "lowlevel.spectral_centroid.max": 9270.609537760416,
        "lowlevel.loudness_ebu128.short_term.dmean2": 0.15244852751493454,
        "rhythm.beats_loudness.dmean2": 0.03342400056620439,
        "lowlevel.spectral_centroid.stdev": 1955.9579264322917,
        "metadata.audio_properties.analysis.equal_loudness": 0.0,
        "rhythm.beats_loudness.stdev": 0.024019874011476833,
        "lowlevel.loudness_ebu128.momentary.stdev": 47.98180309931437,
        "rhythm.beats_loudness.dvar2": 0.0011927609448321164,
        "rhythm.beats_loudness.median": 0.03300702447692553,
        "rhythm.beats_loudness.dvar": 0.0003665405965875834,
        "lowlevel.average_loudness": 0.6867551406224569,
        "lowlevel.loudness_ebu128.short_term.dmean": 0.14117146531740823,
        "lowlevel.loudness_ebu128.momentary.dvar": 10.80049858490626,
        "lowlevel.loudness_ebu128.momentary.min": -133.42979685465494,
        "lowlevel.loudness_ebu128.short_term.dvar2": 6.222923511018355,
        "lowlevel.loudness_ebu128.integrated": -13.618551890055338,
        "rhythm.bpm_histogram_second_peak_weight": 0.16032356768846512
    },
    "outlier_reasons": null,
    "outlier_flag": false
}