{
    "song_title": "Silver Threads And Golden Needles",
    "artist": "Grateful Dead",
    "num_versions_processed": 3,
    "average_features": {
        "lowlevel.loudness_ebu128.momentary.dmean2": 0.8561554153760275,
        "lowlevel.loudness_ebu128.short_term.median": -19.819635073343914,
        "lowlevel.spectral_centroid.median": 697.5078125,
        "rhythm.beats_loudness.var": 0.000748597706357638,
        "rhythm.beats_loudness.dvar": 0.0005596782236049572,
        "lowlevel.loudness_ebu128.short_term.stdev": 3.9709531466166177,
        "lowlevel.loudness_ebu128.integrated": -18.922964096069336,
        "rhythm.beats_loudness.max": 0.21387585500876108,
        "lowlevel.spectral_centroid.max": 8826.687825520834,
        "lowlevel.spectral_centroid.min": 159.7494099934896,
        "lowlevel.loudness_ebu128.momentary.stdev": 5.683880805969238,
        "rhythm.bpm": 145.57487996419272,
        "lowlevel.loudness_ebu128.loudness_range": 8.734424908955893,
        "rhythm.beats_loudness.mean": 0.026577716693282127,
        "rhythm.bpm_histogram_second_peak_weight": 0.13985138138135275,
        "metadata.audio_properties.analysis.equal_loudness": 0.0,
        "lowlevel.loudness_ebu128.short_term.var": 15.9958127339681,
        "rhythm.beats_loudness.dvar2": 0.0016714034330410261,
        "rhythm.bpm_histogram_second_peak_bpm": 152.33333333333334,
        "lowlevel.loudness_ebu128.momentary.mean": -21.2954896291097,
        "lowlevel.loudness_ebu128.short_term.max": -13.893708229064941,
        "rhythm.beats_loudness.stdev": 0.027318044876058895,
        "lowlevel.loudness_ebu128.momentary.dmean": 0.8137025237083435,
        "lowlevel.spectral_centroid.mean": 917.1486002604166,
        "lowlevel.spectral_centroid.stdev": 650.346923828125,
        "rhythm.beats_loudness.median": 0.01816466823220253,
        "lowlevel.loudness_ebu128.short_term.dmean": 0.1410289704799652,
        "lowlevel.loudness_ebu128.short_term.dvar2": 0.029494117324550945,
        "rhythm.beats_loudness.dmean2": 0.02997489335636298,
        "lowlevel.loudness_ebu128.short_term.mean": -20.39309310913086,
        "lowlevel.loudness_ebu128.momentary.var": 32.42907524108887,
        "rhythm.beats_loudness.dmean": 0.017240414085487526,
        "lowlevel.loudness_ebu128.momentary.min": -60.07816823323568,
        "lowlevel.loudness_ebu128.momentary.dvar": 0.709026058514913,
        "lowlevel.spectral_centroid.dmean": 186.55204010009766,
        "lowlevel.spectral_centroid.var": 472289.2708333333,
        "rhythm.beats_loudness.min": 4.688706032614694e-06,
        "lowlevel.average_loudness": 0.3405661806464195,
        "lowlevel.loudness_ebu128.short_term.dmean2": 0.1338027020295461,
        "lowlevel.loudness_ebu128.short_term.min": -45.38863627115885,
        "rhythm.bpm_histogram_first_peak_bpm": 145.33333333333334,
        "lowlevel.loudness_ebu128.momentary.max": -11.257139841715494,
        "lowlevel.spectral_centroid.dmean2": 283.82654825846356,
        "rhythm.bpm_histogram_second_peak_spread": 0.08147197961807251,
        "lowlevel.loudness_ebu128.short_term.dvar": 0.035058302183945976,
        "lowlevel.loudness_ebu128.momentary.median": -20.47076416015625,
        "rhythm.danceability": 1.0957916975021362,
        "lowlevel.spectral_centroid.dvar": 74241.84765625,
        "rhythm.bpm_histogram_first_peak_weight": 0.5085861682891846,
        "lowlevel.loudness_ebu128.momentary.dvar2": 0.8617691000302633,
        "lowlevel.spectral_centroid.dvar2": 149826.88020833334
    },
    "outlier_flag": false,
    "outlier_reasons": null,
    "raw_versions": [
        {
            "id": "mpqhIYI06gs",
            "title": "Grateful Dead - Silver Threads And Golden Needles 7/11/69",
            "views": 85,
            "features": {
                "lowlevel.average_loudness": 0.1161496713757515,
                "lowlevel.loudness_ebu128.integrated": -20.631589889526367,
                "lowlevel.loudness_ebu128.loudness_range": 10.085689544677734,
                "lowlevel.loudness_ebu128.momentary.dmean": 0.808227002620697,
                "lowlevel.loudness_ebu128.momentary.dmean2": 0.8015442490577698,
                "lowlevel.loudness_ebu128.momentary.dvar": 0.5173640847206116,
                "lowlevel.loudness_ebu128.momentary.dvar2": 0.664324939250946,
                "lowlevel.loudness_ebu128.momentary.max": -12.276463508605957,
                "lowlevel.loudness_ebu128.momentary.mean": -23.331348419189453,
                "lowlevel.loudness_ebu128.momentary.median": -22.509702682495117,
                "lowlevel.loudness_ebu128.momentary.min": -56.6107177734375,
                "lowlevel.loudness_ebu128.momentary.stdev": 5.999921798706055,
                "lowlevel.loudness_ebu128.momentary.var": 35.999061584472656,
                "lowlevel.loudness_ebu128.short_term.dmean": 0.13670101761817932,
                "lowlevel.loudness_ebu128.short_term.dmean2": 0.10974282026290894,
                "lowlevel.loudness_ebu128.short_term.dvar": 0.024909213185310364,
                "lowlevel.loudness_ebu128.short_term.dvar2": 0.01651383377611637,
                "lowlevel.loudness_ebu128.short_term.max": -14.570971488952637,
                "lowlevel.loudness_ebu128.short_term.mean": -22.44127082824707,
                "lowlevel.loudness_ebu128.short_term.median": -22.13726234436035,
                "lowlevel.loudness_ebu128.short_term.min": -47.130340576171875,
                "lowlevel.loudness_ebu128.short_term.stdev": 4.390462398529053,
                "lowlevel.loudness_ebu128.short_term.var": 19.276161193847656,
                "lowlevel.spectral_centroid.dmean": 115.85271453857422,
                "lowlevel.spectral_centroid.dmean2": 174.3321075439453,
                "lowlevel.spectral_centroid.dvar": 27543.125,
                "lowlevel.spectral_centroid.dvar2": 53800.265625,
                "lowlevel.spectral_centroid.max": 10917.076171875,
                "lowlevel.spectral_centroid.mean": 748.1940307617188,
                "lowlevel.spectral_centroid.median": 684.3048095703125,
                "lowlevel.spectral_centroid.min": 212.82762145996094,
                "lowlevel.spectral_centroid.stdev": 376.3944091796875,
                "lowlevel.spectral_centroid.var": 141672.75,
                "metadata.audio_properties.analysis.equal_loudness": 0.0,
                "rhythm.beats_loudness.dmean": 0.01282827090471983,
                "rhythm.beats_loudness.dmean2": 0.021886540576815605,
                "rhythm.beats_loudness.dvar": 0.0003192175645381212,
                "rhythm.beats_loudness.dvar2": 0.0009473553509451449,
                "rhythm.beats_loudness.max": 0.1647457778453827,
                "rhythm.beats_loudness.mean": 0.022429917007684708,
                "rhythm.beats_loudness.median": 0.013974702917039394,
                "rhythm.beats_loudness.min": 3.3793396596593084e-06,
                "rhythm.beats_loudness.stdev": 0.02530539594590664,
                "rhythm.beats_loudness.var": 0.0006403630832210183,
                "rhythm.bpm": 140.85841369628906,
                "rhythm.bpm_histogram_first_peak_bpm": 140.0,
                "rhythm.bpm_histogram_first_peak_weight": 0.5510752201080322,
                "rhythm.bpm_histogram_second_peak_bpm": 148.0,
                "rhythm.bpm_histogram_second_peak_spread": 0.17073172330856323,
                "rhythm.bpm_histogram_second_peak_weight": 0.13963039219379425,
                "rhythm.danceability": 1.0421191453933716
            }
        },
        {
            "id": "eA48Q1Fke8A",
            "title": "Grateful Dead - Silver Threads and Golden Needles - 5/15/1970",
            "views": 98323,
            "features": {
                "lowlevel.average_loudness": 0.6498667001724243,
                "lowlevel.loudness_ebu128.integrated": -21.50163459777832,
                "lowlevel.loudness_ebu128.loudness_range": 7.128042221069336,