{
    "song_title": "Sittin' On Top Of The World",
    "artist": "Grateful Dead",
    "num_versions_processed": 3,
    "average_features": {
        "lowlevel.loudness_ebu128.momentary.dmean2": 0.8890689015388489,
        "lowlevel.loudness_ebu128.short_term.median": -14.167351722717285,
        "lowlevel.spectral_centroid.median": 733.8865763346354,
        "rhythm.beats_loudness.var": 0.0006021452136337757,
        "rhythm.beats_loudness.dvar": 0.00042082424624823034,
        "lowlevel.loudness_ebu128.short_term.stdev": 6.662784735361735,
        "lowlevel.loudness_ebu128.integrated": -13.748046239217123,
        "rhythm.beats_loudness.max": 0.1837372531493505,
        "lowlevel.spectral_centroid.max": 8630.266194661459,
        "lowlevel.spectral_centroid.min": 216.45189412434897,
        "lowlevel.loudness_ebu128.momentary.stdev": 9.107994397481283,
        "rhythm.bpm": 122.68441009521484,
        "lowlevel.loudness_ebu128.loudness_range": 5.29924742380778,
        "rhythm.beats_loudness.mean": 0.031305789947509766,
        "rhythm.bpm_histogram_second_peak_weight": 0.06890200699369113,
        "metadata.audio_properties.analysis.equal_loudness": 0.0,
        "lowlevel.loudness_ebu128.short_term.var": 46.36775271097819,
        "rhythm.beats_loudness.dvar2": 0.0012145093060098588,
        "rhythm.bpm_histogram_second_peak_bpm": 130.33333333333334,
        "lowlevel.loudness_ebu128.momentary.mean": -16.92906888326009,
        "lowlevel.loudness_ebu128.short_term.max": -10.253871281941732,
        "rhythm.beats_loudness.stdev": 0.024398402000466984,
        "lowlevel.loudness_ebu128.momentary.dmean": 0.7417921225229899,
        "lowlevel.spectral_centroid.mean": 863.8150838216146,
        "lowlevel.spectral_centroid.stdev": 548.5835571289062,
        "rhythm.beats_loudness.median": 0.02780252943436305,
        "lowlevel.loudness_ebu128.short_term.dmean": 0.11621035387118657,
        "lowlevel.loudness_ebu128.short_term.dvar2": 0.01645714355011781,
        "rhythm.beats_loudness.dmean2": 0.030461305131514866,
        "lowlevel.loudness_ebu128.short_term.mean": -16.008580843607586,
        "lowlevel.loudness_ebu128.momentary.var": 83.13092549641927,
        "rhythm.beats_loudness.dmean": 0.01838990735510985,
        "lowlevel.loudness_ebu128.momentary.min": -77.91019439697266,
        "lowlevel.loudness_ebu128.momentary.dvar": 0.9226729869842529,
        "lowlevel.spectral_centroid.dmean": 145.8936309814453,
        "lowlevel.spectral_centroid.var": 305823.3489583333,
        "rhythm.beats_loudness.min": 1.1336837158482105e-06,
        "lowlevel.average_loudness": 0.5291452805201212,
        "lowlevel.loudness_ebu128.short_term.dmean2": 0.11646822343269984,
        "lowlevel.loudness_ebu128.short_term.min": -47.24740091959635,
        "rhythm.bpm_histogram_first_peak_bpm": 123.0,
        "lowlevel.loudness_ebu128.momentary.max": -7.808111826578776,
        "lowlevel.spectral_centroid.dmean2": 221.67859903971353,
        "rhythm.bpm_histogram_second_peak_spread": 0.3212934335072835,
        "lowlevel.loudness_ebu128.short_term.dvar": 0.02164144441485405,
        "lowlevel.loudness_ebu128.momentary.median": -14.48970635732015,
        "rhythm.danceability": 1.1647882064183552,
        "lowlevel.spectral_centroid.dvar": 32870.595703125,
        "rhythm.bpm_histogram_first_peak_weight": 0.4319465359052022,
        "lowlevel.loudness_ebu128.momentary.dvar2": 1.3871266444524128,
        "lowlevel.spectral_centroid.dvar2": 66019.77864583333
    },
    "outlier_flag": false,
    "outlier_reasons": null,
    "raw_versions": [
        {
            "id": "k3YdoHjwaok",
            "title": "Grateful Dead 5/23/72: Sitting On Top of the World",
            "views": 3877,
            "features": {
                "lowlevel.average_loudness": 0.5067391395568848,
                "lowlevel.loudness_ebu128.integrated": -13.842041015625,
                "lowlevel.loudness_ebu128.loudness_range": 6.546108245849609,
                "lowlevel.loudness_ebu128.momentary.dmean": 0.7385547757148743,
                "lowlevel.loudness_ebu128.momentary.dmean2": 0.8848378658294678,
                "lowlevel.loudness_ebu128.momentary.dvar": 0.8812099099159241,
                "lowlevel.loudness_ebu128.momentary.dvar2": 1.3920369148254395,
                "lowlevel.loudness_ebu128.momentary.max": -7.666505813598633,
                "lowlevel.loudness_ebu128.momentary.mean": -17.210283279418945,
                "lowlevel.loudness_ebu128.momentary.median": -14.946260452270508,
                "lowlevel.loudness_ebu128.momentary.min": -90.08707427978516,
                "lowlevel.loudness_ebu128.momentary.stdev": 8.698601722717285,
                "lowlevel.loudness_ebu128.momentary.var": 75.6656723022461,
                "lowlevel.loudness_ebu128.short_term.dmean": 0.11892139911651611,
                "lowlevel.loudness_ebu128.short_term.dmean2": 0.11596927791833878,
                "lowlevel.loudness_ebu128.short_term.dvar": 0.021180517971515656,
                "lowlevel.loudness_ebu128.short_term.dvar2": 0.01503424160182476,
                "lowlevel.loudness_ebu128.short_term.max": -10.276124954223633,
                "lowlevel.loudness_ebu128.short_term.mean": -16.431196212768555,
                "lowlevel.loudness_ebu128.short_term.median": -14.548365592956543,
                "lowlevel.loudness_ebu128.short_term.min": -47.70258331298828,
                "lowlevel.loudness_ebu128.short_term.stdev": 7.365656852722168,
                "lowlevel.loudness_ebu128.short_term.var": 54.25290298461914,
                "lowlevel.spectral_centroid.dmean": 157.94410705566406,
                "lowlevel.spectral_centroid.dmean2": 241.67620849609375,
                "lowlevel.spectral_centroid.dvar": 35883.80078125,
                "lowlevel.spectral_centroid.dvar2": 71432.5703125,
                "lowlevel.spectral_centroid.max": 10613.0302734375,
                "lowlevel.spectral_centroid.mean": 908.3565063476562,
                "lowlevel.spectral_centroid.median": 761.3416137695312,
                "lowlevel.spectral_centroid.min": 168.01211547851562,
                "lowlevel.spectral_centroid.stdev": 541.7196044921875,
                "lowlevel.spectral_centroid.var": 293460.15625,
                "metadata.audio_properties.analysis.equal_loudness": 0.0,
                "rhythm.beats_loudness.dmean": 0.019080890342593193,
                "rhythm.beats_loudness.dmean2": 0.03179115802049637,
                "rhythm.beats_loudness.dvar": 0.0005031139007769525,
                "rhythm.beats_loudness.dvar2": 0.0014584630262106657,
                "rhythm.beats_loudness.max": 0.21674668788909912,
                "rhythm.beats_loudness.mean": 0.03162861242890358,
                "rhythm.beats_loudness.median": 0.02675408311188221,
                "rhythm.beats_loudness.min": 1.963984175290534e-07,
                "rhythm.beats_loudness.stdev": 0.026833059266209602,
                "rhythm.beats_loudness.var": 0.0007200130494311452,
                "rhythm.bpm": 122.82940673828125,
                "rhythm.bpm_histogram_first_peak_bpm": 123.0,
                "rhythm.bpm_histogram_first_peak_weight": 0.3737024664878845,
                "rhythm.bpm_histogram_second_peak_bpm": 157.0,
                "rhythm.bpm_histogram_second_peak_spread": 0.3947368860244751,
                "rhythm.bpm_histogram_second_peak_weight": 0.0527522936463356,
                "rhythm.danceability": 1.1413198709487915
            }
        },
        {
            "id": "XO36zrcz418",
            "title": "Sitting on Top of the World (Live at Lyceum Theatre, May 1972)",
            "views": 14221,
            "features": {
                "lowlevel.average_loudness": 0.5408884882926941,
                "lowlevel.loudness_ebu128.integrated": -13.055000305175781,
                "lowlevel.loudness_ebu128.loudness_range": 4.094130516052246,