{
    "song_title": "Slipknot!",
    "artist": "Grateful Dead",
    "num_versions_processed": 2,
    "average_features": {
        "lowlevel.loudness_ebu128.short_term.dvar2": 0.04308319860137999,
        "lowlevel.loudness_ebu128.momentary.var": 18.43085241317749,
        "lowlevel.loudness_ebu128.momentary.min": -90.44402313232422,
        "lowlevel.spectral_centroid.dvar": 45611.939453125,
        "rhythm.beats_loudness.min": 4.266290098975389e-09,
        "lowlevel.spectral_centroid.mean": 1167.9961242675781,
        "rhythm.beats_loudness.dvar": 0.0006263420073082671,
        "rhythm.bpm_histogram_first_peak_bpm": 106.5,
        "rhythm.beats_loudness.median": 0.03558255825191736,
        "lowlevel.loudness_ebu128.integrated": -19.910091400146484,
        "lowlevel.loudness_ebu128.short_term.mean": -20.610848426818848,
        "rhythm.beats_loudness.dmean2": 0.04192050825804472,
        "lowlevel.loudness_ebu128.momentary.dvar2": 1.2729430347681046,
        "rhythm.bpm_histogram_second_peak_weight": 0.2160104513168335,
        "lowlevel.loudness_ebu128.loudness_range": 6.214588165283203,
        "rhythm.bpm_histogram_second_peak_bpm": 101.0,
        "lowlevel.loudness_ebu128.short_term.min": -60.62912559509277,
        "lowlevel.loudness_ebu128.short_term.stdev": 3.2016284465789795,
        "lowlevel.loudness_ebu128.short_term.dmean2": 0.12861308455467224,
        "lowlevel.loudness_ebu128.short_term.var": 10.747533082962036,
        "rhythm.beats_loudness.mean": 0.04095239099115133,
        "lowlevel.spectral_centroid.max": 8374.2216796875,
        "lowlevel.loudness_ebu128.momentary.dvar": 0.7248961627483368,
        "rhythm.beats_loudness.stdev": 0.027571553364396095,
        "lowlevel.loudness_ebu128.momentary.max": -12.921308994293213,
        "lowlevel.spectral_centroid.median": 1096.6109619140625,
        "lowlevel.loudness_ebu128.momentary.dmean": 0.7553476393222809,
        "lowlevel.loudness_ebu128.short_term.dvar": 0.027723658131435513,
        "rhythm.beats_loudness.var": 0.0008775675669312477,
        "lowlevel.loudness_ebu128.momentary.stdev": 4.219488143920898,
        "lowlevel.loudness_ebu128.momentary.mean": -20.938587188720703,
        "rhythm.beats_loudness.dmean": 0.023978783283382654,
        "lowlevel.average_loudness": 0.6441933512687683,
        "lowlevel.loudness_ebu128.short_term.median": -20.147801399230957,
        "rhythm.beats_loudness.max": 0.24255166202783585,
        "metadata.audio_properties.analysis.equal_loudness": 0.0,
        "lowlevel.loudness_ebu128.momentary.dmean2": 1.0776918232440948,
        "lowlevel.spectral_centroid.dvar2": 98155.15234375,
        "lowlevel.loudness_ebu128.short_term.max": -15.824441909790039,
        "lowlevel.spectral_centroid.var": 298161.8203125,
        "rhythm.bpm_histogram_first_peak_weight": 0.5688560605049133,
        "lowlevel.loudness_ebu128.momentary.median": -20.356778144836426,
        "rhythm.bpm": 105.47895050048828,
        "rhythm.beats_loudness.dvar2": 0.0018029917409876361,
        "lowlevel.loudness_ebu128.short_term.dmean": 0.10205931216478348,
        "lowlevel.spectral_centroid.stdev": 541.8774871826172,
        "lowlevel.spectral_centroid.dmean": 193.0693359375,
        "lowlevel.spectral_centroid.dmean2": 292.5568618774414,
        "rhythm.danceability": 1.3234138488769531,
        "lowlevel.spectral_centroid.min": 177.9182586669922,
        "rhythm.bpm_histogram_second_peak_spread": 0.20143643021583557
    },
    "outlier_flag": false,
    "outlier_reasons": null,
    "raw_versions": [
        {
            "id": "Q1fozQgWXIw",
            "title": "21. Help On The Way -} Slipknot! -} Franklin's Tower - Grateful Dead - 5/9/77 - U31DoD 2012 Edition",
            "views": 338545,
            "features": {
                "lowlevel.average_loudness": 0.5017407536506653,
                "lowlevel.loudness_ebu128.integrated": -23.590303421020508,
                "lowlevel.loudness_ebu128.loudness_range": 5.570833206176758,
                "lowlevel.loudness_ebu128.momentary.dmean": 0.9683991074562073,
                "lowlevel.loudness_ebu128.momentary.dmean2": 1.4464387893676758,
                "lowlevel.loudness_ebu128.momentary.dvar": 1.145635962486267,
                "lowlevel.loudness_ebu128.momentary.dvar2": 2.054067373275757,
                "lowlevel.loudness_ebu128.momentary.max": -15.223215103149414,
                "lowlevel.loudness_ebu128.momentary.mean": -24.797761917114258,
                "lowlevel.loudness_ebu128.momentary.median": -24.16561508178711,
                "lowlevel.loudness_ebu128.momentary.min": -90.70793914794922,
                "lowlevel.loudness_ebu128.momentary.stdev": 5.0111775398254395,
                "lowlevel.loudness_ebu128.momentary.var": 25.111900329589844,
                "lowlevel.loudness_ebu128.short_term.dmean": 0.12529700994491577,
                "lowlevel.loudness_ebu128.short_term.dmean2": 0.17114415764808655,
                "lowlevel.loudness_ebu128.short_term.dvar": 0.04998297244310379,
                "lowlevel.loudness_ebu128.short_term.dvar2": 0.07977434992790222,
                "lowlevel.loudness_ebu128.short_term.max": -18.809682846069336,
                "lowlevel.loudness_ebu128.short_term.mean": -24.369644165039062,
                "lowlevel.loudness_ebu128.short_term.median": -24.03813934326172,
                "lowlevel.loudness_ebu128.short_term.min": -90.09953308105469,
                "lowlevel.loudness_ebu128.short_term.stdev": 3.9066874980926514,
                "lowlevel.loudness_ebu128.short_term.var": 15.262207984924316,
                "lowlevel.spectral_centroid.dmean": 164.71885681152344,
                "lowlevel.spectral_centroid.dmean2": 249.50941467285156,
                "lowlevel.spectral_centroid.dvar": 38917.98828125,
                "lowlevel.spectral_centroid.dvar2": 81664.7109375,
                "lowlevel.spectral_centroid.max": 10983.7509765625,
                "lowlevel.spectral_centroid.mean": 844.9234008789062,
                "lowlevel.spectral_centroid.median": 760.8668212890625,
                "lowlevel.spectral_centroid.min": 138.12600708007812,
                "lowlevel.spectral_centroid.stdev": 474.5678405761719,
                "lowlevel.spectral_centroid.var": 225214.640625,
                "metadata.audio_properties.analysis.equal_loudness": 0.0,
                "rhythm.beats_loudness.dmean": 0.03382449969649315,
                "rhythm.beats_loudness.dmean2": 0.05892352759838104,
                "rhythm.beats_loudness.dvar": 0.0010933198500424623,
                "rhythm.beats_loudness.dvar2": 0.0031325758900493383,
                "rhythm.beats_loudness.max": 0.36478257179260254,
                "rhythm.beats_loudness.mean": 0.051400601863861084,
                "rhythm.beats_loudness.median": 0.04295739531517029,
                "rhythm.beats_loudness.min": 7.2045964749634095e-09,
                "rhythm.beats_loudness.stdev": 0.03840562328696251,
                "rhythm.beats_loudness.var": 0.0014749917900189757,
                "rhythm.bpm": 104.06952667236328,
                "rhythm.bpm_histogram_first_peak_bpm": 105.0,
                "rhythm.bpm_histogram_first_peak_weight": 0.6046512126922607,
                "rhythm.bpm_histogram_second_peak_bpm": 99.0,
                "rhythm.bpm_histogram_second_peak_spread": 0.23498964309692383,
                "rhythm.bpm_histogram_second_peak_weight": 0.27813321352005005,
                "rhythm.danceability": 1.4341423511505127
            }
        },
        {
            "id": "9Blb-bXz_1U",
            "title": "Grateful Dead 6-9-77 Help on the Way/ Slipknot!/ Franklin's Tower: Winterland",
            "views": 58416,
            "features": {
                "lowlevel.average_loudness": 0.7866459488868713,
                "lowlevel.loudness_ebu128.integrated": -16.22987937927246,
                "lowlevel.loudness_ebu128.loudness_range": 6.858343124389648,