{
    "song_title": "Slow R and B Instrumental",
    "artist": "Grateful Dead",
    "num_versions_processed": 3,
    "average_features": {
        "lowlevel.loudness_ebu128.loudness_range": 3.9548610051472983,
        "lowlevel.loudness_ebu128.short_term.stdev": 9.348528861999512,
        "metadata.audio_properties.analysis.equal_loudness": 0.0,
        "rhythm.beats_loudness.min": 9.69032541018692e-06,
        "rhythm.bpm_histogram_first_peak_bpm": 125.0,
        "rhythm.bpm_histogram_second_peak_weight": 0.007999731382975975,
        "lowlevel.loudness_ebu128.short_term.dmean2": 0.14006159454584122,
        "lowlevel.loudness_ebu128.momentary.median": -13.036842981974283,
        "lowlevel.spectral_centroid.min": 119.22085825602214,
        "lowlevel.loudness_ebu128.momentary.min": -154.8612848917643,
        "lowlevel.average_loudness": 0.7706169088681539,
        "rhythm.bpm_histogram_first_peak_weight": 0.33038294315338135,
        "lowlevel.spectral_centroid.dmean": 227.5076700846354,
        "lowlevel.spectral_centroid.dvar": 123367.5390625,
        "lowlevel.loudness_ebu128.momentary.max": -7.648410161336263,
        "rhythm.beats_loudness.dmean": 0.05125528698166212,
        "lowlevel.loudness_ebu128.momentary.dvar2": 6.907174984614055,
        "lowlevel.loudness_ebu128.short_term.dvar": 1.9400096690903108,
        "lowlevel.loudness_ebu128.momentary.var": 330.51830832163495,
        "lowlevel.loudness_ebu128.short_term.median": -13.121901194254557,
        "lowlevel.loudness_ebu128.integrated": -12.688196818033854,
        "lowlevel.loudness_ebu128.short_term.var": 175.87585878372192,
        "lowlevel.spectral_centroid.mean": 898.3586222330729,
        "rhythm.bpm_histogram_second_peak_spread": 0.24019608894983926,
        "lowlevel.loudness_ebu128.short_term.dvar2": 3.10953014716506,
        "rhythm.beats_loudness.dmean2": 0.09079449127117793,
        "rhythm.beats_loudness.median": 0.05965130031108856,
        "lowlevel.loudness_ebu128.short_term.min": -131.8312644958496,
        "lowlevel.loudness_ebu128.momentary.mean": -15.668188412984213,
        "lowlevel.spectral_centroid.dvar2": 291024.1145833333,
        "lowlevel.spectral_centroid.max": 9011.2998046875,
        "rhythm.beats_loudness.dvar2": 0.004401260210822026,
        "rhythm.beats_loudness.mean": 0.06901023164391518,
        "rhythm.bpm": 124.3353780110677,
        "lowlevel.spectral_centroid.dmean2": 359.834228515625,
        "rhythm.danceability": 1.1458775003751118,
        "lowlevel.loudness_ebu128.short_term.dmean": 0.13521005461613336,
        "lowlevel.loudness_ebu128.momentary.dmean": 0.9140685002009074,
        "lowlevel.loudness_ebu128.short_term.max": -9.350972175598145,
        "rhythm.bpm_histogram_second_peak_bpm": 123.66666666666667,
        "lowlevel.loudness_ebu128.momentary.dvar": 4.117403149604797,
        "lowlevel.loudness_ebu128.momentary.dmean2": 1.0817382335662842,
        "rhythm.beats_loudness.stdev": 0.04958226904273033,
        "rhythm.beats_loudness.var": 0.002735315045962731,
        "lowlevel.spectral_centroid.median": 673.8380737304688,
        "lowlevel.loudness_ebu128.momentary.stdev": 14.012715419133505,
        "lowlevel.spectral_centroid.stdev": 877.25048828125,
        "lowlevel.loudness_ebu128.short_term.mean": -14.368384997049967,
        "rhythm.beats_loudness.dvar": 0.00179819172869126,
        "lowlevel.spectral_centroid.var": 850217.84375,
        "rhythm.beats_loudness.max": 0.267194132010142
    },
    "raw_versions": [
        {
            "id": "Fp88MElIiQ4",
            "title": "Grateful Dead Franklin's Tower Backing Track in A Mixolydian",
            "views": 504926,
            "features": {
                "lowlevel.average_loudness": 0.8411129117012024,
                "lowlevel.loudness_ebu128.integrated": -15.401016235351562,
                "lowlevel.loudness_ebu128.loudness_range": 3.775829315185547,
                "lowlevel.loudness_ebu128.momentary.dmean": 0.8639739751815796,
                "lowlevel.loudness_ebu128.momentary.dmean2": 1.1754803657531738,
                "lowlevel.loudness_ebu128.momentary.dvar": 6.979580879211426,
                "lowlevel.loudness_ebu128.momentary.dvar2": 11.406267166137695,
                "lowlevel.loudness_ebu128.momentary.max": -11.083022117614746,
                "lowlevel.loudness_ebu128.momentary.mean": -20.875465393066406,
                "lowlevel.loudness_ebu128.momentary.median": -15.774360656738281,
                "lowlevel.loudness_ebu128.momentary.min": -300.6910095214844,
                "lowlevel.loudness_ebu128.momentary.stdev": 30.22203826904297,
                "lowlevel.loudness_ebu128.momentary.var": 913.3716430664062,
                "lowlevel.loudness_ebu128.short_term.dmean": 0.15296296775341034,
                "lowlevel.loudness_ebu128.short_term.dmean2": 0.20170137286186218,
                "lowlevel.loudness_ebu128.short_term.dvar": 5.743790626525879,
                "lowlevel.loudness_ebu128.short_term.dvar2": 9.248773574829102,
                "lowlevel.loudness_ebu128.short_term.max": -12.381539344787598,
                "lowlevel.loudness_ebu128.short_term.mean": -19.239316940307617,
                "lowlevel.loudness_ebu128.short_term.median": -15.819293975830078,
                "lowlevel.loudness_ebu128.short_term.min": -300.6910095214844,
                "lowlevel.loudness_ebu128.short_term.stdev": 22.62997055053711,
                "lowlevel.loudness_ebu128.short_term.var": 512.1155395507812,
                "lowlevel.spectral_centroid.dmean": 294.7916564941406,
                "lowlevel.spectral_centroid.dmean2": 449.00018310546875,
                "lowlevel.spectral_centroid.dvar": 115862.84375,
                "lowlevel.spectral_centroid.dvar2": 237535.0,
                "lowlevel.spectral_centroid.max": 11821.0029296875,
                "lowlevel.spectral_centroid.mean": 1338.2838134765625,
                "lowlevel.spectral_centroid.median": 1099.94140625,
                "lowlevel.spectral_centroid.min": 149.86338806152344,
                "lowlevel.spectral_centroid.stdev": 1278.19091796875,
                "lowlevel.spectral_centroid.var": 1633772.0,
                "metadata.audio_properties.analysis.equal_loudness": 0.0,
                "rhythm.beats_loudness.dmean": 0.035614967346191406,
                "rhythm.beats_loudness.dmean2": 0.06595807522535324,
                "rhythm.beats_loudness.dvar": 0.0009242277592420578,
                "rhythm.beats_loudness.dvar2": 0.0027937653940171003,
                "rhythm.beats_loudness.max": 0.21291328966617584,
                "rhythm.beats_loudness.mean": 0.05221421644091606,
                "rhythm.beats_loudness.median": 0.047256357967853546,
                "rhythm.beats_loudness.min": 0.0,
                "rhythm.beats_loudness.stdev": 0.03251262009143829,
                "rhythm.beats_loudness.var": 0.0010570705635473132,
                "rhythm.bpm": 97.01402282714844,
                "rhythm.bpm_histogram_first_peak_bpm": 98.0,
                "rhythm.bpm_histogram_first_peak_weight": 0.3041824698448181,
                "rhythm.bpm_histogram_second_peak_bpm": 112.0,
                "rhythm.bpm_histogram_second_peak_spread": 0.4705882668495178,
                "rhythm.bpm_histogram_second_peak_weight": 0.01112484559416771,
                "rhythm.danceability": 1.4156101942062378
            }
        },
        {
            "id": "00KGPvXwbOw",
            "title": "Soulful Slow Groovy Blues in C minor | Backing Track",
            "views": 646790,
            "features": {
                "lowlevel.average_loudness": 0.9284558296203613,
                "lowlevel.loudness_ebu128.integrated": -9.176959037780762,
                "lowlevel.loudness_ebu128.loudness_range": 2.0470333099365234,
                "lowlevel.loudness_ebu128.momentary.dmean": 0.9570871591567993,
                "lowlevel.loudness_ebu128.momentary.dmean2": 1.0482934713363647,