{
    "song_title": "Smokestack Lightnin' Jam",
    "artist": "Grateful Dead",
    "num_versions_processed": 3,
    "average_features": {
        "lowlevel.loudness_ebu128.short_term.dvar2": 0.07508775902291139,
        "lowlevel.loudness_ebu128.momentary.var": 71.31826591491699,
        "lowlevel.loudness_ebu128.momentary.min": -59.60486857096354,
        "lowlevel.spectral_centroid.dvar": 53400.686197916664,
        "rhythm.beats_loudness.min": 8.236320968683468e-05,
        "lowlevel.spectral_centroid.mean": 1058.2811075846355,
        "rhythm.beats_loudness.dvar": 0.00021740297961514443,
        "rhythm.bpm_histogram_first_peak_bpm": 134.33333333333334,
        "rhythm.beats_loudness.median": 0.02726720180362463,
        "lowlevel.loudness_ebu128.integrated": -18.74583117167155,
        "lowlevel.loudness_ebu128.short_term.mean": -21.228668848673504,
        "rhythm.beats_loudness.dmean2": 0.02409897806743781,
        "lowlevel.loudness_ebu128.momentary.dvar2": 1.652679334084193,
        "rhythm.bpm_histogram_second_peak_weight": 0.09089803074796994,
        "lowlevel.loudness_ebu128.loudness_range": 10.101563135782877,
        "rhythm.bpm_histogram_second_peak_bpm": 127.33333333333333,
        "lowlevel.loudness_ebu128.short_term.min": -55.82006581624349,
        "lowlevel.loudness_ebu128.short_term.stdev": 6.7205384572347,
        "lowlevel.loudness_ebu128.short_term.dmean2": 0.11441002537806828,
        "lowlevel.loudness_ebu128.short_term.var": 52.29751841227213,
        "rhythm.beats_loudness.mean": 0.030515920991698902,
        "lowlevel.spectral_centroid.max": 8714.067545572916,
        "lowlevel.loudness_ebu128.momentary.dvar": 1.1995585163434346,
        "rhythm.beats_loudness.stdev": 0.02142499138911565,
        "lowlevel.loudness_ebu128.momentary.max": -12.01476494471232,
        "lowlevel.spectral_centroid.median": 875.8444010416666,
        "lowlevel.loudness_ebu128.momentary.dmean": 0.8233642578125,
        "lowlevel.loudness_ebu128.short_term.dvar": 0.08299012823651235,
        "rhythm.beats_loudness.var": 0.0004657638104011615,
        "lowlevel.loudness_ebu128.momentary.stdev": 7.804489056269328,
        "lowlevel.loudness_ebu128.momentary.mean": -22.03511619567871,
        "rhythm.beats_loudness.dmean": 0.01397081712881724,
        "lowlevel.average_loudness": 0.4219462002317111,
        "lowlevel.loudness_ebu128.short_term.median": -19.688031832377117,
        "rhythm.beats_loudness.max": 0.15431748578945795,
        "metadata.audio_properties.analysis.equal_loudness": 0.0,
        "lowlevel.loudness_ebu128.momentary.dmean2": 0.9270217021306356,
        "lowlevel.spectral_centroid.dvar2": 111008.3671875,
        "lowlevel.loudness_ebu128.short_term.max": -14.223546346028646,
        "lowlevel.spectral_centroid.var": 489761.6458333333,
        "rhythm.bpm_histogram_first_peak_weight": 0.5298564036687216,
        "lowlevel.loudness_ebu128.momentary.median": -20.171815872192383,
        "rhythm.bpm": 134.28156534830728,
        "rhythm.beats_loudness.dvar2": 0.0006011355629501244,
        "lowlevel.loudness_ebu128.short_term.dmean": 0.12936018158992132,
        "lowlevel.spectral_centroid.stdev": 675.0428568522135,
        "lowlevel.spectral_centroid.dmean": 177.74554443359375,
        "lowlevel.spectral_centroid.dmean2": 270.5870310465495,
        "rhythm.danceability": 1.0818790793418884,
        "lowlevel.spectral_centroid.min": 139.66036478678384,
        "rhythm.bpm_histogram_second_peak_spread": 0.2880532145500183
    },
    "outlier_flag": false,
    "outlier_reasons": null,
    "raw_versions": [
        {
            "id": "HTDjD_UdJYs",
            "title": "Howlin' Wolf \"Smokestack Lightning\" Live 1964 (Reelin' In The Years Archives)",
            "views": 13389335,
            "features": {
                "lowlevel.average_loudness": 0.6501955986022949,
                "lowlevel.loudness_ebu128.integrated": -23.703638076782227,
                "lowlevel.loudness_ebu128.loudness_range": 6.478368759155273,
                "lowlevel.loudness_ebu128.momentary.dmean": 0.9293455481529236,
                "lowlevel.loudness_ebu128.momentary.dmean2": 1.0152440071105957,
                "lowlevel.loudness_ebu128.momentary.dvar": 2.00470232963562,
                "lowlevel.loudness_ebu128.momentary.dvar2": 2.471102476119995,
                "lowlevel.loudness_ebu128.momentary.max": -17.83177375793457,
                "lowlevel.loudness_ebu128.momentary.mean": -27.057607650756836,
                "lowlevel.loudness_ebu128.momentary.median": -24.44470977783203,
                "lowlevel.loudness_ebu128.momentary.min": -90.93195343017578,
                "lowlevel.loudness_ebu128.momentary.stdev": 11.740159034729004,
                "lowlevel.loudness_ebu128.momentary.var": 137.8313446044922,
                "lowlevel.loudness_ebu128.short_term.dmean": 0.1465856283903122,
                "lowlevel.loudness_ebu128.short_term.dmean2": 0.12170237302780151,
                "lowlevel.loudness_ebu128.short_term.dvar": 0.18420854210853577,
                "lowlevel.loudness_ebu128.short_term.dvar2": 0.17762066423892975,
                "lowlevel.loudness_ebu128.short_term.max": -19.971101760864258,
                "lowlevel.loudness_ebu128.short_term.mean": -25.867216110229492,
                "lowlevel.loudness_ebu128.short_term.median": -23.8270263671875,
                "lowlevel.loudness_ebu128.short_term.min": -90.12480926513672,
                "lowlevel.loudness_ebu128.short_term.stdev": 9.892081260681152,
                "lowlevel.loudness_ebu128.short_term.var": 97.85327911376953,
                "lowlevel.spectral_centroid.dmean": 182.0556182861328,
                "lowlevel.spectral_centroid.dmean2": 282.45147705078125,
                "lowlevel.spectral_centroid.dvar": 69092.40625,
                "lowlevel.spectral_centroid.dvar2": 146367.890625,
                "lowlevel.spectral_centroid.max": 11045.03515625,
                "lowlevel.spectral_centroid.mean": 1196.4710693359375,
                "lowlevel.spectral_centroid.median": 891.8505859375,
                "lowlevel.spectral_centroid.min": 137.2115936279297,
                "lowlevel.spectral_centroid.stdev": 932.6316528320312,
                "lowlevel.spectral_centroid.var": 869801.75,
                "metadata.audio_properties.analysis.equal_loudness": 0.0,
                "rhythm.beats_loudness.dmean": 0.014757643453776836,
                "rhythm.beats_loudness.dmean2": 0.025864925235509872,
                "rhythm.beats_loudness.dvar": 0.0001873548171715811,
                "rhythm.beats_loudness.dvar2": 0.0005496715311892331,
                "rhythm.beats_loudness.max": 0.09756488353013992,
                "rhythm.beats_loudness.mean": 0.030368909239768982,
                "rhythm.beats_loudness.median": 0.028912348672747612,
                "rhythm.beats_loudness.min": 5.704582584087348e-09,
                "rhythm.beats_loudness.stdev": 0.018090995028614998,
                "rhythm.beats_loudness.var": 0.0003272840694990009,
                "rhythm.bpm": 135.75778198242188,
                "rhythm.bpm_histogram_first_peak_bpm": 136.0,
                "rhythm.bpm_histogram_first_peak_weight": 0.5969773530960083,
                "rhythm.bpm_histogram_second_peak_bpm": 129.0,
                "rhythm.bpm_histogram_second_peak_spread": 0.29651159048080444,
                "rhythm.bpm_histogram_second_peak_weight": 0.1648501306772232,
                "rhythm.danceability": 1.094078779220581
            }
        },
        {
            "id": "UxvUwCf-rLI",
            "title": "Smokestack Lightnin' (Live at the Fillmore East in New York City, NY February 13, 1970) (2001...",
            "views": 135791,
            "features": {
                "lowlevel.average_loudness": 0.010541237890720367,
                "lowlevel.loudness_ebu128.integrated": -13.293014526367188,
                "lowlevel.loudness_ebu128.loudness_range": 15.078990936279297,