{
    "song_title": "Smokestack Lightnin'",
    "artist": "Grateful Dead",
    "num_versions_processed": 3,
    "average_features": {
        "lowlevel.loudness_ebu128.momentary.dmean2": 0.99334317445755,
        "lowlevel.loudness_ebu128.short_term.median": -16.810119311014812,
        "lowlevel.spectral_centroid.median": 804.9693196614584,
        "rhythm.beats_loudness.var": 0.0008545582046887527,
        "rhythm.beats_loudness.dvar": 0.00045694797396815073,
        "lowlevel.loudness_ebu128.short_term.stdev": 4.877211491266887,
        "lowlevel.loudness_ebu128.integrated": -15.429533004760742,
        "rhythm.beats_loudness.max": 0.3272779732942581,
        "lowlevel.spectral_centroid.max": 8973.307291666666,
        "lowlevel.spectral_centroid.min": 148.65253702799478,
        "lowlevel.loudness_ebu128.momentary.stdev": 5.819687366485596,
        "rhythm.bpm": 127.6671142578125,
        "lowlevel.loudness_ebu128.loudness_range": 10.127460797627768,
        "rhythm.beats_loudness.mean": 0.033547124514977135,
        "rhythm.bpm_histogram_second_peak_weight": 0.07871103162566821,
        "metadata.audio_properties.analysis.equal_loudness": 0.0,
        "lowlevel.loudness_ebu128.short_term.var": 25.888189633687336,
        "rhythm.beats_loudness.dvar2": 0.0012221828413506348,
        "rhythm.bpm_histogram_second_peak_bpm": 124.33333333333333,
        "lowlevel.loudness_ebu128.momentary.mean": -18.359881083170574,
        "lowlevel.loudness_ebu128.short_term.max": -8.707109133402506,
        "rhythm.beats_loudness.stdev": 0.028690822422504425,
        "lowlevel.loudness_ebu128.momentary.dmean": 0.8565782705942789,
        "lowlevel.spectral_centroid.mean": 908.3936157226562,
        "lowlevel.spectral_centroid.stdev": 479.60682169596356,
        "rhythm.beats_loudness.median": 0.02735806815326214,
        "lowlevel.loudness_ebu128.short_term.dmean": 0.13386342426141104,
        "lowlevel.loudness_ebu128.short_term.dvar2": 0.03325744035343329,
        "rhythm.beats_loudness.dmean2": 0.03213533014059067,
        "lowlevel.loudness_ebu128.short_term.mean": -17.683640480041504,
        "lowlevel.loudness_ebu128.momentary.var": 35.92535273234049,
        "rhythm.beats_loudness.dmean": 0.018468786341448624,
        "lowlevel.loudness_ebu128.momentary.min": -58.235392252604164,
        "lowlevel.loudness_ebu128.momentary.dvar": 0.8367359836896261,
        "lowlevel.spectral_centroid.dmean": 166.06220499674478,
        "lowlevel.spectral_centroid.var": 235682.1875,
        "rhythm.beats_loudness.min": 3.816880337126349e-06,
        "lowlevel.average_loudness": 0.26606308777506155,
        "lowlevel.loudness_ebu128.short_term.dmean2": 0.12683736284573874,
        "lowlevel.loudness_ebu128.short_term.min": -44.07403564453125,
        "rhythm.bpm_histogram_first_peak_bpm": 127.0,
        "lowlevel.loudness_ebu128.momentary.max": -5.648678779602051,
        "lowlevel.spectral_centroid.dmean2": 247.9950154622396,
        "rhythm.bpm_histogram_second_peak_spread": 0.2224434812863668,
        "lowlevel.loudness_ebu128.short_term.dvar": 0.03875295569499334,
        "lowlevel.loudness_ebu128.momentary.median": -17.27524757385254,
        "rhythm.danceability": 1.0875978469848633,
        "lowlevel.spectral_centroid.dvar": 43898.276041666664,
        "rhythm.bpm_histogram_first_peak_weight": 0.4716344475746155,
        "lowlevel.loudness_ebu128.momentary.dvar2": 1.3449122905731201,
        "lowlevel.spectral_centroid.dvar2": 88955.82552083333
    },
    "outlier_flag": true,
    "outlier_reasons": [
        "Danceability Variance: 0.28 (limit 0.2)"
    ],
    "raw_versions": [
        {
            "id": "zjvKox8kWOg",
            "title": "Grateful Dead - Smokestack Lightning (2/19/1971)",
            "views": 291328,
            "features": {
                "lowlevel.average_loudness": 0.003161406610161066,
                "lowlevel.loudness_ebu128.integrated": -18.858640670776367,
                "lowlevel.loudness_ebu128.loudness_range": 9.59919548034668,
                "lowlevel.loudness_ebu128.momentary.dmean": 0.8232149481773376,
                "lowlevel.loudness_ebu128.momentary.dmean2": 0.9475154280662537,
                "lowlevel.loudness_ebu128.momentary.dvar": 0.665235161781311,
                "lowlevel.loudness_ebu128.momentary.dvar2": 1.0754685401916504,
                "lowlevel.loudness_ebu128.momentary.max": -4.322704315185547,
                "lowlevel.loudness_ebu128.momentary.mean": -21.22079849243164,
                "lowlevel.loudness_ebu128.momentary.median": -20.976106643676758,
                "lowlevel.loudness_ebu128.momentary.min": -74.46720123291016,
                "lowlevel.loudness_ebu128.momentary.stdev": 4.80935001373291,
                "lowlevel.loudness_ebu128.momentary.var": 23.12984848022461,
                "lowlevel.loudness_ebu128.short_term.dmean": 0.13236896693706512,
                "lowlevel.loudness_ebu128.short_term.dmean2": 0.12909813225269318,
                "lowlevel.loudness_ebu128.short_term.dvar": 0.022319145500659943,
                "lowlevel.loudness_ebu128.short_term.dvar2": 0.017049545422196388,
                "lowlevel.loudness_ebu128.short_term.max": -7.744850158691406,
                "lowlevel.loudness_ebu128.short_term.mean": -20.628498077392578,
                "lowlevel.loudness_ebu128.short_term.median": -20.611873626708984,
                "lowlevel.loudness_ebu128.short_term.min": -43.01658630371094,
                "lowlevel.loudness_ebu128.short_term.stdev": 4.038215160369873,
                "lowlevel.loudness_ebu128.short_term.var": 16.307180404663086,
                "lowlevel.spectral_centroid.dmean": 145.97386169433594,
                "lowlevel.spectral_centroid.dmean2": 223.3744354248047,
                "lowlevel.spectral_centroid.dvar": 36556.93359375,
                "lowlevel.spectral_centroid.dvar2": 78679.71875,
                "lowlevel.spectral_centroid.max": 11793.802734375,
                "lowlevel.spectral_centroid.mean": 737.97412109375,
                "lowlevel.spectral_centroid.median": 620.407958984375,
                "lowlevel.spectral_centroid.min": 121.16497802734375,
                "lowlevel.spectral_centroid.stdev": 447.7967224121094,
                "lowlevel.spectral_centroid.var": 200521.90625,
                "metadata.audio_properties.analysis.equal_loudness": 0.0,
                "rhythm.beats_loudness.dmean": 0.019351445138454437,
                "rhythm.beats_loudness.dmean2": 0.03341204673051834,
                "rhythm.beats_loudness.dvar": 0.0007098665810190141,
                "rhythm.beats_loudness.dvar2": 0.0018026442267000675,
                "rhythm.beats_loudness.max": 0.6269380450248718,
                "rhythm.beats_loudness.mean": 0.032892659306526184,
                "rhythm.beats_loudness.median": 0.024328766390681267,
                "rhythm.beats_loudness.min": 5.096468953524891e-07,
                "rhythm.beats_loudness.stdev": 0.035435568541288376,
                "rhythm.beats_loudness.var": 0.0012556795263662934,
                "rhythm.bpm": 130.24533081054688,
                "rhythm.bpm_histogram_first_peak_bpm": 129.0,
                "rhythm.bpm_histogram_first_peak_weight": 0.4640267491340637,
                "rhythm.bpm_histogram_second_peak_bpm": 136.0,
                "rhythm.bpm_histogram_second_peak_spread": 0.059523820877075195,
                "rhythm.bpm_histogram_second_peak_weight": 0.040596093982458115,
                "rhythm.danceability": 1.014649748802185
            }
        },
        {
            "id": "UxvUwCf-rLI",
            "title": "Smokestack Lightnin' (Live at the Fillmore East in New York City, NY February 13, 1970) (2001...",
            "views": 135763,
            "features": {
                "lowlevel.average_loudness": 0.013790910132229328,
                "lowlevel.loudness_ebu128.integrated": -13.29343318939209,