{
    "song_title": "So Many Roads",
    "artist": "Grateful Dead",
    "num_versions_processed": 3,
    "average_features": {
        "rhythm.beats_loudness.dvar": 0.0003529274060080449,
        "lowlevel.loudness_ebu128.momentary.median": -19.777998606363933,
        "lowlevel.loudness_ebu128.short_term.min": -41.52345275878906,
        "lowlevel.loudness_ebu128.short_term.dvar": 0.026333156352241833,
        "rhythm.beats_loudness.dvar2": 0.0010739160934463143,
        "rhythm.beats_loudness.min": 5.399841347619727e-06,
        "lowlevel.loudness_ebu128.momentary.min": -64.2253901163737,
        "rhythm.bpm_histogram_second_peak_weight": 0.029953210304180782,
        "lowlevel.spectral_centroid.min": 168.390988667806,
        "lowlevel.spectral_centroid.var": 198161.62239583334,
        "lowlevel.loudness_ebu128.short_term.dvar2": 0.0218190960586071,
        "lowlevel.loudness_ebu128.short_term.stdev": 4.065872510274251,
        "rhythm.beats_loudness.max": 0.15362001458803812,
        "lowlevel.loudness_ebu128.momentary.dvar2": 0.9454172253608704,
        "lowlevel.spectral_centroid.dvar2": 68780.30208333333,
        "lowlevel.loudness_ebu128.momentary.max": -9.979263305664062,
        "lowlevel.average_loudness": 0.24727867543697357,
        "lowlevel.loudness_ebu128.momentary.var": 31.403522491455078,
        "lowlevel.loudness_ebu128.loudness_range": 10.095573425292969,
        "rhythm.beats_loudness.dmean": 0.017838529000679653,
        "lowlevel.loudness_ebu128.momentary.dvar": 0.7202751239140829,
        "metadata.audio_properties.analysis.equal_loudness": 0.0,
        "lowlevel.spectral_centroid.dmean": 122.83672587076823,
        "rhythm.bpm": 136.75235493977866,
        "lowlevel.spectral_centroid.dvar": 34662.911458333336,
        "lowlevel.loudness_ebu128.momentary.dmean2": 0.847598671913147,
        "rhythm.bpm_histogram_first_peak_weight": 0.4257710377375285,
        "rhythm.bpm_histogram_second_peak_spread": 0.2452749808629354,
        "lowlevel.loudness_ebu128.momentary.mean": -20.57102394104004,
        "lowlevel.loudness_ebu128.momentary.dmean": 0.80290287733078,
        "rhythm.beats_loudness.mean": 0.0259097907692194,
        "rhythm.bpm_histogram_second_peak_bpm": 132.0,
        "lowlevel.loudness_ebu128.integrated": -18.1345272064209,
        "rhythm.beats_loudness.var": 0.0005772235454060137,
        "lowlevel.loudness_ebu128.momentary.stdev": 5.565324783325195,
        "lowlevel.loudness_ebu128.short_term.var": 17.410361607869465,
        "lowlevel.spectral_centroid.max": 5342.263346354167,
        "rhythm.beats_loudness.dmean2": 0.03275979434450468,
        "rhythm.danceability": 1.003400723139445,
        "lowlevel.loudness_ebu128.short_term.max": -12.490720431009928,
        "lowlevel.spectral_centroid.mean": 748.3748779296875,
        "rhythm.beats_loudness.stdev": 0.024004443859060604,
        "lowlevel.loudness_ebu128.short_term.dmean2": 0.11675844838221867,
        "lowlevel.loudness_ebu128.short_term.dmean": 0.1376064568758011,
        "lowlevel.loudness_ebu128.short_term.mean": -19.786221822102863,
        "rhythm.bpm_histogram_first_peak_bpm": 137.33333333333334,
        "lowlevel.loudness_ebu128.short_term.median": -19.226364135742188,
        "lowlevel.spectral_centroid.median": 634.5801798502604,
        "lowlevel.spectral_centroid.stdev": 435.50144449869794,
        "lowlevel.spectral_centroid.dmean2": 184.0146230061849,
        "rhythm.beats_loudness.median": 0.01951724911729495
    },
    "outlier_flag": false,
    "outlier_reasons": null,
    "raw_versions": [
        {
            "id": "Q1Qw5wPi15M",
            "title": "Grateful Dead - So Many Roads (Buckeye Lake 6/11/93)",
            "views": 175751,
            "features": {
                "lowlevel.average_loudness": 0.28014519810676575,
                "lowlevel.loudness_ebu128.integrated": -21.14161491394043,
                "lowlevel.loudness_ebu128.loudness_range": 8.86290168762207,
                "lowlevel.loudness_ebu128.momentary.dmean": 0.871398389339447,
                "lowlevel.loudness_ebu128.momentary.dmean2": 0.8769863843917847,
                "lowlevel.loudness_ebu128.momentary.dvar": 0.7401986718177795,
                "lowlevel.loudness_ebu128.momentary.dvar2": 0.8817835450172424,
                "lowlevel.loudness_ebu128.momentary.max": -12.735368728637695,
                "lowlevel.loudness_ebu128.momentary.mean": -23.217493057250977,
                "lowlevel.loudness_ebu128.momentary.median": -22.73196029663086,
                "lowlevel.loudness_ebu128.momentary.min": -90.22628021240234,
                "lowlevel.loudness_ebu128.momentary.stdev": 5.410796642303467,
                "lowlevel.loudness_ebu128.momentary.var": 29.276718139648438,
                "lowlevel.loudness_ebu128.short_term.dmean": 0.14321786165237427,
                "lowlevel.loudness_ebu128.short_term.dmean2": 0.11876983195543289,
                "lowlevel.loudness_ebu128.short_term.dvar": 0.022713569924235344,
                "lowlevel.loudness_ebu128.short_term.dvar2": 0.01648486778140068,
                "lowlevel.loudness_ebu128.short_term.max": -16.02088165283203,
                "lowlevel.loudness_ebu128.short_term.mean": -22.26361656188965,
                "lowlevel.loudness_ebu128.short_term.median": -21.881460189819336,
                "lowlevel.loudness_ebu128.short_term.min": -37.49665832519531,
                "lowlevel.loudness_ebu128.short_term.stdev": 3.112393617630005,
                "lowlevel.loudness_ebu128.short_term.var": 9.686994552612305,
                "lowlevel.spectral_centroid.dmean": 83.08805847167969,
                "lowlevel.spectral_centroid.dmean2": 125.20343017578125,
                "lowlevel.spectral_centroid.dvar": 17821.681640625,
                "lowlevel.spectral_centroid.dvar2": 36994.42578125,
                "lowlevel.spectral_centroid.max": 5478.0947265625,
                "lowlevel.spectral_centroid.mean": 581.8428955078125,
                "lowlevel.spectral_centroid.median": 497.98321533203125,
                "lowlevel.spectral_centroid.min": 205.7094268798828,
                "lowlevel.spectral_centroid.stdev": 350.8864440917969,
                "lowlevel.spectral_centroid.var": 123121.3046875,
                "metadata.audio_properties.analysis.equal_loudness": 0.0,
                "rhythm.beats_loudness.dmean": 0.017832065001130104,
                "rhythm.beats_loudness.dmean2": 0.032317351549863815,
                "rhythm.beats_loudness.dvar": 0.00041271746158599854,
                "rhythm.beats_loudness.dvar2": 0.0012205817038193345,
                "rhythm.beats_loudness.max": 0.1479964554309845,
                "rhythm.beats_loudness.mean": 0.023170577362179756,
                "rhythm.beats_loudness.median": 0.01618262380361557,
                "rhythm.beats_loudness.min": 2.959086087273022e-09,
                "rhythm.beats_loudness.stdev": 0.022689715027809143,
                "rhythm.beats_loudness.var": 0.0005148231284692883,
                "rhythm.bpm": 135.46519470214844,
                "rhythm.bpm_histogram_first_peak_bpm": 136.0,
                "rhythm.bpm_histogram_first_peak_weight": 0.464102566242218,
                "rhythm.bpm_histogram_second_peak_bpm": 129.0,
                "rhythm.bpm_histogram_second_peak_spread": 0.21999996900558472,
                "rhythm.bpm_histogram_second_peak_weight": 0.04503464326262474,
                "rhythm.danceability": 0.9829435348510742
            }
        },
        {
            "id": "gfGD94CchJU",
            "title": "Grateful Dead - 6-26-94 - So Many Roads",
            "views": 1146312,
            "features": {
                "lowlevel.average_loudness": 0.1685049682855606,
                "lowlevel.loudness_ebu128.integrated": -16.583208084106445,
                "lowlevel.loudness_ebu128.loudness_range": 10.49342155456543,
                "lowlevel.loudness_ebu128.momentary.dmean": 0.7796024084091187,