{
    "song_title": "So Sad (To Watch Good Love Go Bad)",
    "artist": "Grateful Dead",
    "num_versions_processed": 3,
    "average_features": {
        "lowlevel.loudness_ebu128.momentary.dmean2": 0.9289010167121887,
        "lowlevel.loudness_ebu128.short_term.median": -13.346222241719564,
        "lowlevel.spectral_centroid.median": 937.2855224609375,
        "rhythm.beats_loudness.var": 0.00045669979105393094,
        "rhythm.beats_loudness.dvar": 0.0002753469307208434,
        "lowlevel.loudness_ebu128.short_term.stdev": 6.023652791976929,
        "lowlevel.loudness_ebu128.integrated": -12.291146596272787,
        "rhythm.beats_loudness.max": 0.11085354288419087,
        "lowlevel.spectral_centroid.max": 11040.33203125,
        "lowlevel.spectral_centroid.min": 232.35474141438803,
        "lowlevel.loudness_ebu128.momentary.stdev": 9.008463541666666,
        "rhythm.bpm": 120.9443588256836,
        "lowlevel.loudness_ebu128.loudness_range": 11.030556201934814,
        "rhythm.beats_loudness.mean": 0.024639848619699478,
        "rhythm.bpm_histogram_second_peak_weight": 0.10333415865898132,
        "metadata.audio_properties.analysis.equal_loudness": 0.0,
        "lowlevel.loudness_ebu128.short_term.var": 50.682844161987305,
        "rhythm.beats_loudness.dvar2": 0.0007519600815915813,
        "rhythm.bpm_histogram_second_peak_bpm": 133.33333333333334,
        "lowlevel.loudness_ebu128.momentary.mean": -16.92980734507243,
        "lowlevel.loudness_ebu128.short_term.max": -8.871389389038086,
        "rhythm.beats_loudness.stdev": 0.021074645221233368,
        "lowlevel.loudness_ebu128.momentary.dmean": 0.9055119554201762,
        "lowlevel.spectral_centroid.mean": 1127.9964192708333,
        "lowlevel.spectral_centroid.stdev": 700.5469360351562,
        "rhythm.beats_loudness.median": 0.020412468661864597,
        "lowlevel.loudness_ebu128.short_term.dmean": 0.1830638200044632,
        "lowlevel.loudness_ebu128.short_term.dvar2": 0.8312056322271625,
        "rhythm.beats_loudness.dmean2": 0.025813606878121693,
        "lowlevel.loudness_ebu128.short_term.mean": -15.14648183186849,
        "lowlevel.loudness_ebu128.momentary.var": 105.73087946573894,
        "rhythm.beats_loudness.dmean": 0.014996898670991262,
        "lowlevel.loudness_ebu128.momentary.min": -63.07601674397787,
        "lowlevel.loudness_ebu128.momentary.dvar": 2.17807674407959,
        "lowlevel.spectral_centroid.dmean": 174.8817392985026,
        "lowlevel.spectral_centroid.var": 534989.5833333334,
        "rhythm.beats_loudness.min": 1.7105541435931865e-05,
        "lowlevel.average_loudness": 0.5852036426464716,
        "lowlevel.loudness_ebu128.short_term.dmean2": 0.14329180618127188,
        "lowlevel.loudness_ebu128.short_term.min": -52.773193359375,
        "rhythm.bpm_histogram_first_peak_bpm": 120.0,
        "lowlevel.loudness_ebu128.momentary.max": -6.948009490966797,
        "lowlevel.spectral_centroid.dmean2": 261.17603556315106,
        "rhythm.bpm_histogram_second_peak_spread": 0.34507042169570923,
        "lowlevel.loudness_ebu128.short_term.dvar": 0.6043336683263382,
        "lowlevel.loudness_ebu128.momentary.median": -15.0390412012736,
        "rhythm.danceability": 1.0165820916493733,
        "lowlevel.spectral_centroid.dvar": 65215.265625,
        "rhythm.bpm_histogram_first_peak_weight": 0.3447796106338501,
        "lowlevel.loudness_ebu128.momentary.dvar2": 2.90412171681722,
        "lowlevel.spectral_centroid.dvar2": 125990.640625
    },
    "outlier_flag": true,
    "outlier_reasons": [
        "BPM Variance: 81.94 (limit 20)",
        "Danceability Variance: 0.37 (limit 0.2)"
    ],
    "raw_versions": [
        {
            "id": "jkY6ZOx411g",
            "title": "Grateful Dead - Not Fade Away (Orchard Park, NY 7/4/89) (Official Live Video)",
            "views": 2131948,
            "features": {
                "lowlevel.average_loudness": 0.7099312543869019,
                "lowlevel.loudness_ebu128.integrated": -14.048032760620117,
                "lowlevel.loudness_ebu128.loudness_range": 12.020196914672852,
                "lowlevel.loudness_ebu128.momentary.dmean": 0.7864202857017517,
                "lowlevel.loudness_ebu128.momentary.dmean2": 0.916782557964325,
                "lowlevel.loudness_ebu128.momentary.dvar": 0.8577918410301208,
                "lowlevel.loudness_ebu128.momentary.dvar2": 1.1432048082351685,
                "lowlevel.loudness_ebu128.momentary.max": -8.76017951965332,
                "lowlevel.loudness_ebu128.momentary.mean": -16.534652709960938,
                "lowlevel.loudness_ebu128.momentary.median": -14.755130767822266,
                "lowlevel.loudness_ebu128.momentary.min": -35.61132049560547,
                "lowlevel.loudness_ebu128.momentary.stdev": 5.185966968536377,
                "lowlevel.loudness_ebu128.momentary.var": 26.89425277709961,
                "lowlevel.loudness_ebu128.short_term.dmean": 0.11783164739608765,
                "lowlevel.loudness_ebu128.short_term.dmean2": 0.12664341926574707,
                "lowlevel.loudness_ebu128.short_term.dvar": 0.027009256184101105,
                "lowlevel.loudness_ebu128.short_term.dvar2": 0.02837178483605385,
                "lowlevel.loudness_ebu128.short_term.max": -10.534608840942383,
                "lowlevel.loudness_ebu128.short_term.mean": -16.03176498413086,
                "lowlevel.loudness_ebu128.short_term.median": -14.225780487060547,
                "lowlevel.loudness_ebu128.short_term.min": -28.318984985351562,
                "lowlevel.loudness_ebu128.short_term.stdev": 4.386535167694092,
                "lowlevel.loudness_ebu128.short_term.var": 19.24169158935547,
                "lowlevel.spectral_centroid.dmean": 221.2271728515625,
                "lowlevel.spectral_centroid.dmean2": 343.1184387207031,
                "lowlevel.spectral_centroid.dvar": 59736.18359375,
                "lowlevel.spectral_centroid.dvar2": 139420.890625,
                "lowlevel.spectral_centroid.max": 10740.7177734375,
                "lowlevel.spectral_centroid.mean": 1156.680419921875,
                "lowlevel.spectral_centroid.median": 1095.891357421875,
                "lowlevel.spectral_centroid.min": 187.7722625732422,
                "lowlevel.spectral_centroid.stdev": 544.6436157226562,
                "lowlevel.spectral_centroid.var": 296636.6875,
                "metadata.audio_properties.analysis.equal_loudness": 0.0,
                "rhythm.beats_loudness.dmean": 0.018613042309880257,
                "rhythm.beats_loudness.dmean2": 0.03253176063299179,
                "rhythm.beats_loudness.dvar": 0.0003687494609039277,
                "rhythm.beats_loudness.dvar2": 0.0010302311275154352,
                "rhythm.beats_loudness.max": 0.1513606607913971,
                "rhythm.beats_loudness.mean": 0.030204035341739655,
                "rhythm.beats_loudness.median": 0.026187844574451447,
                "rhythm.beats_loudness.min": 5.0467766413930804e-05,
                "rhythm.beats_loudness.stdev": 0.02604028955101967,
                "rhythm.beats_loudness.var": 0.0006780966650694609,
                "rhythm.bpm": 172.26499938964844,
                "rhythm.bpm_histogram_first_peak_bpm": 172.0,
                "rhythm.bpm_histogram_first_peak_weight": 0.0,
                "rhythm.bpm_histogram_second_peak_bpm": 178.0,
                "rhythm.bpm_histogram_second_peak_spread": 0.0,
                "rhythm.bpm_histogram_second_peak_weight": 0.15730337798595428,
                "rhythm.danceability": 1.2548854351043701
            }
        },
        {
            "id": "nLKoGneUsGQ",
            "title": "The Chapin Sisters are The Everly Brothers \"So Sad (To Watch Good Love Go Bad\" LIVE 3/2/13 (6/14)",
            "views": 9634,
            "features": {
                "lowlevel.average_loudness": 0.17395000159740448,
                "lowlevel.loudness_ebu128.integrated": -13.081193923950195,