{
    "song_title": "Space",
    "artist": "Grateful Dead",
    "num_versions_processed": 3,
    "average_features": {
        "lowlevel.loudness_ebu128.loudness_range": 8.808835983276367,
        "lowlevel.loudness_ebu128.short_term.stdev": 3.2165300846099854,
        "metadata.audio_properties.analysis.equal_loudness": 0.0,
        "rhythm.beats_loudness.min": 1.1750800695153885e-05,
        "rhythm.bpm_histogram_first_peak_bpm": 130.33333333333334,
        "rhythm.bpm_histogram_second_peak_weight": 0.10795067499081294,
        "lowlevel.loudness_ebu128.short_term.dmean2": 0.1127772331237793,
        "lowlevel.loudness_ebu128.momentary.median": -17.89634831746419,
        "lowlevel.spectral_centroid.min": 178.67444864908853,
        "lowlevel.loudness_ebu128.momentary.min": -133.60063934326172,
        "lowlevel.average_loudness": 0.4557600791255633,
        "rhythm.bpm_histogram_first_peak_weight": 0.4935135046641032,
        "lowlevel.spectral_centroid.dmean": 147.47168986002603,
        "lowlevel.spectral_centroid.dvar": 50664.470052083336,
        "lowlevel.loudness_ebu128.momentary.max": -9.55262549718221,
        "rhythm.beats_loudness.dmean": 0.01966080628335476,
        "lowlevel.loudness_ebu128.momentary.dvar2": 8.421842455863953,
        "lowlevel.loudness_ebu128.short_term.dvar": 0.01966508198529482,
        "lowlevel.loudness_ebu128.momentary.var": 87.37984816233318,
        "lowlevel.loudness_ebu128.short_term.median": -17.448469797770183,
        "lowlevel.loudness_ebu128.integrated": -16.568063735961914,
        "lowlevel.loudness_ebu128.short_term.var": 12.099477291107178,
        "lowlevel.spectral_centroid.mean": 801.8095703125,
        "rhythm.bpm_histogram_second_peak_spread": 0.32665014266967773,
        "lowlevel.loudness_ebu128.short_term.dvar2": 0.019189571651319664,
        "rhythm.beats_loudness.dmean2": 0.03434156502286593,
        "rhythm.beats_loudness.median": 0.02409194502979517,
        "lowlevel.loudness_ebu128.short_term.min": -31.191424051920574,
        "lowlevel.loudness_ebu128.momentary.mean": -18.740290641784668,
        "lowlevel.spectral_centroid.dvar2": 106869.60677083333,
        "lowlevel.spectral_centroid.max": 11266.729166666666,
        "rhythm.beats_loudness.dvar2": 0.0015866098886666198,
        "rhythm.beats_loudness.mean": 0.0313496987024943,
        "rhythm.bpm": 129.58694458007812,
        "lowlevel.spectral_centroid.dmean2": 223.71947733561197,
        "rhythm.danceability": 1.1852739651997883,
        "lowlevel.loudness_ebu128.short_term.dmean": 0.11424158761898677,
        "lowlevel.loudness_ebu128.momentary.dmean": 0.8090392152468363,
        "lowlevel.loudness_ebu128.short_term.max": -11.871942520141602,
        "rhythm.bpm_histogram_second_peak_bpm": 149.66666666666666,
        "lowlevel.loudness_ebu128.momentary.dvar": 5.887867718935013,
        "lowlevel.loudness_ebu128.momentary.dmean2": 0.9245437582333883,
        "rhythm.beats_loudness.stdev": 0.027502720554669697,
        "rhythm.beats_loudness.var": 0.0008219522424042225,
        "lowlevel.spectral_centroid.median": 683.7679443359375,
        "lowlevel.loudness_ebu128.momentary.stdev": 7.928509871164958,
        "lowlevel.spectral_centroid.stdev": 548.8196512858073,
        "lowlevel.loudness_ebu128.short_term.mean": -17.956680615743,
        "rhythm.beats_loudness.dvar": 0.0005881212030847868,
        "lowlevel.spectral_centroid.var": 325168.3697916667,
        "rhythm.beats_loudness.max": 0.25276074558496475
    },
    "raw_versions": [
        {
            "id": "MkWm-_H8vts",
            "title": "Grateful Dead - Space / Fire On The Mountain (New York, NY 10/31/80)",
            "views": 81367,
            "features": {
                "lowlevel.average_loudness": 0.8531966209411621,
                "lowlevel.loudness_ebu128.integrated": -14.593063354492188,
                "lowlevel.loudness_ebu128.loudness_range": 4.834205627441406,
                "lowlevel.loudness_ebu128.momentary.dmean": 0.8017000555992126,
                "lowlevel.loudness_ebu128.momentary.dmean2": 0.924500584602356,
                "lowlevel.loudness_ebu128.momentary.dvar": 16.231311798095703,
                "lowlevel.loudness_ebu128.momentary.dvar2": 23.270872116088867,
                "lowlevel.loudness_ebu128.momentary.max": -9.845645904541016,
                "lowlevel.loudness_ebu128.momentary.mean": -16.221895217895508,
                "lowlevel.loudness_ebu128.momentary.median": -14.783159255981445,
                "lowlevel.loudness_ebu128.momentary.min": -300.6910095214844,
                "lowlevel.loudness_ebu128.momentary.stdev": 14.687237739562988,
                "lowlevel.loudness_ebu128.momentary.var": 215.71495056152344,
                "lowlevel.loudness_ebu128.short_term.dmean": 0.09775667637586594,
                "lowlevel.loudness_ebu128.short_term.dmean2": 0.10090295225381851,
                "lowlevel.loudness_ebu128.short_term.dvar": 0.009265700355172157,
                "lowlevel.loudness_ebu128.short_term.dvar2": 0.010337424464523792,
                "lowlevel.loudness_ebu128.short_term.max": -11.706486701965332,
                "lowlevel.loudness_ebu128.short_term.mean": -15.106447219848633,
                "lowlevel.loudness_ebu128.short_term.median": -14.518675804138184,
                "lowlevel.loudness_ebu128.short_term.min": -28.106271743774414,
                "lowlevel.loudness_ebu128.short_term.stdev": 2.235877513885498,
                "lowlevel.loudness_ebu128.short_term.var": 4.999148368835449,
                "lowlevel.spectral_centroid.dmean": 153.76527404785156,
                "lowlevel.spectral_centroid.dmean2": 229.69053649902344,
                "lowlevel.spectral_centroid.dvar": 44731.44921875,
                "lowlevel.spectral_centroid.dvar2": 88116.6015625,
                "lowlevel.spectral_centroid.max": 11977.1669921875,
                "lowlevel.spectral_centroid.mean": 913.9450073242188,
                "lowlevel.spectral_centroid.median": 778.498291015625,
                "lowlevel.spectral_centroid.min": 169.81881713867188,
                "lowlevel.spectral_centroid.stdev": 767.7462768554688,
                "lowlevel.spectral_centroid.var": 589434.3125,
                "metadata.audio_properties.analysis.equal_loudness": 0.0,
                "rhythm.beats_loudness.dmean": 0.018482595682144165,
                "rhythm.beats_loudness.dmean2": 0.03213600441813469,
                "rhythm.beats_loudness.dvar": 0.00024511548690497875,
                "rhythm.beats_loudness.dvar2": 0.0006293979822658002,
                "rhythm.beats_loudness.max": 0.11076859384775162,
                "rhythm.beats_loudness.mean": 0.031211357563734055,
                "rhythm.beats_loudness.median": 0.02852552942931652,
                "rhythm.beats_loudness.min": 0.0,
                "rhythm.beats_loudness.stdev": 0.01976766064763069,
                "rhythm.beats_loudness.var": 0.0003907604259438813,
                "rhythm.bpm": 104.94609069824219,
                "rhythm.bpm_histogram_first_peak_bpm": 105.0,
                "rhythm.bpm_histogram_first_peak_weight": 0.5274888277053833,
                "rhythm.bpm_histogram_second_peak_bpm": 161.0,
                "rhythm.bpm_histogram_second_peak_spread": 0.354545533657074,
                "rhythm.bpm_histogram_second_peak_weight": 0.07434554398059845,
                "rhythm.danceability": 1.2510215044021606
            }
        },
        {
            "id": "NO6hZ9uw9IM",
            "title": "Grateful Dead - Space - 12/31/1981 - Oakland Auditorium (Official)",
            "views": 1101,
            "features": {
                "lowlevel.average_loudness": 0.028789572417736053,
                "lowlevel.loudness_ebu128.integrated": -24.380495071411133,
                "lowlevel.loudness_ebu128.loudness_range": 15.02739143371582,
                "lowlevel.loudness_ebu128.momentary.dmean": 1.0046892166137695,