{
    "song_title": "Standing On The Moon",
    "artist": "Grateful Dead",
    "num_versions_processed": 2,
    "average_features": {
        "rhythm.beats_loudness.dvar": 0.0004969952715327963,
        "lowlevel.loudness_ebu128.momentary.median": -21.640204429626465,
        "lowlevel.loudness_ebu128.short_term.min": -63.91659164428711,
        "lowlevel.loudness_ebu128.short_term.dvar": 0.11026787105947733,
        "rhythm.beats_loudness.dvar2": 0.0015024286112748086,
        "rhythm.beats_loudness.min": 2.1144623829627562e-09,
        "lowlevel.loudness_ebu128.momentary.min": -90.5852279663086,
        "rhythm.bpm_histogram_second_peak_weight": 0.12895826250314713,
        "lowlevel.spectral_centroid.min": 169.8124771118164,
        "lowlevel.spectral_centroid.var": 342853.7734375,
        "lowlevel.loudness_ebu128.short_term.dvar2": 0.16788152372464538,
        "lowlevel.loudness_ebu128.short_term.stdev": 5.459729909896851,
        "rhythm.beats_loudness.max": 0.17929985374212265,
        "lowlevel.loudness_ebu128.momentary.dvar2": 1.505956083536148,
        "lowlevel.spectral_centroid.dvar2": 88939.3125,
        "lowlevel.loudness_ebu128.momentary.max": -11.470604419708252,
        "lowlevel.average_loudness": 0.39930179342627525,
        "lowlevel.loudness_ebu128.momentary.var": 56.89506530761719,
        "lowlevel.loudness_ebu128.loudness_range": 10.525904178619385,
        "rhythm.beats_loudness.dmean": 0.020838536322116852,
        "lowlevel.loudness_ebu128.momentary.dvar": 1.1396627724170685,
        "metadata.audio_properties.analysis.equal_loudness": 0.0,
        "lowlevel.spectral_centroid.dmean": 136.42488861083984,
        "rhythm.bpm": 94.30867767333984,
        "lowlevel.spectral_centroid.dvar": 45609.05078125,
        "lowlevel.loudness_ebu128.momentary.dmean2": 0.9372588396072388,
        "rhythm.bpm_histogram_first_peak_weight": 0.4382971227169037,
        "rhythm.bpm_histogram_second_peak_spread": 0.3767053186893463,
        "lowlevel.loudness_ebu128.momentary.mean": -22.435053825378418,
        "lowlevel.loudness_ebu128.momentary.dmean": 0.9178802669048309,
        "rhythm.beats_loudness.mean": 0.03490967769175768,
        "rhythm.bpm_histogram_second_peak_bpm": 101.0,
        "lowlevel.loudness_ebu128.integrated": -18.940689086914062,
        "rhythm.beats_loudness.var": 0.001115513703553006,
        "lowlevel.loudness_ebu128.momentary.stdev": 7.205014944076538,
        "lowlevel.loudness_ebu128.short_term.var": 36.22531175613403,
        "lowlevel.spectral_centroid.max": 5185.014892578125,
        "rhythm.beats_loudness.dmean2": 0.03743533976376057,
        "rhythm.danceability": 1.0483440160751343,
        "lowlevel.loudness_ebu128.short_term.max": -13.506000518798828,
        "lowlevel.spectral_centroid.mean": 826.3102111816406,
        "rhythm.beats_loudness.stdev": 0.0329626128077507,
        "lowlevel.loudness_ebu128.short_term.dmean2": 0.11384588479995728,
        "lowlevel.loudness_ebu128.short_term.dmean": 0.14889652281999588,
        "lowlevel.loudness_ebu128.short_term.mean": -21.435911178588867,
        "rhythm.bpm_histogram_first_peak_bpm": 94.5,
        "lowlevel.loudness_ebu128.short_term.median": -21.00297737121582,
        "lowlevel.spectral_centroid.median": 672.8121337890625,
        "lowlevel.spectral_centroid.stdev": 580.2074432373047,
        "lowlevel.spectral_centroid.dmean2": 199.12197875976562,
        "rhythm.beats_loudness.median": 0.025120689999312162
    },
    "outlier_flag": false,
    "outlier_reasons": null,
    "raw_versions": [
        {
            "id": "H9xg16sxgdA",
            "title": "Grateful Dead - Standing On The Moon (Philadelphia, PA 7/7/89) (Official Live Video)",
            "views": 622764,
            "features": {
                "lowlevel.average_loudness": 0.7341405749320984,
                "lowlevel.loudness_ebu128.integrated": -17.20574951171875,
                "lowlevel.loudness_ebu128.loudness_range": 6.222949981689453,
                "lowlevel.loudness_ebu128.momentary.dmean": 0.7721064686775208,
                "lowlevel.loudness_ebu128.momentary.dmean2": 0.6790076494216919,
                "lowlevel.loudness_ebu128.momentary.dvar": 0.8006212115287781,
                "lowlevel.loudness_ebu128.momentary.dvar2": 0.957207977771759,
                "lowlevel.loudness_ebu128.momentary.max": -11.515700340270996,
                "lowlevel.loudness_ebu128.momentary.mean": -18.85435676574707,
                "lowlevel.loudness_ebu128.momentary.median": -17.923349380493164,
                "lowlevel.loudness_ebu128.momentary.min": -90.11212921142578,
                "lowlevel.loudness_ebu128.momentary.stdev": 4.9727911949157715,
                "lowlevel.loudness_ebu128.momentary.var": 24.728652954101562,
                "lowlevel.loudness_ebu128.short_term.dmean": 0.12026096880435944,
                "lowlevel.loudness_ebu128.short_term.dmean2": 0.07777327299118042,
                "lowlevel.loudness_ebu128.short_term.dvar": 0.012542115524411201,
                "lowlevel.loudness_ebu128.short_term.dvar2": 0.0077713532373309135,
                "lowlevel.loudness_ebu128.short_term.max": -13.706155776977539,
                "lowlevel.loudness_ebu128.short_term.mean": -18.0717716217041,
                "lowlevel.loudness_ebu128.short_term.median": -17.740985870361328,
                "lowlevel.loudness_ebu128.short_term.min": -37.69439697265625,
                "lowlevel.loudness_ebu128.short_term.stdev": 2.92661714553833,
                "lowlevel.loudness_ebu128.short_term.var": 8.56508731842041,
                "lowlevel.spectral_centroid.dmean": 113.76167297363281,
                "lowlevel.spectral_centroid.dmean2": 165.35748291015625,
                "lowlevel.spectral_centroid.dvar": 40297.69140625,
                "lowlevel.spectral_centroid.dvar2": 77716.65625,
                "lowlevel.spectral_centroid.max": 5338.955078125,
                "lowlevel.spectral_centroid.mean": 665.4830322265625,
                "lowlevel.spectral_centroid.median": 524.48388671875,
                "lowlevel.spectral_centroid.min": 150.554931640625,
                "lowlevel.spectral_centroid.stdev": 501.3843688964844,
                "lowlevel.spectral_centroid.var": 251386.296875,
                "metadata.audio_properties.analysis.equal_loudness": 0.0,
                "rhythm.beats_loudness.dmean": 0.02355315536260605,
                "rhythm.beats_loudness.dmean2": 0.042598310858011246,
                "rhythm.beats_loudness.dvar": 0.0003889070067089051,
                "rhythm.beats_loudness.dvar2": 0.001206062501296401,
                "rhythm.beats_loudness.max": 0.14295174181461334,
                "rhythm.beats_loudness.mean": 0.04142375662922859,
                "rhythm.beats_loudness.median": 0.03858326002955437,
                "rhythm.beats_loudness.min": 1.7554704356825823e-09,
                "rhythm.beats_loudness.stdev": 0.02757931500673294,
                "rhythm.beats_loudness.var": 0.0007606186554767191,
                "rhythm.bpm": 90.36753845214844,
                "rhythm.bpm_histogram_first_peak_bpm": 91.0,
                "rhythm.bpm_histogram_first_peak_weight": 0.540489673614502,
                "rhythm.bpm_histogram_second_peak_bpm": 99.0,
                "rhythm.bpm_histogram_second_peak_spread": 0.4529411792755127,
                "rhythm.bpm_histogram_second_peak_weight": 0.12109375,
                "rhythm.danceability": 1.022623062133789
            }
        },
        {
            "id": "od1dv7k2cwA",
            "title": "Grateful Dead - \"Standing On The Moon\" (Shoreline, 6/2/95)",
            "views": 4305,
            "features": {
                "lowlevel.average_loudness": 0.06446301192045212,
                "lowlevel.loudness_ebu128.integrated": -20.675628662109375,
                "lowlevel.loudness_ebu128.loudness_range": 14.828858375549316,
                "lowlevel.loudness_ebu128.momentary.dmean": 1.0636540651321411,