{
    "song_title": "Stander On The Mountain",
    "artist": "Grateful Dead",
    "num_versions_processed": 3,
    "average_features": {
        "rhythm.beats_loudness.dvar": 0.0005391633797747394,
        "lowlevel.loudness_ebu128.momentary.median": -21.122071584065754,
        "lowlevel.loudness_ebu128.short_term.min": -52.46299489339193,
        "lowlevel.loudness_ebu128.short_term.dvar": 0.03283854822317759,
        "rhythm.beats_loudness.dvar2": 0.0015983098031332095,
        "rhythm.beats_loudness.min": 1.3834578832453795e-05,
        "lowlevel.loudness_ebu128.momentary.min": -88.6371358235677,
        "rhythm.bpm_histogram_second_peak_weight": 0.09981781989336014,
        "lowlevel.spectral_centroid.min": 202.9757283528646,
        "lowlevel.spectral_centroid.var": 199499.0,
        "lowlevel.loudness_ebu128.short_term.dvar2": 0.023111830775936443,
        "lowlevel.loudness_ebu128.short_term.stdev": 3.539052168528239,
        "rhythm.beats_loudness.max": 0.22151659429073334,
        "lowlevel.loudness_ebu128.momentary.dvar2": 1.052326222260793,
        "lowlevel.spectral_centroid.dvar2": 67703.27083333333,
        "lowlevel.loudness_ebu128.momentary.max": -12.53257942199707,
        "lowlevel.average_loudness": 0.5365272760391235,
        "lowlevel.loudness_ebu128.momentary.var": 30.878969192504883,
        "lowlevel.loudness_ebu128.loudness_range": 7.467995961507161,
        "rhythm.beats_loudness.dmean": 0.021798379719257355,
        "lowlevel.loudness_ebu128.momentary.dvar": 0.8120434085528055,
        "metadata.audio_properties.analysis.equal_loudness": 0.0,
        "lowlevel.spectral_centroid.dmean": 143.83670552571616,
        "rhythm.bpm": 135.2545420328776,
        "lowlevel.spectral_centroid.dvar": 31905.879557291668,
        "lowlevel.loudness_ebu128.momentary.dmean2": 0.815633237361908,
        "rhythm.bpm_histogram_first_peak_weight": 0.5766519904136658,
        "rhythm.bpm_histogram_second_peak_spread": 0.1351358691851298,
        "lowlevel.loudness_ebu128.momentary.mean": -22.415482838948567,
        "lowlevel.loudness_ebu128.momentary.dmean": 0.7601107954978943,
        "rhythm.beats_loudness.mean": 0.032703437531987824,
        "rhythm.bpm_histogram_second_peak_bpm": 129.0,
        "lowlevel.loudness_ebu128.integrated": -20.568854649861652,
        "rhythm.beats_loudness.var": 0.000715116155333817,
        "lowlevel.loudness_ebu128.momentary.stdev": 5.512375831604004,
        "lowlevel.loudness_ebu128.short_term.var": 12.610174814860025,
        "lowlevel.spectral_centroid.max": 5390.188151041667,
        "rhythm.beats_loudness.dmean2": 0.04008334130048752,
        "rhythm.danceability": 1.070045272509257,
        "lowlevel.loudness_ebu128.short_term.max": -16.713520367940266,
        "lowlevel.spectral_centroid.mean": 998.3888346354166,
        "rhythm.beats_loudness.stdev": 0.026741478592157364,
        "lowlevel.loudness_ebu128.short_term.dmean2": 0.109667107462883,
        "lowlevel.loudness_ebu128.short_term.dmean": 0.12294832120339076,
        "lowlevel.loudness_ebu128.short_term.mean": -21.678441365559895,
        "rhythm.bpm_histogram_first_peak_bpm": 136.0,
        "lowlevel.loudness_ebu128.short_term.median": -20.86710039774577,
        "lowlevel.spectral_centroid.median": 929.0281778971354,
        "lowlevel.spectral_centroid.stdev": 444.2754211425781,
        "lowlevel.spectral_centroid.dmean2": 223.43004353841147,
        "rhythm.beats_loudness.median": 0.026925108085076015
    },
    "outlier_flag": false,
    "outlier_reasons": null,
    "raw_versions": [
        {
            "id": "ecYP-MRHhdM",
            "title": "Stander on the Mountain (2 cam) Grateful Dead - 10-28-1990 Zenith, Paris (France) set1-10",
            "views": 4823,
            "features": {
                "lowlevel.average_loudness": 0.6659946441650391,
                "lowlevel.loudness_ebu128.integrated": -23.749893188476562,
                "lowlevel.loudness_ebu128.loudness_range": 6.7270965576171875,
                "lowlevel.loudness_ebu128.momentary.dmean": 0.7365694046020508,
                "lowlevel.loudness_ebu128.momentary.dmean2": 0.7982268929481506,
                "lowlevel.loudness_ebu128.momentary.dvar": 0.7960428595542908,
                "lowlevel.loudness_ebu128.momentary.dvar2": 1.012807011604309,
                "lowlevel.loudness_ebu128.momentary.max": -15.330881118774414,
                "lowlevel.loudness_ebu128.momentary.mean": -25.33490753173828,
                "lowlevel.loudness_ebu128.momentary.median": -24.135643005371094,
                "lowlevel.loudness_ebu128.momentary.min": -91.10636138916016,
                "lowlevel.loudness_ebu128.momentary.stdev": 4.852780818939209,
                "lowlevel.loudness_ebu128.momentary.var": 23.549480438232422,
                "lowlevel.loudness_ebu128.short_term.dmean": 0.11986485868692398,
                "lowlevel.loudness_ebu128.short_term.dmean2": 0.10791846364736557,
                "lowlevel.loudness_ebu128.short_term.dvar": 0.045802198350429535,
                "lowlevel.loudness_ebu128.short_term.dvar2": 0.03663741052150726,
                "lowlevel.loudness_ebu128.short_term.max": -19.994081497192383,
                "lowlevel.loudness_ebu128.short_term.mean": -24.66545295715332,
                "lowlevel.loudness_ebu128.short_term.median": -23.981361389160156,
                "lowlevel.loudness_ebu128.short_term.min": -51.27924346923828,
                "lowlevel.loudness_ebu128.short_term.stdev": 3.1754114627838135,
                "lowlevel.loudness_ebu128.short_term.var": 10.083237648010254,
                "lowlevel.spectral_centroid.dmean": 152.4266815185547,
                "lowlevel.spectral_centroid.dmean2": 237.9157257080078,
                "lowlevel.spectral_centroid.dvar": 35077.578125,
                "lowlevel.spectral_centroid.dvar2": 74055.78125,
                "lowlevel.spectral_centroid.max": 5404.54736328125,
                "lowlevel.spectral_centroid.mean": 1028.871337890625,
                "lowlevel.spectral_centroid.median": 963.8275146484375,
                "lowlevel.spectral_centroid.min": 200.0930633544922,
                "lowlevel.spectral_centroid.stdev": 443.158935546875,
                "lowlevel.spectral_centroid.var": 196389.84375,
                "metadata.audio_properties.analysis.equal_loudness": 0.0,
                "rhythm.beats_loudness.dmean": 0.02296275459229946,
                "rhythm.beats_loudness.dmean2": 0.042349912226200104,
                "rhythm.beats_loudness.dvar": 0.000508022727444768,
                "rhythm.beats_loudness.dvar2": 0.0015569889219477773,
                "rhythm.beats_loudness.max": 0.23376353085041046,
                "rhythm.beats_loudness.mean": 0.0358290858566761,
                "rhythm.beats_loudness.median": 0.030422016978263855,
                "rhythm.beats_loudness.min": 8.383737622352783e-06,
                "rhythm.beats_loudness.stdev": 0.026656655594706535,
                "rhythm.beats_loudness.var": 0.0007105772383511066,
                "rhythm.bpm": 135.5329132080078,
                "rhythm.bpm_histogram_first_peak_bpm": 136.0,
                "rhythm.bpm_histogram_first_peak_weight": 0.5945241451263428,
                "rhythm.bpm_histogram_second_peak_bpm": 129.0,
                "rhythm.bpm_histogram_second_peak_spread": 0.11016952991485596,
                "rhythm.bpm_histogram_second_peak_weight": 0.10847107321023941,
                "rhythm.danceability": 1.0671831369400024
            }
        },
        {
            "id": "ieA8yk6QOlk",
            "title": "Grateful Dead - Stander On The Mountain 10-28-90",
            "views": 1562,
            "features": {
                "lowlevel.average_loudness": 0.5831836462020874,
                "lowlevel.loudness_ebu128.integrated": -18.433820724487305,
                "lowlevel.loudness_ebu128.loudness_range": 6.806062698364258,
                "lowlevel.loudness_ebu128.momentary.dmean": 0.7234727740287781,