{
    "song_title": "Stealin'",
    "artist": "Grateful Dead",
    "num_versions_processed": 3,
    "features": {
        "lowlevel.loudness_ebu128.momentary.mean": -19.79701868693034,
        "rhythm.beats_loudness.min": 2.021845527163372e-05,
        "lowlevel.loudness_ebu128.short_term.stdev": 2.552110036214193,
        "lowlevel.spectral_centroid.dvar": 47592.505208333336,
        "lowlevel.loudness_ebu128.short_term.min": -34.12459754943848,
        "lowlevel.spectral_centroid.mean": 885.8419189453125,
        "lowlevel.loudness_ebu128.momentary.var": 226.99877166748047,
        "lowlevel.loudness_ebu128.short_term.dvar": 0.013390100405861935,
        "lowlevel.loudness_ebu128.momentary.max": -12.210330645243326,
        "lowlevel.spectral_centroid.median": 788.6513264973959,
        "rhythm.bpm_histogram_first_peak_weight": 0.4447819193204244,
        "rhythm.bpm_histogram_second_peak_bpm": 127.0,
        "rhythm.bpm_histogram_first_peak_bpm": 134.0,
        "lowlevel.spectral_centroid.min": 211.5633799235026,
        "rhythm.danceability": 1.2732385794321697,
        "lowlevel.loudness_ebu128.momentary.median": -18.58288065592448,
        "rhythm.bpm": 133.48859151204428,
        "lowlevel.loudness_ebu128.short_term.var": 9.0058722893397,
        "lowlevel.loudness_ebu128.loudness_range": 4.508519172668457,
        "lowlevel.spectral_centroid.dvar2": 102294.453125,
        "lowlevel.loudness_ebu128.momentary.dvar2": 12.569681147734324,
        "lowlevel.spectral_centroid.dmean2": 252.89812723795572,
        "lowlevel.loudness_ebu128.short_term.mean": -18.526724179585774,
        "lowlevel.spectral_centroid.dmean": 163.71017710367838,
        "rhythm.beats_loudness.var": 0.00047057316987775266,
        "rhythm.bpm_histogram_second_peak_spread": 0.1388888955116272,
        "lowlevel.loudness_ebu128.momentary.dmean": 0.7548167904218038,
        "rhythm.beats_loudness.max": 0.14896882573763529,
        "lowlevel.spectral_centroid.var": 511043.21875,
        "rhythm.beats_loudness.mean": 0.03618518325189749,
        "rhythm.beats_loudness.dmean": 0.018419433385133743,
        "lowlevel.loudness_ebu128.short_term.max": -14.730433464050293,
        "lowlevel.loudness_ebu128.short_term.median": -18.283820470174152,
        "lowlevel.loudness_ebu128.momentary.dmean2": 0.9787641167640686,
        "lowlevel.spectral_centroid.max": 11332.708658854166,
        "lowlevel.loudness_ebu128.short_term.dmean2": 0.1264201154311498,
        "rhythm.beats_loudness.dmean2": 0.031233397622903187,
        "lowlevel.spectral_centroid.stdev": 650.4145711263021,
        "metadata.audio_properties.analysis.equal_loudness": 0.0,
        "rhythm.beats_loudness.stdev": 0.021665118013819058,
        "lowlevel.loudness_ebu128.momentary.stdev": 11.79511300722758,
        "rhythm.beats_loudness.dvar2": 0.0009712501584241787,
        "rhythm.beats_loudness.median": 0.031427886337041855,
        "rhythm.beats_loudness.dvar": 0.0003282215232805659,
        "lowlevel.average_loudness": 0.7965831955273946,
        "lowlevel.loudness_ebu128.short_term.dmean": 0.10779409855604172,
        "lowlevel.loudness_ebu128.momentary.dvar": 8.522079030672709,
        "lowlevel.loudness_ebu128.momentary.min": -186.32266998291016,
        "lowlevel.loudness_ebu128.short_term.dvar2": 0.01296325090030829,
        "lowlevel.loudness_ebu128.integrated": -17.9386723836263,
        "rhythm.bpm_histogram_second_peak_weight": 0.043231320877869926
    },
    "outlier_reasons": null,
    "outlier_flag": false
}