{
    "song_title": "Stella Blue",
    "artist": "Grateful Dead",
    "num_versions_processed": 3,
    "average_features": {
        "lowlevel.loudness_ebu128.short_term.dvar2": 0.03827629735072454,
        "lowlevel.loudness_ebu128.momentary.var": 59.5134162902832,
        "lowlevel.loudness_ebu128.momentary.min": -63.98810323079427,
        "lowlevel.spectral_centroid.dvar": 44426.6328125,
        "rhythm.beats_loudness.min": 3.05898431084047e-05,
        "lowlevel.spectral_centroid.mean": 860.7649739583334,
        "rhythm.beats_loudness.dvar": 0.0009097693546209484,
        "rhythm.bpm_histogram_first_peak_bpm": 117.0,
        "rhythm.beats_loudness.median": 0.013041435896108547,
        "lowlevel.loudness_ebu128.integrated": -16.61393102010091,
        "lowlevel.loudness_ebu128.short_term.mean": -20.349419275919598,
        "rhythm.beats_loudness.dmean2": 0.03543073435624441,
        "lowlevel.loudness_ebu128.momentary.dvar2": 1.248154640197754,
        "rhythm.bpm_histogram_second_peak_weight": 0.13719494392474493,
        "lowlevel.loudness_ebu128.loudness_range": 13.762072563171387,
        "rhythm.bpm_histogram_second_peak_bpm": 116.33333333333333,
        "lowlevel.loudness_ebu128.short_term.min": -55.53508059183756,
        "lowlevel.loudness_ebu128.short_term.stdev": 6.3514682451883955,
        "lowlevel.loudness_ebu128.short_term.dmean2": 0.12292291720708211,
        "lowlevel.loudness_ebu128.short_term.var": 41.78238995869955,
        "rhythm.beats_loudness.mean": 0.026194498563806217,
        "lowlevel.spectral_centroid.max": 11151.032552083334,
        "lowlevel.loudness_ebu128.momentary.dvar": 1.0056113203366597,
        "rhythm.beats_loudness.stdev": 0.033937002842624985,
        "lowlevel.loudness_ebu128.momentary.max": -8.975471496582031,
        "lowlevel.spectral_centroid.median": 719.9726969401041,
        "lowlevel.loudness_ebu128.momentary.dmean": 0.8750672340393066,
        "lowlevel.loudness_ebu128.short_term.dvar": 0.0586147370437781,
        "rhythm.beats_loudness.var": 0.0012640679681984086,
        "lowlevel.loudness_ebu128.momentary.stdev": 7.589097340901692,
        "lowlevel.loudness_ebu128.momentary.mean": -21.389387766520183,
        "rhythm.beats_loudness.dmean": 0.019441115980346996,
        "lowlevel.average_loudness": 0.2814526396493117,
        "lowlevel.loudness_ebu128.short_term.median": -20.10642687479655,
        "rhythm.beats_loudness.max": 0.25091152389844257,
        "metadata.audio_properties.analysis.equal_loudness": 0.0,
        "lowlevel.loudness_ebu128.momentary.dmean2": 0.8594295382499695,
        "lowlevel.spectral_centroid.dvar2": 85643.45572916667,
        "lowlevel.loudness_ebu128.short_term.max": -11.466650327046713,
        "lowlevel.spectral_centroid.var": 306644.9010416667,
        "rhythm.bpm_histogram_first_peak_weight": 0.5746194918950399,
        "lowlevel.loudness_ebu128.momentary.median": -20.75912030537923,
        "rhythm.bpm": 112.79895528157552,
        "rhythm.beats_loudness.dvar2": 0.002944376280841728,
        "lowlevel.loudness_ebu128.short_term.dmean": 0.16366993387540182,
        "lowlevel.spectral_centroid.stdev": 543.6508178710938,
        "lowlevel.spectral_centroid.dmean": 124.73532358805339,
        "lowlevel.spectral_centroid.dmean2": 189.10087076822916,
        "rhythm.danceability": 1.0411494572957356,
        "lowlevel.spectral_centroid.min": 161.28853861490884,
        "rhythm.bpm_histogram_second_peak_spread": 0.47661421696345013
    },
    "outlier_flag": true,
    "outlier_reasons": [
        "BPM Variance: 61.70 (limit 60)"
    ],
    "raw_versions": [
        {
            "id": "x65DQgGbqIc",
            "title": "Grateful Dead [4k Remaster]  Stella Blue - Winterland 1974",
            "views": 125415,
            "features": {
                "lowlevel.average_loudness": 0.039695318788290024,
                "lowlevel.loudness_ebu128.integrated": -16.504066467285156,
                "lowlevel.loudness_ebu128.loudness_range": 18.016559600830078,
                "lowlevel.loudness_ebu128.momentary.dmean": 0.9881765246391296,
                "lowlevel.loudness_ebu128.momentary.dmean2": 0.9786266088485718,
                "lowlevel.loudness_ebu128.momentary.dvar": 1.200276494026184,
                "lowlevel.loudness_ebu128.momentary.dvar2": 1.4547287225723267,
                "lowlevel.loudness_ebu128.momentary.max": -8.75010871887207,
                "lowlevel.loudness_ebu128.momentary.mean": -23.56400489807129,
                "lowlevel.loudness_ebu128.momentary.median": -23.824289321899414,
                "lowlevel.loudness_ebu128.momentary.min": -61.06884002685547,
                "lowlevel.loudness_ebu128.momentary.stdev": 7.817261219024658,
                "lowlevel.loudness_ebu128.momentary.var": 61.10956954956055,
                "lowlevel.loudness_ebu128.short_term.dmean": 0.1897905021905899,
                "lowlevel.loudness_ebu128.short_term.dmean2": 0.13909855484962463,
                "lowlevel.loudness_ebu128.short_term.dvar": 0.07316835969686508,
                "lowlevel.loudness_ebu128.short_term.dvar2": 0.04731060191988945,
                "lowlevel.loudness_ebu128.short_term.max": -10.813557624816895,
                "lowlevel.loudness_ebu128.short_term.mean": -22.313013076782227,
                "lowlevel.loudness_ebu128.short_term.median": -22.763782501220703,
                "lowlevel.loudness_ebu128.short_term.min": -45.68132781982422,
                "lowlevel.loudness_ebu128.short_term.stdev": 6.58624267578125,
                "lowlevel.loudness_ebu128.short_term.var": 43.37859344482422,
                "lowlevel.spectral_centroid.dmean": 116.42931365966797,
                "lowlevel.spectral_centroid.dmean2": 176.64224243164062,
                "lowlevel.spectral_centroid.dvar": 51702.859375,
                "lowlevel.spectral_centroid.dvar2": 96955.4375,
                "lowlevel.spectral_centroid.max": 11402.412109375,
                "lowlevel.spectral_centroid.mean": 787.9780883789062,
                "lowlevel.spectral_centroid.median": 594.89111328125,
                "lowlevel.spectral_centroid.min": 98.48774719238281,
                "lowlevel.spectral_centroid.stdev": 586.5307006835938,
                "lowlevel.spectral_centroid.var": 344018.25,
                "metadata.audio_properties.analysis.equal_loudness": 0.0,
                "rhythm.beats_loudness.dmean": 0.024554474279284477,
                "rhythm.beats_loudness.dmean2": 0.04627123102545738,
                "rhythm.beats_loudness.dvar": 0.001957624452188611,
                "rhythm.beats_loudness.dvar2": 0.0065622818656265736,
                "rhythm.beats_loudness.max": 0.39412879943847656,
                "rhythm.beats_loudness.mean": 0.026554198935627937,
                "rhythm.beats_loudness.median": 0.005242133047431707,
                "rhythm.beats_loudness.min": 2.645317181304563e-06,
                "rhythm.beats_loudness.stdev": 0.048887480050325394,
                "rhythm.beats_loudness.var": 0.0023899858351796865,
                "rhythm.bpm": 95.27119445800781,
                "rhythm.bpm_histogram_first_peak_bpm": 96.0,
                "rhythm.bpm_histogram_first_peak_weight": 0.7432646751403809,
                "rhythm.bpm_histogram_second_peak_bpm": 103.0,
                "rhythm.bpm_histogram_second_peak_spread": 0.5762711763381958,
                "rhythm.bpm_histogram_second_peak_weight": 0.05411255359649658,
                "rhythm.danceability": 1.0664992332458496
            }
        },
        {
            "id": "PoNxW7FpWL4",
            "title": "Stella Blue - Grateful Dead - 9-19-1990 Madison Sq. Garden, NY, set 2-19",
            "views": 28715,
            "features": {
                "lowlevel.average_loudness": 0.1646260768175125,
                "lowlevel.loudness_ebu128.integrated": -16.363801956176758,
                "lowlevel.loudness_ebu128.loudness_range": 13.545889854431152,