{
    "song_title": "Sugar Magnolia",
    "artist": "Grateful Dead",
    "num_versions_processed": 3,
    "average_features": {
        "lowlevel.loudness_ebu128.momentary.dmean2": 0.692486306031545,
        "lowlevel.loudness_ebu128.short_term.median": -14.160113334655762,
        "lowlevel.spectral_centroid.median": 1032.7110799153645,
        "rhythm.beats_loudness.var": 0.0007064855793335786,
        "rhythm.beats_loudness.dvar": 0.0004638655858191972,
        "lowlevel.loudness_ebu128.short_term.stdev": 3.1466031074523926,
        "lowlevel.loudness_ebu128.integrated": -13.980588912963867,
        "rhythm.beats_loudness.max": 0.20343623061974844,
        "lowlevel.spectral_centroid.max": 11003.0029296875,
        "lowlevel.spectral_centroid.min": 167.4463907877604,
        "lowlevel.loudness_ebu128.momentary.stdev": 4.483004331588745,
        "rhythm.bpm": 152.05085245768228,
        "lowlevel.loudness_ebu128.loudness_range": 6.5478159586588545,
        "rhythm.beats_loudness.mean": 0.039813836415608726,
        "rhythm.bpm_histogram_second_peak_weight": 0.2004857249557972,
        "metadata.audio_properties.analysis.equal_loudness": 0.0,
        "lowlevel.loudness_ebu128.short_term.var": 10.53894599278768,
        "rhythm.beats_loudness.dvar2": 0.0013830024981871247,
        "rhythm.bpm_histogram_second_peak_bpm": 160.33333333333334,
        "lowlevel.loudness_ebu128.momentary.mean": -15.258810997009277,
        "lowlevel.loudness_ebu128.short_term.max": -10.677772521972656,
        "rhythm.beats_loudness.stdev": 0.02584658997754256,
        "lowlevel.loudness_ebu128.momentary.dmean": 0.6320579449335734,
        "lowlevel.spectral_centroid.mean": 1113.8265380859375,
        "lowlevel.spectral_centroid.stdev": 507.7338053385417,
        "rhythm.beats_loudness.median": 0.03633632448812326,
        "lowlevel.loudness_ebu128.short_term.dmean": 0.094312384724617,
        "lowlevel.loudness_ebu128.short_term.dvar2": 0.01657797023653984,
        "rhythm.beats_loudness.dmean2": 0.040029168128967285,
        "lowlevel.loudness_ebu128.short_term.mean": -14.826852798461914,
        "lowlevel.loudness_ebu128.momentary.var": 21.52727444966634,
        "rhythm.beats_loudness.dmean": 0.022331189053754013,
        "lowlevel.loudness_ebu128.momentary.min": -75.75951131184895,
        "lowlevel.loudness_ebu128.momentary.dvar": 0.6542988618214926,
        "lowlevel.spectral_centroid.dmean": 185.3294474283854,
        "lowlevel.spectral_centroid.var": 258875.96354166666,
        "rhythm.beats_loudness.min": 5.21299954959568e-06,
        "lowlevel.average_loudness": 0.6873049338658651,
        "lowlevel.loudness_ebu128.short_term.dmean2": 0.10330842187007268,
        "lowlevel.loudness_ebu128.short_term.min": -37.082838694254555,
        "rhythm.bpm_histogram_first_peak_bpm": 152.33333333333334,
        "lowlevel.loudness_ebu128.momentary.max": -8.496288140614828,
        "lowlevel.spectral_centroid.dmean2": 281.02317810058594,
        "rhythm.bpm_histogram_second_peak_spread": 0.20838419596354166,
        "lowlevel.loudness_ebu128.short_term.dvar": 0.015811093151569366,
        "lowlevel.loudness_ebu128.momentary.median": -14.260164260864258,
        "rhythm.danceability": 1.2659742832183838,
        "lowlevel.spectral_centroid.dvar": 49432.25390625,
        "rhythm.bpm_histogram_first_peak_weight": 0.37577178080876666,
        "lowlevel.loudness_ebu128.momentary.dvar2": 0.808201273282369,
        "lowlevel.spectral_centroid.dvar2": 106181.5859375
    },
    "outlier_flag": true,
    "outlier_reasons": [
        "Danceability Variance: 0.26 (limit 0.2)",
        "Loudness Variance: 6.83 (limit 6.0)"
    ],
    "raw_versions": [
        {
            "id": "FkmtOGAsCmE",
            "title": "Grateful Dead [4K Remaster] Sugar Magnolia - Winterland 1974 [Pro Shot]",
            "views": 104959,
            "features": {
                "lowlevel.average_loudness": 0.6900181770324707,
                "lowlevel.loudness_ebu128.integrated": -12.826008796691895,
                "lowlevel.loudness_ebu128.loudness_range": 6.0063323974609375,
                "lowlevel.loudness_ebu128.momentary.dmean": 0.6263495683670044,
                "lowlevel.loudness_ebu128.momentary.dmean2": 0.6856994032859802,
                "lowlevel.loudness_ebu128.momentary.dvar": 0.5162779092788696,
                "lowlevel.loudness_ebu128.momentary.dvar2": 0.6337317228317261,
                "lowlevel.loudness_ebu128.momentary.max": -8.22484302520752,
                "lowlevel.loudness_ebu128.momentary.mean": -13.790122985839844,
                "lowlevel.loudness_ebu128.momentary.median": -12.880048751831055,
                "lowlevel.loudness_ebu128.momentary.min": -48.34544372558594,
                "lowlevel.loudness_ebu128.momentary.stdev": 3.386641263961792,
                "lowlevel.loudness_ebu128.momentary.var": 11.469338417053223,
                "lowlevel.loudness_ebu128.short_term.dmean": 0.08820235729217529,
                "lowlevel.loudness_ebu128.short_term.dmean2": 0.10174529999494553,
                "lowlevel.loudness_ebu128.short_term.dvar": 0.010973864234983921,
                "lowlevel.loudness_ebu128.short_term.dvar2": 0.01696859858930111,
                "lowlevel.loudness_ebu128.short_term.max": -10.013405799865723,
                "lowlevel.loudness_ebu128.short_term.mean": -13.424756050109863,
                "lowlevel.loudness_ebu128.short_term.median": -12.789949417114258,
                "lowlevel.loudness_ebu128.short_term.min": -24.988750457763672,
                "lowlevel.loudness_ebu128.short_term.stdev": 2.498138666152954,
                "lowlevel.loudness_ebu128.short_term.var": 6.240696430206299,
                "lowlevel.spectral_centroid.dmean": 175.6416778564453,
                "lowlevel.spectral_centroid.dmean2": 266.9473876953125,
                "lowlevel.spectral_centroid.dvar": 42096.078125,
                "lowlevel.spectral_centroid.dvar2": 87560.546875,
                "lowlevel.spectral_centroid.max": 11178.1884765625,
                "lowlevel.spectral_centroid.mean": 1142.053466796875,
                "lowlevel.spectral_centroid.median": 1032.0902099609375,
                "lowlevel.spectral_centroid.min": 221.2172088623047,
                "lowlevel.spectral_centroid.stdev": 542.2015380859375,
                "lowlevel.spectral_centroid.var": 293982.53125,
                "metadata.audio_properties.analysis.equal_loudness": 0.0,
                "rhythm.beats_loudness.dmean": 0.0251715499907732,
                "rhythm.beats_loudness.dmean2": 0.045513130724430084,
                "rhythm.beats_loudness.dvar": 0.0005486040026880801,
                "rhythm.beats_loudness.dvar2": 0.0016470402479171753,
                "rhythm.beats_loudness.max": 0.20317532122135162,
                "rhythm.beats_loudness.mean": 0.04269995912909508,
                "rhythm.beats_loudness.median": 0.03947743773460388,
                "rhythm.beats_loudness.min": 1.5636880561942235e-05,
                "rhythm.beats_loudness.stdev": 0.027583416551351547,
                "rhythm.beats_loudness.var": 0.0007608449086546898,
                "rhythm.bpm": 148.71820068359375,
                "rhythm.bpm_histogram_first_peak_bpm": 148.0,
                "rhythm.bpm_histogram_first_peak_weight": 0.3937106728553772,
                "rhythm.bpm_histogram_second_peak_bpm": 172.0,
                "rhythm.bpm_histogram_second_peak_spread": 0.0,
                "rhythm.bpm_histogram_second_peak_weight": 0.024361949414014816,
                "rhythm.danceability": 1.377870798110962
            }
        },
        {
            "id": "DL-lXXFSAtI",
            "title": "Sugar Magnolia (Live in Paris, 1972) (2001 Remaster)",
            "views": 355969,
            "features": {
                "lowlevel.average_loudness": 0.6736575365066528,
                "lowlevel.loudness_ebu128.integrated": -11.144585609436035,