{
    "song_title": "Sunrise",
    "artist": "Grateful Dead",
    "num_versions_processed": 3,
    "average_features": {
        "lowlevel.loudness_ebu128.short_term.dvar2": 0.47954363375902176,
        "lowlevel.loudness_ebu128.momentary.var": 200.32291666666666,
        "lowlevel.loudness_ebu128.momentary.min": -90.67116038004558,
        "lowlevel.spectral_centroid.dvar": 51295.96875,
        "rhythm.beats_loudness.min": 1.9496319188701725e-09,
        "lowlevel.spectral_centroid.mean": 1023.2987060546875,
        "rhythm.beats_loudness.dvar": 0.0007941386429592967,
        "rhythm.bpm_histogram_first_peak_bpm": 109.0,
        "rhythm.beats_loudness.median": 0.021963179111480713,
        "lowlevel.loudness_ebu128.integrated": -17.208234786987305,
        "lowlevel.loudness_ebu128.short_term.mean": -23.535303751627605,
        "rhythm.beats_loudness.dmean2": 0.035547746966282524,
        "lowlevel.loudness_ebu128.momentary.dvar2": 2.3167110284169516,
        "rhythm.bpm_histogram_second_peak_weight": 0.12579538176457086,
        "lowlevel.loudness_ebu128.loudness_range": 15.151168823242188,
        "rhythm.bpm_histogram_second_peak_bpm": 114.33333333333333,
        "lowlevel.loudness_ebu128.short_term.min": -89.29239145914714,
        "lowlevel.loudness_ebu128.short_term.stdev": 12.244574546813965,
        "lowlevel.loudness_ebu128.short_term.dmean2": 0.1379457414150238,
        "lowlevel.loudness_ebu128.short_term.var": 150.49210611979166,
        "rhythm.beats_loudness.mean": 0.036067801217238106,
        "lowlevel.spectral_centroid.max": 7533.383463541667,
        "lowlevel.loudness_ebu128.momentary.dvar": 1.5635348558425903,
        "rhythm.beats_loudness.stdev": 0.03895797083775202,
        "lowlevel.loudness_ebu128.momentary.max": -11.226365407307943,
        "lowlevel.spectral_centroid.median": 885.3402709960938,
        "lowlevel.loudness_ebu128.momentary.dmean": 0.829105794429779,
        "lowlevel.loudness_ebu128.short_term.dvar": 0.281245406717062,
        "rhythm.beats_loudness.var": 0.0015302733906234305,
        "lowlevel.loudness_ebu128.momentary.stdev": 14.139510154724121,
        "lowlevel.loudness_ebu128.momentary.mean": -24.80606969197591,
        "rhythm.beats_loudness.dmean": 0.01984826723734538,
        "lowlevel.average_loudness": 0.39280271530151367,
        "lowlevel.loudness_ebu128.short_term.median": -19.393230438232422,
        "rhythm.beats_loudness.max": 0.21513554453849792,
        "metadata.audio_properties.analysis.equal_loudness": 0.0,
        "lowlevel.loudness_ebu128.momentary.dmean2": 0.8887028694152832,
        "lowlevel.spectral_centroid.dvar2": 103451.61458333333,
        "lowlevel.loudness_ebu128.short_term.max": -12.831501642862955,
        "lowlevel.spectral_centroid.var": 617460.6770833334,
        "rhythm.bpm_histogram_first_peak_weight": 0.38342392444610596,
        "lowlevel.loudness_ebu128.momentary.median": -20.236404101053875,
        "rhythm.bpm": 110.3273188273112,
        "rhythm.beats_loudness.dvar2": 0.0023243154088656106,
        "lowlevel.loudness_ebu128.short_term.dmean": 0.1551297257343928,
        "lowlevel.spectral_centroid.stdev": 784.0600382486979,
        "lowlevel.spectral_centroid.dmean": 150.15042622884116,
        "lowlevel.spectral_centroid.dmean2": 228.50938924153647,
        "rhythm.danceability": 1.0553387800852458,
        "lowlevel.spectral_centroid.min": 147.91324615478516,
        "rhythm.bpm_histogram_second_peak_spread": 0.15740088621775308
    },
    "outlier_flag": true,
    "outlier_reasons": [
        "BPM Variance: 78.94 (limit 60)"
    ],
    "raw_versions": [
        {
            "id": "eod-I3aElxE",
            "title": "Grateful Dead - Sunrise",
            "views": 6609,
            "features": {
                "lowlevel.average_loudness": 0.40845003724098206,
                "lowlevel.loudness_ebu128.integrated": -21.77248764038086,
                "lowlevel.loudness_ebu128.loudness_range": 16.171232223510742,
                "lowlevel.loudness_ebu128.momentary.dmean": 0.8947715163230896,
                "lowlevel.loudness_ebu128.momentary.dmean2": 1.011572241783142,
                "lowlevel.loudness_ebu128.momentary.dvar": 1.6724973917007446,
                "lowlevel.loudness_ebu128.momentary.dvar2": 2.4744744300842285,
                "lowlevel.loudness_ebu128.momentary.max": -16.50201416015625,
                "lowlevel.loudness_ebu128.momentary.mean": -29.889713287353516,
                "lowlevel.loudness_ebu128.momentary.median": -25.05948829650879,
                "lowlevel.loudness_ebu128.momentary.min": -91.11675262451172,
                "lowlevel.loudness_ebu128.momentary.stdev": 13.48268985748291,
                "lowlevel.loudness_ebu128.momentary.var": 181.7829132080078,
                "lowlevel.loudness_ebu128.short_term.dmean": 0.1603759080171585,
                "lowlevel.loudness_ebu128.short_term.dmean2": 0.14916446805000305,
                "lowlevel.loudness_ebu128.short_term.dvar": 0.0625978633761406,
                "lowlevel.loudness_ebu128.short_term.dvar2": 0.06994777172803879,
                "lowlevel.loudness_ebu128.short_term.max": -17.523637771606445,
                "lowlevel.loudness_ebu128.short_term.mean": -28.639148712158203,
                "lowlevel.loudness_ebu128.short_term.median": -24.199501037597656,
                "lowlevel.loudness_ebu128.short_term.min": -90.14508819580078,
                "lowlevel.loudness_ebu128.short_term.stdev": 11.682673454284668,
                "lowlevel.loudness_ebu128.short_term.var": 136.48484802246094,
                "lowlevel.spectral_centroid.dmean": 188.41127014160156,
                "lowlevel.spectral_centroid.dmean2": 285.6954345703125,
                "lowlevel.spectral_centroid.dvar": 73066.34375,
                "lowlevel.spectral_centroid.dvar2": 142216.171875,
                "lowlevel.spectral_centroid.max": 6677.25537109375,
                "lowlevel.spectral_centroid.mean": 1184.9583740234375,
                "lowlevel.spectral_centroid.median": 1067.519287109375,
                "lowlevel.spectral_centroid.min": 130.70497131347656,
                "lowlevel.spectral_centroid.stdev": 815.0198974609375,
                "lowlevel.spectral_centroid.var": 664257.4375,
                "metadata.audio_properties.analysis.equal_loudness": 0.0,
                "rhythm.beats_loudness.dmean": 0.016486354172229767,
                "rhythm.beats_loudness.dmean2": 0.02918071672320366,
                "rhythm.beats_loudness.dvar": 0.000509601435624063,
                "rhythm.beats_loudness.dvar2": 0.0014664209447801113,
                "rhythm.beats_loudness.max": 0.15962524712085724,
                "rhythm.beats_loudness.mean": 0.03232758864760399,
                "rhythm.beats_loudness.median": 0.017616819590330124,
                "rhythm.beats_loudness.min": 3.840538109756153e-09,
                "rhythm.beats_loudness.stdev": 0.03496549278497696,
                "rhythm.beats_loudness.var": 0.0012225855607539415,
                "rhythm.bpm": 83.96082305908203,
                "rhythm.bpm_histogram_first_peak_bpm": 83.0,
                "rhythm.bpm_histogram_first_peak_weight": 0.364341139793396,
                "rhythm.bpm_histogram_second_peak_bpm": 88.0,
                "rhythm.bpm_histogram_second_peak_spread": 0.2653060555458069,
                "rhythm.bpm_histogram_second_peak_weight": 0.10198300331830978,
                "rhythm.danceability": 1.0690510272979736
            }
        },
        {
            "id": "mev6DWcygiU",
            "title": "Grateful Dead - \"Sunrise\" (Toronto, 11/2/77)",
            "views": 23301,
            "features": {
                "lowlevel.average_loudness": 0.27860793471336365,
                "lowlevel.loudness_ebu128.integrated": -16.66990089416504,
                "lowlevel.loudness_ebu128.loudness_range": 14.33690071105957,
                "lowlevel.loudness_ebu128.momentary.dmean": 0.8060030341148376,