{
    "song_title": "Swing Low, Sweet Chariot",
    "artist": "Grateful Dead",
    "num_versions_processed": 3,
    "average_features": {
        "lowlevel.loudness_ebu128.momentary.dmean2": 0.9836517373720804,
        "lowlevel.loudness_ebu128.short_term.median": -17.167842547098797,
        "lowlevel.spectral_centroid.median": 912.00634765625,
        "rhythm.beats_loudness.var": 0.0007297846605069935,
        "rhythm.beats_loudness.dvar": 0.0005034679779782891,
        "lowlevel.loudness_ebu128.short_term.stdev": 7.2255362669626875,
        "lowlevel.loudness_ebu128.integrated": -16.243570645650227,
        "rhythm.beats_loudness.max": 0.22981681923071542,
        "lowlevel.spectral_centroid.max": 11227.9228515625,
        "lowlevel.spectral_centroid.min": 202.9429931640625,
        "lowlevel.loudness_ebu128.momentary.stdev": 10.149803479512533,
        "rhythm.bpm": 110.23386637369792,
        "lowlevel.loudness_ebu128.loudness_range": 7.411115010579427,
        "rhythm.beats_loudness.mean": 0.028648806114991505,
        "rhythm.bpm_histogram_second_peak_weight": 0.10756742705901463,
        "metadata.audio_properties.analysis.equal_loudness": 0.0,
        "lowlevel.loudness_ebu128.short_term.var": 62.730770111083984,
        "rhythm.beats_loudness.dvar2": 0.0013774177447582285,
        "rhythm.bpm_histogram_second_peak_bpm": 113.0,
        "lowlevel.loudness_ebu128.momentary.mean": -19.467938741048176,
        "lowlevel.loudness_ebu128.short_term.max": -11.067952156066895,
        "rhythm.beats_loudness.stdev": 0.026249331111709278,
        "lowlevel.loudness_ebu128.momentary.dmean": 0.7692065636316935,
        "lowlevel.spectral_centroid.mean": 1123.5815836588542,
        "lowlevel.spectral_centroid.stdev": 758.05615234375,
        "rhythm.beats_loudness.median": 0.023574483891328175,
        "lowlevel.loudness_ebu128.short_term.dmean": 0.13957038025061289,
        "lowlevel.loudness_ebu128.short_term.dvar2": 0.39637310709804296,
        "rhythm.beats_loudness.dmean2": 0.02731604004899661,
        "lowlevel.loudness_ebu128.short_term.mean": -18.34594472249349,
        "lowlevel.loudness_ebu128.momentary.var": 114.4176394144694,
        "rhythm.beats_loudness.dmean": 0.01589109655469656,
        "lowlevel.loudness_ebu128.momentary.min": -89.79486592610677,
        "lowlevel.loudness_ebu128.momentary.dvar": 1.068709929784139,
        "lowlevel.spectral_centroid.dmean": 211.76960245768228,
        "lowlevel.spectral_centroid.var": 599770.9270833334,
        "rhythm.beats_loudness.min": 2.709974152489044e-09,
        "lowlevel.average_loudness": 0.2998856802781423,
        "lowlevel.loudness_ebu128.short_term.dmean2": 0.12545564770698547,
        "lowlevel.loudness_ebu128.short_term.min": -73.02827962239583,
        "rhythm.bpm_histogram_first_peak_bpm": 110.0,
        "lowlevel.loudness_ebu128.momentary.max": -8.023735841115316,
        "lowlevel.spectral_centroid.dmean2": 325.1800231933594,
        "rhythm.bpm_histogram_second_peak_spread": 0.2737274368604024,
        "lowlevel.loudness_ebu128.short_term.dvar": 0.3022036161273718,
        "lowlevel.loudness_ebu128.momentary.median": -17.53575865427653,
        "rhythm.danceability": 1.0267664790153503,
        "lowlevel.spectral_centroid.dvar": 66694.26171875,
        "rhythm.bpm_histogram_first_peak_weight": 0.5172438820203146,
        "lowlevel.loudness_ebu128.momentary.dvar2": 1.6923693815867107,
        "lowlevel.spectral_centroid.dvar2": 139173.2578125
    },
    "outlier_flag": false,
    "outlier_reasons": null,
    "raw_versions": [
        {
            "id": "OVJB_QNMjSU",
            "title": "Jerry Garcia & Bob Weir - \"Swing Low Sweet Chariot\"",
            "views": 101003,
            "features": {
                "lowlevel.average_loudness": 0.7569980621337891,
                "lowlevel.loudness_ebu128.integrated": -12.330070495605469,
                "lowlevel.loudness_ebu128.loudness_range": 5.848025321960449,
                "lowlevel.loudness_ebu128.momentary.dmean": 0.6174628734588623,
                "lowlevel.loudness_ebu128.momentary.dmean2": 0.7688906192779541,
                "lowlevel.loudness_ebu128.momentary.dvar": 0.6954233646392822,
                "lowlevel.loudness_ebu128.momentary.dvar2": 0.7736247777938843,
                "lowlevel.loudness_ebu128.momentary.max": -7.103649616241455,
                "lowlevel.loudness_ebu128.momentary.mean": -16.38899803161621,
                "lowlevel.loudness_ebu128.momentary.median": -12.810921669006348,
                "lowlevel.loudness_ebu128.momentary.min": -91.01449584960938,
                "lowlevel.loudness_ebu128.momentary.stdev": 13.987004280090332,
                "lowlevel.loudness_ebu128.momentary.var": 195.6362762451172,
                "lowlevel.loudness_ebu128.short_term.dmean": 0.12906262278556824,
                "lowlevel.loudness_ebu128.short_term.dmean2": 0.09800195693969727,
                "lowlevel.loudness_ebu128.short_term.dvar": 0.2901492416858673,
                "lowlevel.loudness_ebu128.short_term.dvar2": 0.14812897145748138,
                "lowlevel.loudness_ebu128.short_term.max": -9.62791919708252,
                "lowlevel.loudness_ebu128.short_term.mean": -15.121797561645508,
                "lowlevel.loudness_ebu128.short_term.median": -12.446093559265137,
                "lowlevel.loudness_ebu128.short_term.min": -90.13397979736328,
                "lowlevel.loudness_ebu128.short_term.stdev": 10.984959602355957,
                "lowlevel.loudness_ebu128.short_term.var": 120.66934204101562,
                "lowlevel.spectral_centroid.dmean": 227.79893493652344,
                "lowlevel.spectral_centroid.dmean2": 346.438232421875,
                "lowlevel.spectral_centroid.dvar": 66869.96875,
                "lowlevel.spectral_centroid.dvar2": 136757.34375,
                "lowlevel.spectral_centroid.max": 10911.19140625,
                "lowlevel.spectral_centroid.mean": 1402.962158203125,
                "lowlevel.spectral_centroid.median": 1178.82080078125,
                "lowlevel.spectral_centroid.min": 225.90069580078125,
                "lowlevel.spectral_centroid.stdev": 912.8890380859375,
                "lowlevel.spectral_centroid.var": 833366.4375,
                "metadata.audio_properties.analysis.equal_loudness": 0.0,
                "rhythm.beats_loudness.dmean": 0.01277863048017025,
                "rhythm.beats_loudness.dmean2": 0.02177754044532776,
                "rhythm.beats_loudness.dvar": 0.00016740313731133938,
                "rhythm.beats_loudness.dvar2": 0.00045335886534303427,
                "rhythm.beats_loudness.max": 0.1113128811120987,
                "rhythm.beats_loudness.mean": 0.031101370230317116,
                "rhythm.beats_loudness.median": 0.03155769780278206,
                "rhythm.beats_loudness.min": 6.657069895332768e-10,
                "rhythm.beats_loudness.stdev": 0.020110733807086945,
                "rhythm.beats_loudness.var": 0.00040444161277264357,
                "rhythm.bpm": 117.96463775634766,
                "rhythm.bpm_histogram_first_peak_bpm": 117.0,
                "rhythm.bpm_histogram_first_peak_weight": 0.39922481775283813,
                "rhythm.bpm_histogram_second_peak_bpm": 126.0,
                "rhythm.bpm_histogram_second_peak_spread": 0.5142857432365417,
                "rhythm.bpm_histogram_second_peak_weight": 0.08994708955287933,
                "rhythm.danceability": 1.109336495399475
            }
        },
        {
            "id": "rZV8wjm2G6E",
            "title": "Grateful Dead - Swing Low Sweet Chariot (8-5-1970 at Golden Hall Community Concourse)",
            "views": 222,
            "features": {
                "lowlevel.average_loudness": 0.07246994227170944,
                "lowlevel.loudness_ebu128.integrated": -21.30731773376465,
                "lowlevel.loudness_ebu128.loudness_range": 9.45633316040039,
                "lowlevel.loudness_ebu128.momentary.dmean": 0.9379532933235168,