{
    "song_title": "Take It All Off",
    "artist": "Grateful Dead",
    "num_versions_processed": 3,
    "average_features": {
        "lowlevel.loudness_ebu128.short_term.dvar2": 0.140970931116802,
        "lowlevel.loudness_ebu128.momentary.var": 64.47970116138458,
        "lowlevel.loudness_ebu128.momentary.min": -51.01604652404785,
        "lowlevel.spectral_centroid.dvar": 68850.44401041667,
        "rhythm.beats_loudness.min": 0.0009766796345948199,
        "lowlevel.spectral_centroid.mean": 1553.1233317057292,
        "rhythm.beats_loudness.dvar": 0.0003684032999444753,
        "rhythm.bpm_histogram_first_peak_bpm": 112.0,
        "rhythm.beats_loudness.median": 0.03819438504676024,
        "lowlevel.loudness_ebu128.integrated": -10.56698226928711,
        "lowlevel.loudness_ebu128.short_term.mean": -11.761743227640787,
        "rhythm.beats_loudness.dmean2": 0.03129443215827147,
        "lowlevel.loudness_ebu128.momentary.dvar2": 2.291708496709665,
        "rhythm.bpm_histogram_second_peak_weight": 0.03503995823363463,
        "lowlevel.loudness_ebu128.loudness_range": 3.8765455881754556,
        "rhythm.bpm_histogram_second_peak_bpm": 103.33333333333333,
        "lowlevel.loudness_ebu128.short_term.min": -39.88485527038574,
        "lowlevel.loudness_ebu128.short_term.stdev": 3.690565745035807,
        "lowlevel.loudness_ebu128.short_term.dmean2": 0.06608222424983978,
        "lowlevel.loudness_ebu128.short_term.var": 32.55126574635506,
        "rhythm.beats_loudness.mean": 0.04108670478065809,
        "lowlevel.spectral_centroid.max": 10844.724934895834,
        "lowlevel.loudness_ebu128.momentary.dvar": 1.334290514389674,
        "rhythm.beats_loudness.stdev": 0.022349989973008633,
        "lowlevel.loudness_ebu128.momentary.max": -7.512705643971761,
        "lowlevel.spectral_centroid.median": 1474.0772298177083,
        "lowlevel.loudness_ebu128.momentary.dmean": 0.4515295475721359,
        "lowlevel.loudness_ebu128.short_term.dvar": 0.10513456301608433,
        "rhythm.beats_loudness.var": 0.0005659804301103577,
        "lowlevel.loudness_ebu128.momentary.stdev": 5.628455599149068,
        "lowlevel.loudness_ebu128.momentary.mean": -12.553219636281332,
        "rhythm.beats_loudness.dmean": 0.017829539875189464,
        "lowlevel.average_loudness": 0.8806593418121338,
        "lowlevel.loudness_ebu128.short_term.median": -10.708975791931152,
        "rhythm.beats_loudness.max": 0.11118815839290619,
        "metadata.audio_properties.analysis.equal_loudness": 0.0,
        "lowlevel.loudness_ebu128.momentary.dmean2": 0.48247330884138745,
        "lowlevel.spectral_centroid.dvar2": 148526.90885416666,
        "lowlevel.loudness_ebu128.short_term.max": -8.752420743306478,
        "lowlevel.spectral_centroid.var": 415746.8958333333,
        "rhythm.bpm_histogram_first_peak_weight": 0.4370703101158142,
        "lowlevel.loudness_ebu128.momentary.median": -10.797106266021729,
        "rhythm.bpm": 112.12567392985027,
        "rhythm.beats_loudness.dvar2": 0.0010052649401283513,
        "lowlevel.loudness_ebu128.short_term.dmean": 0.07993704701463382,
        "lowlevel.spectral_centroid.stdev": 622.2648722330729,
        "lowlevel.spectral_centroid.dmean": 233.1346232096354,
        "lowlevel.spectral_centroid.dmean2": 366.8156026204427,
        "rhythm.danceability": 1.073774258295695,
        "lowlevel.spectral_centroid.min": 316.07273356119794,
        "rhythm.bpm_histogram_second_peak_spread": 0.4736589789390564
    },
    "outlier_flag": false,
    "outlier_reasons": null,
    "raw_versions": [
        {
            "id": "F6OOVNethn8",
            "title": "Ariana Grande - off the table ft. The Weeknd (Official Live Performance) | Vevo",
            "views": 23222029,
            "features": {
                "lowlevel.average_loudness": 0.7010051608085632,
                "lowlevel.loudness_ebu128.integrated": -14.393878936767578,
                "lowlevel.loudness_ebu128.loudness_range": 9.778261184692383,
                "lowlevel.loudness_ebu128.momentary.dmean": 0.9380354881286621,
                "lowlevel.loudness_ebu128.momentary.dmean2": 1.0129187107086182,
                "lowlevel.loudness_ebu128.momentary.dvar": 3.7514307498931885,
                "lowlevel.loudness_ebu128.momentary.dvar2": 6.676671028137207,
                "lowlevel.loudness_ebu128.momentary.max": -9.704639434814453,
                "lowlevel.loudness_ebu128.momentary.mean": -20.00214195251465,
                "lowlevel.loudness_ebu128.momentary.median": -15.306718826293945,
                "lowlevel.loudness_ebu128.momentary.min": -91.2433090209961,
                "lowlevel.loudness_ebu128.momentary.stdev": 13.724186897277832,
                "lowlevel.loudness_ebu128.momentary.var": 188.35330200195312,
                "lowlevel.loudness_ebu128.short_term.dmean": 0.17839504778385162,
                "lowlevel.loudness_ebu128.short_term.dmean2": 0.14306338131427765,
                "lowlevel.loudness_ebu128.short_term.dvar": 0.31216275691986084,
                "lowlevel.loudness_ebu128.short_term.dvar2": 0.4215206205844879,
                "lowlevel.loudness_ebu128.short_term.max": -10.549299240112305,
                "lowlevel.loudness_ebu128.short_term.mean": -17.91349983215332,
                "lowlevel.loudness_ebu128.short_term.median": -15.083876609802246,
                "lowlevel.loudness_ebu128.short_term.min": -90.1583023071289,
                "lowlevel.loudness_ebu128.short_term.stdev": 9.842659950256348,
                "lowlevel.loudness_ebu128.short_term.var": 96.8779525756836,
                "lowlevel.spectral_centroid.dmean": 231.18136596679688,
                "lowlevel.spectral_centroid.dmean2": 347.9571533203125,
                "lowlevel.spectral_centroid.dvar": 91594.9453125,
                "lowlevel.spectral_centroid.dvar2": 186371.46875,
                "lowlevel.spectral_centroid.max": 10772.2294921875,
                "lowlevel.spectral_centroid.mean": 1398.489990234375,
                "lowlevel.spectral_centroid.median": 1282.1358642578125,
                "lowlevel.spectral_centroid.min": 67.70904541015625,
                "lowlevel.spectral_centroid.stdev": 857.7613525390625,
                "lowlevel.spectral_centroid.var": 735754.5,
                "metadata.audio_properties.analysis.equal_loudness": 0.0,
                "rhythm.beats_loudness.dmean": 0.02357141114771366,
                "rhythm.beats_loudness.dmean2": 0.04140592738986015,
                "rhythm.beats_loudness.dvar": 0.0005594972753897309,
                "rhythm.beats_loudness.dvar2": 0.0014961650595068932,
                "rhythm.beats_loudness.max": 0.1128329262137413,
                "rhythm.beats_loudness.mean": 0.03344641253352165,
                "rhythm.beats_loudness.median": 0.026897909119725227,
                "rhythm.beats_loudness.min": 8.772504389575886e-10,
                "rhythm.beats_loudness.stdev": 0.030125468969345093,
                "rhythm.beats_loudness.var": 0.0009075438720174134,
                "rhythm.bpm": 100.96224212646484,
                "rhythm.bpm_histogram_first_peak_bpm": 101.0,
                "rhythm.bpm_histogram_first_peak_weight": 0.45277780294418335,
                "rhythm.bpm_histogram_second_peak_bpm": 108.0,
                "rhythm.bpm_histogram_second_peak_spread": 0.5,
                "rhythm.bpm_histogram_second_peak_weight": 0.020594965666532516,
                "rhythm.danceability": 0.9469705820083618
            }
        },
        {
            "id": "RPPoSUK-mRU",
            "title": "Sick Of It All - Take the night off (Live @ Summer Breeze Open Air 2012)",
            "views": 9455,
            "features": {
                "lowlevel.average_loudness": 0.9699167609214783,
                "lowlevel.loudness_ebu128.integrated": -6.489185333251953,
                "lowlevel.loudness_ebu128.loudness_range": 0.745539665222168,