{
    "song_title": "Tangled Up In Blue",
    "artist": "Grateful Dead",
    "num_versions_processed": 3,
    "average_features": {
        "rhythm.beats_loudness.dvar": 0.00046683773446905735,
        "lowlevel.loudness_ebu128.momentary.median": -14.421628952026367,
        "lowlevel.loudness_ebu128.short_term.min": -36.20821952819824,
        "lowlevel.loudness_ebu128.short_term.dvar": 0.02706425489547352,
        "rhythm.beats_loudness.dvar2": 0.001294451920936505,
        "rhythm.beats_loudness.min": 0.00013298687221309038,
        "lowlevel.loudness_ebu128.momentary.min": -64.01025136311848,
        "rhythm.bpm_histogram_second_peak_weight": 0.10064778973658879,
        "lowlevel.spectral_centroid.min": 271.9601542154948,
        "lowlevel.spectral_centroid.var": 501580.4739583333,
        "lowlevel.loudness_ebu128.short_term.dvar2": 0.02013803964170317,
        "lowlevel.loudness_ebu128.short_term.stdev": 3.452580134073893,
        "rhythm.beats_loudness.max": 0.17911126712958017,
        "lowlevel.loudness_ebu128.momentary.dvar2": 0.7582388172547022,
        "lowlevel.spectral_centroid.dvar2": 175498.56770833334,
        "lowlevel.loudness_ebu128.momentary.max": -6.11942982673645,
        "lowlevel.average_loudness": 0.5370596299568812,
        "lowlevel.loudness_ebu128.momentary.var": 31.61659828821818,
        "lowlevel.loudness_ebu128.loudness_range": 7.031728744506836,
        "rhythm.beats_loudness.dmean": 0.015229479099313417,
        "lowlevel.loudness_ebu128.momentary.dvar": 0.6418310602506002,
        "metadata.audio_properties.analysis.equal_loudness": 0.0,
        "lowlevel.spectral_centroid.dmean": 222.2978261311849,
        "rhythm.bpm": 111.4274164835612,
        "lowlevel.spectral_centroid.dvar": 93851.98307291667,
        "lowlevel.loudness_ebu128.momentary.dmean2": 0.8678440650304159,
        "rhythm.bpm_histogram_first_peak_weight": 0.6073022882143656,
        "rhythm.bpm_histogram_second_peak_spread": 0.18678160508473715,
        "lowlevel.loudness_ebu128.momentary.mean": -15.263238271077475,
        "lowlevel.loudness_ebu128.momentary.dmean": 0.7846107184886932,
        "rhythm.beats_loudness.mean": 0.02450796775519848,
        "rhythm.bpm_histogram_second_peak_bpm": 112.33333333333333,
        "lowlevel.loudness_ebu128.integrated": -13.232007344563803,
        "rhythm.beats_loudness.var": 0.0005127145171475908,
        "lowlevel.loudness_ebu128.momentary.stdev": 5.170690457026164,
        "lowlevel.loudness_ebu128.short_term.var": 13.381567001342773,
        "lowlevel.spectral_centroid.max": 7293.60791015625,
        "rhythm.beats_loudness.dmean2": 0.026313575605551403,
        "rhythm.danceability": 1.1718231836954753,
        "lowlevel.loudness_ebu128.short_term.max": -9.333223183949789,
        "lowlevel.spectral_centroid.mean": 1249.2707926432292,
        "rhythm.beats_loudness.stdev": 0.021955419331789017,
        "lowlevel.loudness_ebu128.short_term.dmean2": 0.1175337905685107,
        "lowlevel.loudness_ebu128.short_term.dmean": 0.1273942490418752,
        "lowlevel.loudness_ebu128.short_term.mean": -14.38053290049235,
        "rhythm.bpm_histogram_first_peak_bpm": 111.33333333333333,
        "lowlevel.loudness_ebu128.short_term.median": -13.489705085754395,
        "lowlevel.spectral_centroid.median": 1052.205322265625,
        "lowlevel.spectral_centroid.stdev": 678.3587036132812,
        "lowlevel.spectral_centroid.dmean2": 330.65953572591144,
        "rhythm.beats_loudness.median": 0.01869555562734604
    },
    "outlier_flag": false,
    "outlier_reasons": null,
    "raw_versions": [
        {
            "id": "YwSZvHqf9qM",
            "title": "Bob Dylan - Tangled Up In Blue (Official HD Video)",
            "views": 28645587,
            "features": {
                "lowlevel.average_loudness": 0.5677435398101807,
                "lowlevel.loudness_ebu128.integrated": -15.338282585144043,
                "lowlevel.loudness_ebu128.loudness_range": 7.238506317138672,
                "lowlevel.loudness_ebu128.momentary.dmean": 1.016337275505066,
                "lowlevel.loudness_ebu128.momentary.dmean2": 1.0966838598251343,
                "lowlevel.loudness_ebu128.momentary.dvar": 0.9637733101844788,
                "lowlevel.loudness_ebu128.momentary.dvar2": 1.152260422706604,
                "lowlevel.loudness_ebu128.momentary.max": -8.215662002563477,
                "lowlevel.loudness_ebu128.momentary.mean": -17.338218688964844,
                "lowlevel.loudness_ebu128.momentary.median": -16.457847595214844,
                "lowlevel.loudness_ebu128.momentary.min": -67.72332763671875,
                "lowlevel.loudness_ebu128.momentary.stdev": 4.739316940307617,
                "lowlevel.loudness_ebu128.momentary.var": 22.46112632751465,
                "lowlevel.loudness_ebu128.short_term.dmean": 0.1469596028327942,
                "lowlevel.loudness_ebu128.short_term.dmean2": 0.13786529004573822,
                "lowlevel.loudness_ebu128.short_term.dvar": 0.024464130401611328,
                "lowlevel.loudness_ebu128.short_term.dvar2": 0.01891397498548031,
                "lowlevel.loudness_ebu128.short_term.max": -11.338825225830078,
                "lowlevel.loudness_ebu128.short_term.mean": -16.339372634887695,
                "lowlevel.loudness_ebu128.short_term.median": -15.40619945526123,
                "lowlevel.loudness_ebu128.short_term.min": -28.964279174804688,
                "lowlevel.loudness_ebu128.short_term.stdev": 3.1084377765655518,
                "lowlevel.loudness_ebu128.short_term.var": 9.662384986877441,
                "lowlevel.spectral_centroid.dmean": 240.70936584472656,
                "lowlevel.spectral_centroid.dmean2": 354.8501281738281,
                "lowlevel.spectral_centroid.dvar": 128323.21875,
                "lowlevel.spectral_centroid.dvar2": 238084.78125,
                "lowlevel.spectral_centroid.max": 5339.71923828125,
                "lowlevel.spectral_centroid.mean": 1137.778564453125,
                "lowlevel.spectral_centroid.median": 807.2706298828125,
                "lowlevel.spectral_centroid.min": 217.93646240234375,
                "lowlevel.spectral_centroid.stdev": 824.1810913085938,
                "lowlevel.spectral_centroid.var": 679274.4375,
                "metadata.audio_properties.analysis.equal_loudness": 0.0,
                "rhythm.beats_loudness.dmean": 0.016579633578658104,
                "rhythm.beats_loudness.dmean2": 0.02907899208366871,
                "rhythm.beats_loudness.dvar": 0.0003581447817850858,
                "rhythm.beats_loudness.dvar2": 0.0010135507909581065,
                "rhythm.beats_loudness.max": 0.12613119184970856,
                "rhythm.beats_loudness.mean": 0.020491374656558037,
                "rhythm.beats_loudness.median": 0.01308564655482769,
                "rhythm.beats_loudness.min": 5.172677447262686e-06,
                "rhythm.beats_loudness.stdev": 0.02097630500793457,
                "rhythm.beats_loudness.var": 0.00044000535854138434,
                "rhythm.bpm": 110.27519226074219,
                "rhythm.bpm_histogram_first_peak_bpm": 110.0,
                "rhythm.bpm_histogram_first_peak_weight": 0.6021897792816162,
                "rhythm.bpm_histogram_second_peak_bpm": 115.0,
                "rhythm.bpm_histogram_second_peak_spread": 0.3103448152542114,
                "rhythm.bpm_histogram_second_peak_weight": 0.12320328503847122,
                "rhythm.danceability": 1.1821951866149902
            }
        },
        {
            "id": "fPBmJSNSiFY",
            "title": "Bob Dylan - Tangled up in Blue (Live at Boston Music Hall)",
            "views": 87439,
            "features": {
                "lowlevel.average_loudness": 0.17364288866519928,
                "lowlevel.loudness_ebu128.integrated": -13.836270332336426,
                "lowlevel.loudness_ebu128.loudness_range": 10.371461868286133,