{
    "song_title": "Tastebud",
    "artist": "Grateful Dead",
    "num_versions_processed": 3,
    "average_features": {
        "lowlevel.loudness_ebu128.momentary.dmean2": 0.8353615005811056,
        "lowlevel.loudness_ebu128.short_term.median": -15.01037629445394,
        "lowlevel.spectral_centroid.median": 869.8353068033854,
        "rhythm.beats_loudness.var": 0.00048212332573408884,
        "rhythm.beats_loudness.dvar": 0.0003369579935679212,
        "lowlevel.loudness_ebu128.short_term.stdev": 2.377064307530721,
        "lowlevel.loudness_ebu128.integrated": -14.603767395019531,
        "rhythm.beats_loudness.max": 0.15360062817732492,
        "lowlevel.spectral_centroid.max": 10957.58984375,
        "lowlevel.spectral_centroid.min": 145.61756896972656,
        "lowlevel.loudness_ebu128.momentary.stdev": 4.29696249961853,
        "rhythm.bpm": 123.26946512858073,
        "lowlevel.loudness_ebu128.loudness_range": 5.668486913045247,
        "rhythm.beats_loudness.mean": 0.034467328960696854,
        "rhythm.bpm_histogram_second_peak_weight": 0.08009385069211324,
        "metadata.audio_properties.analysis.equal_loudness": 0.0,
        "lowlevel.loudness_ebu128.short_term.var": 5.963202397028605,
        "rhythm.beats_loudness.dvar2": 0.0009480517862054209,
        "rhythm.bpm_histogram_second_peak_bpm": 122.0,
        "lowlevel.loudness_ebu128.momentary.mean": -16.082712173461914,
        "lowlevel.loudness_ebu128.short_term.max": -10.563668251037598,
        "rhythm.beats_loudness.stdev": 0.021825514112909634,
        "lowlevel.loudness_ebu128.momentary.dmean": 0.786082923412323,
        "lowlevel.spectral_centroid.mean": 974.8610636393229,
        "lowlevel.spectral_centroid.stdev": 565.2403157552084,
        "rhythm.beats_loudness.median": 0.03169401797155539,
        "lowlevel.loudness_ebu128.short_term.dmean": 0.12636736780405045,
        "lowlevel.loudness_ebu128.short_term.dvar2": 0.023171287029981613,
        "rhythm.beats_loudness.dmean2": 0.035222516084710755,
        "lowlevel.loudness_ebu128.short_term.mean": -15.249356587727865,
        "lowlevel.loudness_ebu128.momentary.var": 18.952186902364094,
        "rhythm.beats_loudness.dmean": 0.020666896055142086,
        "lowlevel.loudness_ebu128.momentary.min": -59.798240661621094,
        "lowlevel.loudness_ebu128.momentary.dvar": 1.113120158513387,
        "lowlevel.spectral_centroid.dmean": 177.3407236735026,
        "lowlevel.spectral_centroid.var": 320648.6145833333,
        "rhythm.beats_loudness.min": 9.925057914491239e-06,
        "lowlevel.average_loudness": 0.6799155523379644,
        "lowlevel.loudness_ebu128.short_term.dmean2": 0.10530864199002583,
        "lowlevel.loudness_ebu128.short_term.min": -29.828051884969074,
        "rhythm.bpm_histogram_first_peak_bpm": 123.33333333333333,
        "lowlevel.loudness_ebu128.momentary.max": -8.274383227030436,
        "lowlevel.spectral_centroid.dmean2": 267.5662129720052,
        "rhythm.bpm_histogram_second_peak_spread": 0.238934059937795,
        "lowlevel.loudness_ebu128.short_term.dvar": 0.0319338571280241,
        "lowlevel.loudness_ebu128.momentary.median": -15.793119430541992,
        "rhythm.danceability": 1.0671217640240986,
        "lowlevel.spectral_centroid.dvar": 44176.8671875,
        "rhythm.bpm_histogram_first_peak_weight": 0.2795178294181824,
        "lowlevel.loudness_ebu128.momentary.dvar2": 1.2169871926307678,
        "lowlevel.spectral_centroid.dvar2": 91687.48958333333
    },
    "outlier_flag": true,
    "outlier_reasons": [
        "BPM Variance: 73.51 (limit 20)",
        "Danceability Variance: 0.21 (limit 0.2)"
    ],
    "raw_versions": [
        {
            "id": "Qam-mB5SZXI",
            "title": "Tastebud (Vocal Version)",
            "views": 11381,
            "features": {
                "lowlevel.average_loudness": 0.20405013859272003,
                "lowlevel.loudness_ebu128.integrated": -16.978113174438477,
                "lowlevel.loudness_ebu128.loudness_range": 9.526711463928223,
                "lowlevel.loudness_ebu128.momentary.dmean": 0.989157497882843,
                "lowlevel.loudness_ebu128.momentary.dmean2": 1.0064901113510132,
                "lowlevel.loudness_ebu128.momentary.dvar": 2.064818859100342,
                "lowlevel.loudness_ebu128.momentary.dvar2": 1.8704264163970947,
                "lowlevel.loudness_ebu128.momentary.max": -7.303005218505859,
                "lowlevel.loudness_ebu128.momentary.mean": -19.470151901245117,
                "lowlevel.loudness_ebu128.momentary.median": -19.606807708740234,
                "lowlevel.loudness_ebu128.momentary.min": -87.70997619628906,
                "lowlevel.loudness_ebu128.momentary.stdev": 5.28373384475708,
                "lowlevel.loudness_ebu128.momentary.var": 27.9178409576416,
                "lowlevel.loudness_ebu128.short_term.dmean": 0.1804477870464325,
                "lowlevel.loudness_ebu128.short_term.dmean2": 0.13964839279651642,
                "lowlevel.loudness_ebu128.short_term.dvar": 0.05397932231426239,
                "lowlevel.loudness_ebu128.short_term.dvar2": 0.0356869176030159,
                "lowlevel.loudness_ebu128.short_term.max": -10.456668853759766,
                "lowlevel.loudness_ebu128.short_term.mean": -18.181175231933594,
                "lowlevel.loudness_ebu128.short_term.median": -17.864477157592773,
                "lowlevel.loudness_ebu128.short_term.min": -27.298688888549805,
                "lowlevel.loudness_ebu128.short_term.stdev": 3.167019844055176,
                "lowlevel.loudness_ebu128.short_term.var": 10.030014038085938,
                "lowlevel.spectral_centroid.dmean": 161.42050170898438,
                "lowlevel.spectral_centroid.dmean2": 241.30462646484375,
                "lowlevel.spectral_centroid.dvar": 37460.9140625,
                "lowlevel.spectral_centroid.dvar2": 74578.4296875,
                "lowlevel.spectral_centroid.max": 11062.765625,
                "lowlevel.spectral_centroid.mean": 1014.4390258789062,
                "lowlevel.spectral_centroid.median": 901.4216918945312,
                "lowlevel.spectral_centroid.min": 147.0780029296875,
                "lowlevel.spectral_centroid.stdev": 571.95947265625,
                "lowlevel.spectral_centroid.var": 327137.625,
                "metadata.audio_properties.analysis.equal_loudness": 0.0,
                "rhythm.beats_loudness.dmean": 0.013896966353058815,
                "rhythm.beats_loudness.dmean2": 0.02353178896009922,
                "rhythm.beats_loudness.dvar": 0.00024318833311554044,
                "rhythm.beats_loudness.dvar2": 0.000628828362096101,
                "rhythm.beats_loudness.max": 0.1741051971912384,
                "rhythm.beats_loudness.mean": 0.01994938962161541,
                "rhythm.beats_loudness.median": 0.013175832107663155,
                "rhythm.beats_loudness.min": 2.503061978131882e-06,
                "rhythm.beats_loudness.stdev": 0.020244821906089783,
                "rhythm.beats_loudness.var": 0.0004098528006579727,
                "rhythm.bpm": 172.2659912109375,
                "rhythm.bpm_histogram_first_peak_bpm": 172.0,
                "rhythm.bpm_histogram_first_peak_weight": 0.0,
                "rhythm.bpm_histogram_second_peak_bpm": 178.0,
                "rhythm.bpm_histogram_second_peak_spread": 0.0,
                "rhythm.bpm_histogram_second_peak_weight": 0.16118936240673065,
                "rhythm.danceability": 0.9501786828041077
            }
        },
        {
            "id": "R_jJbkdMjDE",
            "title": "Grateful Dead ~ Tastebud (5/19/66)",
            "views": 8444,
            "features": {
                "lowlevel.average_loudness": 0.9392043948173523,
                "lowlevel.loudness_ebu128.integrated": -13.875497817993164,
                "lowlevel.loudness_ebu128.loudness_range": 3.7210168838500977,
                "lowlevel.loudness_ebu128.momentary.dmean": 0.6763838529586792,