{
    "song_title": "Tell It To Me",
    "artist": "Grateful Dead",
    "num_versions_processed": 3,
    "average_features": {
        "lowlevel.loudness_ebu128.momentary.dmean2": 0.9598969221115112,
        "lowlevel.loudness_ebu128.short_term.median": -16.99888547261556,
        "lowlevel.spectral_centroid.median": 751.568115234375,
        "rhythm.beats_loudness.var": 0.0007739661377854645,
        "rhythm.beats_loudness.dvar": 0.0005318701005307958,
        "lowlevel.loudness_ebu128.short_term.stdev": 2.355584899584452,
        "lowlevel.loudness_ebu128.integrated": -16.635510126749676,
        "rhythm.beats_loudness.max": 0.19153937449057898,
        "lowlevel.spectral_centroid.max": 10849.7724609375,
        "lowlevel.spectral_centroid.min": 205.01192220052084,
        "lowlevel.loudness_ebu128.momentary.stdev": 4.91416867574056,
        "rhythm.bpm": 118.54141998291016,
        "lowlevel.loudness_ebu128.loudness_range": 5.532381057739258,
        "rhythm.beats_loudness.mean": 0.036871849869688354,
        "rhythm.bpm_histogram_second_peak_weight": 0.05808252220352491,
        "metadata.audio_properties.analysis.equal_loudness": 0.0,
        "lowlevel.loudness_ebu128.short_term.var": 6.203728000322978,
        "rhythm.beats_loudness.dvar2": 0.0015462811570614576,
        "rhythm.bpm_histogram_second_peak_bpm": 138.33333333333334,
        "lowlevel.loudness_ebu128.momentary.mean": -17.904016494750977,
        "lowlevel.loudness_ebu128.short_term.max": -13.166647593180338,
        "rhythm.beats_loudness.stdev": 0.02696429875989755,
        "lowlevel.loudness_ebu128.momentary.dmean": 0.7493129372596741,
        "lowlevel.spectral_centroid.mean": 885.9182942708334,
        "lowlevel.spectral_centroid.stdev": 520.0022684733073,
        "rhythm.beats_loudness.median": 0.030444300423065822,
        "lowlevel.loudness_ebu128.short_term.dmean": 0.10529045760631561,
        "lowlevel.loudness_ebu128.short_term.dvar2": 0.01453447916234533,
        "rhythm.beats_loudness.dmean2": 0.03645014762878418,
        "lowlevel.loudness_ebu128.short_term.mean": -17.246415774027508,
        "lowlevel.loudness_ebu128.momentary.var": 24.65186659495036,
        "rhythm.beats_loudness.dmean": 0.021013527487715084,
        "lowlevel.loudness_ebu128.momentary.min": -74.79013570149739,
        "lowlevel.loudness_ebu128.momentary.dvar": 0.7958158453305563,
        "lowlevel.spectral_centroid.dmean": 184.68685913085938,
        "lowlevel.spectral_centroid.var": 276338.9479166667,
        "rhythm.beats_loudness.min": 1.2651179905602087e-05,
        "lowlevel.average_loudness": 0.677988608678182,
        "lowlevel.loudness_ebu128.short_term.dmean2": 0.11201489716768265,
        "lowlevel.loudness_ebu128.short_term.min": -33.4986941019694,
        "rhythm.bpm_histogram_first_peak_bpm": 119.0,
        "lowlevel.loudness_ebu128.momentary.max": -10.080992380777994,
        "lowlevel.spectral_centroid.dmean2": 283.5215810139974,
        "rhythm.bpm_histogram_second_peak_spread": 0.05596784750620524,
        "lowlevel.loudness_ebu128.short_term.dvar": 0.014746244220683971,
        "lowlevel.loudness_ebu128.momentary.median": -17.388362884521484,
        "rhythm.danceability": 1.2015272378921509,
        "lowlevel.spectral_centroid.dvar": 57054.284505208336,
        "rhythm.bpm_histogram_first_peak_weight": 0.4001868764559428,
        "lowlevel.loudness_ebu128.momentary.dvar2": 1.1324841777483623,
        "lowlevel.spectral_centroid.dvar2": 124703.04947916667
    },
    "outlier_flag": true,
    "outlier_reasons": [
        "BPM Variance: 65.18 (limit 20)"
    ],
    "raw_versions": [
        {
            "id": "0ZmR-T0jilA",
            "title": "Grateful Dead - Touch Of Grey (Orchard Park, NY 7/4/89)",
            "views": 1158368,
            "features": {
                "lowlevel.average_loudness": 0.9156073927879333,
                "lowlevel.loudness_ebu128.integrated": -14.326021194458008,
                "lowlevel.loudness_ebu128.loudness_range": 2.8601980209350586,
                "lowlevel.loudness_ebu128.momentary.dmean": 0.5154806971549988,
                "lowlevel.loudness_ebu128.momentary.dmean2": 0.5570292472839355,
                "lowlevel.loudness_ebu128.momentary.dvar": 0.6586377024650574,
                "lowlevel.loudness_ebu128.momentary.dvar2": 0.7396959662437439,
                "lowlevel.loudness_ebu128.momentary.max": -10.616647720336914,
                "lowlevel.loudness_ebu128.momentary.mean": -15.053606033325195,
                "lowlevel.loudness_ebu128.momentary.median": -14.522130966186523,
                "lowlevel.loudness_ebu128.momentary.min": -90.37574768066406,
                "lowlevel.loudness_ebu128.momentary.stdev": 5.358355522155762,
                "lowlevel.loudness_ebu128.momentary.var": 28.71197509765625,
                "lowlevel.loudness_ebu128.short_term.dmean": 0.07150931656360626,
                "lowlevel.loudness_ebu128.short_term.dmean2": 0.07567509263753891,
                "lowlevel.loudness_ebu128.short_term.dvar": 0.004212073516100645,
                "lowlevel.loudness_ebu128.short_term.dvar2": 0.004880460444837809,
                "lowlevel.loudness_ebu128.short_term.max": -11.881731033325195,
                "lowlevel.loudness_ebu128.short_term.mean": -14.503485679626465,
                "lowlevel.loudness_ebu128.short_term.median": -14.404186248779297,
                "lowlevel.loudness_ebu128.short_term.min": -25.229177474975586,
                "lowlevel.loudness_ebu128.short_term.stdev": 1.3200336694717407,
                "lowlevel.loudness_ebu128.short_term.var": 1.7424887418746948,
                "lowlevel.spectral_centroid.dmean": 195.20309448242188,
                "lowlevel.spectral_centroid.dmean2": 293.2960510253906,
                "lowlevel.spectral_centroid.dvar": 54507.09375,
                "lowlevel.spectral_centroid.dvar2": 113012.25,
                "lowlevel.spectral_centroid.max": 11011.6142578125,
                "lowlevel.spectral_centroid.mean": 1083.9312744140625,
                "lowlevel.spectral_centroid.median": 980.544189453125,
                "lowlevel.spectral_centroid.min": 285.3470458984375,
                "lowlevel.spectral_centroid.stdev": 537.0999145507812,
                "lowlevel.spectral_centroid.var": 288476.34375,
                "metadata.audio_properties.analysis.equal_loudness": 0.0,
                "rhythm.beats_loudness.dmean": 0.017532287165522575,
                "rhythm.beats_loudness.dmean2": 0.030694782733917236,
                "rhythm.beats_loudness.dvar": 0.00021621196356136352,
                "rhythm.beats_loudness.dvar2": 0.0006747387815266848,
                "rhythm.beats_loudness.max": 0.10219936817884445,
                "rhythm.beats_loudness.mean": 0.03975149616599083,
                "rhythm.beats_loudness.median": 0.03891449049115181,
                "rhythm.beats_loudness.min": 9.46758449416052e-10,
                "rhythm.beats_loudness.stdev": 0.017710624262690544,
                "rhythm.beats_loudness.var": 0.000313666183501482,
                "rhythm.bpm": 156.02845764160156,
                "rhythm.bpm_histogram_first_peak_bpm": 157.0,
                "rhythm.bpm_histogram_first_peak_weight": 0.2978971600532532,
                "rhythm.bpm_histogram_second_peak_bpm": 152.0,
                "rhythm.bpm_histogram_second_peak_spread": 0.12244898080825806,
                "rhythm.bpm_histogram_second_peak_weight": 0.08625877648591995,
                "rhythm.danceability": 1.2533069849014282
            }
        },
        {
            "id": "UoMfV5qa9LQ",
            "title": "Grateful Dead - Bertha / Greatest Story Ever Told (Live at Soldier Field, Chicago, IL, 6/25/1992)",
            "views": 21832,
            "features": {
                "lowlevel.average_loudness": 0.3741421103477478,
                "lowlevel.loudness_ebu128.integrated": -18.31145477294922,
                "lowlevel.loudness_ebu128.loudness_range": 8.032273292541504,