{
    "song_title": "Tell Mama",
    "artist": "Grateful Dead",
    "num_versions_processed": 1,
    "average_features": {
        "lowlevel.loudness_ebu128.short_term.dvar2": 0.03200675919651985,
        "lowlevel.loudness_ebu128.momentary.var": 26.116844177246094,
        "lowlevel.loudness_ebu128.momentary.min": -41.864227294921875,
        "lowlevel.spectral_centroid.dvar": 14738.9248046875,
        "rhythm.beats_loudness.min": 2.473687163728755e-05,
        "lowlevel.spectral_centroid.mean": 693.5514526367188,
        "rhythm.beats_loudness.dvar": 0.0004957261262461543,
        "rhythm.bpm_histogram_first_peak_bpm": 117.0,
        "rhythm.beats_loudness.median": 0.01975214295089245,
        "lowlevel.loudness_ebu128.integrated": -14.696011543273926,
        "lowlevel.loudness_ebu128.short_term.mean": -15.837653160095215,
        "rhythm.beats_loudness.dmean2": 0.03198031336069107,
        "lowlevel.loudness_ebu128.momentary.dvar2": 1.3208446502685547,
        "rhythm.bpm_histogram_second_peak_weight": 0.17317940294742584,
        "lowlevel.loudness_ebu128.loudness_range": 7.116062164306641,
        "rhythm.bpm_histogram_second_peak_bpm": 123.0,
        "lowlevel.loudness_ebu128.short_term.min": -40.190956115722656,
        "lowlevel.loudness_ebu128.short_term.stdev": 3.5262112617492676,
        "lowlevel.loudness_ebu128.short_term.dmean2": 0.1366887241601944,
        "lowlevel.loudness_ebu128.short_term.var": 12.434165954589844,
        "rhythm.beats_loudness.mean": 0.02584058791399002,
        "lowlevel.spectral_centroid.max": 2755.896728515625,
        "lowlevel.loudness_ebu128.momentary.dvar": 1.0567599534988403,
        "rhythm.beats_loudness.stdev": 0.023593122139573097,
        "lowlevel.loudness_ebu128.momentary.max": -7.702935218811035,
        "lowlevel.spectral_centroid.median": 632.0888061523438,
        "lowlevel.loudness_ebu128.momentary.dmean": 0.9260016083717346,
        "lowlevel.loudness_ebu128.short_term.dvar": 0.04375753551721573,
        "rhythm.beats_loudness.var": 0.0005566354375332594,
        "lowlevel.loudness_ebu128.momentary.stdev": 5.110464096069336,
        "lowlevel.loudness_ebu128.momentary.mean": -16.83526039123535,
        "rhythm.beats_loudness.dmean": 0.018558194860816002,
        "lowlevel.average_loudness": 0.7379252910614014,
        "lowlevel.loudness_ebu128.short_term.median": -15.086630821228027,
        "rhythm.beats_loudness.max": 0.16610276699066162,
        "metadata.audio_properties.analysis.equal_loudness": 0.0,
        "lowlevel.loudness_ebu128.momentary.dmean2": 1.069222092628479,
        "lowlevel.spectral_centroid.dvar2": 30422.51953125,
        "lowlevel.loudness_ebu128.short_term.max": -10.565282821655273,
        "lowlevel.spectral_centroid.var": 90140.9296875,
        "rhythm.bpm_histogram_first_peak_weight": 0.5786516666412354,
        "lowlevel.loudness_ebu128.momentary.median": -15.883180618286133,
        "rhythm.bpm": 117.27116394042969,
        "rhythm.beats_loudness.dvar2": 0.0013344943290576339,
        "lowlevel.loudness_ebu128.short_term.dmean": 0.1512027382850647,
        "lowlevel.spectral_centroid.stdev": 300.23480224609375,
        "lowlevel.spectral_centroid.dmean": 111.67919921875,
        "lowlevel.spectral_centroid.dmean2": 167.04444885253906,
        "rhythm.danceability": 1.1732709407806396,
        "lowlevel.spectral_centroid.min": 140.6838836669922,
        "rhythm.bpm_histogram_second_peak_spread": 0.3412162661552429
    },
    "outlier_flag": false,
    "outlier_reasons": null,
    "raw_versions": [
        {
            "id": "3UpO45n805Y",
            "title": "Grateful Dead - Turn on Your Lovelight / Tell Mama (with Etta James) - 12/31/1982",
            "views": 17107,
            "features": {
                "lowlevel.average_loudness": 0.7379252910614014,
                "lowlevel.loudness_ebu128.integrated": -14.696011543273926,
                "lowlevel.loudness_ebu128.loudness_range": 7.116062164306641,
                "lowlevel.loudness_ebu128.momentary.dmean": 0.9260016083717346,
                "lowlevel.loudness_ebu128.momentary.dmean2": 1.069222092628479,
                "lowlevel.loudness_ebu128.momentary.dvar": 1.0567599534988403,
                "lowlevel.loudness_ebu128.momentary.dvar2": 1.3208446502685547,
                "lowlevel.loudness_ebu128.momentary.max": -7.702935218811035,
                "lowlevel.loudness_ebu128.momentary.mean": -16.83526039123535,
                "lowlevel.loudness_ebu128.momentary.median": -15.883180618286133,
                "lowlevel.loudness_ebu128.momentary.min": -41.864227294921875,
                "lowlevel.loudness_ebu128.momentary.stdev": 5.110464096069336,
                "lowlevel.loudness_ebu128.momentary.var": 26.116844177246094,
                "lowlevel.loudness_ebu128.short_term.dmean": 0.1512027382850647,
                "lowlevel.loudness_ebu128.short_term.dmean2": 0.1366887241601944,
                "lowlevel.loudness_ebu128.short_term.dvar": 0.04375753551721573,
                "lowlevel.loudness_ebu128.short_term.dvar2": 0.03200675919651985,
                "lowlevel.loudness_ebu128.short_term.max": -10.565282821655273,
                "lowlevel.loudness_ebu128.short_term.mean": -15.837653160095215,
                "lowlevel.loudness_ebu128.short_term.median": -15.086630821228027,
                "lowlevel.loudness_ebu128.short_term.min": -40.190956115722656,
                "lowlevel.loudness_ebu128.short_term.stdev": 3.5262112617492676,
                "lowlevel.loudness_ebu128.short_term.var": 12.434165954589844,
                "lowlevel.spectral_centroid.dmean": 111.67919921875,
                "lowlevel.spectral_centroid.dmean2": 167.04444885253906,
                "lowlevel.spectral_centroid.dvar": 14738.9248046875,
                "lowlevel.spectral_centroid.dvar2": 30422.51953125,
                "lowlevel.spectral_centroid.max": 2755.896728515625,
                "lowlevel.spectral_centroid.mean": 693.5514526367188,
                "lowlevel.spectral_centroid.median": 632.0888061523438,
                "lowlevel.spectral_centroid.min": 140.6838836669922,
                "lowlevel.spectral_centroid.stdev": 300.23480224609375,
                "lowlevel.spectral_centroid.var": 90140.9296875,
                "metadata.audio_properties.analysis.equal_loudness": 0.0,
                "rhythm.beats_loudness.dmean": 0.018558194860816002,
                "rhythm.beats_loudness.dmean2": 0.03198031336069107,
                "rhythm.beats_loudness.dvar": 0.0004957261262461543,
                "rhythm.beats_loudness.dvar2": 0.0013344943290576339,
                "rhythm.beats_loudness.max": 0.16610276699066162,
                "rhythm.beats_loudness.mean": 0.02584058791399002,
                "rhythm.beats_loudness.median": 0.01975214295089245,
                "rhythm.beats_loudness.min": 2.473687163728755e-05,
                "rhythm.beats_loudness.stdev": 0.023593122139573097,
                "rhythm.beats_loudness.var": 0.0005566354375332594,
                "rhythm.bpm": 117.27116394042969,
                "rhythm.bpm_histogram_first_peak_bpm": 117.0,
                "rhythm.bpm_histogram_first_peak_weight": 0.5786516666412354,
                "rhythm.bpm_histogram_second_peak_bpm": 123.0,
                "rhythm.bpm_histogram_second_peak_spread": 0.3412162661552429,
                "rhythm.bpm_histogram_second_peak_weight": 0.17317940294742584,
                "rhythm.danceability": 1.1732709407806396
            }
        }
    ]
}