{
    "song_title": "Tennessee Jed",
    "artist": "Grateful Dead",
    "num_versions_processed": 3,
    "average_features": {
        "lowlevel.loudness_ebu128.short_term.dvar2": 0.010758555804689726,
        "lowlevel.loudness_ebu128.momentary.var": 11.189770698547363,
        "lowlevel.loudness_ebu128.momentary.min": -53.173251469930015,
        "lowlevel.spectral_centroid.dvar": 55878.022135416664,
        "rhythm.beats_loudness.min": 0.0018650113660138763,
        "lowlevel.spectral_centroid.mean": 1219.075439453125,
        "rhythm.beats_loudness.dvar": 0.0002950856602789524,
        "rhythm.bpm_histogram_first_peak_bpm": 119.33333333333333,
        "rhythm.beats_loudness.median": 0.030501062671343487,
        "lowlevel.loudness_ebu128.integrated": -15.132730801900228,
        "lowlevel.loudness_ebu128.short_term.mean": -15.383508682250977,
        "rhythm.beats_loudness.dmean2": 0.03204275046785673,
        "lowlevel.loudness_ebu128.momentary.dvar2": 1.3908684849739075,
        "rhythm.bpm_histogram_second_peak_weight": 0.12217357754707336,
        "lowlevel.loudness_ebu128.loudness_range": 4.019619941711426,
        "rhythm.bpm_histogram_second_peak_bpm": 121.0,
        "lowlevel.loudness_ebu128.short_term.min": -22.0346523920695,
        "lowlevel.loudness_ebu128.short_term.stdev": 1.4507943391799927,
        "lowlevel.loudness_ebu128.short_term.dmean2": 0.10729577889045079,
        "lowlevel.loudness_ebu128.short_term.var": 2.238025883833567,
        "rhythm.beats_loudness.mean": 0.033555118987957634,
        "lowlevel.spectral_centroid.max": 7420.751302083333,
        "lowlevel.loudness_ebu128.momentary.dvar": 0.8404103616873423,
        "rhythm.beats_loudness.stdev": 0.017720536949733894,
        "lowlevel.loudness_ebu128.momentary.max": -9.655997276306152,
        "lowlevel.spectral_centroid.median": 1093.6504720052083,
        "lowlevel.loudness_ebu128.momentary.dmean": 0.8570135434468588,
        "lowlevel.loudness_ebu128.short_term.dvar": 0.009849558429171642,
        "rhythm.beats_loudness.var": 0.0003502351343437719,
        "lowlevel.loudness_ebu128.momentary.stdev": 3.119115114212036,
        "lowlevel.loudness_ebu128.momentary.mean": -15.877323468526205,
        "rhythm.beats_loudness.dmean": 0.017761161861320336,
        "lowlevel.average_loudness": 0.7687676548957825,
        "lowlevel.loudness_ebu128.short_term.median": -15.31831963857015,
        "rhythm.beats_loudness.max": 0.1247708226243655,
        "metadata.audio_properties.analysis.equal_loudness": 0.0,
        "lowlevel.loudness_ebu128.momentary.dmean2": 0.9783311486244202,
        "lowlevel.spectral_centroid.dvar2": 113461.39322916667,
        "lowlevel.loudness_ebu128.short_term.max": -12.007806777954102,
        "lowlevel.spectral_centroid.var": 345586.0572916667,
        "rhythm.bpm_histogram_first_peak_weight": 0.5247401396433512,
        "lowlevel.loudness_ebu128.momentary.median": -15.478017171223959,
        "rhythm.bpm": 119.50419362386067,
        "rhythm.beats_loudness.dvar2": 0.0008654889194682861,
        "lowlevel.loudness_ebu128.short_term.dmean": 0.10605745017528534,
        "lowlevel.spectral_centroid.stdev": 584.6527404785156,
        "lowlevel.spectral_centroid.dmean": 193.29084269205728,
        "lowlevel.spectral_centroid.dmean2": 288.3490498860677,
        "rhythm.danceability": 1.2236758867899578,
        "lowlevel.spectral_centroid.min": 226.1182861328125,
        "rhythm.bpm_histogram_second_peak_spread": 0.11270463466644287
    },
    "outlier_flag": false,
    "outlier_reasons": null,
    "raw_versions": [
        {
            "id": "r-pGzIRR0ZE",
            "title": "Grateful Dead - Tennessee Jed (Foxboro, MA 7/2/89) (Official Live Video)",
            "views": 489063,
            "features": {
                "lowlevel.average_loudness": 0.7639142870903015,
                "lowlevel.loudness_ebu128.integrated": -16.895177841186523,
                "lowlevel.loudness_ebu128.loudness_range": 4.781888961791992,
                "lowlevel.loudness_ebu128.momentary.dmean": 0.8469437956809998,
                "lowlevel.loudness_ebu128.momentary.dmean2": 1.0228666067123413,
                "lowlevel.loudness_ebu128.momentary.dvar": 0.7636906504631042,
                "lowlevel.loudness_ebu128.momentary.dvar2": 1.3662554025650024,
                "lowlevel.loudness_ebu128.momentary.max": -11.702476501464844,
                "lowlevel.loudness_ebu128.momentary.mean": -17.64513397216797,
                "lowlevel.loudness_ebu128.momentary.median": -17.434432983398438,
                "lowlevel.loudness_ebu128.momentary.min": -40.308876037597656,
                "lowlevel.loudness_ebu128.momentary.stdev": 2.7727110385894775,
                "lowlevel.loudness_ebu128.momentary.var": 7.687926769256592,
                "lowlevel.loudness_ebu128.short_term.dmean": 0.11042661964893341,
                "lowlevel.loudness_ebu128.short_term.dmean2": 0.11935777217149734,
                "lowlevel.loudness_ebu128.short_term.dvar": 0.009279171004891396,
                "lowlevel.loudness_ebu128.short_term.dvar2": 0.011216461658477783,
                "lowlevel.loudness_ebu128.short_term.max": -13.564457893371582,
                "lowlevel.loudness_ebu128.short_term.mean": -17.21233558654785,
                "lowlevel.loudness_ebu128.short_term.median": -17.239994049072266,
                "lowlevel.loudness_ebu128.short_term.min": -25.312698364257812,
                "lowlevel.loudness_ebu128.short_term.stdev": 1.6557565927505493,
                "lowlevel.loudness_ebu128.short_term.var": 2.741529941558838,
                "lowlevel.spectral_centroid.dmean": 232.4162139892578,
                "lowlevel.spectral_centroid.dmean2": 349.052490234375,
                "lowlevel.spectral_centroid.dvar": 70910.6015625,
                "lowlevel.spectral_centroid.dvar2": 155152.546875,
                "lowlevel.spectral_centroid.max": 4588.28466796875,
                "lowlevel.spectral_centroid.mean": 1335.391357421875,
                "lowlevel.spectral_centroid.median": 1212.6343994140625,
                "lowlevel.spectral_centroid.min": 193.35667419433594,
                "lowlevel.spectral_centroid.stdev": 635.3152465820312,
                "lowlevel.spectral_centroid.var": 403625.46875,
                "metadata.audio_properties.analysis.equal_loudness": 0.0,
                "rhythm.beats_loudness.dmean": 0.019714554771780968,
                "rhythm.beats_loudness.dmean2": 0.03578231483697891,
                "rhythm.beats_loudness.dvar": 0.0002930386981461197,
                "rhythm.beats_loudness.dvar2": 0.0008899944950826466,
                "rhythm.beats_loudness.max": 0.13537776470184326,
                "rhythm.beats_loudness.mean": 0.03794253617525101,
                "rhythm.beats_loudness.median": 0.034227706491947174,
                "rhythm.beats_loudness.min": 6.158238829812035e-05,
                "rhythm.beats_loudness.stdev": 0.019823022186756134,
                "rhythm.beats_loudness.var": 0.0003929522354155779,
                "rhythm.bpm": 124.14878845214844,
                "rhythm.bpm_histogram_first_peak_bpm": 123.0,
                "rhythm.bpm_histogram_first_peak_weight": 0.4645669460296631,
                "rhythm.bpm_histogram_second_peak_bpm": 129.0,
                "rhythm.bpm_histogram_second_peak_spread": 0.07471263408660889,
                "rhythm.bpm_histogram_second_peak_weight": 0.1668393760919571,
                "rhythm.danceability": 1.249349594116211
            }
        },
        {
            "id": "zSJnC3udHBM",
            "title": "Grateful Dead - Tennessee Jed - 12/31/1977 - Winterland (Official)",
            "views": 15244,
            "features": {
                "lowlevel.average_loudness": 0.9045939445495605,
                "lowlevel.loudness_ebu128.integrated": -12.688078880310059,
                "lowlevel.loudness_ebu128.loudness_range": 2.8572559356689453,