{
    "song_title": "Terrapin Station",
    "artist": "Grateful Dead",
    "num_versions_processed": 3,
    "average_features": {
        "lowlevel.loudness_ebu128.short_term.dvar2": 0.01540026037643353,
        "lowlevel.loudness_ebu128.momentary.var": 18.849909782409668,
        "lowlevel.loudness_ebu128.momentary.min": -69.12463633219402,
        "lowlevel.spectral_centroid.dvar": 62906.009114583336,
        "rhythm.beats_loudness.min": 4.7060418861747756e-05,
        "lowlevel.spectral_centroid.mean": 1230.5357259114583,
        "rhythm.beats_loudness.dvar": 0.0003495848795864731,
        "rhythm.bpm_histogram_first_peak_bpm": 130.66666666666666,
        "rhythm.beats_loudness.median": 0.027280515059828758,
        "lowlevel.loudness_ebu128.integrated": -20.495628356933594,
        "lowlevel.loudness_ebu128.short_term.mean": -21.61022694905599,
        "rhythm.beats_loudness.dmean2": 0.03585789973537127,
        "lowlevel.loudness_ebu128.momentary.dvar2": 0.9526790181795756,
        "rhythm.bpm_histogram_second_peak_weight": 0.11223808179299037,
        "lowlevel.loudness_ebu128.loudness_range": 8.23354721069336,
        "rhythm.bpm_histogram_second_peak_bpm": 124.0,
        "lowlevel.loudness_ebu128.short_term.min": -38.94759877522787,
        "lowlevel.loudness_ebu128.short_term.stdev": 3.176611344019572,
        "lowlevel.loudness_ebu128.short_term.dmean2": 0.11307666450738907,
        "lowlevel.loudness_ebu128.short_term.var": 10.865769545237223,
        "rhythm.beats_loudness.mean": 0.03256363980472088,
        "lowlevel.spectral_centroid.max": 7479.40966796875,
        "lowlevel.loudness_ebu128.momentary.dvar": 0.6341957251230875,
        "rhythm.beats_loudness.stdev": 0.023339486370484035,
        "lowlevel.loudness_ebu128.momentary.max": -13.868909200032553,
        "lowlevel.spectral_centroid.median": 1143.5340576171875,
        "lowlevel.loudness_ebu128.momentary.dmean": 0.8365719715754191,
        "lowlevel.loudness_ebu128.short_term.dvar": 0.016100022631386917,
        "rhythm.beats_loudness.var": 0.0005465112044475973,
        "lowlevel.loudness_ebu128.momentary.stdev": 4.290155649185181,
        "lowlevel.loudness_ebu128.momentary.mean": -22.12594159444173,
        "rhythm.beats_loudness.dmean": 0.019657330587506294,
        "lowlevel.average_loudness": 0.6046773095925649,
        "lowlevel.loudness_ebu128.short_term.median": -21.054907480875652,
        "rhythm.beats_loudness.max": 0.17901762823263803,
        "metadata.audio_properties.analysis.equal_loudness": 0.0,
        "lowlevel.loudness_ebu128.momentary.dmean2": 0.9249884486198425,
        "lowlevel.spectral_centroid.dvar2": 126822.40625,
        "lowlevel.loudness_ebu128.short_term.max": -16.1225004196167,
        "lowlevel.spectral_centroid.var": 316516.8697916667,
        "rhythm.bpm_histogram_first_peak_weight": 0.5075855056444804,
        "lowlevel.loudness_ebu128.momentary.median": -21.479325612386067,
        "rhythm.bpm": 129.82586161295572,
        "rhythm.beats_loudness.dvar2": 0.0010778458478550117,
        "lowlevel.loudness_ebu128.short_term.dmean": 0.11560479054848354,
        "lowlevel.spectral_centroid.stdev": 561.0941467285156,
        "lowlevel.spectral_centroid.dmean": 199.76214599609375,
        "lowlevel.spectral_centroid.dmean2": 302.2040100097656,
        "rhythm.danceability": 1.2051153182983398,
        "lowlevel.spectral_centroid.min": 215.76196797688803,
        "rhythm.bpm_histogram_second_peak_spread": 0.13400769233703613
    },
    "outlier_flag": false,
    "outlier_reasons": null,
    "raw_versions": [
        {
            "id": "5t1mVH4i-E0",
            "title": "Grateful Dead - Terrapin Station - 4/27/1977 - Capitol Theatre",
            "views": 160723,
            "features": {
                "lowlevel.average_loudness": 0.6160706877708435,
                "lowlevel.loudness_ebu128.integrated": -19.033370971679688,
                "lowlevel.loudness_ebu128.loudness_range": 6.758846282958984,
                "lowlevel.loudness_ebu128.momentary.dmean": 0.8636211156845093,
                "lowlevel.loudness_ebu128.momentary.dmean2": 0.9494470953941345,
                "lowlevel.loudness_ebu128.momentary.dvar": 0.6639918684959412,
                "lowlevel.loudness_ebu128.momentary.dvar2": 1.0113143920898438,
                "lowlevel.loudness_ebu128.momentary.max": -11.563741683959961,
                "lowlevel.loudness_ebu128.momentary.mean": -20.343708038330078,
                "lowlevel.loudness_ebu128.momentary.median": -19.863691329956055,
                "lowlevel.loudness_ebu128.momentary.min": -41.268943786621094,
                "lowlevel.loudness_ebu128.momentary.stdev": 3.670295238494873,
                "lowlevel.loudness_ebu128.momentary.var": 13.47106647491455,
                "lowlevel.loudness_ebu128.short_term.dmean": 0.12200476229190826,
                "lowlevel.loudness_ebu128.short_term.dmean2": 0.12287016957998276,
                "lowlevel.loudness_ebu128.short_term.dvar": 0.018880199640989304,
                "lowlevel.loudness_ebu128.short_term.dvar2": 0.019676653668284416,
                "lowlevel.loudness_ebu128.short_term.max": -14.206658363342285,
                "lowlevel.loudness_ebu128.short_term.mean": -19.83163070678711,
                "lowlevel.loudness_ebu128.short_term.median": -19.383861541748047,
                "lowlevel.loudness_ebu128.short_term.min": -35.74073028564453,
                "lowlevel.loudness_ebu128.short_term.stdev": 2.7639400959014893,
                "lowlevel.loudness_ebu128.short_term.var": 7.639364719390869,
                "lowlevel.spectral_centroid.dmean": 186.81369018554688,
                "lowlevel.spectral_centroid.dmean2": 282.12261962890625,
                "lowlevel.spectral_centroid.dvar": 64498.87890625,
                "lowlevel.spectral_centroid.dvar2": 131193.59375,
                "lowlevel.spectral_centroid.max": 11024.9599609375,
                "lowlevel.spectral_centroid.mean": 981.4346923828125,
                "lowlevel.spectral_centroid.median": 896.3560791015625,
                "lowlevel.spectral_centroid.min": 162.82286071777344,
                "lowlevel.spectral_centroid.stdev": 506.4752502441406,
                "lowlevel.spectral_centroid.var": 256517.171875,
                "metadata.audio_properties.analysis.equal_loudness": 0.0,
                "rhythm.beats_loudness.dmean": 0.019620239734649658,
                "rhythm.beats_loudness.dmean2": 0.03578973561525345,
                "rhythm.beats_loudness.dvar": 0.00034725628211162984,
                "rhythm.beats_loudness.dvar2": 0.0010169334709644318,
                "rhythm.beats_loudness.max": 0.1982860416173935,
                "rhythm.beats_loudness.mean": 0.030581088736653328,
                "rhythm.beats_loudness.median": 0.025622505694627762,
                "rhythm.beats_loudness.min": 0.0001359306334052235,
                "rhythm.beats_loudness.stdev": 0.021943362429738045,
                "rhythm.beats_loudness.var": 0.0004815111169591546,
                "rhythm.bpm": 135.27967834472656,
                "rhythm.bpm_histogram_first_peak_bpm": 136.0,
                "rhythm.bpm_histogram_first_peak_weight": 0.4932170510292053,
                "rhythm.bpm_histogram_second_peak_bpm": 129.0,
                "rhythm.bpm_histogram_second_peak_spread": 0.13333332538604736,
                "rhythm.bpm_histogram_second_peak_weight": 0.17782577872276306,
                "rhythm.danceability": 1.210687279701233
            }
        },
        {
            "id": "9SDpSpntZHY",
            "title": "Grateful Dead - Terrapin Station (Anaheim, CA 7/26/87) [Official Live Video]",
            "views": 1006775,
            "features": {
                "lowlevel.average_loudness": 0.7037280797958374,
                "lowlevel.loudness_ebu128.integrated": -17.90590476989746,
                "lowlevel.loudness_ebu128.loudness_range": 6.361530303955078,