{
    "song_title": "That's All Right, Mama",
    "artist": "Grateful Dead",
    "num_versions_processed": 3,
    "average_features": {
        "lowlevel.loudness_ebu128.short_term.dvar2": 0.011490314112355312,
        "lowlevel.loudness_ebu128.momentary.var": 27.177189429601032,
        "lowlevel.loudness_ebu128.momentary.min": -59.87077077229818,
        "lowlevel.spectral_centroid.dvar": 50924.044270833336,
        "rhythm.beats_loudness.min": 8.910249592612256e-05,
        "lowlevel.spectral_centroid.mean": 1279.8710530598958,
        "rhythm.beats_loudness.dvar": 0.00010516068869037554,
        "rhythm.bpm_histogram_first_peak_bpm": 137.0,
        "rhythm.beats_loudness.median": 0.0309586338698864,
        "lowlevel.loudness_ebu128.integrated": -13.659608205159506,
        "lowlevel.loudness_ebu128.short_term.mean": -14.673583507537842,
        "rhythm.beats_loudness.dmean2": 0.01907195212940375,
        "lowlevel.loudness_ebu128.momentary.dvar2": 0.8020338316758474,
        "rhythm.bpm_histogram_second_peak_weight": 0.1022036150097847,
        "lowlevel.loudness_ebu128.loudness_range": 4.370665868123372,
        "rhythm.bpm_histogram_second_peak_bpm": 140.33333333333334,
        "lowlevel.loudness_ebu128.short_term.min": -27.866191228230793,
        "lowlevel.loudness_ebu128.short_term.stdev": 3.065663456916809,
        "lowlevel.loudness_ebu128.short_term.dmean2": 0.07013942797978719,
        "lowlevel.loudness_ebu128.short_term.var": 15.056839774052301,
        "rhythm.beats_loudness.mean": 0.032630378380417824,
        "lowlevel.spectral_centroid.max": 9350.814615885416,
        "lowlevel.loudness_ebu128.momentary.dvar": 0.6545842637618383,
        "rhythm.beats_loudness.stdev": 0.01566347572952509,
        "lowlevel.loudness_ebu128.momentary.max": -10.163327852884928,
        "lowlevel.spectral_centroid.median": 1208.0891927083333,
        "lowlevel.loudness_ebu128.momentary.dmean": 0.45183152953783673,
        "lowlevel.loudness_ebu128.short_term.dvar": 0.012208014998274544,
        "rhythm.beats_loudness.var": 0.00025335595516177517,
        "lowlevel.loudness_ebu128.momentary.stdev": 4.644518136978149,
        "lowlevel.loudness_ebu128.momentary.mean": -15.13919734954834,
        "rhythm.beats_loudness.dmean": 0.01096875686198473,
        "lowlevel.average_loudness": 0.8416825334231058,
        "lowlevel.loudness_ebu128.short_term.median": -13.745677630106607,
        "rhythm.beats_loudness.max": 0.08560814956823985,
        "metadata.audio_properties.analysis.equal_loudness": 0.0,
        "lowlevel.loudness_ebu128.momentary.dmean2": 0.5661886731783549,
        "lowlevel.spectral_centroid.dvar2": 104564.09895833333,
        "lowlevel.loudness_ebu128.short_term.max": -11.454012711842855,
        "lowlevel.spectral_centroid.var": 289875.9583333333,
        "rhythm.bpm_histogram_first_peak_weight": 0.44885969161987305,
        "lowlevel.loudness_ebu128.momentary.median": -14.017559051513672,
        "rhythm.bpm": 137.45586140950522,
        "rhythm.beats_loudness.dvar2": 0.00028786322703429806,
        "lowlevel.loudness_ebu128.short_term.dmean": 0.0741817591090997,
        "lowlevel.spectral_centroid.stdev": 536.8585306803385,
        "lowlevel.spectral_centroid.dmean": 206.79195658365884,
        "lowlevel.spectral_centroid.dmean2": 317.98472086588544,
        "rhythm.danceability": 1.1799800793329875,
        "lowlevel.spectral_centroid.min": 283.8302459716797,
        "rhythm.bpm_histogram_second_peak_spread": 0.09848483403523763
    },
    "outlier_flag": false,
    "outlier_reasons": null,
    "raw_versions": [
        {
            "id": "mvi4JRI27s8",
            "title": "That's All Right (Prince From Another Planet, Live at Madison Square Garden, 1972)",
            "views": 1285995,
            "features": {
                "lowlevel.average_loudness": 0.9647166728973389,
                "lowlevel.loudness_ebu128.integrated": -7.96647834777832,
                "lowlevel.loudness_ebu128.loudness_range": 1.7567453384399414,
                "lowlevel.loudness_ebu128.momentary.dmean": 0.2598007619380951,
                "lowlevel.loudness_ebu128.momentary.dmean2": 0.29686009883880615,
                "lowlevel.loudness_ebu128.momentary.dvar": 0.15754826366901398,
                "lowlevel.loudness_ebu128.momentary.dvar2": 0.0733194649219513,
                "lowlevel.loudness_ebu128.momentary.max": -5.275242805480957,
                "lowlevel.loudness_ebu128.momentary.mean": -8.174338340759277,
                "lowlevel.loudness_ebu128.momentary.median": -8.044437408447266,
                "lowlevel.loudness_ebu128.momentary.min": -38.658958435058594,
                "lowlevel.loudness_ebu128.momentary.stdev": 1.713804006576538,
                "lowlevel.loudness_ebu128.momentary.var": 2.937124013900757,
                "lowlevel.loudness_ebu128.short_term.dmean": 0.04141796752810478,
                "lowlevel.loudness_ebu128.short_term.dmean2": 0.04049259424209595,
                "lowlevel.loudness_ebu128.short_term.dvar": 0.001331860083155334,
                "lowlevel.loudness_ebu128.short_term.dvar2": 0.0011105542071163654,
                "lowlevel.loudness_ebu128.short_term.max": -6.373793125152588,
                "lowlevel.loudness_ebu128.short_term.mean": -7.98209810256958,
                "lowlevel.loudness_ebu128.short_term.median": -7.900908470153809,
                "lowlevel.loudness_ebu128.short_term.min": -10.96190071105957,
                "lowlevel.loudness_ebu128.short_term.stdev": 0.6344162225723267,
                "lowlevel.loudness_ebu128.short_term.var": 0.40248391032218933,
                "lowlevel.spectral_centroid.dmean": 200.71786499023438,
                "lowlevel.spectral_centroid.dmean2": 312.2190856933594,
                "lowlevel.spectral_centroid.dvar": 44082.578125,
                "lowlevel.spectral_centroid.dvar2": 83984.8359375,
                "lowlevel.spectral_centroid.max": 11022.8232421875,
                "lowlevel.spectral_centroid.mean": 1473.87841796875,
                "lowlevel.spectral_centroid.median": 1427.9833984375,
                "lowlevel.spectral_centroid.min": 468.2597351074219,
                "lowlevel.spectral_centroid.stdev": 479.2675476074219,
                "lowlevel.spectral_centroid.var": 229697.375,
                "metadata.audio_properties.analysis.equal_loudness": 0.0,
                "rhythm.beats_loudness.dmean": 0.009033466689288616,
                "rhythm.beats_loudness.dmean2": 0.015773387625813484,
                "rhythm.beats_loudness.dvar": 5.263679486233741e-05,
                "rhythm.beats_loudness.dvar2": 0.00014269845269154757,
                "rhythm.beats_loudness.max": 0.07442601025104523,
                "rhythm.beats_loudness.mean": 0.03887777402997017,
                "rhythm.beats_loudness.median": 0.03885924071073532,
                "rhythm.beats_loudness.min": 0.0002603413595352322,
                "rhythm.beats_loudness.stdev": 0.011741590686142445,
                "rhythm.beats_loudness.var": 0.00013786496128886938,
                "rhythm.bpm": 145.18313598632812,
                "rhythm.bpm_histogram_first_peak_bpm": 144.0,
                "rhythm.bpm_histogram_first_peak_weight": 0.41785717010498047,
                "rhythm.bpm_histogram_second_peak_bpm": 152.0,
                "rhythm.bpm_histogram_second_peak_spread": 0.0,
                "rhythm.bpm_histogram_second_peak_weight": 0.11145510524511337,
                "rhythm.danceability": 1.2132244110107422
            }
        },
        {
            "id": "YZe_8u-rGWE",
            "title": "Elvis Presley - That's All Right ('68 Comeback Special)",
            "views": 13725734,
            "features": {
                "lowlevel.average_loudness": 0.9384027719497681,
                "lowlevel.loudness_ebu128.integrated": -16.868452072143555,
                "lowlevel.loudness_ebu128.loudness_range": 2.956737518310547,