{
    "song_title": "That'll Be The Day",
    "artist": "Grateful Dead",
    "num_versions_processed": 2,
    "average_features": {
        "lowlevel.loudness_ebu128.momentary.dmean2": 1.0542916059494019,
        "lowlevel.loudness_ebu128.short_term.median": -14.944477558135986,
        "lowlevel.spectral_centroid.median": 897.3865661621094,
        "rhythm.beats_loudness.var": 0.0005228731315582991,
        "rhythm.beats_loudness.dvar": 0.0004208379614283331,
        "lowlevel.loudness_ebu128.short_term.stdev": 5.232513427734375,
        "lowlevel.loudness_ebu128.integrated": -14.787758827209473,
        "rhythm.beats_loudness.max": 0.15509451925754547,
        "lowlevel.spectral_centroid.max": 10589.50439453125,
        "lowlevel.spectral_centroid.min": 187.13948822021484,
        "lowlevel.loudness_ebu128.momentary.stdev": 7.263209819793701,
        "rhythm.bpm": 127.59782028198242,
        "lowlevel.loudness_ebu128.loudness_range": 5.900592803955078,
        "rhythm.beats_loudness.mean": 0.03223509807139635,
        "rhythm.bpm_histogram_second_peak_weight": 0.08824435155838728,
        "metadata.audio_properties.analysis.equal_loudness": 0.0,
        "lowlevel.loudness_ebu128.short_term.var": 37.82524132728577,
        "rhythm.beats_loudness.dvar2": 0.0011684856144711375,
        "rhythm.bpm_histogram_second_peak_bpm": 128.0,
        "lowlevel.loudness_ebu128.momentary.mean": -17.217002391815186,
        "lowlevel.loudness_ebu128.short_term.max": -11.102385997772217,
        "rhythm.beats_loudness.stdev": 0.022632965818047523,
        "lowlevel.loudness_ebu128.momentary.dmean": 0.8455890119075775,
        "lowlevel.spectral_centroid.mean": 1048.1295166015625,
        "lowlevel.spectral_centroid.stdev": 640.6290283203125,
        "rhythm.beats_loudness.median": 0.02789587527513504,
        "lowlevel.loudness_ebu128.short_term.dmean": 0.1329936720430851,
        "lowlevel.loudness_ebu128.short_term.dvar2": 0.25754808844067156,
        "rhythm.beats_loudness.dmean2": 0.03397817350924015,
        "lowlevel.loudness_ebu128.short_term.mean": -16.255442142486572,
        "lowlevel.loudness_ebu128.momentary.var": 72.81852579116821,
        "rhythm.beats_loudness.dmean": 0.018955931067466736,
        "lowlevel.loudness_ebu128.momentary.min": -67.26591491699219,
        "lowlevel.loudness_ebu128.momentary.dvar": 1.1145314127206802,
        "lowlevel.spectral_centroid.dmean": 187.13021850585938,
        "lowlevel.spectral_centroid.var": 413375.90625,
        "rhythm.beats_loudness.min": 9.337154553878957e-05,
        "lowlevel.average_loudness": 0.6601954102516174,
        "lowlevel.loudness_ebu128.short_term.dmean2": 0.14138401672244072,
        "lowlevel.loudness_ebu128.short_term.min": -58.502756118774414,
        "rhythm.bpm_histogram_first_peak_bpm": 127.5,
        "lowlevel.loudness_ebu128.momentary.max": -8.365474224090576,
        "lowlevel.spectral_centroid.dmean2": 282.92591857910156,
        "rhythm.bpm_histogram_second_peak_spread": 0.1830238699913025,
        "lowlevel.loudness_ebu128.short_term.dvar": 0.1853283962700516,
        "lowlevel.loudness_ebu128.momentary.median": -15.467641830444336,
        "rhythm.danceability": 1.1727341413497925,
        "lowlevel.spectral_centroid.dvar": 62412.66015625,
        "rhythm.bpm_histogram_first_peak_weight": 0.5050121247768402,
        "lowlevel.loudness_ebu128.momentary.dvar2": 1.6676011383533478,
        "lowlevel.spectral_centroid.dvar2": 131329.91796875
    },
    "outlier_flag": false,
    "outlier_reasons": null,
    "raw_versions": [
        {
            "id": "z_M8M_pJ4ak",
            "title": "Grateful Dead - That'll Be The Day (9-7-1969 at Family Dog)",
            "views": 58,
            "features": {
                "lowlevel.average_loudness": 0.6535727381706238,
                "lowlevel.loudness_ebu128.integrated": -16.184276580810547,
                "lowlevel.loudness_ebu128.loudness_range": 6.7682342529296875,
                "lowlevel.loudness_ebu128.momentary.dmean": 1.0498963594436646,
                "lowlevel.loudness_ebu128.momentary.dmean2": 1.436081886291504,
                "lowlevel.loudness_ebu128.momentary.dvar": 1.8527740240097046,
                "lowlevel.loudness_ebu128.momentary.dvar2": 2.8239731788635254,
                "lowlevel.loudness_ebu128.momentary.max": -9.965982437133789,
                "lowlevel.loudness_ebu128.momentary.mean": -20.3177547454834,
                "lowlevel.loudness_ebu128.momentary.median": -17.249197006225586,
                "lowlevel.loudness_ebu128.momentary.min": -90.7093505859375,
                "lowlevel.loudness_ebu128.momentary.stdev": 11.74252986907959,
                "lowlevel.loudness_ebu128.momentary.var": 137.8870086669922,
                "lowlevel.loudness_ebu128.short_term.dmean": 0.17269544303417206,
                "lowlevel.loudness_ebu128.short_term.dmean2": 0.1951635479927063,
                "lowlevel.loudness_ebu128.short_term.dvar": 0.36377426981925964,
                "lowlevel.loudness_ebu128.short_term.dvar2": 0.5092107057571411,
                "lowlevel.loudness_ebu128.short_term.max": -12.785871505737305,
                "lowlevel.loudness_ebu128.short_term.mean": -18.721017837524414,
                "lowlevel.loudness_ebu128.short_term.median": -16.49701690673828,
                "lowlevel.loudness_ebu128.short_term.min": -90.09981536865234,
                "lowlevel.loudness_ebu128.short_term.stdev": 8.464548110961914,
                "lowlevel.loudness_ebu128.short_term.var": 71.64856719970703,
                "lowlevel.spectral_centroid.dmean": 178.63247680664062,
                "lowlevel.spectral_centroid.dmean2": 268.44329833984375,
                "lowlevel.spectral_centroid.dvar": 43186.6875,
                "lowlevel.spectral_centroid.dvar2": 88675.5859375,
                "lowlevel.spectral_centroid.max": 10628.2548828125,
                "lowlevel.spectral_centroid.mean": 1116.7242431640625,
                "lowlevel.spectral_centroid.median": 976.4613037109375,
                "lowlevel.spectral_centroid.min": 207.0038299560547,
                "lowlevel.spectral_centroid.stdev": 695.1301879882812,
                "lowlevel.spectral_centroid.var": 483205.96875,
                "metadata.audio_properties.analysis.equal_loudness": 0.0,
                "rhythm.beats_loudness.dmean": 0.022058159112930298,
                "rhythm.beats_loudness.dmean2": 0.04021505266427994,
                "rhythm.beats_loudness.dvar": 0.0006019271677359939,
                "rhythm.beats_loudness.dvar2": 0.0016506429528817534,
                "rhythm.beats_loudness.max": 0.17247693240642548,
                "rhythm.beats_loudness.mean": 0.028549062088131905,
                "rhythm.beats_loudness.median": 0.02260436862707138,
                "rhythm.beats_loudness.min": 1.098712010261238e-09,
                "rhythm.beats_loudness.stdev": 0.02589210867881775,
                "rhythm.beats_loudness.var": 0.000670401263050735,
                "rhythm.bpm": 125.69367218017578,
                "rhythm.bpm_histogram_first_peak_bpm": 126.0,
                "rhythm.bpm_histogram_first_peak_weight": 0.6188925504684448,
                "rhythm.bpm_histogram_second_peak_bpm": 120.0,
                "rhythm.bpm_histogram_second_peak_spread": 0.32758623361587524,
                "rhythm.bpm_histogram_second_peak_weight": 0.16049382090568542,
                "rhythm.danceability": 1.2244377136230469
            }
        },
        {
            "id": "Xe2u7ogAgtQ",
            "title": "Grateful Dead - Bird Song - 08/27/72 - Old Renaissance Faire Grounds, Veneta, OR (Sunshine Daydream)",
            "views": 2075792,
            "features": {
                "lowlevel.average_loudness": 0.6668180823326111,
                "lowlevel.loudness_ebu128.integrated": -13.391241073608398,
                "lowlevel.loudness_ebu128.loudness_range": 5.032951354980469,