{
    "song_title": "The Eleven",
    "artist": "Grateful Dead",
    "num_versions_processed": 3,
    "average_features": {
        "lowlevel.loudness_ebu128.momentary.dmean2": 0.5588084657986959,
        "lowlevel.loudness_ebu128.short_term.median": -14.073307037353516,
        "lowlevel.spectral_centroid.median": 851.292236328125,
        "rhythm.beats_loudness.var": 0.00040157558396458626,
        "rhythm.beats_loudness.dvar": 0.00021413119975477457,
        "lowlevel.loudness_ebu128.short_term.stdev": 5.091327389081319,
        "lowlevel.loudness_ebu128.integrated": -14.17963949839274,
        "rhythm.beats_loudness.max": 0.13634229203065237,
        "lowlevel.spectral_centroid.max": 5609.320231119792,
        "lowlevel.spectral_centroid.min": 182.43164571126303,
        "lowlevel.loudness_ebu128.momentary.stdev": 5.6050823132197065,
        "rhythm.bpm": 115.66955057779948,
        "lowlevel.loudness_ebu128.loudness_range": 4.507530848185222,
        "rhythm.beats_loudness.mean": 0.03830440094073614,
        "rhythm.bpm_histogram_second_peak_weight": 0.15142768621444702,
        "metadata.audio_properties.analysis.equal_loudness": 0.0,
        "lowlevel.loudness_ebu128.short_term.var": 45.42453948656718,
        "rhythm.beats_loudness.dvar2": 0.0006236800497087339,
        "rhythm.bpm_histogram_second_peak_bpm": 108.33333333333333,
        "lowlevel.loudness_ebu128.momentary.mean": -15.824047088623047,
        "lowlevel.loudness_ebu128.short_term.max": -10.791649977366129,
        "rhythm.beats_loudness.stdev": 0.020029503852128983,
        "lowlevel.loudness_ebu128.momentary.dmean": 0.48264384269714355,
        "lowlevel.spectral_centroid.mean": 920.2455851236979,
        "lowlevel.spectral_centroid.stdev": 416.8397216796875,
        "rhythm.beats_loudness.median": 0.03665457790096601,
        "lowlevel.loudness_ebu128.short_term.dmean": 0.06954312448700269,
        "lowlevel.loudness_ebu128.short_term.dvar2": 0.07720397412776947,
        "rhythm.beats_loudness.dmean2": 0.02721438432733218,
        "lowlevel.loudness_ebu128.short_term.mean": -15.546785354614258,
        "lowlevel.loudness_ebu128.momentary.var": 52.11950739224752,
        "rhythm.beats_loudness.dmean": 0.015798478697737057,
        "lowlevel.loudness_ebu128.momentary.min": -42.82577896118164,
        "lowlevel.loudness_ebu128.momentary.dvar": 0.2963327119747798,
        "lowlevel.spectral_centroid.dmean": 152.3423309326172,
        "lowlevel.spectral_centroid.var": 176507.78125,
        "rhythm.beats_loudness.min": 0.0021640235674951214,
        "lowlevel.average_loudness": 0.7257564465204874,
        "lowlevel.loudness_ebu128.short_term.dmean2": 0.0705232781668504,
        "lowlevel.loudness_ebu128.short_term.min": -38.319844245910645,
        "rhythm.bpm_histogram_first_peak_bpm": 116.66666666666667,
        "lowlevel.loudness_ebu128.momentary.max": -9.72412904103597,
        "lowlevel.spectral_centroid.dmean2": 232.24964904785156,
        "rhythm.bpm_histogram_second_peak_spread": 0.4734803835550944,
        "lowlevel.loudness_ebu128.short_term.dvar": 0.07136747718323022,
        "lowlevel.loudness_ebu128.momentary.median": -14.25461196899414,
        "rhythm.danceability": 1.1312545935312908,
        "lowlevel.spectral_centroid.dvar": 24156.297526041668,
        "rhythm.bpm_histogram_first_peak_weight": 0.517040471235911,
        "lowlevel.loudness_ebu128.momentary.dvar2": 0.42413922647635144,
        "lowlevel.spectral_centroid.dvar2": 54069.1953125
    },
    "outlier_flag": true,
    "outlier_reasons": [
        "Loudness Variance: 7.48 (limit 6.0)"
    ],
    "raw_versions": [
        {
            "id": "zq8sp6WF3bQ",
            "title": "Grateful Dead - 05-03-1968 Columbia U. (video)",
            "views": 1366141,
            "features": {
                "lowlevel.average_loudness": 0.6309017539024353,
                "lowlevel.loudness_ebu128.integrated": -18.01531982421875,
                "lowlevel.loudness_ebu128.loudness_range": 4.174018859863281,
                "lowlevel.loudness_ebu128.momentary.dmean": 0.49052318930625916,
                "lowlevel.loudness_ebu128.momentary.dmean2": 0.5904203653335571,
                "lowlevel.loudness_ebu128.momentary.dvar": 0.5286014676094055,
                "lowlevel.loudness_ebu128.momentary.dvar2": 0.7817554473876953,
                "lowlevel.loudness_ebu128.momentary.max": -13.235111236572266,
                "lowlevel.loudness_ebu128.momentary.mean": -21.792951583862305,
                "lowlevel.loudness_ebu128.momentary.median": -18.0664005279541,
                "lowlevel.loudness_ebu128.momentary.min": -70.63365173339844,
                "lowlevel.loudness_ebu128.momentary.stdev": 11.994734764099121,
                "lowlevel.loudness_ebu128.momentary.var": 143.87367248535156,
                "lowlevel.loudness_ebu128.short_term.dmean": 0.07934485375881195,
                "lowlevel.loudness_ebu128.short_term.dmean2": 0.08173342049121857,
                "lowlevel.loudness_ebu128.short_term.dvar": 0.20708657801151276,
                "lowlevel.loudness_ebu128.short_term.dvar2": 0.22470708191394806,
                "lowlevel.loudness_ebu128.short_term.max": -14.740426063537598,
                "lowlevel.loudness_ebu128.short_term.mean": -21.309295654296875,
                "lowlevel.loudness_ebu128.short_term.median": -17.907018661499023,
                "lowlevel.loudness_ebu128.short_term.min": -69.4701919555664,
                "lowlevel.loudness_ebu128.short_term.stdev": 11.30563735961914,
                "lowlevel.loudness_ebu128.short_term.var": 127.81742858886719,
                "lowlevel.spectral_centroid.dmean": 128.64230346679688,
                "lowlevel.spectral_centroid.dmean2": 199.8728790283203,
                "lowlevel.spectral_centroid.dvar": 20730.818359375,
                "lowlevel.spectral_centroid.dvar2": 48665.69921875,
                "lowlevel.spectral_centroid.max": 10877.595703125,
                "lowlevel.spectral_centroid.mean": 856.6792602539062,
                "lowlevel.spectral_centroid.median": 734.9657592773438,
                "lowlevel.spectral_centroid.min": 217.6662139892578,
                "lowlevel.spectral_centroid.stdev": 467.58819580078125,
                "lowlevel.spectral_centroid.var": 218638.71875,
                "metadata.audio_properties.analysis.equal_loudness": 0.0,
                "rhythm.beats_loudness.dmean": 0.013935082592070103,
                "rhythm.beats_loudness.dmean2": 0.023981481790542603,
                "rhythm.beats_loudness.dvar": 0.00022173610341269523,
                "rhythm.beats_loudness.dvar2": 0.0006588746909983456,
                "rhythm.beats_loudness.max": 0.15259510278701782,
                "rhythm.beats_loudness.mean": 0.03435690328478813,
                "rhythm.beats_loudness.median": 0.03467920795083046,
                "rhythm.beats_loudness.min": 1.1400855015608613e-07,
                "rhythm.beats_loudness.stdev": 0.0202665813267231,
                "rhythm.beats_loudness.var": 0.0004107343265786767,
                "rhythm.bpm": 113.11363220214844,
                "rhythm.bpm_histogram_first_peak_bpm": 115.0,
                "rhythm.bpm_histogram_first_peak_weight": 0.5086372494697571,
                "rhythm.bpm_histogram_second_peak_bpm": 110.0,
                "rhythm.bpm_histogram_second_peak_spread": 0.3586497902870178,
                "rhythm.bpm_histogram_second_peak_weight": 0.12837837636470795,
                "rhythm.danceability": 1.1342320442199707
            }
        },
        {
            "id": "c_WpX9s2_rQ",
            "title": "The Eleven (Live in San Francisco, 1969) (2001 Remaster)",
            "views": 175503,
            "features": {
                "lowlevel.average_loudness": 0.8645473718643188,
                "lowlevel.loudness_ebu128.integrated": -10.532073020935059,
                "lowlevel.loudness_ebu128.loudness_range": 3.9267349243164062,