{
    "song_title": "The Last Time",
    "artist": "Grateful Dead",
    "num_versions_processed": 2,
    "average_features": {
        "rhythm.beats_loudness.dvar": 0.0007491882715839893,
        "lowlevel.loudness_ebu128.momentary.median": -18.80324935913086,
        "lowlevel.loudness_ebu128.short_term.min": -38.765716552734375,
        "lowlevel.loudness_ebu128.short_term.dvar": 0.018139824736863375,
        "rhythm.beats_loudness.dvar2": 0.002295874757692218,
        "rhythm.beats_loudness.min": 0.00014236111111892713,
        "lowlevel.loudness_ebu128.momentary.min": -63.55632781982422,
        "rhythm.bpm_histogram_second_peak_weight": 0.18046395108103752,
        "lowlevel.spectral_centroid.min": 184.51728057861328,
        "lowlevel.spectral_centroid.var": 249037.953125,
        "lowlevel.loudness_ebu128.short_term.dvar2": 0.018671654630452394,
        "lowlevel.loudness_ebu128.short_term.stdev": 3.443286180496216,
        "rhythm.beats_loudness.max": 0.2023807168006897,
        "lowlevel.loudness_ebu128.momentary.dvar2": 1.4006409794092178,
        "lowlevel.spectral_centroid.dvar2": 101089.6484375,
        "lowlevel.loudness_ebu128.momentary.max": -9.75160551071167,
        "lowlevel.average_loudness": 0.42600272968411446,
        "lowlevel.loudness_ebu128.momentary.var": 28.28384256362915,
        "lowlevel.loudness_ebu128.loudness_range": 9.553679466247559,
        "rhythm.beats_loudness.dmean": 0.02577734086662531,
        "lowlevel.loudness_ebu128.momentary.dvar": 1.3285413533449173,
        "metadata.audio_properties.analysis.equal_loudness": 0.0,
        "lowlevel.spectral_centroid.dmean": 174.2396011352539,
        "rhythm.bpm": 130.04928970336914,
        "lowlevel.spectral_centroid.dvar": 50890.83984375,
        "lowlevel.loudness_ebu128.momentary.dmean2": 1.0507208406925201,
        "rhythm.bpm_histogram_first_peak_weight": 0.11880162358283997,
        "rhythm.bpm_histogram_second_peak_spread": 0.24759617447853088,
        "lowlevel.loudness_ebu128.momentary.mean": -19.908620834350586,
        "lowlevel.loudness_ebu128.momentary.dmean": 0.8920782506465912,
        "rhythm.beats_loudness.mean": 0.0405564121901989,
        "rhythm.bpm_histogram_second_peak_bpm": 156.0,
        "lowlevel.loudness_ebu128.integrated": -17.767094612121582,
        "rhythm.beats_loudness.var": 0.0010638193925842643,
        "lowlevel.loudness_ebu128.momentary.stdev": 5.173290133476257,
        "lowlevel.loudness_ebu128.short_term.var": 11.863080978393555,
        "lowlevel.spectral_centroid.max": 8161.26904296875,
        "rhythm.beats_loudness.dmean2": 0.047029600478708744,
        "rhythm.danceability": 1.3007864356040955,
        "lowlevel.loudness_ebu128.short_term.max": -12.42009162902832,
        "lowlevel.spectral_centroid.mean": 1008.3291320800781,
        "rhythm.beats_loudness.stdev": 0.0318246204406023,
        "lowlevel.loudness_ebu128.short_term.dmean2": 0.1254820078611374,
        "lowlevel.loudness_ebu128.short_term.dmean": 0.11612789332866669,
        "lowlevel.loudness_ebu128.short_term.mean": -19.08359718322754,
        "rhythm.bpm_histogram_first_peak_bpm": 130.0,
        "lowlevel.loudness_ebu128.short_term.median": -18.608983039855957,
        "lowlevel.spectral_centroid.median": 901.6326599121094,
        "lowlevel.spectral_centroid.stdev": 498.6065368652344,
        "lowlevel.spectral_centroid.dmean2": 266.23714447021484,
        "rhythm.beats_loudness.median": 0.035375894978642464
    },
    "outlier_flag": true,
    "outlier_reasons": [
        "BPM Variance: 96.31 (limit 60)"
    ],
    "raw_versions": [
        {
            "id": "ivRfUvnr1XU",
            "title": "Grateful Dead - The Last Time - [1080p Remaster]  October 1, 1994 - Boston Garden - Boston, MA",
            "views": 3225,
            "features": {
                "lowlevel.average_loudness": 0.7473105788230896,
                "lowlevel.loudness_ebu128.integrated": -17.165006637573242,
                "lowlevel.loudness_ebu128.loudness_range": 9.737594604492188,
                "lowlevel.loudness_ebu128.momentary.dmean": 0.62314373254776,
                "lowlevel.loudness_ebu128.momentary.dmean2": 0.8062209486961365,
                "lowlevel.loudness_ebu128.momentary.dvar": 0.28131595253944397,
                "lowlevel.loudness_ebu128.momentary.dvar2": 0.47353628277778625,
                "lowlevel.loudness_ebu128.momentary.max": -10.445732116699219,
                "lowlevel.loudness_ebu128.momentary.mean": -18.596208572387695,
                "lowlevel.loudness_ebu128.momentary.median": -17.574140548706055,
                "lowlevel.loudness_ebu128.momentary.min": -36.851417541503906,
                "lowlevel.loudness_ebu128.momentary.stdev": 3.940037965774536,
                "lowlevel.loudness_ebu128.momentary.var": 15.523900032043457,
                "lowlevel.loudness_ebu128.short_term.dmean": 0.09013080596923828,
                "lowlevel.loudness_ebu128.short_term.dmean2": 0.10741370916366577,
                "lowlevel.loudness_ebu128.short_term.dvar": 0.006579541601240635,
                "lowlevel.loudness_ebu128.short_term.dvar2": 0.009648731909692287,
                "lowlevel.loudness_ebu128.short_term.max": -12.87015438079834,
                "lowlevel.loudness_ebu128.short_term.mean": -18.327104568481445,
                "lowlevel.loudness_ebu128.short_term.median": -17.374494552612305,
                "lowlevel.loudness_ebu128.short_term.min": -32.82787322998047,
                "lowlevel.loudness_ebu128.short_term.stdev": 3.5261199474334717,
                "lowlevel.loudness_ebu128.short_term.var": 12.433521270751953,
                "lowlevel.spectral_centroid.dmean": 195.86558532714844,
                "lowlevel.spectral_centroid.dmean2": 304.2049865722656,
                "lowlevel.spectral_centroid.dvar": 53528.125,
                "lowlevel.spectral_centroid.dvar2": 110475.0703125,
                "lowlevel.spectral_centroid.max": 11024.892578125,
                "lowlevel.spectral_centroid.mean": 1124.649169921875,
                "lowlevel.spectral_centroid.median": 1063.206298828125,
                "lowlevel.spectral_centroid.min": 183.66339111328125,
                "lowlevel.spectral_centroid.stdev": 477.88238525390625,
                "lowlevel.spectral_centroid.var": 228371.5625,
                "metadata.audio_properties.analysis.equal_loudness": 0.0,
                "rhythm.beats_loudness.dmean": 0.03519859164953232,
                "rhythm.beats_loudness.dmean2": 0.06540222465991974,
                "rhythm.beats_loudness.dvar": 0.0010688838083297014,
                "rhythm.beats_loudness.dvar2": 0.0034282314591109753,
                "rhythm.beats_loudness.max": 0.2323169708251953,
                "rhythm.beats_loudness.mean": 0.05648713931441307,
                "rhythm.beats_loudness.median": 0.05126769840717316,
                "rhythm.beats_loudness.min": 0.0002847208525054157,
                "rhythm.beats_loudness.stdev": 0.03896695747971535,
                "rhythm.beats_loudness.var": 0.001518423669040203,
                "rhythm.bpm": 178.2064208984375,
                "rhythm.bpm_histogram_first_peak_bpm": 178.0,
                "rhythm.bpm_histogram_first_peak_weight": 0.0,
                "rhythm.bpm_histogram_second_peak_bpm": 172.0,
                "rhythm.bpm_histogram_second_peak_spread": 0.0,
                "rhythm.bpm_histogram_second_peak_weight": 0.24413146078586578,
                "rhythm.danceability": 1.484937071800232
            }
        },
        {
            "id": "J4HHj0JKDcQ",
            "title": "Grateful Dead - The Last Time/We Bid You Goodnight (Live at Sullivan Stadium, Foxboro, MA, 7/14/90)",
            "views": 48348,
            "features": {
                "lowlevel.average_loudness": 0.10469488054513931,
                "lowlevel.loudness_ebu128.integrated": -18.369182586669922,
                "lowlevel.loudness_ebu128.loudness_range": 9.36976432800293,