{
    "song_title": "The Seven",
    "artist": "Grateful Dead",
    "num_versions_processed": 3,
    "average_features": {
        "lowlevel.loudness_ebu128.short_term.dvar2": 0.2790005287776391,
        "lowlevel.loudness_ebu128.momentary.var": 138.21135139465332,
        "lowlevel.loudness_ebu128.momentary.min": -72.1596196492513,
        "lowlevel.spectral_centroid.dvar": 101995.38151041667,
        "rhythm.beats_loudness.min": 0.00011350093769518788,
        "lowlevel.spectral_centroid.mean": 1364.0497639973958,
        "rhythm.beats_loudness.dvar": 0.0012164808770952125,
        "rhythm.bpm_histogram_first_peak_bpm": 127.0,
        "rhythm.beats_loudness.median": 0.04374380471805731,
        "lowlevel.loudness_ebu128.integrated": -15.295249303181967,
        "lowlevel.loudness_ebu128.short_term.mean": -16.8057378133138,
        "rhythm.beats_loudness.dmean2": 0.05810155409077803,
        "lowlevel.loudness_ebu128.momentary.dvar2": 0.9174715578556061,
        "rhythm.bpm_histogram_second_peak_weight": 0.12225369984904925,
        "lowlevel.loudness_ebu128.loudness_range": 3.1162592569986978,
        "rhythm.bpm_histogram_second_peak_bpm": 130.66666666666666,
        "lowlevel.loudness_ebu128.short_term.min": -68.27956581115723,
        "lowlevel.loudness_ebu128.short_term.stdev": 7.567173560460408,
        "lowlevel.loudness_ebu128.short_term.dmean2": 0.11223698655764262,
        "lowlevel.loudness_ebu128.short_term.var": 92.97078943252563,
        "rhythm.beats_loudness.mean": 0.052743569016456604,
        "lowlevel.spectral_centroid.max": 9328.373209635416,
        "lowlevel.loudness_ebu128.momentary.dvar": 0.6900267203648885,
        "rhythm.beats_loudness.stdev": 0.03677190529803435,
        "lowlevel.loudness_ebu128.momentary.max": -10.929317792256674,
        "lowlevel.spectral_centroid.median": 1190.6749064127605,
        "lowlevel.loudness_ebu128.momentary.dmean": 0.59470534324646,
        "lowlevel.loudness_ebu128.short_term.dvar": 0.27410744565228623,
        "rhythm.beats_loudness.var": 0.0017838285129982978,
        "lowlevel.loudness_ebu128.momentary.stdev": 9.991642077763876,
        "lowlevel.loudness_ebu128.momentary.mean": -17.659335136413574,
        "rhythm.beats_loudness.dmean": 0.034460145980119705,
        "lowlevel.average_loudness": 0.8260594407717387,
        "lowlevel.loudness_ebu128.short_term.median": -15.383071263631185,
        "rhythm.beats_loudness.max": 0.20429553588231406,
        "metadata.audio_properties.analysis.equal_loudness": 0.0,
        "lowlevel.loudness_ebu128.momentary.dmean2": 0.69108913342158,
        "lowlevel.spectral_centroid.dvar2": 202500.671875,
        "lowlevel.loudness_ebu128.short_term.max": -12.535894711812338,
        "lowlevel.spectral_centroid.var": 693073.8958333334,
        "rhythm.bpm_histogram_first_peak_weight": 0.41271889209747314,
        "lowlevel.loudness_ebu128.momentary.median": -15.48684565226237,
        "rhythm.bpm": 126.63568878173828,
        "rhythm.beats_loudness.dvar2": 0.0033287837674530842,
        "lowlevel.loudness_ebu128.short_term.dmean": 0.11469259609778722,
        "lowlevel.spectral_centroid.stdev": 810.0000813802084,
        "lowlevel.spectral_centroid.dmean": 269.88267008463544,
        "lowlevel.spectral_centroid.dmean2": 407.8100992838542,
        "rhythm.danceability": 1.1750616629918416,
        "lowlevel.spectral_centroid.min": 141.16900126139322,
        "rhythm.bpm_histogram_second_peak_spread": 0.36945225795110065
    },
    "outlier_flag": false,
    "outlier_reasons": null,
    "raw_versions": [
        {
            "id": "Wgj9t0k94yQ",
            "title": "Jung Kook(\uc815\uad6d) - Seven (feat. Latto) @\uc778\uae30\uac00\uc694 inkigayo 20230730",
            "views": 10911557,
            "features": {
                "lowlevel.average_loudness": 0.7999914288520813,
                "lowlevel.loudness_ebu128.integrated": -12.526224136352539,
                "lowlevel.loudness_ebu128.loudness_range": 4.068464279174805,
                "lowlevel.loudness_ebu128.momentary.dmean": 0.6563737988471985,
                "lowlevel.loudness_ebu128.momentary.dmean2": 0.7306674718856812,
                "lowlevel.loudness_ebu128.momentary.dvar": 1.3272966146469116,
                "lowlevel.loudness_ebu128.momentary.dvar2": 1.8461335897445679,
                "lowlevel.loudness_ebu128.momentary.max": -8.040712356567383,
                "lowlevel.loudness_ebu128.momentary.mean": -17.207983016967773,
                "lowlevel.loudness_ebu128.momentary.median": -12.791278839111328,
                "lowlevel.loudness_ebu128.momentary.min": -90.72193145751953,
                "lowlevel.loudness_ebu128.momentary.stdev": 17.567228317260742,
                "lowlevel.loudness_ebu128.momentary.var": 308.6075439453125,
                "lowlevel.loudness_ebu128.short_term.dmean": 0.12218105047941208,
                "lowlevel.loudness_ebu128.short_term.dmean2": 0.12131250649690628,
                "lowlevel.loudness_ebu128.short_term.dvar": 0.6781112551689148,
                "lowlevel.loudness_ebu128.short_term.dvar2": 0.7957079410552979,
                "lowlevel.loudness_ebu128.short_term.max": -10.110610008239746,
                "lowlevel.loudness_ebu128.short_term.mean": -16.087055206298828,
                "lowlevel.loudness_ebu128.short_term.median": -12.637285232543945,
                "lowlevel.loudness_ebu128.short_term.min": -90.10116577148438,
                "lowlevel.loudness_ebu128.short_term.stdev": 15.608000755310059,
                "lowlevel.loudness_ebu128.short_term.var": 243.6096954345703,
                "lowlevel.spectral_centroid.dmean": 324.7021789550781,
                "lowlevel.spectral_centroid.dmean2": 489.2574768066406,
                "lowlevel.spectral_centroid.dvar": 145842.5,
                "lowlevel.spectral_centroid.dvar2": 277944.34375,
                "lowlevel.spectral_centroid.max": 11410.2705078125,
                "lowlevel.spectral_centroid.mean": 1612.3367919921875,
                "lowlevel.spectral_centroid.median": 1312.9356689453125,
                "lowlevel.spectral_centroid.min": 122.12849426269531,
                "lowlevel.spectral_centroid.stdev": 1071.0716552734375,
                "lowlevel.spectral_centroid.var": 1147194.375,
                "metadata.audio_properties.analysis.equal_loudness": 0.0,
                "rhythm.beats_loudness.dmean": 0.023580146953463554,
                "rhythm.beats_loudness.dmean2": 0.03977043926715851,
                "rhythm.beats_loudness.dvar": 0.00045925710583105683,
                "rhythm.beats_loudness.dvar2": 0.0014323920477181673,
                "rhythm.beats_loudness.max": 0.15208369493484497,
                "rhythm.beats_loudness.mean": 0.036304865032434464,
                "rhythm.beats_loudness.median": 0.029964184388518333,
                "rhythm.beats_loudness.min": 6.203039748520212e-10,
                "rhythm.beats_loudness.stdev": 0.02646009810268879,
                "rhythm.beats_loudness.var": 0.0007001367630437016,
                "rhythm.bpm": 124.85264587402344,
                "rhythm.bpm_histogram_first_peak_bpm": 126.0,
                "rhythm.bpm_histogram_first_peak_weight": 0.42105263471603394,
                "rhythm.bpm_histogram_second_peak_bpm": 120.0,
                "rhythm.bpm_histogram_second_peak_spread": 0.3720930218696594,
                "rhythm.bpm_histogram_second_peak_weight": 0.06308411061763763,
                "rhythm.danceability": 1.10618257522583
            }
        },
        {
            "id": "nCuU8tWAEII",
            "title": "Jung Kook - 'Seven' Live from London on The One Show - BBC",
            "views": 8689359,
            "features": {
                "lowlevel.average_loudness": 0.9188644289970398,
                "lowlevel.loudness_ebu128.integrated": -18.550939559936523,
                "lowlevel.loudness_ebu128.loudness_range": 2.342599868774414,