{
    "song_title": "The Rub",
    "artist": "Grateful Dead",
    "num_versions_processed": 3,
    "average_features": {
        "lowlevel.loudness_ebu128.momentary.dmean2": 1.173720399538676,
        "lowlevel.loudness_ebu128.short_term.median": -14.848883310953775,
        "lowlevel.spectral_centroid.median": 912.1372273763021,
        "rhythm.beats_loudness.var": 0.0008704966555039088,
        "rhythm.beats_loudness.dvar": 0.0005762002935322622,
        "lowlevel.loudness_ebu128.short_term.stdev": 8.937413533528646,
        "lowlevel.loudness_ebu128.integrated": -13.034134864807129,
        "rhythm.beats_loudness.max": 0.22394782304763794,
        "lowlevel.spectral_centroid.max": 7024.39208984375,
        "lowlevel.spectral_centroid.min": 181.0323282877604,
        "lowlevel.loudness_ebu128.momentary.stdev": 10.72579034169515,
        "rhythm.bpm": 143.08902740478516,
        "lowlevel.loudness_ebu128.loudness_range": 12.544177055358887,
        "rhythm.beats_loudness.mean": 0.023775942623615265,
        "rhythm.bpm_histogram_second_peak_weight": 0.12508237113555273,
        "metadata.audio_properties.analysis.equal_loudness": 0.0,
        "lowlevel.loudness_ebu128.short_term.var": 80.20129140218098,
        "rhythm.beats_loudness.dvar2": 0.0015577288771358628,
        "rhythm.bpm_histogram_second_peak_bpm": 172.33333333333334,
        "lowlevel.loudness_ebu128.momentary.mean": -19.17882029215495,
        "lowlevel.loudness_ebu128.short_term.max": -7.870692412058513,
        "rhythm.beats_loudness.stdev": 0.029087096452713013,
        "lowlevel.loudness_ebu128.momentary.dmean": 0.9928810397783915,
        "lowlevel.spectral_centroid.mean": 1012.7401326497396,
        "lowlevel.spectral_centroid.stdev": 564.2887369791666,
        "rhythm.beats_loudness.median": 0.014717598756154379,
        "lowlevel.loudness_ebu128.short_term.dmean": 0.17368456224600473,
        "lowlevel.loudness_ebu128.short_term.dvar2": 0.0977843664586544,
        "rhythm.beats_loudness.dmean2": 0.026335899407664936,
        "lowlevel.loudness_ebu128.short_term.mean": -17.699418385823567,
        "lowlevel.loudness_ebu128.momentary.var": 115.16758982340495,
        "rhythm.beats_loudness.dmean": 0.015396924999852976,
        "lowlevel.loudness_ebu128.momentary.min": -66.24240366617839,
        "lowlevel.loudness_ebu128.momentary.dvar": 1.6510653495788574,
        "lowlevel.spectral_centroid.dmean": 174.85228983561197,
        "lowlevel.spectral_centroid.var": 325112.3020833333,
        "rhythm.beats_loudness.min": 7.225649483559119e-07,
        "lowlevel.average_loudness": 0.21058412827551365,
        "lowlevel.loudness_ebu128.short_term.dmean2": 0.17279491821924844,
        "lowlevel.loudness_ebu128.short_term.min": -62.08192698160807,
        "rhythm.bpm_histogram_first_peak_bpm": 142.33333333333334,
        "lowlevel.loudness_ebu128.momentary.max": -4.681293368339539,
        "lowlevel.spectral_centroid.dmean2": 259.3155517578125,
        "rhythm.bpm_histogram_second_peak_spread": 0.0,
        "lowlevel.loudness_ebu128.short_term.dvar": 0.09891149650017421,
        "lowlevel.loudness_ebu128.momentary.median": -16.858537356058758,
        "rhythm.danceability": 1.1574764251708984,
        "lowlevel.spectral_centroid.dvar": 57909.09375,
        "rhythm.bpm_histogram_first_peak_weight": 0.21581107378005981,
        "lowlevel.loudness_ebu128.momentary.dvar2": 2.1737399895985923,
        "lowlevel.spectral_centroid.dvar2": 116860.5546875
    },
    "outlier_flag": true,
    "outlier_reasons": [
        "BPM Variance: 90.12 (limit 20)"
    ],
    "raw_versions": [
        {
            "id": "f2ViHiIWf60",
            "title": "Ain't It Crazy (The Rub) (Live at Fox Theater, St. Louis, MO 3/18/71)",
            "views": 7161,
            "features": {
                "lowlevel.average_loudness": 0.05531962215900421,
                "lowlevel.loudness_ebu128.integrated": -15.00718879699707,
                "lowlevel.loudness_ebu128.loudness_range": 8.868596076965332,
                "lowlevel.loudness_ebu128.momentary.dmean": 0.9668532609939575,
                "lowlevel.loudness_ebu128.momentary.dmean2": 1.1942545175552368,
                "lowlevel.loudness_ebu128.momentary.dvar": 1.224792242050171,
                "lowlevel.loudness_ebu128.momentary.dvar2": 1.7299301624298096,
                "lowlevel.loudness_ebu128.momentary.max": -4.723495960235596,
                "lowlevel.loudness_ebu128.momentary.mean": -18.88608169555664,
                "lowlevel.loudness_ebu128.momentary.median": -17.177001953125,
                "lowlevel.loudness_ebu128.momentary.min": -88.3365707397461,
                "lowlevel.loudness_ebu128.momentary.stdev": 10.857304573059082,
                "lowlevel.loudness_ebu128.momentary.var": 117.88106536865234,
                "lowlevel.loudness_ebu128.short_term.dmean": 0.17062024772167206,
                "lowlevel.loudness_ebu128.short_term.dmean2": 0.16650940477848053,
                "lowlevel.loudness_ebu128.short_term.dvar": 0.08056064695119858,
                "lowlevel.loudness_ebu128.short_term.dvar2": 0.05120396241545677,
                "lowlevel.loudness_ebu128.short_term.max": -8.373910903930664,
                "lowlevel.loudness_ebu128.short_term.mean": -17.43798065185547,
                "lowlevel.loudness_ebu128.short_term.median": -16.086732864379883,
                "lowlevel.loudness_ebu128.short_term.min": -87.85057067871094,
                "lowlevel.loudness_ebu128.short_term.stdev": 8.26521110534668,
                "lowlevel.loudness_ebu128.short_term.var": 68.313720703125,
                "lowlevel.spectral_centroid.dmean": 143.74945068359375,
                "lowlevel.spectral_centroid.dmean2": 211.43612670898438,
                "lowlevel.spectral_centroid.dvar": 35003.91796875,
                "lowlevel.spectral_centroid.dvar2": 70894.8203125,
                "lowlevel.spectral_centroid.max": 10818.626953125,
                "lowlevel.spectral_centroid.mean": 893.1444702148438,
                "lowlevel.spectral_centroid.median": 762.1929931640625,
                "lowlevel.spectral_centroid.min": 186.36940002441406,
                "lowlevel.spectral_centroid.stdev": 633.4585571289062,
                "lowlevel.spectral_centroid.var": 401269.71875,
                "metadata.audio_properties.analysis.equal_loudness": 0.0,
                "rhythm.beats_loudness.dmean": 0.01793534681200981,
                "rhythm.beats_loudness.dmean2": 0.030893420800566673,
                "rhythm.beats_loudness.dvar": 0.0006891638622619212,
                "rhythm.beats_loudness.dvar2": 0.0018605653895065188,
                "rhythm.beats_loudness.max": 0.30806365609169006,
                "rhythm.beats_loudness.mean": 0.025089066475629807,
                "rhythm.beats_loudness.median": 0.014597154222428799,
                "rhythm.beats_loudness.min": 6.35225316791832e-10,
                "rhythm.beats_loudness.stdev": 0.03060203045606613,
                "rhythm.beats_loudness.var": 0.0009364842553623021,
                "rhythm.bpm": 178.20628356933594,
                "rhythm.bpm_histogram_first_peak_bpm": 178.0,
                "rhythm.bpm_histogram_first_peak_weight": 0.0,
                "rhythm.bpm_histogram_second_peak_bpm": 172.0,
                "rhythm.bpm_histogram_second_peak_spread": 0.0,
                "rhythm.bpm_histogram_second_peak_weight": 0.2021791785955429,
                "rhythm.danceability": 1.1493961811065674
            }
        },
        {
            "id": "9acys5-sEs8",
            "title": "Ain't It Crazy (The Rub) (Live at the Filmore East, New York City, NY, 5/15/70)",
            "views": 7885,
            "features": {
                "lowlevel.average_loudness": 0.031161485239863396,
                "lowlevel.loudness_ebu128.integrated": -10.652318000793457,
                "lowlevel.loudness_ebu128.loudness_range": 18.44797134399414,