{
    "song_title": "The Ballad Of Frankie Lee And Judas Priest",
    "artist": "Grateful Dead",
    "num_versions_processed": 1,
    "average_features": {
        "rhythm.beats_loudness.dvar": 0.00023713361588306725,
        "lowlevel.loudness_ebu128.momentary.median": -13.505777359008789,
        "lowlevel.loudness_ebu128.short_term.min": -28.60829734802246,
        "lowlevel.loudness_ebu128.short_term.dvar": 0.00890841893851757,
        "rhythm.beats_loudness.dvar2": 0.0006877178675495088,
        "rhythm.beats_loudness.min": 6.587440593008864e-10,
        "lowlevel.loudness_ebu128.momentary.min": -90.12574005126953,
        "rhythm.bpm_histogram_second_peak_weight": 0.278801828622818,
        "lowlevel.spectral_centroid.min": 257.1205749511719,
        "lowlevel.spectral_centroid.var": 326770.03125,
        "lowlevel.loudness_ebu128.short_term.dvar2": 0.009400490671396255,
        "lowlevel.loudness_ebu128.short_term.stdev": 3.2057008743286133,
        "rhythm.beats_loudness.max": 0.17752158641815186,
        "lowlevel.loudness_ebu128.momentary.dvar2": 2.421379804611206,
        "lowlevel.spectral_centroid.dvar2": 114916.625,
        "lowlevel.loudness_ebu128.momentary.max": -7.8887434005737305,
        "lowlevel.average_loudness": 0.8417286276817322,
        "lowlevel.loudness_ebu128.momentary.var": 40.247127532958984,
        "lowlevel.loudness_ebu128.loudness_range": 7.016579627990723,
        "rhythm.beats_loudness.dmean": 0.014958328567445278,
        "lowlevel.loudness_ebu128.momentary.dvar": 1.3790903091430664,
        "metadata.audio_properties.analysis.equal_loudness": 0.0,
        "lowlevel.spectral_centroid.dmean": 230.69525146484375,
        "rhythm.bpm": 165.50509643554688,
        "lowlevel.spectral_centroid.dvar": 53612.3125,
        "lowlevel.loudness_ebu128.momentary.dmean2": 0.7797775268554688,
        "rhythm.bpm_histogram_first_peak_weight": 0.0,
        "rhythm.bpm_histogram_second_peak_spread": 0.0,
        "lowlevel.loudness_ebu128.momentary.mean": -14.827857971191406,
        "lowlevel.loudness_ebu128.momentary.dmean": 0.6451733112335205,
        "rhythm.beats_loudness.mean": 0.029262976720929146,
        "rhythm.bpm_histogram_second_peak_bpm": 172.0,
        "lowlevel.loudness_ebu128.integrated": -13.281885147094727,
        "rhythm.beats_loudness.var": 0.00036273515434004366,
        "lowlevel.loudness_ebu128.momentary.stdev": 6.344062328338623,
        "lowlevel.loudness_ebu128.short_term.var": 10.276518821716309,
        "lowlevel.spectral_centroid.max": 10883.3291015625,
        "rhythm.beats_loudness.dmean2": 0.026379156857728958,
        "rhythm.danceability": 1.3045405149459839,
        "lowlevel.loudness_ebu128.short_term.max": -10.364394187927246,
        "lowlevel.spectral_centroid.mean": 1363.3006591796875,
        "rhythm.beats_loudness.stdev": 0.01904560811817646,
        "lowlevel.loudness_ebu128.short_term.dmean2": 0.10993733257055283,
        "lowlevel.loudness_ebu128.short_term.dmean": 0.09810803830623627,
        "lowlevel.loudness_ebu128.short_term.mean": -14.18018913269043,
        "rhythm.bpm_histogram_first_peak_bpm": 167.0,
        "lowlevel.loudness_ebu128.short_term.median": -13.183284759521484,
        "lowlevel.spectral_centroid.median": 1266.0589599609375,
        "lowlevel.spectral_centroid.stdev": 571.6380004882812,
        "lowlevel.spectral_centroid.dmean2": 348.7056579589844,
        "rhythm.beats_loudness.median": 0.027697741985321045
    },
    "outlier_flag": false,
    "outlier_reasons": null,
    "raw_versions": [
        {
            "id": "iY0ArCDp1Cw",
            "title": "Grateful Dead - The Ballad Of Frankie Lee and Judas Priest (7-10-1987 at John F Kennedy Stadium)",
            "views": 131,
            "features": {
                "lowlevel.average_loudness": 0.8417286276817322,
                "lowlevel.loudness_ebu128.integrated": -13.281885147094727,
                "lowlevel.loudness_ebu128.loudness_range": 7.016579627990723,
                "lowlevel.loudness_ebu128.momentary.dmean": 0.6451733112335205,
                "lowlevel.loudness_ebu128.momentary.dmean2": 0.7797775268554688,
                "lowlevel.loudness_ebu128.momentary.dvar": 1.3790903091430664,
                "lowlevel.loudness_ebu128.momentary.dvar2": 2.421379804611206,
                "lowlevel.loudness_ebu128.momentary.max": -7.8887434005737305,
                "lowlevel.loudness_ebu128.momentary.mean": -14.827857971191406,
                "lowlevel.loudness_ebu128.momentary.median": -13.505777359008789,
                "lowlevel.loudness_ebu128.momentary.min": -90.12574005126953,
                "lowlevel.loudness_ebu128.momentary.stdev": 6.344062328338623,
                "lowlevel.loudness_ebu128.momentary.var": 40.247127532958984,
                "lowlevel.loudness_ebu128.short_term.dmean": 0.09810803830623627,
                "lowlevel.loudness_ebu128.short_term.dmean2": 0.10993733257055283,
                "lowlevel.loudness_ebu128.short_term.dvar": 0.00890841893851757,
                "lowlevel.loudness_ebu128.short_term.dvar2": 0.009400490671396255,
                "lowlevel.loudness_ebu128.short_term.max": -10.364394187927246,
                "lowlevel.loudness_ebu128.short_term.mean": -14.18018913269043,
                "lowlevel.loudness_ebu128.short_term.median": -13.183284759521484,
                "lowlevel.loudness_ebu128.short_term.min": -28.60829734802246,
                "lowlevel.loudness_ebu128.short_term.stdev": 3.2057008743286133,
                "lowlevel.loudness_ebu128.short_term.var": 10.276518821716309,
                "lowlevel.spectral_centroid.dmean": 230.69525146484375,
                "lowlevel.spectral_centroid.dmean2": 348.7056579589844,
                "lowlevel.spectral_centroid.dvar": 53612.3125,
                "lowlevel.spectral_centroid.dvar2": 114916.625,
                "lowlevel.spectral_centroid.max": 10883.3291015625,
                "lowlevel.spectral_centroid.mean": 1363.3006591796875,
                "lowlevel.spectral_centroid.median": 1266.0589599609375,
                "lowlevel.spectral_centroid.min": 257.1205749511719,
                "lowlevel.spectral_centroid.stdev": 571.6380004882812,
                "lowlevel.spectral_centroid.var": 326770.03125,
                "metadata.audio_properties.analysis.equal_loudness": 0.0,
                "rhythm.beats_loudness.dmean": 0.014958328567445278,
                "rhythm.beats_loudness.dmean2": 0.026379156857728958,
                "rhythm.beats_loudness.dvar": 0.00023713361588306725,
                "rhythm.beats_loudness.dvar2": 0.0006877178675495088,
                "rhythm.beats_loudness.max": 0.17752158641815186,
                "rhythm.beats_loudness.mean": 0.029262976720929146,
                "rhythm.beats_loudness.median": 0.027697741985321045,
                "rhythm.beats_loudness.min": 6.587440593008864e-10,
                "rhythm.beats_loudness.stdev": 0.01904560811817646,
                "rhythm.beats_loudness.var": 0.00036273515434004366,
                "rhythm.bpm": 165.50509643554688,
                "rhythm.bpm_histogram_first_peak_bpm": 167.0,
                "rhythm.bpm_histogram_first_peak_weight": 0.0,
                "rhythm.bpm_histogram_second_peak_bpm": 172.0,
                "rhythm.bpm_histogram_second_peak_spread": 0.0,
                "rhythm.bpm_histogram_second_peak_weight": 0.278801828622818,
                "rhythm.danceability": 1.3045405149459839
            }
        }
    ]
}