{
    "song_title": "The Music Never Stopped",
    "artist": "Grateful Dead",
    "num_versions_processed": 3,
    "average_features": {
        "lowlevel.loudness_ebu128.short_term.dvar2": 0.019117180878917377,
        "lowlevel.loudness_ebu128.momentary.var": 36.971229553222656,
        "lowlevel.loudness_ebu128.momentary.min": -72.04579416910808,
        "lowlevel.spectral_centroid.dvar": 61829.60546875,
        "rhythm.beats_loudness.min": 1.899716485028365e-06,
        "lowlevel.spectral_centroid.mean": 1163.9601236979167,
        "rhythm.beats_loudness.dvar": 0.0002278888520474235,
        "rhythm.bpm_histogram_first_peak_bpm": 108.33333333333333,
        "rhythm.beats_loudness.median": 0.028580553208788235,
        "lowlevel.loudness_ebu128.integrated": -16.710869789123535,
        "lowlevel.loudness_ebu128.short_term.mean": -17.50365161895752,
        "rhythm.beats_loudness.dmean2": 0.02737802763779958,
        "lowlevel.loudness_ebu128.momentary.dvar2": 2.6502404610315957,
        "rhythm.bpm_histogram_second_peak_weight": 0.09573146887123585,
        "lowlevel.loudness_ebu128.loudness_range": 5.662123044331868,
        "rhythm.bpm_histogram_second_peak_bpm": 114.33333333333333,
        "lowlevel.loudness_ebu128.short_term.min": -46.878313064575195,
        "lowlevel.loudness_ebu128.short_term.stdev": 3.4107048908869424,
        "lowlevel.loudness_ebu128.short_term.dmean2": 0.12382780015468597,
        "lowlevel.loudness_ebu128.short_term.var": 15.50411852200826,
        "rhythm.beats_loudness.mean": 0.03166932053864002,
        "lowlevel.spectral_centroid.max": 9186.137369791666,
        "lowlevel.loudness_ebu128.momentary.dvar": 1.2915131052335103,
        "rhythm.beats_loudness.stdev": 0.018470086467762787,
        "lowlevel.loudness_ebu128.momentary.max": -10.289478778839111,
        "lowlevel.spectral_centroid.median": 1088.6144002278645,
        "lowlevel.loudness_ebu128.momentary.dmean": 0.8397125204404196,
        "lowlevel.loudness_ebu128.short_term.dvar": 0.023740511077145737,
        "rhythm.beats_loudness.var": 0.0003482920825869466,
        "lowlevel.loudness_ebu128.momentary.stdev": 5.370688358942668,
        "lowlevel.loudness_ebu128.momentary.mean": -18.166975657145183,
        "rhythm.beats_loudness.dmean": 0.015732537023723125,
        "lowlevel.average_loudness": 0.666091243426005,
        "lowlevel.loudness_ebu128.short_term.median": -16.920608520507812,
        "rhythm.beats_loudness.max": 0.13249894976615906,
        "metadata.audio_properties.analysis.equal_loudness": 0.0,
        "lowlevel.loudness_ebu128.momentary.dmean2": 1.0865575075149536,
        "lowlevel.spectral_centroid.dvar2": 129915.52604166667,
        "lowlevel.loudness_ebu128.short_term.max": -12.559771537780762,
        "lowlevel.spectral_centroid.var": 335982.1770833333,
        "rhythm.bpm_histogram_first_peak_weight": 0.5385275284449259,
        "lowlevel.loudness_ebu128.momentary.median": -17.233727137247723,
        "rhythm.bpm": 108.64102935791016,
        "rhythm.beats_loudness.dvar2": 0.0006606296519748867,
        "lowlevel.loudness_ebu128.short_term.dmean": 0.11963825921217601,
        "lowlevel.spectral_centroid.stdev": 576.1285400390625,
        "lowlevel.spectral_centroid.dmean": 205.82361857096353,
        "lowlevel.spectral_centroid.dmean2": 311.5456848144531,
        "rhythm.danceability": 1.1983275016148884,
        "lowlevel.spectral_centroid.min": 192.17874654134116,
        "rhythm.bpm_histogram_second_peak_spread": 0.1884249448776245
    },
    "outlier_flag": false,
    "outlier_reasons": null,
    "raw_versions": [
        {
            "id": "8XRHZcvP9kI",
            "title": "Grateful Dead - The Music Never Stopped (2025 Remaster)",
            "views": 99327,
            "features": {
                "lowlevel.average_loudness": 0.664452850818634,
                "lowlevel.loudness_ebu128.integrated": -13.640162467956543,
                "lowlevel.loudness_ebu128.loudness_range": 6.336001396179199,
                "lowlevel.loudness_ebu128.momentary.dmean": 0.9844290018081665,
                "lowlevel.loudness_ebu128.momentary.dmean2": 1.2295236587524414,
                "lowlevel.loudness_ebu128.momentary.dvar": 2.461507797241211,
                "lowlevel.loudness_ebu128.momentary.dvar2": 5.503422737121582,
                "lowlevel.loudness_ebu128.momentary.max": -7.3335442543029785,
                "lowlevel.loudness_ebu128.momentary.mean": -16.3076114654541,
                "lowlevel.loudness_ebu128.momentary.median": -14.462583541870117,
                "lowlevel.loudness_ebu128.momentary.min": -90.72674560546875,
                "lowlevel.loudness_ebu128.momentary.stdev": 9.360040664672852,
                "lowlevel.loudness_ebu128.momentary.var": 87.61036682128906,
                "lowlevel.loudness_ebu128.short_term.dmean": 0.16025970876216888,
                "lowlevel.loudness_ebu128.short_term.dmean2": 0.14293567836284637,
                "lowlevel.loudness_ebu128.short_term.dvar": 0.05010295659303665,
                "lowlevel.loudness_ebu128.short_term.dvar2": 0.03093121387064457,
                "lowlevel.loudness_ebu128.short_term.max": -9.736844062805176,
                "lowlevel.loudness_ebu128.short_term.mean": -15.104033470153809,
                "lowlevel.loudness_ebu128.short_term.median": -13.949872970581055,
                "lowlevel.loudness_ebu128.short_term.min": -86.66988372802734,
                "lowlevel.loudness_ebu128.short_term.stdev": 6.191851615905762,
                "lowlevel.loudness_ebu128.short_term.var": 38.33902359008789,
                "lowlevel.spectral_centroid.dmean": 206.5772705078125,
                "lowlevel.spectral_centroid.dmean2": 309.01873779296875,
                "lowlevel.spectral_centroid.dvar": 73529.1640625,
                "lowlevel.spectral_centroid.dvar2": 150826.9375,
                "lowlevel.spectral_centroid.max": 10954.833984375,
                "lowlevel.spectral_centroid.mean": 1167.4443359375,
                "lowlevel.spectral_centroid.median": 1087.232421875,
                "lowlevel.spectral_centroid.min": 160.9847412109375,
                "lowlevel.spectral_centroid.stdev": 665.59130859375,
                "lowlevel.spectral_centroid.var": 443011.78125,
                "metadata.audio_properties.analysis.equal_loudness": 0.0,
                "rhythm.beats_loudness.dmean": 0.01508653536438942,
                "rhythm.beats_loudness.dmean2": 0.02601711079478264,
                "rhythm.beats_loudness.dvar": 0.00021906403708271682,
                "rhythm.beats_loudness.dvar2": 0.0005928004975430667,
                "rhythm.beats_loudness.max": 0.11198537796735764,
                "rhythm.beats_loudness.mean": 0.028209472075104713,
                "rhythm.beats_loudness.median": 0.024455098435282707,
                "rhythm.beats_loudness.min": 6.500209814852553e-10,
                "rhythm.beats_loudness.stdev": 0.01933027058839798,
                "rhythm.beats_loudness.var": 0.0003736593935173005,
                "rhythm.bpm": 105.51676177978516,
                "rhythm.bpm_histogram_first_peak_bpm": 105.0,
                "rhythm.bpm_histogram_first_peak_weight": 0.5137420892715454,
                "rhythm.bpm_histogram_second_peak_bpm": 110.0,
                "rhythm.bpm_histogram_second_peak_spread": 0.0,
                "rhythm.bpm_histogram_second_peak_weight": 0.01859504170715809,
                "rhythm.danceability": 1.1067860126495361
            }
        },
        {
            "id": "X4WvB9DTutc",
            "title": "Grateful Dead - The Music Never Stopped - 4/27/1977 - Capitol Theatre",
            "views": 64633,
            "features": {
                "lowlevel.average_loudness": 0.5174269080162048,
                "lowlevel.loudness_ebu128.integrated": -17.031543731689453,
                "lowlevel.loudness_ebu128.loudness_range": 5.662435531616211,