{
    "song_title": "The Wheel",
    "artist": "Grateful Dead",
    "num_versions_processed": 3,
    "average_features": {
        "lowlevel.loudness_ebu128.short_term.dvar2": 0.023231100291013718,
        "lowlevel.loudness_ebu128.momentary.var": 23.742777188618977,
        "lowlevel.loudness_ebu128.momentary.min": -60.543774922688804,
        "lowlevel.spectral_centroid.dvar": 39403.279296875,
        "rhythm.beats_loudness.min": 3.063761833218178e-05,
        "lowlevel.spectral_centroid.mean": 805.1440633138021,
        "rhythm.beats_loudness.dvar": 0.0014369823426629107,
        "rhythm.bpm_histogram_first_peak_bpm": 128.33333333333334,
        "rhythm.beats_loudness.median": 0.029893038794398308,
        "lowlevel.loudness_ebu128.integrated": -20.055407842000324,
        "lowlevel.loudness_ebu128.short_term.mean": -21.51133664449056,
        "rhythm.beats_loudness.dmean2": 0.05216602732737859,
        "lowlevel.loudness_ebu128.momentary.dvar2": 1.8811671336491902,
        "rhythm.bpm_histogram_second_peak_weight": 0.112376868724823,
        "lowlevel.loudness_ebu128.loudness_range": 8.895064036051432,
        "rhythm.bpm_histogram_second_peak_bpm": 130.66666666666666,
        "lowlevel.loudness_ebu128.short_term.min": -37.406127293904625,
        "lowlevel.loudness_ebu128.short_term.stdev": 3.668222109476725,
        "lowlevel.loudness_ebu128.short_term.dmean2": 0.1486289252837499,
        "lowlevel.loudness_ebu128.short_term.var": 15.106329282124838,
        "rhythm.beats_loudness.mean": 0.04102154324452082,
        "lowlevel.spectral_centroid.max": 4274.283447265625,
        "lowlevel.loudness_ebu128.momentary.dvar": 0.9667912522951762,
        "rhythm.beats_loudness.stdev": 0.039178648963570595,
        "lowlevel.loudness_ebu128.momentary.max": -11.971638043721518,
        "lowlevel.spectral_centroid.median": 731.3867594401041,
        "lowlevel.loudness_ebu128.momentary.dmean": 0.897948145866394,
        "lowlevel.loudness_ebu128.short_term.dvar": 0.01997959582755963,
        "rhythm.beats_loudness.var": 0.0019354045507498085,
        "lowlevel.loudness_ebu128.momentary.stdev": 4.763206322987874,
        "lowlevel.loudness_ebu128.momentary.mean": -22.046738306681316,
        "rhythm.beats_loudness.dmean": 0.028921024252971012,
        "lowlevel.average_loudness": 0.3518355091412862,
        "lowlevel.loudness_ebu128.short_term.median": -20.381764729817707,
        "rhythm.beats_loudness.max": 0.2944132337967555,
        "metadata.audio_properties.analysis.equal_loudness": 0.0,
        "lowlevel.loudness_ebu128.momentary.dmean2": 1.2292414903640747,
        "lowlevel.spectral_centroid.dvar2": 85747.99479166667,
        "lowlevel.loudness_ebu128.short_term.max": -15.125303904215494,
        "lowlevel.spectral_centroid.var": 152640.79427083334,
        "rhythm.bpm_histogram_first_peak_weight": 0.5301191210746765,
        "lowlevel.loudness_ebu128.momentary.median": -20.96904945373535,
        "rhythm.bpm": 128.20753733317056,
        "rhythm.beats_loudness.dvar2": 0.0043901188764721155,
        "lowlevel.loudness_ebu128.short_term.dmean": 0.1255808174610138,
        "lowlevel.spectral_centroid.stdev": 388.94557698567706,
        "lowlevel.spectral_centroid.dmean": 148.60809580485025,
        "lowlevel.spectral_centroid.dmean2": 226.14702860514322,
        "rhythm.danceability": 1.3153533140818279,
        "lowlevel.spectral_centroid.min": 178.76339721679688,
        "rhythm.bpm_histogram_second_peak_spread": 0.2633267442385356
    },
    "outlier_flag": false,
    "outlier_reasons": null,
    "raw_versions": [
        {
            "id": "hbLx24IfR2g",
            "title": "Grateful Dead - The Wheel - 9/30/89 (Pro-Shot)",
            "views": 250012,
            "features": {
                "lowlevel.average_loudness": 0.3764864206314087,
                "lowlevel.loudness_ebu128.integrated": -21.675024032592773,
                "lowlevel.loudness_ebu128.loudness_range": 6.375400543212891,
                "lowlevel.loudness_ebu128.momentary.dmean": 0.9287712574005127,
                "lowlevel.loudness_ebu128.momentary.dmean2": 1.2256091833114624,
                "lowlevel.loudness_ebu128.momentary.dvar": 0.784627377986908,
                "lowlevel.loudness_ebu128.momentary.dvar2": 1.393349051475525,
                "lowlevel.loudness_ebu128.momentary.max": -13.084785461425781,
                "lowlevel.loudness_ebu128.momentary.mean": -23.03904151916504,
                "lowlevel.loudness_ebu128.momentary.median": -22.392318725585938,
                "lowlevel.loudness_ebu128.momentary.min": -43.07109832763672,
                "lowlevel.loudness_ebu128.momentary.stdev": 3.7845702171325684,
                "lowlevel.loudness_ebu128.momentary.var": 14.322972297668457,
                "lowlevel.loudness_ebu128.short_term.dmean": 0.13185538351535797,
                "lowlevel.loudness_ebu128.short_term.dmean2": 0.15448294579982758,
                "lowlevel.loudness_ebu128.short_term.dvar": 0.021054595708847046,
                "lowlevel.loudness_ebu128.short_term.dvar2": 0.022849051281809807,
                "lowlevel.loudness_ebu128.short_term.max": -16.782846450805664,
                "lowlevel.loudness_ebu128.short_term.mean": -22.43376922607422,
                "lowlevel.loudness_ebu128.short_term.median": -21.997272491455078,
                "lowlevel.loudness_ebu128.short_term.min": -36.32941436767578,
                "lowlevel.loudness_ebu128.short_term.stdev": 2.6594865322113037,
                "lowlevel.loudness_ebu128.short_term.var": 7.072868347167969,
                "lowlevel.spectral_centroid.dmean": 169.79067993164062,
                "lowlevel.spectral_centroid.dmean2": 256.4200744628906,
                "lowlevel.spectral_centroid.dvar": 47765.2734375,
                "lowlevel.spectral_centroid.dvar2": 103619.359375,
                "lowlevel.spectral_centroid.max": 3731.52978515625,
                "lowlevel.spectral_centroid.mean": 928.71142578125,
                "lowlevel.spectral_centroid.median": 865.0062255859375,
                "lowlevel.spectral_centroid.min": 208.78225708007812,
                "lowlevel.spectral_centroid.stdev": 402.3179931640625,
                "lowlevel.spectral_centroid.var": 161859.765625,
                "metadata.audio_properties.analysis.equal_loudness": 0.0,
                "rhythm.beats_loudness.dmean": 0.020244229584932327,
                "rhythm.beats_loudness.dmean2": 0.036187175661325455,
                "rhythm.beats_loudness.dvar": 0.00045372775639407337,
                "rhythm.beats_loudness.dvar2": 0.001258591772057116,
                "rhythm.beats_loudness.max": 0.18180111050605774,
                "rhythm.beats_loudness.mean": 0.030709773302078247,
                "rhythm.beats_loudness.median": 0.025108065456151962,
                "rhythm.beats_loudness.min": 4.520991933532059e-05,
                "rhythm.beats_loudness.stdev": 0.024966994300484657,
                "rhythm.beats_loudness.var": 0.000623350846581161,
                "rhythm.bpm": 129.29876708984375,
                "rhythm.bpm_histogram_first_peak_bpm": 129.0,
                "rhythm.bpm_histogram_first_peak_weight": 0.6077921986579895,
                "rhythm.bpm_histogram_second_peak_bpm": 123.0,
                "rhythm.bpm_histogram_second_peak_spread": 0.18292683362960815,
                "rhythm.bpm_histogram_second_peak_weight": 0.12204007059335709,
                "rhythm.danceability": 1.2532840967178345
            }
        },
        {
            "id": "30n7Rl19l_w",
            "title": "Grateful Dead \u262e The Wheel, 1977",
            "views": 298330,
            "features": {
                "lowlevel.average_loudness": 0.30901992321014404,
                "lowlevel.loudness_ebu128.integrated": -22.10157012939453,
                "lowlevel.loudness_ebu128.loudness_range": 12.994400024414062,
                "lowlevel.loudness_ebu128.momentary.dmean": 0.933896541595459,