{
    "song_title": "The Golden Road (To Unlimited Devotion)",
    "artist": "Grateful Dead",
    "num_versions_processed": 2,
    "average_features": {
        "lowlevel.loudness_ebu128.momentary.dmean2": 0.4354763478040695,
        "lowlevel.loudness_ebu128.short_term.median": -14.267352104187012,
        "lowlevel.spectral_centroid.median": 1781.8638305664062,
        "rhythm.beats_loudness.var": 0.0005141210640431382,
        "rhythm.beats_loudness.dvar": 0.0002883554607251426,
        "lowlevel.loudness_ebu128.short_term.stdev": 4.824081271886826,
        "lowlevel.loudness_ebu128.integrated": -14.233965873718262,
        "rhythm.beats_loudness.max": 0.12726032361388206,
        "lowlevel.spectral_centroid.max": 11049.6708984375,
        "lowlevel.spectral_centroid.min": 219.8098907470703,
        "lowlevel.loudness_ebu128.momentary.stdev": 8.015019536018372,
        "rhythm.bpm": 146.2782745361328,
        "lowlevel.loudness_ebu128.loudness_range": 2.235572338104248,
        "rhythm.beats_loudness.mean": 0.04187214747071266,
        "rhythm.bpm_histogram_second_peak_weight": 0.03232230432331562,
        "metadata.audio_properties.analysis.equal_loudness": 0.0,
        "lowlevel.loudness_ebu128.short_term.var": 39.53343549370766,
        "rhythm.beats_loudness.dvar2": 0.0008290031182696112,
        "rhythm.bpm_histogram_second_peak_bpm": 138.0,
        "lowlevel.loudness_ebu128.momentary.mean": -15.905935287475586,
        "lowlevel.loudness_ebu128.short_term.max": -12.554701805114746,
        "rhythm.beats_loudness.stdev": 0.02058457164093852,
        "lowlevel.loudness_ebu128.momentary.dmean": 0.4356239289045334,
        "lowlevel.spectral_centroid.mean": 1778.9934692382812,
        "lowlevel.spectral_centroid.stdev": 735.2972412109375,
        "rhythm.beats_loudness.median": 0.03847798053175211,
        "lowlevel.loudness_ebu128.short_term.dmean": 0.09209010191261768,
        "lowlevel.loudness_ebu128.short_term.dvar2": 0.00424906361149624,
        "rhythm.beats_loudness.dmean2": 0.02796703903004527,
        "lowlevel.loudness_ebu128.short_term.mean": -15.021016120910645,
        "lowlevel.loudness_ebu128.momentary.var": 89.99437379837036,
        "rhythm.beats_loudness.dmean": 0.016610417049378157,
        "lowlevel.loudness_ebu128.momentary.min": -70.56210327148438,
        "lowlevel.loudness_ebu128.momentary.dvar": 0.8021195381879807,
        "lowlevel.spectral_centroid.dmean": 264.02557373046875,
        "lowlevel.spectral_centroid.var": 544744.109375,
        "rhythm.beats_loudness.min": 3.588094812795317e-06,
        "lowlevel.average_loudness": 0.9088027775287628,
        "lowlevel.loudness_ebu128.short_term.dmean2": 0.06243346817791462,
        "lowlevel.loudness_ebu128.short_term.min": -54.498106956481934,
        "rhythm.bpm_histogram_first_peak_bpm": 148.0,
        "lowlevel.loudness_ebu128.momentary.max": -10.850887298583984,
        "lowlevel.spectral_centroid.dmean2": 402.3322296142578,
        "rhythm.bpm_histogram_second_peak_spread": 0.5089285671710968,
        "lowlevel.loudness_ebu128.short_term.dvar": 0.06163025740534067,
        "lowlevel.loudness_ebu128.momentary.median": -14.386234283447266,
        "rhythm.danceability": 1.0594784617424011,
        "lowlevel.spectral_centroid.dvar": 69612.630859375,
        "rhythm.bpm_histogram_first_peak_weight": 0.5259446501731873,
        "lowlevel.loudness_ebu128.momentary.dvar2": 1.1309328228235245,
        "lowlevel.spectral_centroid.dvar2": 138667.4921875
    },
    "outlier_flag": false,
    "outlier_reasons": null,
    "raw_versions": [
        {
            "id": "7jIVt-0L_3Y",
            "title": "The Golden Road (2013 Remaster)",
            "views": 471924,
            "features": {
                "lowlevel.average_loudness": 0.9220115542411804,
                "lowlevel.loudness_ebu128.integrated": -12.07369613647461,
                "lowlevel.loudness_ebu128.loudness_range": 2.3924741744995117,
                "lowlevel.loudness_ebu128.momentary.dmean": 0.49005699157714844,
                "lowlevel.loudness_ebu128.momentary.dmean2": 0.45327407121658325,
                "lowlevel.loudness_ebu128.momentary.dvar": 0.2656894624233246,
                "lowlevel.loudness_ebu128.momentary.dvar2": 0.19786837697029114,
                "lowlevel.loudness_ebu128.momentary.max": -7.7755126953125,
                "lowlevel.loudness_ebu128.momentary.mean": -14.954174041748047,
                "lowlevel.loudness_ebu128.momentary.median": -12.235893249511719,
                "lowlevel.loudness_ebu128.momentary.min": -87.59690856933594,
                "lowlevel.loudness_ebu128.momentary.stdev": 13.089842796325684,
                "lowlevel.loudness_ebu128.momentary.var": 171.343994140625,
                "lowlevel.loudness_ebu128.short_term.dmean": 0.12412978708744049,
                "lowlevel.loudness_ebu128.short_term.dmean2": 0.08102817833423615,
                "lowlevel.loudness_ebu128.short_term.dvar": 0.1206355169415474,
                "lowlevel.loudness_ebu128.short_term.dvar2": 0.007047702558338642,
                "lowlevel.loudness_ebu128.short_term.max": -10.350587844848633,
                "lowlevel.loudness_ebu128.short_term.mean": -13.585411071777344,
                "lowlevel.loudness_ebu128.short_term.median": -12.183160781860352,
                "lowlevel.loudness_ebu128.short_term.min": -87.48806762695312,
                "lowlevel.loudness_ebu128.short_term.stdev": 8.856657981872559,
                "lowlevel.loudness_ebu128.short_term.var": 78.44039154052734,
                "lowlevel.spectral_centroid.dmean": 254.03012084960938,
                "lowlevel.spectral_centroid.dmean2": 388.0396728515625,
                "lowlevel.spectral_centroid.dvar": 64230.65234375,
                "lowlevel.spectral_centroid.dvar2": 126572.9375,
                "lowlevel.spectral_centroid.max": 11233.3193359375,
                "lowlevel.spectral_centroid.mean": 1888.8525390625,
                "lowlevel.spectral_centroid.median": 1839.520263671875,
                "lowlevel.spectral_centroid.min": 305.2375183105469,
                "lowlevel.spectral_centroid.stdev": 799.1885986328125,
                "lowlevel.spectral_centroid.var": 638702.375,
                "metadata.audio_properties.analysis.equal_loudness": 0.0,
                "rhythm.beats_loudness.dmean": 0.009023786522448063,
                "rhythm.beats_loudness.dmean2": 0.015388219617307186,
                "rhythm.beats_loudness.dvar": 5.9275433159200475e-05,
                "rhythm.beats_loudness.dvar2": 0.0001739105355227366,
                "rhythm.beats_loudness.max": 0.07084869593381882,
                "rhythm.beats_loudness.mean": 0.025514278560876846,
                "rhythm.beats_loudness.median": 0.025365905836224556,
                "rhythm.beats_loudness.min": 7.275379743099109e-10,
                "rhythm.beats_loudness.stdev": 0.011076864786446095,
                "rhythm.beats_loudness.var": 0.0001226969325216487,
                "rhythm.bpm": 146.17071533203125,
                "rhythm.bpm_histogram_first_peak_bpm": 148.0,
                "rhythm.bpm_histogram_first_peak_weight": 0.5377049446105957,
                "rhythm.bpm_histogram_second_peak_bpm": 136.0,
                "rhythm.bpm_histogram_second_peak_spread": 0.6428571343421936,
                "rhythm.bpm_histogram_second_peak_weight": 0.015625,
                "rhythm.danceability": 1.128578782081604
            }
        },
        {
            "id": "ZjQcCNUva6Y",
            "title": "The Grateful Dead - The Golden Road (Live Whicker's World 1967)",
            "views": 65770,
            "features": {
                "lowlevel.average_loudness": 0.8955940008163452,
                "lowlevel.loudness_ebu128.integrated": -16.394235610961914,
                "lowlevel.loudness_ebu128.loudness_range": 2.0786705017089844,
                "lowlevel.loudness_ebu128.momentary.dmean": 0.38119086623191833,