{
    "song_title": "The Frozen Logger",
    "artist": "Grateful Dead",
    "num_versions_processed": 3,
    "average_features": {
        "lowlevel.loudness_ebu128.momentary.dmean2": 0.9491557478904724,
        "lowlevel.loudness_ebu128.short_term.median": -19.54589589436849,
        "lowlevel.spectral_centroid.median": 878.9031168619791,
        "rhythm.beats_loudness.var": 0.001569629937876016,
        "rhythm.beats_loudness.dvar": 0.0009897419658955187,
        "lowlevel.loudness_ebu128.short_term.stdev": 6.545339266459147,
        "lowlevel.loudness_ebu128.integrated": -17.82917849222819,
        "rhythm.beats_loudness.max": 0.3197991003592809,
        "lowlevel.spectral_centroid.max": 10720.417317708334,
        "lowlevel.spectral_centroid.min": 176.05413309733072,
        "lowlevel.loudness_ebu128.momentary.stdev": 8.388288338979086,
        "rhythm.bpm": 152.14679463704428,
        "lowlevel.loudness_ebu128.loudness_range": 15.321194012959799,
        "rhythm.beats_loudness.mean": 0.03236169988910357,
        "rhythm.bpm_histogram_second_peak_weight": 0.09902189423640569,
        "metadata.audio_properties.analysis.equal_loudness": 0.0,
        "lowlevel.loudness_ebu128.short_term.var": 42.849343617757164,
        "rhythm.beats_loudness.dvar2": 0.002709999796934426,
        "rhythm.bpm_histogram_second_peak_bpm": 165.33333333333334,
        "lowlevel.loudness_ebu128.momentary.mean": -23.034555435180664,
        "lowlevel.loudness_ebu128.short_term.max": -12.642433166503906,
        "rhythm.beats_loudness.stdev": 0.03772912546992302,
        "lowlevel.loudness_ebu128.momentary.dmean": 0.918833871682485,
        "lowlevel.spectral_centroid.mean": 1017.0921630859375,
        "lowlevel.spectral_centroid.stdev": 568.7762247721354,
        "rhythm.beats_loudness.median": 0.02231119821468989,
        "lowlevel.loudness_ebu128.short_term.dmean": 0.16585532327493033,
        "lowlevel.loudness_ebu128.short_term.dvar2": 0.043219562619924545,
        "rhythm.beats_loudness.dmean2": 0.03627545883258184,
        "lowlevel.loudness_ebu128.short_term.mean": -21.587201436360676,
        "lowlevel.loudness_ebu128.momentary.var": 70.64176177978516,
        "rhythm.beats_loudness.dmean": 0.02069650621463855,
        "lowlevel.loudness_ebu128.momentary.min": -76.97045644124348,
        "lowlevel.loudness_ebu128.momentary.dvar": 1.5386993686358135,
        "lowlevel.spectral_centroid.dmean": 158.88357543945312,
        "lowlevel.spectral_centroid.var": 344675.4010416667,
        "rhythm.beats_loudness.min": 7.495235296676543e-06,
        "lowlevel.average_loudness": 0.12393764654795329,
        "lowlevel.loudness_ebu128.short_term.dmean2": 0.13735292355219522,
        "lowlevel.loudness_ebu128.short_term.min": -47.312477111816406,
        "rhythm.bpm_histogram_first_peak_bpm": 152.33333333333334,
        "lowlevel.loudness_ebu128.momentary.max": -9.731957594553629,
        "lowlevel.spectral_centroid.dmean2": 235.33653259277344,
        "rhythm.bpm_histogram_second_peak_spread": 0.026041666666666668,
        "lowlevel.loudness_ebu128.short_term.dvar": 0.05696429933110873,
        "lowlevel.loudness_ebu128.momentary.median": -21.042426109313965,
        "rhythm.danceability": 1.0150126814842224,
        "lowlevel.spectral_centroid.dvar": 55993.243489583336,
        "rhythm.bpm_histogram_first_peak_weight": 0.2683231234550476,
        "lowlevel.loudness_ebu128.momentary.dvar2": 1.9917811155319214,
        "lowlevel.spectral_centroid.dvar2": 106618.96875
    },
    "outlier_flag": true,
    "outlier_reasons": [
        "BPM Variance: 39.24 (limit 20)",
        "Loudness Variance: 10.42 (limit 6.0)"
    ],
    "raw_versions": [
        {
            "id": "bgUCIMPkmtg",
            "title": "Grateful Dead - Frozen Logger, Till the Morning Comes",
            "views": 9594,
            "features": {
                "lowlevel.average_loudness": 0.04681095480918884,
                "lowlevel.loudness_ebu128.integrated": -14.365745544433594,
                "lowlevel.loudness_ebu128.loudness_range": 14.186763763427734,
                "lowlevel.loudness_ebu128.momentary.dmean": 0.9053887724876404,
                "lowlevel.loudness_ebu128.momentary.dmean2": 0.8839965462684631,
                "lowlevel.loudness_ebu128.momentary.dvar": 0.939228355884552,
                "lowlevel.loudness_ebu128.momentary.dvar2": 1.2161287069320679,
                "lowlevel.loudness_ebu128.momentary.max": -7.294673919677734,
                "lowlevel.loudness_ebu128.momentary.mean": -18.544281005859375,
                "lowlevel.loudness_ebu128.momentary.median": -15.850687980651855,
                "lowlevel.loudness_ebu128.momentary.min": -49.10791015625,
                "lowlevel.loudness_ebu128.momentary.stdev": 7.645646572113037,
                "lowlevel.loudness_ebu128.momentary.var": 58.455909729003906,
                "lowlevel.loudness_ebu128.short_term.dmean": 0.15141600370407104,
                "lowlevel.loudness_ebu128.short_term.dmean2": 0.1198418140411377,
                "lowlevel.loudness_ebu128.short_term.dvar": 0.05281415209174156,
                "lowlevel.loudness_ebu128.short_term.dvar2": 0.02945009618997574,
                "lowlevel.loudness_ebu128.short_term.max": -9.220645904541016,
                "lowlevel.loudness_ebu128.short_term.mean": -17.575618743896484,
                "lowlevel.loudness_ebu128.short_term.median": -15.252836227416992,
                "lowlevel.loudness_ebu128.short_term.min": -44.88574981689453,
                "lowlevel.loudness_ebu128.short_term.stdev": 6.459185600280762,
                "lowlevel.loudness_ebu128.short_term.var": 41.7210807800293,
                "lowlevel.spectral_centroid.dmean": 98.30149841308594,
                "lowlevel.spectral_centroid.dmean2": 143.42422485351562,
                "lowlevel.spectral_centroid.dvar": 17527.92578125,
                "lowlevel.spectral_centroid.dvar2": 32876.8515625,
                "lowlevel.spectral_centroid.max": 10927.4228515625,
                "lowlevel.spectral_centroid.mean": 686.7708740234375,
                "lowlevel.spectral_centroid.median": 577.2999877929688,
                "lowlevel.spectral_centroid.min": 90.61209106445312,
                "lowlevel.spectral_centroid.stdev": 427.15045166015625,
                "lowlevel.spectral_centroid.var": 182457.5,
                "metadata.audio_properties.analysis.equal_loudness": 0.0,
                "rhythm.beats_loudness.dmean": 0.030908970162272453,
                "rhythm.beats_loudness.dmean2": 0.053955309092998505,
                "rhythm.beats_loudness.dvar": 0.0016554410103708506,
                "rhythm.beats_loudness.dvar2": 0.004572032019495964,
                "rhythm.beats_loudness.max": 0.3567955791950226,
                "rhythm.beats_loudness.mean": 0.05115972086787224,
                "rhythm.beats_loudness.median": 0.03893938288092613,
                "rhythm.beats_loudness.min": 2.2478589016827755e-05,
                "rhythm.beats_loudness.stdev": 0.05476514995098114,
                "rhythm.beats_loudness.var": 0.002999221673235297,
                "rhythm.bpm": 151.1488037109375,
                "rhythm.bpm_histogram_first_peak_bpm": 152.0,
                "rhythm.bpm_histogram_first_peak_weight": 0.37745094299316406,
                "rhythm.bpm_histogram_second_peak_bpm": 157.0,
                "rhythm.bpm_histogram_second_peak_spread": 0.078125,
                "rhythm.bpm_histogram_second_peak_weight": 0.0811554342508316,
                "rhythm.danceability": 1.0044440031051636
            }
        },
        {
            "id": "g-xIHx10ESE",
            "title": "GRATEFUL DEAD- FROZEN LOGGER (and some \"Other One\")...",
            "views": 8669,
            "features": {
                "lowlevel.average_loudness": 0.16663426160812378,
                "lowlevel.loudness_ebu128.integrated": -14.348529815673828,
                "lowlevel.loudness_ebu128.loudness_range": 13.904873847961426,