{
    "song_title": "The Other One",
    "artist": "Grateful Dead",
    "num_versions_processed": 3,
    "average_features": {
        "lowlevel.loudness_ebu128.momentary.dmean2": 0.71363232533137,
        "lowlevel.loudness_ebu128.short_term.median": -18.339026769002277,
        "lowlevel.spectral_centroid.median": 816.3383992513021,
        "rhythm.beats_loudness.var": 0.0006836364094245558,
        "rhythm.beats_loudness.dvar": 0.0005129119381308556,
        "lowlevel.loudness_ebu128.short_term.stdev": 2.4004255533218384,
        "lowlevel.loudness_ebu128.integrated": -17.878770510355633,
        "rhythm.beats_loudness.max": 0.29742294053236645,
        "lowlevel.spectral_centroid.max": 11221.377278645834,
        "lowlevel.spectral_centroid.min": 174.98793284098306,
        "lowlevel.loudness_ebu128.momentary.stdev": 5.107262372970581,
        "rhythm.bpm": 134.19649759928384,
        "lowlevel.loudness_ebu128.loudness_range": 5.45366636912028,
        "rhythm.beats_loudness.mean": 0.03712892159819603,
        "rhythm.bpm_histogram_second_peak_weight": 0.11745838324228923,
        "metadata.audio_properties.analysis.equal_loudness": 0.0,
        "lowlevel.loudness_ebu128.short_term.var": 7.5719029903411865,
        "rhythm.beats_loudness.dvar2": 0.001493531735225891,
        "rhythm.bpm_histogram_second_peak_bpm": 116.66666666666667,
        "lowlevel.loudness_ebu128.momentary.mean": -19.18657461802165,
        "lowlevel.loudness_ebu128.short_term.max": -12.118923505147299,
        "rhythm.beats_loudness.stdev": 0.024933188532789547,
        "lowlevel.loudness_ebu128.momentary.dmean": 0.6103886663913727,
        "lowlevel.spectral_centroid.mean": 906.3168334960938,
        "lowlevel.spectral_centroid.stdev": 475.3544209798177,
        "rhythm.beats_loudness.median": 0.033104078844189644,
        "lowlevel.loudness_ebu128.short_term.dmean": 0.09187652667363484,
        "lowlevel.loudness_ebu128.short_term.dvar2": 0.008559550158679485,
        "rhythm.beats_loudness.dmean2": 0.033792239924271904,
        "lowlevel.loudness_ebu128.short_term.mean": -18.615341186523438,
        "lowlevel.loudness_ebu128.momentary.var": 27.377007802327473,
        "rhythm.beats_loudness.dmean": 0.019151630190511543,
        "lowlevel.loudness_ebu128.momentary.min": -90.63256072998047,
        "lowlevel.loudness_ebu128.momentary.dvar": 0.5315119127432505,
        "lowlevel.spectral_centroid.dmean": 172.93247985839844,
        "lowlevel.spectral_centroid.var": 226869.55729166666,
        "rhythm.beats_loudness.min": 2.2380422700270706e-09,
        "lowlevel.average_loudness": 0.4057053104043007,
        "lowlevel.loudness_ebu128.short_term.dmean2": 0.08919258539875348,
        "lowlevel.loudness_ebu128.short_term.min": -38.22954813639323,
        "rhythm.bpm_histogram_first_peak_bpm": 135.0,
        "lowlevel.loudness_ebu128.momentary.max": -9.18822447458903,
        "lowlevel.spectral_centroid.dmean2": 266.8181559244792,
        "rhythm.bpm_histogram_second_peak_spread": 0.2898961504300435,
        "lowlevel.loudness_ebu128.short_term.dvar": 0.012691956634322802,
        "lowlevel.loudness_ebu128.momentary.median": -18.482530911763508,
        "rhythm.danceability": 1.1556677023569744,
        "lowlevel.spectral_centroid.dvar": 43902.399088541664,
        "rhythm.bpm_histogram_first_peak_weight": 0.5102017720540365,
        "lowlevel.loudness_ebu128.momentary.dvar2": 0.670085479815801,
        "lowlevel.spectral_centroid.dvar2": 96672.07552083333
    },
    "outlier_flag": false,
    "outlier_reasons": null,
    "raw_versions": [
        {
            "id": "_vIqb3TOcA0",
            "title": "Grateful Dead - The Other One (Live at Carter-Finley Stadium, Raleigh, NC, 7/10/1990)",
            "views": 60960,
            "features": {
                "lowlevel.average_loudness": 0.15370500087738037,
                "lowlevel.loudness_ebu128.integrated": -19.389833450317383,
                "lowlevel.loudness_ebu128.loudness_range": 3.8838577270507812,
                "lowlevel.loudness_ebu128.momentary.dmean": 0.6016875505447388,
                "lowlevel.loudness_ebu128.momentary.dmean2": 0.730452299118042,
                "lowlevel.loudness_ebu128.momentary.dvar": 0.7358246445655823,
                "lowlevel.loudness_ebu128.momentary.dvar2": 0.9813286662101746,
                "lowlevel.loudness_ebu128.momentary.max": -4.352651596069336,
                "lowlevel.loudness_ebu128.momentary.mean": -20.4809513092041,
                "lowlevel.loudness_ebu128.momentary.median": -20.02566146850586,
                "lowlevel.loudness_ebu128.momentary.min": -90.55428314208984,
                "lowlevel.loudness_ebu128.momentary.stdev": 5.607658386230469,
                "lowlevel.loudness_ebu128.momentary.var": 31.44583511352539,
                "lowlevel.loudness_ebu128.short_term.dmean": 0.09040559828281403,
                "lowlevel.loudness_ebu128.short_term.dmean2": 0.08995860069990158,
                "lowlevel.loudness_ebu128.short_term.dvar": 0.010916759259998798,
                "lowlevel.loudness_ebu128.short_term.dvar2": 0.007344525773078203,
                "lowlevel.loudness_ebu128.short_term.max": -11.198721885681152,
                "lowlevel.loudness_ebu128.short_term.mean": -19.78580665588379,
                "lowlevel.loudness_ebu128.short_term.median": -19.792171478271484,
                "lowlevel.loudness_ebu128.short_term.min": -32.252586364746094,
                "lowlevel.loudness_ebu128.short_term.stdev": 1.7039854526519775,
                "lowlevel.loudness_ebu128.short_term.var": 2.903566360473633,
                "lowlevel.spectral_centroid.dmean": 156.27210998535156,
                "lowlevel.spectral_centroid.dmean2": 242.16567993164062,
                "lowlevel.spectral_centroid.dvar": 38904.578125,
                "lowlevel.spectral_centroid.dvar2": 83608.7578125,
                "lowlevel.spectral_centroid.max": 11125.4404296875,
                "lowlevel.spectral_centroid.mean": 791.4328002929688,
                "lowlevel.spectral_centroid.median": 687.0640869140625,
                "lowlevel.spectral_centroid.min": 207.06260681152344,
                "lowlevel.spectral_centroid.stdev": 500.2099304199219,
                "lowlevel.spectral_centroid.var": 250209.984375,
                "metadata.audio_properties.analysis.equal_loudness": 0.0,
                "rhythm.beats_loudness.dmean": 0.01929938793182373,
                "rhythm.beats_loudness.dmean2": 0.034129563719034195,
                "rhythm.beats_loudness.dvar": 0.0007882688078097999,
                "rhythm.beats_loudness.dvar2": 0.00221045920625329,
                "rhythm.beats_loudness.max": 0.5366409420967102,
                "rhythm.beats_loudness.mean": 0.035934820771217346,
                "rhythm.beats_loudness.median": 0.03013390675187111,
                "rhythm.beats_loudness.min": 3.0367852676960183e-09,
                "rhythm.beats_loudness.stdev": 0.02889971248805523,
                "rhythm.beats_loudness.var": 0.000835193379316479,
                "rhythm.bpm": 134.88308715820312,
                "rhythm.bpm_histogram_first_peak_bpm": 136.0,
                "rhythm.bpm_histogram_first_peak_weight": 0.4798206090927124,
                "rhythm.bpm_histogram_second_peak_bpm": 129.0,
                "rhythm.bpm_histogram_second_peak_spread": 0.09722226858139038,
                "rhythm.bpm_histogram_second_peak_weight": 0.08701472729444504,
                "rhythm.danceability": 1.0812205076217651
            }
        },
        {
            "id": "KnWNNgqFjxI",
            "title": "Grateful Dead ~ The Other One (6/21/89)",
            "views": 17712,
            "features": {
                "lowlevel.average_loudness": 0.966486930847168,
                "lowlevel.loudness_ebu128.integrated": -15.179720878601074,
                "lowlevel.loudness_ebu128.loudness_range": 2.7385759353637695,