{
    "song_title": "The Times They Are A Changin'",
    "artist": "Grateful Dead",
    "num_versions_processed": 3,
    "average_features": {
        "rhythm.beats_loudness.dvar": 0.00014811573297871897,
        "lowlevel.loudness_ebu128.momentary.median": -16.580457369486492,
        "lowlevel.loudness_ebu128.short_term.min": -33.286437352498375,
        "lowlevel.loudness_ebu128.short_term.dvar": 0.01759999990463257,
        "rhythm.beats_loudness.dvar2": 0.000410821900004521,
        "rhythm.beats_loudness.min": 0.00015503651229664683,
        "lowlevel.loudness_ebu128.momentary.min": -39.83181571960449,
        "rhythm.bpm_histogram_second_peak_weight": 0.2031899318099022,
        "lowlevel.spectral_centroid.min": 204.81905110677084,
        "lowlevel.spectral_centroid.var": 693619.0208333334,
        "lowlevel.loudness_ebu128.short_term.dvar2": 0.011455905002852282,
        "lowlevel.loudness_ebu128.short_term.stdev": 3.2795561154683432,
        "rhythm.beats_loudness.max": 0.10103612889846166,
        "lowlevel.loudness_ebu128.momentary.dvar2": 0.6774456103642782,
        "lowlevel.spectral_centroid.dvar2": 142992.0625,
        "lowlevel.loudness_ebu128.momentary.max": -9.383377075195312,
        "lowlevel.average_loudness": 0.6153729557991028,
        "lowlevel.loudness_ebu128.momentary.var": 19.32549285888672,
        "lowlevel.loudness_ebu128.loudness_range": 7.0340118408203125,
        "rhythm.beats_loudness.dmean": 0.011063305661082268,
        "lowlevel.loudness_ebu128.momentary.dvar": 0.5952208042144775,
        "metadata.audio_properties.analysis.equal_loudness": 0.0,
        "lowlevel.spectral_centroid.dmean": 225.0480499267578,
        "rhythm.bpm": 158.4168268839518,
        "lowlevel.spectral_centroid.dvar": 74190.84375,
        "lowlevel.loudness_ebu128.momentary.dmean2": 0.7153457204500834,
        "rhythm.bpm_histogram_first_peak_weight": 0.19331244627634683,
        "rhythm.bpm_histogram_second_peak_spread": 0.023809532324473064,
        "lowlevel.loudness_ebu128.momentary.mean": -17.266422271728516,
        "lowlevel.loudness_ebu128.momentary.dmean": 0.6709762414296468,
        "rhythm.beats_loudness.mean": 0.021134639158844948,
        "rhythm.bpm_histogram_second_peak_bpm": 155.33333333333334,
        "lowlevel.loudness_ebu128.integrated": -15.612600326538086,
        "rhythm.beats_loudness.var": 0.00022422785696107894,
        "lowlevel.loudness_ebu128.momentary.stdev": 4.325841824213664,
        "lowlevel.loudness_ebu128.short_term.var": 11.587941964467367,
        "lowlevel.spectral_centroid.max": 11145.178059895834,
        "rhythm.beats_loudness.dmean2": 0.01865060782680909,
        "rhythm.danceability": 0.9796868562698364,
        "lowlevel.loudness_ebu128.short_term.max": -11.161846478780111,
        "lowlevel.spectral_centroid.mean": 1567.8457845052083,
        "rhythm.beats_loudness.stdev": 0.01487099938094616,
        "lowlevel.loudness_ebu128.short_term.dmean2": 0.08865150064229965,
        "lowlevel.loudness_ebu128.short_term.dmean": 0.1201805795232455,
        "lowlevel.loudness_ebu128.short_term.mean": -16.701085090637207,
        "rhythm.bpm_histogram_first_peak_bpm": 158.33333333333334,
        "lowlevel.loudness_ebu128.short_term.median": -16.2789789835612,
        "lowlevel.spectral_centroid.median": 1463.0807698567708,
        "lowlevel.spectral_centroid.stdev": 810.5824381510416,
        "lowlevel.spectral_centroid.dmean2": 335.5614522298177,
        "rhythm.beats_loudness.median": 0.01873162854462862
    },
    "outlier_flag": true,
    "outlier_reasons": [
        "BPM Variance: 78.46 (limit 60)"
    ],
    "raw_versions": [
        {
            "id": "MbnP7RaQfQE",
            "title": "A Complete Unknown (2025) 4K - \"The Times They Are A-Changin\" Scene",
            "views": 259392,
            "features": {
                "lowlevel.average_loudness": 0.878828227519989,
                "lowlevel.loudness_ebu128.integrated": -19.32124137878418,
                "lowlevel.loudness_ebu128.loudness_range": 4.41319465637207,
                "lowlevel.loudness_ebu128.momentary.dmean": 0.6282228827476501,
                "lowlevel.loudness_ebu128.momentary.dmean2": 0.6230446696281433,
                "lowlevel.loudness_ebu128.momentary.dvar": 0.8241664171218872,
                "lowlevel.loudness_ebu128.momentary.dvar2": 0.9345965385437012,
                "lowlevel.loudness_ebu128.momentary.max": -14.694748878479004,
                "lowlevel.loudness_ebu128.momentary.mean": -20.368650436401367,
                "lowlevel.loudness_ebu128.momentary.median": -19.63284683227539,
                "lowlevel.loudness_ebu128.momentary.min": -47.612754821777344,
                "lowlevel.loudness_ebu128.momentary.stdev": 3.5632436275482178,
                "lowlevel.loudness_ebu128.momentary.var": 12.696704864501953,
                "lowlevel.loudness_ebu128.short_term.dmean": 0.0918436273932457,
                "lowlevel.loudness_ebu128.short_term.dmean2": 0.07454907149076462,
                "lowlevel.loudness_ebu128.short_term.dvar": 0.010554971173405647,
                "lowlevel.loudness_ebu128.short_term.dvar2": 0.008480153977870941,
                "lowlevel.loudness_ebu128.short_term.max": -15.968132019042969,
                "lowlevel.loudness_ebu128.short_term.mean": -19.842666625976562,
                "lowlevel.loudness_ebu128.short_term.median": -19.503562927246094,
                "lowlevel.loudness_ebu128.short_term.min": -31.66298484802246,
                "lowlevel.loudness_ebu128.short_term.stdev": 2.10931134223938,
                "lowlevel.loudness_ebu128.short_term.var": 4.449194431304932,
                "lowlevel.spectral_centroid.dmean": 184.5858917236328,
                "lowlevel.spectral_centroid.dmean2": 286.029052734375,
                "lowlevel.spectral_centroid.dvar": 56679.03125,
                "lowlevel.spectral_centroid.dvar2": 107775.0390625,
                "lowlevel.spectral_centroid.max": 11392.9013671875,
                "lowlevel.spectral_centroid.mean": 1232.3714599609375,
                "lowlevel.spectral_centroid.median": 1175.2349853515625,
                "lowlevel.spectral_centroid.min": 193.453125,
                "lowlevel.spectral_centroid.stdev": 540.7369384765625,
                "lowlevel.spectral_centroid.var": 292396.4375,
                "metadata.audio_properties.analysis.equal_loudness": 0.0,
                "rhythm.beats_loudness.dmean": 0.01397611852735281,
                "rhythm.beats_loudness.dmean2": 0.0235994141548872,
                "rhythm.beats_loudness.dvar": 0.00024040151038207114,
                "rhythm.beats_loudness.dvar2": 0.0006431626388803124,
                "rhythm.beats_loudness.max": 0.13691462576389313,
                "rhythm.beats_loudness.mean": 0.02643737755715847,
                "rhythm.beats_loudness.median": 0.023629572242498398,
                "rhythm.beats_loudness.min": 4.7662870201747864e-05,
                "rhythm.beats_loudness.stdev": 0.017192445695400238,
                "rhythm.beats_loudness.var": 0.00029558016103692353,
                "rhythm.bpm": 184.5706329345703,
                "rhythm.bpm_histogram_first_peak_bpm": 185.0,
                "rhythm.bpm_histogram_first_peak_weight": 0.0,
                "rhythm.bpm_histogram_second_peak_bpm": 178.0,
                "rhythm.bpm_histogram_second_peak_spread": 0.0,
                "rhythm.bpm_histogram_second_peak_weight": 0.24190476536750793,
                "rhythm.danceability": 1.0606417655944824
            }
        },
        {
            "id": "CyysYRS7zrY",
            "title": "Bob Dylan - The Times They Are a-Changin'  (Live in England, 1965)",
            "views": 7970,
            "features": {
                "lowlevel.average_loudness": 0.19819265604019165,
                "lowlevel.loudness_ebu128.integrated": -15.779356002807617,
                "lowlevel.loudness_ebu128.loudness_range": 10.120885848999023,