{
    "song_title": "The Race Is On",
    "artist": "Grateful Dead",
    "num_versions_processed": 2,
    "average_features": {
        "lowlevel.loudness_ebu128.momentary.dmean2": 0.799327939748764,
        "lowlevel.loudness_ebu128.short_term.median": -13.254008769989014,
        "lowlevel.spectral_centroid.median": 1181.8177490234375,
        "rhythm.beats_loudness.var": 0.00029651125805685297,
        "rhythm.beats_loudness.dvar": 0.00019274211081210524,
        "lowlevel.loudness_ebu128.short_term.stdev": 1.9629425406455994,
        "lowlevel.loudness_ebu128.integrated": -13.292701244354248,
        "rhythm.beats_loudness.max": 0.10602714493870735,
        "lowlevel.spectral_centroid.max": 7938.605224609375,
        "lowlevel.spectral_centroid.min": 312.04908752441406,
        "lowlevel.loudness_ebu128.momentary.stdev": 3.0315473079681396,
        "rhythm.bpm": 133.7936134338379,
        "lowlevel.loudness_ebu128.loudness_range": 3.9697837829589844,
        "rhythm.beats_loudness.mean": 0.028817947953939438,
        "rhythm.bpm_histogram_second_peak_weight": 0.19995670765638351,
        "metadata.audio_properties.analysis.equal_loudness": 0.0,
        "lowlevel.loudness_ebu128.short_term.var": 4.277258396148682,
        "rhythm.beats_loudness.dvar2": 0.0005548882036237046,
        "rhythm.bpm_histogram_second_peak_bpm": 160.0,
        "lowlevel.loudness_ebu128.momentary.mean": -14.143794536590576,
        "lowlevel.loudness_ebu128.short_term.max": -10.894918441772461,
        "rhythm.beats_loudness.stdev": 0.01708248956128955,
        "lowlevel.loudness_ebu128.momentary.dmean": 0.6743539273738861,
        "lowlevel.spectral_centroid.mean": 1306.3472290039062,
        "lowlevel.spectral_centroid.stdev": 592.9119262695312,
        "rhythm.beats_loudness.median": 0.027045628055930138,
        "lowlevel.loudness_ebu128.short_term.dmean": 0.0962386392056942,
        "lowlevel.loudness_ebu128.short_term.dvar2": 0.011757683008909225,
        "rhythm.beats_loudness.dmean2": 0.026762016117572784,
        "lowlevel.loudness_ebu128.short_term.mean": -13.693666934967041,
        "lowlevel.loudness_ebu128.momentary.var": 9.630776405334473,
        "rhythm.beats_loudness.dmean": 0.015168582554906607,
        "lowlevel.loudness_ebu128.momentary.min": -29.61623477935791,
        "lowlevel.loudness_ebu128.momentary.dvar": 0.3917701691389084,
        "lowlevel.spectral_centroid.dmean": 227.40906524658203,
        "lowlevel.spectral_centroid.var": 355111.078125,
        "rhythm.beats_loudness.min": 0.00045160442823544145,
        "lowlevel.average_loudness": 0.8999621570110321,
        "lowlevel.loudness_ebu128.short_term.dmean2": 0.1016470268368721,
        "lowlevel.loudness_ebu128.short_term.min": -23.687538146972656,
        "rhythm.bpm_histogram_first_peak_bpm": 133.5,
        "lowlevel.loudness_ebu128.momentary.max": -8.465413808822632,
        "lowlevel.spectral_centroid.dmean2": 331.60816955566406,
        "rhythm.bpm_histogram_second_peak_spread": 0.1785714328289032,
        "lowlevel.loudness_ebu128.short_term.dvar": 0.011170221958309412,
        "lowlevel.loudness_ebu128.momentary.median": -13.528593063354492,
        "rhythm.danceability": 1.2541931867599487,
        "lowlevel.spectral_centroid.dvar": 80660.890625,
        "rhythm.bpm_histogram_first_peak_weight": 0.1729559600353241,
        "lowlevel.loudness_ebu128.momentary.dvar2": 0.5336404293775558,
        "lowlevel.spectral_centroid.dvar2": 146083.8515625
    },
    "outlier_flag": true,
    "outlier_reasons": [
        "BPM Variance: 88.82 (limit 20)"
    ],
    "raw_versions": [
        {
            "id": "a1swkqvISJg",
            "title": "The Race Is On (Live)",
            "views": 239336,
            "features": {
                "lowlevel.average_loudness": 0.8716996908187866,
                "lowlevel.loudness_ebu128.integrated": -12.055906295776367,
                "lowlevel.loudness_ebu128.loudness_range": 3.260237693786621,
                "lowlevel.loudness_ebu128.momentary.dmean": 0.7253402471542358,
                "lowlevel.loudness_ebu128.momentary.dmean2": 0.8588236570358276,
                "lowlevel.loudness_ebu128.momentary.dvar": 0.3984590172767639,
                "lowlevel.loudness_ebu128.momentary.dvar2": 0.573951005935669,
                "lowlevel.loudness_ebu128.momentary.max": -6.362243175506592,
                "lowlevel.loudness_ebu128.momentary.mean": -12.63558292388916,
                "lowlevel.loudness_ebu128.momentary.median": -12.37443733215332,
                "lowlevel.loudness_ebu128.momentary.min": -25.298768997192383,
                "lowlevel.loudness_ebu128.momentary.stdev": 2.3678476810455322,
                "lowlevel.loudness_ebu128.momentary.var": 5.60670280456543,
                "lowlevel.loudness_ebu128.short_term.dmean": 0.10133349895477295,
                "lowlevel.loudness_ebu128.short_term.dmean2": 0.10982480645179749,
                "lowlevel.loudness_ebu128.short_term.dvar": 0.008550516329705715,
                "lowlevel.loudness_ebu128.short_term.dvar2": 0.009165608324110508,
                "lowlevel.loudness_ebu128.short_term.max": -9.165691375732422,
                "lowlevel.loudness_ebu128.short_term.mean": -12.22091293334961,
                "lowlevel.loudness_ebu128.short_term.median": -12.211788177490234,
                "lowlevel.loudness_ebu128.short_term.min": -21.327905654907227,
                "lowlevel.loudness_ebu128.short_term.stdev": 1.3117014169692993,
                "lowlevel.loudness_ebu128.short_term.var": 1.7205605506896973,
                "lowlevel.spectral_centroid.dmean": 200.5386199951172,
                "lowlevel.spectral_centroid.dmean2": 290.9175720214844,
                "lowlevel.spectral_centroid.dvar": 62893.34375,
                "lowlevel.spectral_centroid.dvar2": 113186.171875,
                "lowlevel.spectral_centroid.max": 5047.72216796875,
                "lowlevel.spectral_centroid.mean": 1077.2362060546875,
                "lowlevel.spectral_centroid.median": 956.3482666015625,
                "lowlevel.spectral_centroid.min": 279.1117858886719,
                "lowlevel.spectral_centroid.stdev": 533.191650390625,
                "lowlevel.spectral_centroid.var": 284293.34375,
                "metadata.audio_properties.analysis.equal_loudness": 0.0,
                "rhythm.beats_loudness.dmean": 0.018141265958547592,
                "rhythm.beats_loudness.dmean2": 0.031134631484746933,
                "rhythm.beats_loudness.dvar": 0.0002499757392797619,
                "rhythm.beats_loudness.dvar2": 0.0007008797256276011,
                "rhythm.beats_loudness.max": 0.12495402991771698,
                "rhythm.beats_loudness.mean": 0.03412925824522972,
                "rhythm.beats_loudness.median": 0.03131810203194618,
                "rhythm.beats_loudness.min": 0.0006699809455312788,
                "rhythm.beats_loudness.stdev": 0.01925039291381836,
                "rhythm.beats_loudness.var": 0.00037057764711789787,
                "rhythm.bpm": 178.20565795898438,
                "rhythm.bpm_histogram_first_peak_bpm": 178.0,
                "rhythm.bpm_histogram_first_peak_weight": 0.0,
                "rhythm.bpm_histogram_second_peak_bpm": 172.0,
                "rhythm.bpm_histogram_second_peak_spread": 0.0,
                "rhythm.bpm_histogram_second_peak_weight": 0.31809523701667786,
                "rhythm.danceability": 1.332215666770935
            }
        },
        {
            "id": "seHJiIr4Mmw",
            "title": "Grateful Dead - The Race Is On - 10/29/1980 - Radio City Music Hall (Official)",
            "views": 26484,
            "features": {
                "lowlevel.average_loudness": 0.9282246232032776,
                "lowlevel.loudness_ebu128.integrated": -14.529496192932129,
                "lowlevel.loudness_ebu128.loudness_range": 4.679329872131348,
                "lowlevel.loudness_ebu128.momentary.dmean": 0.6233676075935364,