{
    "song_title": "The Same Thing",
    "artist": "Grateful Dead",
    "num_versions_processed": 1,
    "average_features": {
        "lowlevel.loudness_ebu128.momentary.dmean2": 0.8452215194702148,
        "lowlevel.loudness_ebu128.short_term.median": -19.023448944091797,
        "lowlevel.spectral_centroid.median": 964.0360107421875,
        "rhythm.beats_loudness.var": 0.0008504987927153707,
        "rhythm.beats_loudness.dvar": 0.0005973485531285405,
        "lowlevel.loudness_ebu128.short_term.stdev": 8.89835262298584,
        "lowlevel.loudness_ebu128.integrated": -17.529808044433594,
        "rhythm.beats_loudness.max": 0.20900854468345642,
        "lowlevel.spectral_centroid.max": 11194.2548828125,
        "lowlevel.spectral_centroid.min": 196.11648559570312,
        "lowlevel.loudness_ebu128.momentary.stdev": 9.504417419433594,
        "rhythm.bpm": 102.20909881591797,
        "lowlevel.loudness_ebu128.loudness_range": 8.879980087280273,
        "rhythm.beats_loudness.mean": 0.027531001716852188,
        "rhythm.bpm_histogram_second_peak_weight": 0.1742243468761444,
        "metadata.audio_properties.analysis.equal_loudness": 0.0,
        "lowlevel.loudness_ebu128.short_term.var": 79.18067169189453,
        "rhythm.beats_loudness.dvar2": 0.0016728047048673034,
        "rhythm.bpm_histogram_second_peak_bpm": 68.0,
        "lowlevel.loudness_ebu128.momentary.mean": -22.321971893310547,
        "lowlevel.loudness_ebu128.short_term.max": -11.548944473266602,
        "rhythm.beats_loudness.stdev": 0.029163312166929245,
        "lowlevel.loudness_ebu128.momentary.dmean": 0.7563133239746094,
        "lowlevel.spectral_centroid.mean": 1064.43115234375,
        "lowlevel.spectral_centroid.stdev": 525.6976318359375,
        "rhythm.beats_loudness.median": 0.020041203126311302,
        "lowlevel.loudness_ebu128.short_term.dmean": 0.13159602880477905,
        "lowlevel.loudness_ebu128.short_term.dvar2": 0.039991360157728195,
        "rhythm.beats_loudness.dmean2": 0.0337035171687603,
        "lowlevel.loudness_ebu128.short_term.mean": -21.565011978149414,
        "lowlevel.loudness_ebu128.momentary.var": 90.33394622802734,
        "rhythm.beats_loudness.dmean": 0.01925051212310791,
        "lowlevel.loudness_ebu128.momentary.min": -53.532814025878906,
        "lowlevel.loudness_ebu128.momentary.dvar": 0.806965708732605,
        "lowlevel.spectral_centroid.dmean": 162.4642791748047,
        "lowlevel.spectral_centroid.var": 276358.0,
        "rhythm.beats_loudness.min": 4.273727427062113e-06,
        "lowlevel.average_loudness": 0.08610774576663971,
        "lowlevel.loudness_ebu128.short_term.dmean2": 0.11470954865217209,
        "lowlevel.loudness_ebu128.short_term.min": -52.308197021484375,
        "rhythm.bpm_histogram_first_peak_bpm": 101.0,
        "lowlevel.loudness_ebu128.momentary.max": -8.96363353729248,
        "lowlevel.spectral_centroid.dmean2": 248.23721313476562,
        "rhythm.bpm_histogram_second_peak_spread": 0.294685959815979,
        "lowlevel.loudness_ebu128.short_term.dvar": 0.041965629905462265,
        "lowlevel.loudness_ebu128.momentary.median": -19.43844985961914,
        "rhythm.danceability": 1.022583246231079,
        "lowlevel.spectral_centroid.dvar": 42153.37890625,
        "rhythm.bpm_histogram_first_peak_weight": 0.5651260614395142,
        "lowlevel.loudness_ebu128.momentary.dvar2": 1.0805635452270508,
        "lowlevel.spectral_centroid.dvar2": 86164.546875
    },
    "outlier_flag": false,
    "outlier_reasons": null,
    "raw_versions": [
        {
            "id": "lQkXvGXSNiQ",
            "title": "The Same Thing (3 cam)  Grateful Dead - 3-5-1992 Hampton, Va., set 1-03",
            "views": 1883,
            "features": {
                "lowlevel.average_loudness": 0.08610774576663971,
                "lowlevel.loudness_ebu128.integrated": -17.529808044433594,
                "lowlevel.loudness_ebu128.loudness_range": 8.879980087280273,
                "lowlevel.loudness_ebu128.momentary.dmean": 0.7563133239746094,
                "lowlevel.loudness_ebu128.momentary.dmean2": 0.8452215194702148,
                "lowlevel.loudness_ebu128.momentary.dvar": 0.806965708732605,
                "lowlevel.loudness_ebu128.momentary.dvar2": 1.0805635452270508,
                "lowlevel.loudness_ebu128.momentary.max": -8.96363353729248,
                "lowlevel.loudness_ebu128.momentary.mean": -22.321971893310547,
                "lowlevel.loudness_ebu128.momentary.median": -19.43844985961914,
                "lowlevel.loudness_ebu128.momentary.min": -53.532814025878906,
                "lowlevel.loudness_ebu128.momentary.stdev": 9.504417419433594,
                "lowlevel.loudness_ebu128.momentary.var": 90.33394622802734,
                "lowlevel.loudness_ebu128.short_term.dmean": 0.13159602880477905,
                "lowlevel.loudness_ebu128.short_term.dmean2": 0.11470954865217209,
                "lowlevel.loudness_ebu128.short_term.dvar": 0.041965629905462265,
                "lowlevel.loudness_ebu128.short_term.dvar2": 0.039991360157728195,
                "lowlevel.loudness_ebu128.short_term.max": -11.548944473266602,
                "lowlevel.loudness_ebu128.short_term.mean": -21.565011978149414,
                "lowlevel.loudness_ebu128.short_term.median": -19.023448944091797,
                "lowlevel.loudness_ebu128.short_term.min": -52.308197021484375,
                "lowlevel.loudness_ebu128.short_term.stdev": 8.89835262298584,
                "lowlevel.loudness_ebu128.short_term.var": 79.18067169189453,
                "lowlevel.spectral_centroid.dmean": 162.4642791748047,
                "lowlevel.spectral_centroid.dmean2": 248.23721313476562,
                "lowlevel.spectral_centroid.dvar": 42153.37890625,
                "lowlevel.spectral_centroid.dvar2": 86164.546875,
                "lowlevel.spectral_centroid.max": 11194.2548828125,
                "lowlevel.spectral_centroid.mean": 1064.43115234375,
                "lowlevel.spectral_centroid.median": 964.0360107421875,
                "lowlevel.spectral_centroid.min": 196.11648559570312,
                "lowlevel.spectral_centroid.stdev": 525.6976318359375,
                "lowlevel.spectral_centroid.var": 276358.0,
                "metadata.audio_properties.analysis.equal_loudness": 0.0,
                "rhythm.beats_loudness.dmean": 0.01925051212310791,
                "rhythm.beats_loudness.dmean2": 0.0337035171687603,
                "rhythm.beats_loudness.dvar": 0.0005973485531285405,
                "rhythm.beats_loudness.dvar2": 0.0016728047048673034,
                "rhythm.beats_loudness.max": 0.20900854468345642,
                "rhythm.beats_loudness.mean": 0.027531001716852188,
                "rhythm.beats_loudness.median": 0.020041203126311302,
                "rhythm.beats_loudness.min": 4.273727427062113e-06,
                "rhythm.beats_loudness.stdev": 0.029163312166929245,
                "rhythm.beats_loudness.var": 0.0008504987927153707,
                "rhythm.bpm": 102.20909881591797,
                "rhythm.bpm_histogram_first_peak_bpm": 101.0,
                "rhythm.bpm_histogram_first_peak_weight": 0.5651260614395142,
                "rhythm.bpm_histogram_second_peak_bpm": 68.0,
                "rhythm.bpm_histogram_second_peak_spread": 0.294685959815979,
                "rhythm.bpm_histogram_second_peak_weight": 0.1742243468761444,
                "rhythm.danceability": 1.022583246231079
            }
        }
    ]
}