{
    "song_title": "The Mighty Quinn (Quinn The Eskimo)",
    "artist": "Grateful Dead",
    "num_versions_processed": 3,
    "average_features": {
        "lowlevel.loudness_ebu128.short_term.dvar2": 0.018559199447433155,
        "lowlevel.loudness_ebu128.momentary.var": 62.44500160217285,
        "lowlevel.loudness_ebu128.momentary.min": -88.1515401204427,
        "lowlevel.spectral_centroid.dvar": 68013.50260416667,
        "rhythm.beats_loudness.min": 3.7193523076221404e-09,
        "lowlevel.spectral_centroid.mean": 1403.1292317708333,
        "rhythm.beats_loudness.dvar": 0.0013223284331616014,
        "rhythm.bpm_histogram_first_peak_bpm": 139.0,
        "rhythm.beats_loudness.median": 0.04206100789209207,
        "lowlevel.loudness_ebu128.integrated": -17.43236541748047,
        "lowlevel.loudness_ebu128.short_term.mean": -18.48636309305827,
        "rhythm.beats_loudness.dmean2": 0.06050172075629234,
        "lowlevel.loudness_ebu128.momentary.dvar2": 1.3106552362442017,
        "rhythm.bpm_histogram_second_peak_weight": 0.1381405604382356,
        "lowlevel.loudness_ebu128.loudness_range": 4.162727038065593,
        "rhythm.bpm_histogram_second_peak_bpm": 147.33333333333334,
        "lowlevel.loudness_ebu128.short_term.min": -68.44698588053386,
        "lowlevel.loudness_ebu128.short_term.stdev": 5.374989112218221,
        "lowlevel.loudness_ebu128.short_term.dmean2": 0.10619998226563136,
        "lowlevel.loudness_ebu128.short_term.var": 31.088253021240234,
        "rhythm.beats_loudness.mean": 0.051029821236928306,
        "lowlevel.spectral_centroid.max": 5604.618489583333,
        "lowlevel.loudness_ebu128.momentary.dvar": 0.911448617776235,
        "rhythm.beats_loudness.stdev": 0.04011823236942291,
        "lowlevel.loudness_ebu128.momentary.max": -12.52368132273356,
        "lowlevel.spectral_centroid.median": 1309.7739664713542,
        "lowlevel.loudness_ebu128.momentary.dmean": 0.8595338662465414,
        "lowlevel.loudness_ebu128.short_term.dvar": 0.02961640463521083,
        "rhythm.beats_loudness.var": 0.0019392685208003968,
        "lowlevel.loudness_ebu128.momentary.stdev": 7.739364465077718,
        "lowlevel.loudness_ebu128.momentary.mean": -19.33703676859538,
        "rhythm.beats_loudness.dmean": 0.0337089973812302,
        "lowlevel.average_loudness": 0.49130767583847046,
        "lowlevel.loudness_ebu128.short_term.median": -17.65651257832845,
        "rhythm.beats_loudness.max": 0.34643687804539997,
        "metadata.audio_properties.analysis.equal_loudness": 0.0,
        "lowlevel.loudness_ebu128.momentary.dmean2": 0.9491618673006693,
        "lowlevel.spectral_centroid.dvar2": 142530.17708333334,
        "lowlevel.loudness_ebu128.short_term.max": -14.957961400349935,
        "lowlevel.spectral_centroid.var": 442060.9479166667,
        "rhythm.bpm_histogram_first_peak_weight": 0.2813928723335266,
        "lowlevel.loudness_ebu128.momentary.median": -18.01936213175456,
        "rhythm.bpm": 138.6924285888672,
        "rhythm.beats_loudness.dvar2": 0.0038334169560888163,
        "lowlevel.loudness_ebu128.short_term.dmean": 0.11150508870681126,
        "lowlevel.spectral_centroid.stdev": 656.2402954101562,
        "lowlevel.spectral_centroid.dmean": 245.6506601969401,
        "lowlevel.spectral_centroid.dmean2": 372.1558837890625,
        "rhythm.danceability": 1.1541272799173992,
        "lowlevel.spectral_centroid.min": 160.59117126464844,
        "rhythm.bpm_histogram_second_peak_spread": 0.17976468801498413
    },
    "outlier_flag": true,
    "outlier_reasons": [
        "BPM Variance: 75.19 (limit 60)"
    ],
    "raw_versions": [
        {
            "id": "xN0X5IuU6jA",
            "title": "Grateful Dead perform \"Quinn the Eskimo\" 9-19-90 MSG",
            "views": 443658,
            "features": {
                "lowlevel.average_loudness": 0.22568970918655396,
                "lowlevel.loudness_ebu128.integrated": -15.911857604980469,
                "lowlevel.loudness_ebu128.loudness_range": 3.6594409942626953,
                "lowlevel.loudness_ebu128.momentary.dmean": 0.8507537841796875,
                "lowlevel.loudness_ebu128.momentary.dmean2": 0.918942928314209,
                "lowlevel.loudness_ebu128.momentary.dvar": 0.8948179483413696,
                "lowlevel.loudness_ebu128.momentary.dvar2": 1.2927145957946777,
                "lowlevel.loudness_ebu128.momentary.max": -11.525936126708984,
                "lowlevel.loudness_ebu128.momentary.mean": -17.27406120300293,
                "lowlevel.loudness_ebu128.momentary.median": -16.108850479125977,
                "lowlevel.loudness_ebu128.momentary.min": -83.04993438720703,
                "lowlevel.loudness_ebu128.momentary.stdev": 5.638987064361572,
                "lowlevel.loudness_ebu128.momentary.var": 31.79817771911621,
                "lowlevel.loudness_ebu128.short_term.dmean": 0.09445128589868546,
                "lowlevel.loudness_ebu128.short_term.dmean2": 0.0884699672460556,
                "lowlevel.loudness_ebu128.short_term.dvar": 0.008615371771156788,
                "lowlevel.loudness_ebu128.short_term.dvar2": 0.008387415669858456,
                "lowlevel.loudness_ebu128.short_term.max": -13.75033187866211,
                "lowlevel.loudness_ebu128.short_term.mean": -16.60320281982422,
                "lowlevel.loudness_ebu128.short_term.median": -15.94706916809082,
                "lowlevel.loudness_ebu128.short_term.min": -49.74304962158203,
                "lowlevel.loudness_ebu128.short_term.stdev": 3.478466272354126,
                "lowlevel.loudness_ebu128.short_term.var": 12.099727630615234,
                "lowlevel.spectral_centroid.dmean": 201.60610961914062,
                "lowlevel.spectral_centroid.dmean2": 306.49957275390625,
                "lowlevel.spectral_centroid.dvar": 45614.7265625,
                "lowlevel.spectral_centroid.dvar2": 95931.8046875,
                "lowlevel.spectral_centroid.max": 5211.56494140625,
                "lowlevel.spectral_centroid.mean": 1190.1373291015625,
                "lowlevel.spectral_centroid.median": 1083.6549072265625,
                "lowlevel.spectral_centroid.min": 160.13243103027344,
                "lowlevel.spectral_centroid.stdev": 531.9191284179688,
                "lowlevel.spectral_centroid.var": 282937.96875,
                "metadata.audio_properties.analysis.equal_loudness": 0.0,
                "rhythm.beats_loudness.dmean": 0.05290748178958893,
                "rhythm.beats_loudness.dmean2": 0.0958457887172699,
                "rhythm.beats_loudness.dvar": 0.0027190179098397493,
                "rhythm.beats_loudness.dvar2": 0.00815089512616396,
                "rhythm.beats_loudness.max": 0.6883305311203003,
                "rhythm.beats_loudness.mean": 0.07660037279129028,
                "rhythm.beats_loudness.median": 0.06328050047159195,
                "rhythm.beats_loudness.min": 5.809938752321386e-09,
                "rhythm.beats_loudness.stdev": 0.06345877796411514,
                "rhythm.beats_loudness.var": 0.004027016926556826,
                "rhythm.bpm": 162.16014099121094,
                "rhythm.bpm_histogram_first_peak_bpm": 161.0,
                "rhythm.bpm_histogram_first_peak_weight": 0.41786283254623413,
                "rhythm.bpm_histogram_second_peak_bpm": 152.0,
                "rhythm.bpm_histogram_second_peak_spread": 0.0952380895614624,
                "rhythm.bpm_histogram_second_peak_weight": 0.07169811427593231,
                "rhythm.danceability": 1.1446521282196045
            }
        },
        {
            "id": "nvH6TLRWSBw",
            "title": "Grateful Dead - Quinn the Eskimo",
            "views": 108843,
            "features": {
                "lowlevel.average_loudness": 0.6471906900405884,
                "lowlevel.loudness_ebu128.integrated": -16.74485206604004,
                "lowlevel.loudness_ebu128.loudness_range": 6.235663414001465,