{
    "song_title": "The Other One Jam",
    "artist": "Grateful Dead",
    "num_versions_processed": 3,
    "average_features": {
        "lowlevel.loudness_ebu128.momentary.dmean2": 0.8296789328257242,
        "lowlevel.loudness_ebu128.short_term.median": -19.70201873779297,
        "lowlevel.spectral_centroid.median": 859.4997355143229,
        "rhythm.beats_loudness.var": 0.0010150149852658312,
        "rhythm.beats_loudness.dvar": 0.0007194136366403351,
        "lowlevel.loudness_ebu128.short_term.stdev": 4.105993986129761,
        "lowlevel.loudness_ebu128.integrated": -18.642082850138348,
        "rhythm.beats_loudness.max": 0.2548617273569107,
        "lowlevel.spectral_centroid.max": 11087.615234375,
        "lowlevel.spectral_centroid.min": 159.05560302734375,
        "lowlevel.loudness_ebu128.momentary.stdev": 5.045857588450114,
        "rhythm.bpm": 129.7962443033854,
        "lowlevel.loudness_ebu128.loudness_range": 8.224430402119955,
        "rhythm.beats_loudness.mean": 0.04213738131026427,
        "rhythm.bpm_histogram_second_peak_weight": 0.1266754468282064,
        "metadata.audio_properties.analysis.equal_loudness": 0.0,
        "lowlevel.loudness_ebu128.short_term.var": 21.32985230286916,
        "rhythm.beats_loudness.dvar2": 0.002286539141399165,
        "rhythm.bpm_histogram_second_peak_bpm": 125.66666666666667,
        "lowlevel.loudness_ebu128.momentary.mean": -20.62878195444743,
        "lowlevel.loudness_ebu128.short_term.max": -13.355188687642416,
        "rhythm.beats_loudness.stdev": 0.03161808227499326,
        "lowlevel.loudness_ebu128.momentary.dmean": 0.7109982570012411,
        "lowlevel.spectral_centroid.mean": 971.3901977539062,
        "lowlevel.spectral_centroid.stdev": 539.0117696126302,
        "rhythm.beats_loudness.median": 0.03369965838889281,
        "lowlevel.loudness_ebu128.short_term.dmean": 0.11027079075574875,
        "lowlevel.loudness_ebu128.short_term.dvar2": 0.019328474222371977,
        "rhythm.beats_loudness.dmean2": 0.04459860300024351,
        "lowlevel.loudness_ebu128.short_term.mean": -20.132934252421062,
        "lowlevel.loudness_ebu128.momentary.var": 31.303683280944824,
        "rhythm.beats_loudness.dmean": 0.02503457044561704,
        "lowlevel.loudness_ebu128.momentary.min": -71.4331792195638,
        "lowlevel.loudness_ebu128.momentary.dvar": 0.640639141201973,
        "lowlevel.spectral_centroid.dmean": 192.07422383626303,
        "lowlevel.spectral_centroid.var": 297043.4895833333,
        "rhythm.beats_loudness.min": 0.00016614252855876957,
        "lowlevel.average_loudness": 0.411086260030667,
        "lowlevel.loudness_ebu128.short_term.dmean2": 0.1063346117734909,
        "lowlevel.loudness_ebu128.short_term.min": -51.30393918355306,
        "rhythm.bpm_histogram_first_peak_bpm": 130.66666666666666,
        "lowlevel.loudness_ebu128.momentary.max": -11.842666943868002,
        "lowlevel.spectral_centroid.dmean2": 295.5088602701823,
        "rhythm.bpm_histogram_second_peak_spread": 0.4569167494773865,
        "lowlevel.loudness_ebu128.short_term.dvar": 0.030245074769482017,
        "lowlevel.loudness_ebu128.momentary.median": -19.968633969624836,
        "rhythm.danceability": 1.127566893895467,
        "lowlevel.spectral_centroid.dvar": 52357.37890625,
        "rhythm.bpm_histogram_first_peak_weight": 0.5787032842636108,
        "lowlevel.loudness_ebu128.momentary.dvar2": 0.9112634261449178,
        "lowlevel.spectral_centroid.dvar2": 112530.70833333333
    },
    "outlier_flag": true,
    "outlier_reasons": [
        "BPM Variance: 35.09 (limit 20)",
        "Loudness Variance: 9.62 (limit 6.0)"
    ],
    "raw_versions": [
        {
            "id": "FZ7B0G_qu5M",
            "title": "Grateful Dead [4k50p Remaster] - The Other One - 1981 03 28 (pro shot) Rockpalast Germany",
            "views": 13859,
            "features": {
                "lowlevel.average_loudness": 0.8481189608573914,
                "lowlevel.loudness_ebu128.integrated": -14.275613784790039,
                "lowlevel.loudness_ebu128.loudness_range": 2.9500484466552734,
                "lowlevel.loudness_ebu128.momentary.dmean": 0.4488643407821655,
                "lowlevel.loudness_ebu128.momentary.dmean2": 0.5715214610099792,
                "lowlevel.loudness_ebu128.momentary.dvar": 0.1948273628950119,
                "lowlevel.loudness_ebu128.momentary.dvar2": 0.35770153999328613,
                "lowlevel.loudness_ebu128.momentary.max": -10.456978797912598,
                "lowlevel.loudness_ebu128.momentary.mean": -14.575888633728027,
                "lowlevel.loudness_ebu128.momentary.median": -14.318718910217285,
                "lowlevel.loudness_ebu128.momentary.min": -34.165992736816406,
                "lowlevel.loudness_ebu128.momentary.stdev": 1.7484540939331055,
                "lowlevel.loudness_ebu128.momentary.var": 3.05709171295166,
                "lowlevel.loudness_ebu128.short_term.dmean": 0.06862463802099228,
                "lowlevel.loudness_ebu128.short_term.dmean2": 0.07438889890909195,
                "lowlevel.loudness_ebu128.short_term.dvar": 0.0035512049216777086,
                "lowlevel.loudness_ebu128.short_term.dvar2": 0.004456536378711462,
                "lowlevel.loudness_ebu128.short_term.max": -11.8056058883667,
                "lowlevel.loudness_ebu128.short_term.mean": -14.408467292785645,
                "lowlevel.loudness_ebu128.short_term.median": -14.291954040527344,
                "lowlevel.loudness_ebu128.short_term.min": -20.761457443237305,
                "lowlevel.loudness_ebu128.short_term.stdev": 1.1592490673065186,
                "lowlevel.loudness_ebu128.short_term.var": 1.3438583612442017,
                "lowlevel.spectral_centroid.dmean": 290.0325622558594,
                "lowlevel.spectral_centroid.dmean2": 453.9454650878906,
                "lowlevel.spectral_centroid.dvar": 85260.7890625,
                "lowlevel.spectral_centroid.dvar2": 190578.859375,
                "lowlevel.spectral_centroid.max": 11249.9248046875,
                "lowlevel.spectral_centroid.mean": 1279.84033203125,
                "lowlevel.spectral_centroid.median": 1177.632568359375,
                "lowlevel.spectral_centroid.min": 198.64569091796875,
                "lowlevel.spectral_centroid.stdev": 613.4481201171875,
                "lowlevel.spectral_centroid.var": 376318.5625,
                "metadata.audio_properties.analysis.equal_loudness": 0.0,
                "rhythm.beats_loudness.dmean": 0.03594758361577988,
                "rhythm.beats_loudness.dmean2": 0.06472396850585938,
                "rhythm.beats_loudness.dvar": 0.0011168691562488675,
                "rhythm.beats_loudness.dvar2": 0.0036940472200512886,
                "rhythm.beats_loudness.max": 0.29671260714530945,
                "rhythm.beats_loudness.mean": 0.06599285453557968,
                "rhythm.beats_loudness.median": 0.05895918607711792,
                "rhythm.beats_loudness.min": 0.000424455531174317,
                "rhythm.beats_loudness.stdev": 0.03630268573760986,
                "rhythm.beats_loudness.var": 0.0013178848894312978,
                "rhythm.bpm": 142.1698455810547,
                "rhythm.bpm_histogram_first_peak_bpm": 144.0,
                "rhythm.bpm_histogram_first_peak_weight": 0.5181918144226074,
                "rhythm.bpm_histogram_second_peak_bpm": 136.0,
                "rhythm.bpm_histogram_second_peak_spread": 0.1785714030265808,
                "rhythm.bpm_histogram_second_peak_weight": 0.18790850043296814,
                "rhythm.danceability": 1.2091064453125
            }
        },
        {
            "id": "wMVLfzlzwPk",
            "title": "Grateful Dead ~ The Other One/Eyes of The World/The Other One 11-14-1973 San Diego.",
            "views": 157694,
            "features": {
                "lowlevel.average_loudness": 0.3483223617076874,
                "lowlevel.loudness_ebu128.integrated": -17.75120735168457,