{
    "song_title": "There's Something On Your Mind",
    "artist": "Grateful Dead",
    "num_versions_processed": 1,
    "average_features": {
        "lowlevel.spectral_centroid.dmean": 202.45465087890625,
        "lowlevel.loudness_ebu128.short_term.mean": -18.543363571166992,
        "rhythm.bpm_histogram_first_peak_weight": 0.5833333134651184,
        "lowlevel.loudness_ebu128.short_term.median": -18.24697494506836,
        "lowlevel.loudness_ebu128.momentary.dvar": 2.1485135555267334,
        "lowlevel.loudness_ebu128.short_term.stdev": 5.85731315612793,
        "rhythm.bpm_histogram_second_peak_spread": 0.18918919563293457,
        "rhythm.beats_loudness.dmean": 0.014813876710832119,
        "rhythm.beats_loudness.min": 0.00017158938862849027,
        "lowlevel.loudness_ebu128.momentary.dmean2": 1.3434175252914429,
        "rhythm.danceability": 0.9988248944282532,
        "lowlevel.loudness_ebu128.momentary.stdev": 7.285038471221924,
        "metadata.audio_properties.analysis.equal_loudness": 0.0,
        "rhythm.beats_loudness.stdev": 0.02201133780181408,
        "lowlevel.loudness_ebu128.momentary.mean": -19.940929412841797,
        "lowlevel.loudness_ebu128.momentary.median": -18.95974349975586,
        "lowlevel.loudness_ebu128.momentary.max": -7.847242832183838,
        "rhythm.beats_loudness.median": 0.013738701120018959,
        "rhythm.beats_loudness.dmean2": 0.025782566517591476,
        "lowlevel.loudness_ebu128.loudness_range": 16.493898391723633,
        "lowlevel.spectral_centroid.dmean2": 311.1056213378906,
        "lowlevel.loudness_ebu128.integrated": -14.375831604003906,
        "rhythm.beats_loudness.dvar": 0.0002740547352004796,
        "lowlevel.loudness_ebu128.short_term.dmean": 0.19636791944503784,
        "lowlevel.spectral_centroid.var": 304585.0,
        "rhythm.beats_loudness.max": 0.09514446556568146,
        "lowlevel.loudness_ebu128.short_term.dmean2": 0.1887718290090561,
        "lowlevel.loudness_ebu128.short_term.max": -9.15416431427002,
        "lowlevel.spectral_centroid.min": 173.34197998046875,
        "lowlevel.average_loudness": 0.27444642782211304,
        "lowlevel.loudness_ebu128.short_term.min": -34.2359619140625,
        "rhythm.bpm_histogram_second_peak_bpm": 65.0,
        "lowlevel.loudness_ebu128.short_term.dvar": 0.10789884626865387,
        "rhythm.beats_loudness.dvar2": 0.0007316077244468033,
        "lowlevel.loudness_ebu128.short_term.var": 34.3081169128418,
        "rhythm.beats_loudness.var": 0.0004844990326091647,
        "rhythm.bpm_histogram_first_peak_bpm": 96.0,
        "lowlevel.loudness_ebu128.momentary.var": 53.07178497314453,
        "lowlevel.spectral_centroid.median": 1062.378662109375,
        "lowlevel.spectral_centroid.stdev": 551.8922119140625,
        "lowlevel.spectral_centroid.max": 11024.5244140625,
        "lowlevel.loudness_ebu128.short_term.dvar2": 0.11459460109472275,
        "rhythm.beats_loudness.mean": 0.022038469091057777,
        "lowlevel.loudness_ebu128.momentary.dmean": 1.1601897478103638,
        "rhythm.bpm": 64.18745422363281,
        "lowlevel.spectral_centroid.dvar": 55693.62109375,
        "lowlevel.spectral_centroid.mean": 1129.338623046875,
        "lowlevel.loudness_ebu128.momentary.min": -36.08818817138672,
        "lowlevel.loudness_ebu128.momentary.dvar2": 3.141728639602661,
        "rhythm.bpm_histogram_second_peak_weight": 0.20881670713424683,
        "lowlevel.spectral_centroid.dvar2": 104922.328125
    },
    "outlier_flag": false,
    "outlier_reasons": null,
    "raw_versions": [
        {
            "id": "teZ_9Ip3Yao",
            "title": "Grateful Dead - There's Something On Your Mind 12/1/66",
            "views": 2901,
            "features": {
                "lowlevel.average_loudness": 0.27444642782211304,
                "lowlevel.loudness_ebu128.integrated": -14.375831604003906,
                "lowlevel.loudness_ebu128.loudness_range": 16.493898391723633,
                "lowlevel.loudness_ebu128.momentary.dmean": 1.1601897478103638,
                "lowlevel.loudness_ebu128.momentary.dmean2": 1.3434175252914429,
                "lowlevel.loudness_ebu128.momentary.dvar": 2.1485135555267334,
                "lowlevel.loudness_ebu128.momentary.dvar2": 3.141728639602661,
                "lowlevel.loudness_ebu128.momentary.max": -7.847242832183838,
                "lowlevel.loudness_ebu128.momentary.mean": -19.940929412841797,
                "lowlevel.loudness_ebu128.momentary.median": -18.95974349975586,
                "lowlevel.loudness_ebu128.momentary.min": -36.08818817138672,
                "lowlevel.loudness_ebu128.momentary.stdev": 7.285038471221924,
                "lowlevel.loudness_ebu128.momentary.var": 53.07178497314453,
                "lowlevel.loudness_ebu128.short_term.dmean": 0.19636791944503784,
                "lowlevel.loudness_ebu128.short_term.dmean2": 0.1887718290090561,
                "lowlevel.loudness_ebu128.short_term.dvar": 0.10789884626865387,
                "lowlevel.loudness_ebu128.short_term.dvar2": 0.11459460109472275,
                "lowlevel.loudness_ebu128.short_term.max": -9.15416431427002,
                "lowlevel.loudness_ebu128.short_term.mean": -18.543363571166992,
                "lowlevel.loudness_ebu128.short_term.median": -18.24697494506836,
                "lowlevel.loudness_ebu128.short_term.min": -34.2359619140625,
                "lowlevel.loudness_ebu128.short_term.stdev": 5.85731315612793,
                "lowlevel.loudness_ebu128.short_term.var": 34.3081169128418,
                "lowlevel.spectral_centroid.dmean": 202.45465087890625,
                "lowlevel.spectral_centroid.dmean2": 311.1056213378906,
                "lowlevel.spectral_centroid.dvar": 55693.62109375,
                "lowlevel.spectral_centroid.dvar2": 104922.328125,
                "lowlevel.spectral_centroid.max": 11024.5244140625,
                "lowlevel.spectral_centroid.mean": 1129.338623046875,
                "lowlevel.spectral_centroid.median": 1062.378662109375,
                "lowlevel.spectral_centroid.min": 173.34197998046875,
                "lowlevel.spectral_centroid.stdev": 551.8922119140625,
                "lowlevel.spectral_centroid.var": 304585.0,
                "metadata.audio_properties.analysis.equal_loudness": 0.0,
                "rhythm.beats_loudness.dmean": 0.014813876710832119,
                "rhythm.beats_loudness.dmean2": 0.025782566517591476,
                "rhythm.beats_loudness.dvar": 0.0002740547352004796,
                "rhythm.beats_loudness.dvar2": 0.0007316077244468033,
                "rhythm.beats_loudness.max": 0.09514446556568146,
                "rhythm.beats_loudness.mean": 0.022038469091057777,
                "rhythm.beats_loudness.median": 0.013738701120018959,
                "rhythm.beats_loudness.min": 0.00017158938862849027,
                "rhythm.beats_loudness.stdev": 0.02201133780181408,
                "rhythm.beats_loudness.var": 0.0004844990326091647,
                "rhythm.bpm": 64.18745422363281,
                "rhythm.bpm_histogram_first_peak_bpm": 96.0,
                "rhythm.bpm_histogram_first_peak_weight": 0.5833333134651184,
                "rhythm.bpm_histogram_second_peak_bpm": 65.0,
                "rhythm.bpm_histogram_second_peak_spread": 0.18918919563293457,
                "rhythm.bpm_histogram_second_peak_weight": 0.20881670713424683,
                "rhythm.danceability": 0.9988248944282532
            }
        }
    ]
}