{
    "song_title": "To Lay Me Down",
    "artist": "Grateful Dead",
    "num_versions_processed": 3,
    "average_features": {
        "lowlevel.loudness_ebu128.momentary.dmean2": 0.8464093605677286,
        "lowlevel.loudness_ebu128.short_term.median": -18.384232838948567,
        "lowlevel.spectral_centroid.median": 643.1578776041666,
        "rhythm.beats_loudness.var": 0.00064967823952126,
        "rhythm.beats_loudness.dvar": 0.00039331412214475375,
        "lowlevel.loudness_ebu128.short_term.stdev": 3.382377783457438,
        "lowlevel.loudness_ebu128.integrated": -16.46197732289632,
        "rhythm.beats_loudness.max": 0.15550540387630463,
        "lowlevel.spectral_centroid.max": 9260.830729166666,
        "lowlevel.spectral_centroid.min": 160.839599609375,
        "lowlevel.loudness_ebu128.momentary.stdev": 5.227610429128011,
        "rhythm.bpm": 71.71014912923177,
        "lowlevel.loudness_ebu128.loudness_range": 9.902743021647135,
        "rhythm.beats_loudness.mean": 0.026289472356438637,
        "rhythm.bpm_histogram_second_peak_weight": 0.03573957551270723,
        "metadata.audio_properties.analysis.equal_loudness": 0.0,
        "lowlevel.loudness_ebu128.short_term.var": 11.550822575887045,
        "rhythm.beats_loudness.dvar2": 0.001041445997543633,
        "rhythm.bpm_histogram_second_peak_bpm": 90.33333333333333,
        "lowlevel.loudness_ebu128.momentary.mean": -19.234760284423828,
        "lowlevel.loudness_ebu128.short_term.max": -8.815959294637045,
        "rhythm.beats_loudness.stdev": 0.0253542127708594,
        "lowlevel.loudness_ebu128.momentary.dmean": 0.8872029781341553,
        "lowlevel.spectral_centroid.mean": 790.3328653971354,
        "lowlevel.spectral_centroid.stdev": 505.59023030598956,
        "rhythm.beats_loudness.median": 0.016611138979593914,
        "lowlevel.loudness_ebu128.short_term.dmean": 0.16449440519014993,
        "lowlevel.loudness_ebu128.short_term.dvar2": 0.020856669793526333,
        "rhythm.beats_loudness.dmean2": 0.030768437311053276,
        "lowlevel.loudness_ebu128.short_term.mean": -18.059017181396484,
        "lowlevel.loudness_ebu128.momentary.var": 27.873432159423828,
        "rhythm.beats_loudness.dmean": 0.01773844038446744,
        "lowlevel.loudness_ebu128.momentary.min": -52.39823913574219,
        "lowlevel.loudness_ebu128.momentary.dvar": 1.0072981119155884,
        "lowlevel.spectral_centroid.dmean": 130.78832499186197,
        "lowlevel.spectral_centroid.var": 257344.00520833334,
        "rhythm.beats_loudness.min": 0.0012581466898140548,
        "lowlevel.average_loudness": 0.12817268911749125,
        "lowlevel.loudness_ebu128.short_term.dmean2": 0.10603656868139903,
        "lowlevel.loudness_ebu128.short_term.min": -27.952300389607746,
        "rhythm.bpm_histogram_first_peak_bpm": 71.66666666666667,
        "lowlevel.loudness_ebu128.momentary.max": -7.7117594083150225,
        "lowlevel.spectral_centroid.dmean2": 198.60193888346353,
        "rhythm.bpm_histogram_second_peak_spread": 0.30165912707646686,
        "lowlevel.loudness_ebu128.short_term.dvar": 0.03466245035330454,
        "lowlevel.loudness_ebu128.momentary.median": -19.26593017578125,
        "rhythm.danceability": 0.9054415822029114,
        "lowlevel.spectral_centroid.dvar": 49241.104166666664,
        "rhythm.bpm_histogram_first_peak_weight": 0.3218282461166382,
        "lowlevel.loudness_ebu128.momentary.dvar2": 1.2563034494717915,
        "lowlevel.spectral_centroid.dvar2": 97879.7890625
    },
    "outlier_flag": false,
    "outlier_reasons": null,
    "raw_versions": [
        {
            "id": "ic-9fz1Co-s",
            "title": "Grateful Dead - To Lay Me Down (Live at Radio City; New York, NY 10/30-31/1980) [Official Video]",
            "views": 93721,
            "features": {
                "lowlevel.average_loudness": 0.015393453650176525,
                "lowlevel.loudness_ebu128.integrated": -18.00733184814453,
                "lowlevel.loudness_ebu128.loudness_range": 10.964088439941406,
                "lowlevel.loudness_ebu128.momentary.dmean": 0.9271705150604248,
                "lowlevel.loudness_ebu128.momentary.dmean2": 0.9559627771377563,
                "lowlevel.loudness_ebu128.momentary.dvar": 1.4137810468673706,
                "lowlevel.loudness_ebu128.momentary.dvar2": 1.884544014930725,
                "lowlevel.loudness_ebu128.momentary.max": -8.543397903442383,
                "lowlevel.loudness_ebu128.momentary.mean": -21.18075942993164,
                "lowlevel.loudness_ebu128.momentary.median": -21.223302841186523,
                "lowlevel.loudness_ebu128.momentary.min": -90.54791259765625,
                "lowlevel.loudness_ebu128.momentary.stdev": 6.272139072418213,
                "lowlevel.loudness_ebu128.momentary.var": 39.33972930908203,
                "lowlevel.loudness_ebu128.short_term.dmean": 0.1631322205066681,
                "lowlevel.loudness_ebu128.short_term.dmean2": 0.11584076285362244,
                "lowlevel.loudness_ebu128.short_term.dvar": 0.03536047786474228,
                "lowlevel.loudness_ebu128.short_term.dvar2": 0.023126939311623573,
                "lowlevel.loudness_ebu128.short_term.max": -9.494970321655273,
                "lowlevel.loudness_ebu128.short_term.mean": -19.939756393432617,
                "lowlevel.loudness_ebu128.short_term.median": -20.35860824584961,
                "lowlevel.loudness_ebu128.short_term.min": -29.283966064453125,
                "lowlevel.loudness_ebu128.short_term.stdev": 3.793290853500366,
                "lowlevel.loudness_ebu128.short_term.var": 14.389055252075195,
                "lowlevel.spectral_centroid.dmean": 131.75656127929688,
                "lowlevel.spectral_centroid.dmean2": 200.53175354003906,
                "lowlevel.spectral_centroid.dvar": 53115.4609375,
                "lowlevel.spectral_centroid.dvar2": 106531.0703125,
                "lowlevel.spectral_centroid.max": 11622.4921875,
                "lowlevel.spectral_centroid.mean": 777.4379272460938,
                "lowlevel.spectral_centroid.median": 609.3072509765625,
                "lowlevel.spectral_centroid.min": 161.15481567382812,
                "lowlevel.spectral_centroid.stdev": 561.4535522460938,
                "lowlevel.spectral_centroid.var": 315230.09375,
                "metadata.audio_properties.analysis.equal_loudness": 0.0,
                "rhythm.beats_loudness.dmean": 0.017447717487812042,
                "rhythm.beats_loudness.dmean2": 0.029791703447699547,
                "rhythm.beats_loudness.dvar": 0.00038237354601733387,
                "rhythm.beats_loudness.dvar2": 0.001062599360011518,
                "rhythm.beats_loudness.max": 0.18956761062145233,
                "rhythm.beats_loudness.mean": 0.025222066789865494,
                "rhythm.beats_loudness.median": 0.013967696577310562,
                "rhythm.beats_loudness.min": 1.3175807112020266e-09,
                "rhythm.beats_loudness.stdev": 0.02768089808523655,
                "rhythm.beats_loudness.var": 0.0007662320858798921,
                "rhythm.bpm": 70.95729064941406,
                "rhythm.bpm_histogram_first_peak_bpm": 72.0,
                "rhythm.bpm_histogram_first_peak_weight": 0.47029703855514526,
                "rhythm.bpm_histogram_second_peak_bpm": 83.0,
                "rhythm.bpm_histogram_second_peak_spread": 0.0,
                "rhythm.bpm_histogram_second_peak_weight": 0.01123595517128706,
                "rhythm.danceability": 0.922555685043335
            }
        },
        {
            "id": "au93GECGT-M",
            "title": "Grateful Dead \"To Lay Me Down\" March 27, 1988 Hampton Coliseum Hampton, VA",
            "views": 101458,
            "features": {
                "lowlevel.average_loudness": 0.28741586208343506,
                "lowlevel.loudness_ebu128.integrated": -15.927863121032715,
                "lowlevel.loudness_ebu128.loudness_range": 8.513092041015625,