{
    "song_title": "Tomorrow Never Knows",
    "artist": "Grateful Dead",
    "num_versions_processed": 3,
    "average_features": {
        "rhythm.beats_loudness.dvar": 0.0004240473499521613,
        "lowlevel.loudness_ebu128.momentary.median": -19.956693649291992,
        "lowlevel.loudness_ebu128.short_term.min": -59.822766621907554,
        "lowlevel.loudness_ebu128.short_term.dvar": 0.20726462018986544,
        "rhythm.beats_loudness.dvar2": 0.0011371602692330878,
        "rhythm.beats_loudness.min": 9.642114200403284e-07,
        "lowlevel.loudness_ebu128.momentary.min": -79.66788228352864,
        "rhythm.bpm_histogram_second_peak_weight": 0.12534491469462714,
        "lowlevel.spectral_centroid.min": 193.0774383544922,
        "lowlevel.spectral_centroid.var": 288061.203125,
        "lowlevel.loudness_ebu128.short_term.dvar2": 0.37469948331514996,
        "lowlevel.loudness_ebu128.short_term.stdev": 7.055312474568685,
        "rhythm.beats_loudness.max": 0.17053572833538055,
        "lowlevel.loudness_ebu128.momentary.dvar2": 2.308736801147461,
        "lowlevel.spectral_centroid.dvar2": 93084.36588541667,
        "lowlevel.loudness_ebu128.momentary.max": -13.144259452819824,
        "lowlevel.average_loudness": 0.4551839828491211,
        "lowlevel.loudness_ebu128.momentary.var": 79.4926363627116,
        "lowlevel.loudness_ebu128.loudness_range": 12.077284812927246,
        "rhythm.beats_loudness.dmean": 0.018365077674388885,
        "lowlevel.loudness_ebu128.momentary.dvar": 1.3511642615000408,
        "metadata.audio_properties.analysis.equal_loudness": 0.0,
        "lowlevel.spectral_centroid.dmean": 158.27045186360678,
        "rhythm.bpm": 125.17653910319011,
        "lowlevel.spectral_centroid.dvar": 39166.948567708336,
        "lowlevel.loudness_ebu128.momentary.dmean2": 1.0418745477994282,
        "rhythm.bpm_histogram_first_peak_weight": 0.5484458208084106,
        "rhythm.bpm_histogram_second_peak_spread": 0.46060436964035034,
        "lowlevel.loudness_ebu128.momentary.mean": -22.65913200378418,
        "lowlevel.loudness_ebu128.momentary.dmean": 0.7992595632870992,
        "rhythm.beats_loudness.mean": 0.02821739452580611,
        "rhythm.bpm_histogram_second_peak_bpm": 127.33333333333333,
        "lowlevel.loudness_ebu128.integrated": -18.9006404876709,
        "rhythm.beats_loudness.var": 0.0007679323510577282,
        "lowlevel.loudness_ebu128.momentary.stdev": 8.642945130666098,
        "lowlevel.loudness_ebu128.short_term.var": 52.658363342285156,
        "lowlevel.spectral_centroid.max": 9117.000162760416,
        "rhythm.beats_loudness.dmean2": 0.031112511331836384,
        "rhythm.danceability": 1.1250161329905193,
        "lowlevel.loudness_ebu128.short_term.max": -15.101683616638184,
        "lowlevel.spectral_centroid.mean": 965.9512532552084,
        "rhythm.beats_loudness.stdev": 0.027659693732857704,
        "lowlevel.loudness_ebu128.short_term.dmean2": 0.12360158562660217,
        "lowlevel.loudness_ebu128.short_term.dmean": 0.11891429126262665,
        "lowlevel.loudness_ebu128.short_term.mean": -21.878764470418293,
        "rhythm.bpm_histogram_first_peak_bpm": 125.0,
        "lowlevel.loudness_ebu128.short_term.median": -19.673285802205402,
        "lowlevel.spectral_centroid.median": 858.4259847005209,
        "lowlevel.spectral_centroid.stdev": 516.4723815917969,
        "lowlevel.spectral_centroid.dmean2": 250.07088724772134,
        "rhythm.beats_loudness.median": 0.019810266171892483
    },
    "outlier_flag": false,
    "outlier_reasons": null,
    "raw_versions": [
        {
            "id": "CBCR7O7qneY",
            "title": "Grateful Dead - Baba O'Riley/Tomorrow Never Knows (Live at Buckeye Lake  7/1/92) [Official Video]",
            "views": 94222,
            "features": {
                "lowlevel.average_loudness": 0.30418282747268677,
                "lowlevel.loudness_ebu128.integrated": -20.678874969482422,
                "lowlevel.loudness_ebu128.loudness_range": 14.426795959472656,
                "lowlevel.loudness_ebu128.momentary.dmean": 0.8910982012748718,
                "lowlevel.loudness_ebu128.momentary.dmean2": 1.15447199344635,
                "lowlevel.loudness_ebu128.momentary.dvar": 1.0587873458862305,
                "lowlevel.loudness_ebu128.momentary.dvar2": 1.7650600671768188,
                "lowlevel.loudness_ebu128.momentary.max": -13.409796714782715,
                "lowlevel.loudness_ebu128.momentary.mean": -23.71539878845215,
                "lowlevel.loudness_ebu128.momentary.median": -22.13005828857422,
                "lowlevel.loudness_ebu128.momentary.min": -91.11656188964844,
                "lowlevel.loudness_ebu128.momentary.stdev": 6.379217624664307,
                "lowlevel.loudness_ebu128.momentary.var": 40.694419860839844,
                "lowlevel.loudness_ebu128.short_term.dmean": 0.11998139321804047,
                "lowlevel.loudness_ebu128.short_term.dmean2": 0.1235959529876709,
                "lowlevel.loudness_ebu128.short_term.dvar": 0.014705853536725044,
                "lowlevel.loudness_ebu128.short_term.dvar2": 0.01912618800997734,
                "lowlevel.loudness_ebu128.short_term.max": -15.876646995544434,
                "lowlevel.loudness_ebu128.short_term.mean": -23.04262924194336,
                "lowlevel.loudness_ebu128.short_term.median": -21.86040496826172,
                "lowlevel.loudness_ebu128.short_term.min": -42.82563781738281,
                "lowlevel.loudness_ebu128.short_term.stdev": 5.092700481414795,
                "lowlevel.loudness_ebu128.short_term.var": 25.93560028076172,
                "lowlevel.spectral_centroid.dmean": 112.1187744140625,
                "lowlevel.spectral_centroid.dmean2": 175.8744659423828,
                "lowlevel.spectral_centroid.dvar": 20543.841796875,
                "lowlevel.spectral_centroid.dvar2": 50373.34765625,
                "lowlevel.spectral_centroid.max": 5227.77587890625,
                "lowlevel.spectral_centroid.mean": 692.954833984375,
                "lowlevel.spectral_centroid.median": 640.7034912109375,
                "lowlevel.spectral_centroid.min": 166.58731079101562,
                "lowlevel.spectral_centroid.stdev": 361.1335144042969,
                "lowlevel.spectral_centroid.var": 130417.40625,
                "metadata.audio_properties.analysis.equal_loudness": 0.0,
                "rhythm.beats_loudness.dmean": 0.018478235229849815,
                "rhythm.beats_loudness.dmean2": 0.03166636452078819,
                "rhythm.beats_loudness.dvar": 0.0004055449098814279,
                "rhythm.beats_loudness.dvar2": 0.0011143264127895236,
                "rhythm.beats_loudness.max": 0.16632327437400818,
                "rhythm.beats_loudness.mean": 0.02828945592045784,
                "rhythm.beats_loudness.median": 0.01948927715420723,
                "rhythm.beats_loudness.min": 3.301612983008795e-09,
                "rhythm.beats_loudness.stdev": 0.027851060032844543,
                "rhythm.beats_loudness.var": 0.0007756815175525844,
                "rhythm.bpm": 117.52943420410156,
                "rhythm.bpm_histogram_first_peak_bpm": 117.0,
                "rhythm.bpm_histogram_first_peak_weight": 0.540107011795044,
                "rhythm.bpm_histogram_second_peak_bpm": 129.0,
                "rhythm.bpm_histogram_second_peak_spread": 0.5510203838348389,
                "rhythm.bpm_histogram_second_peak_weight": 0.18053928017616272,
                "rhythm.danceability": 1.120964527130127
            }
        },
        {
            "id": "UrGA19FRbo4",
            "title": "Grateful Dead  -  Tomorrow Never Knows [Live]",
            "views": 9125,
            "features": {
                "lowlevel.average_loudness": 0.5428919792175293,
                "lowlevel.loudness_ebu128.integrated": -18.183025360107422,
                "lowlevel.loudness_ebu128.loudness_range": 7.30412483215332,