{
    "song_title": "Touch Of Grey",
    "artist": "Grateful Dead",
    "num_versions_processed": 3,
    "average_features": {
        "lowlevel.loudness_ebu128.short_term.dvar2": 0.01024244500634571,
        "lowlevel.loudness_ebu128.momentary.var": 26.679628372192383,
        "lowlevel.loudness_ebu128.momentary.min": -75.12671152750652,
        "lowlevel.spectral_centroid.dvar": 26064.177571614582,
        "rhythm.beats_loudness.min": 7.748325773974477e-06,
        "lowlevel.spectral_centroid.mean": 852.07958984375,
        "rhythm.beats_loudness.dvar": 0.00022637726700243851,
        "rhythm.bpm_histogram_first_peak_bpm": 155.33333333333334,
        "rhythm.beats_loudness.median": 0.027073586980501812,
        "lowlevel.loudness_ebu128.integrated": -15.147312800089518,
        "lowlevel.loudness_ebu128.short_term.mean": -15.879095077514648,
        "rhythm.beats_loudness.dmean2": 0.02861877406636874,
        "lowlevel.loudness_ebu128.momentary.dvar2": 0.5197025537490845,
        "rhythm.bpm_histogram_second_peak_weight": 0.16767776881655058,
        "lowlevel.loudness_ebu128.loudness_range": 4.6856387456258135,
        "rhythm.bpm_histogram_second_peak_bpm": 153.66666666666666,
        "lowlevel.loudness_ebu128.short_term.min": -43.3537171681722,
        "lowlevel.loudness_ebu128.short_term.stdev": 3.2753095229466758,
        "lowlevel.loudness_ebu128.short_term.dmean2": 0.0918486366669337,
        "lowlevel.loudness_ebu128.short_term.var": 12.854264855384827,
        "rhythm.beats_loudness.mean": 0.030466688175996143,
        "lowlevel.spectral_centroid.max": 4333.670491536458,
        "lowlevel.loudness_ebu128.momentary.dvar": 0.4173785249392192,
        "rhythm.beats_loudness.stdev": 0.018027362724145252,
        "lowlevel.loudness_ebu128.momentary.max": -9.887598355611166,
        "lowlevel.spectral_centroid.median": 790.2290445963541,
        "lowlevel.loudness_ebu128.momentary.dmean": 0.621375689903895,
        "lowlevel.loudness_ebu128.short_term.dvar": 0.014210234396159649,
        "rhythm.beats_loudness.var": 0.0003257107261257867,
        "lowlevel.loudness_ebu128.momentary.stdev": 5.0747575759887695,
        "lowlevel.loudness_ebu128.momentary.mean": -16.367937088012695,
        "rhythm.beats_loudness.dmean": 0.016219739491740864,
        "lowlevel.average_loudness": 0.8082680900891622,
        "lowlevel.loudness_ebu128.short_term.median": -15.255889574686686,
        "rhythm.beats_loudness.max": 0.11403968681891759,
        "metadata.audio_properties.analysis.equal_loudness": 0.0,
        "lowlevel.loudness_ebu128.momentary.dmean2": 0.6811065872510275,
        "lowlevel.spectral_centroid.dvar2": 56410.186848958336,
        "lowlevel.loudness_ebu128.short_term.max": -12.036992390950521,
        "lowlevel.spectral_centroid.var": 132990.78450520834,
        "rhythm.bpm_histogram_first_peak_weight": 0.2696414589881897,
        "lowlevel.loudness_ebu128.momentary.median": -15.622966130574545,
        "rhythm.bpm": 155.32904052734375,
        "rhythm.beats_loudness.dvar2": 0.0006764715071767569,
        "lowlevel.loudness_ebu128.short_term.dmean": 0.09323473771413167,
        "lowlevel.spectral_centroid.stdev": 338.9029184977214,
        "lowlevel.spectral_centroid.dmean": 128.22435251871744,
        "lowlevel.spectral_centroid.dmean2": 194.50975290934244,
        "rhythm.danceability": 1.2118210792541504,
        "lowlevel.spectral_centroid.min": 253.19326782226562,
        "rhythm.bpm_histogram_second_peak_spread": 0.05774768193562826
    },
    "outlier_flag": false,
    "outlier_reasons": null,
    "raw_versions": [
        {
            "id": "0ZmR-T0jilA",
            "title": "Grateful Dead - Touch Of Grey (Orchard Park, NY 7/4/89)",
            "views": 1158630,
            "features": {
                "lowlevel.average_loudness": 0.9336070418357849,
                "lowlevel.loudness_ebu128.integrated": -14.327101707458496,
                "lowlevel.loudness_ebu128.loudness_range": 2.82891845703125,
                "lowlevel.loudness_ebu128.momentary.dmean": 0.494233101606369,
                "lowlevel.loudness_ebu128.momentary.dmean2": 0.5381848216056824,
                "lowlevel.loudness_ebu128.momentary.dvar": 0.43569913506507874,
                "lowlevel.loudness_ebu128.momentary.dvar2": 0.4916520118713379,
                "lowlevel.loudness_ebu128.momentary.max": -10.740257263183594,
                "lowlevel.loudness_ebu128.momentary.mean": -14.857427597045898,
                "lowlevel.loudness_ebu128.momentary.median": -14.50901985168457,
                "lowlevel.loudness_ebu128.momentary.min": -90.85496520996094,
                "lowlevel.loudness_ebu128.momentary.stdev": 4.039412975311279,
                "lowlevel.loudness_ebu128.momentary.var": 16.316856384277344,
                "lowlevel.loudness_ebu128.short_term.dmean": 0.06993071734905243,
                "lowlevel.loudness_ebu128.short_term.dmean2": 0.07308568060398102,
                "lowlevel.loudness_ebu128.short_term.dvar": 0.003480718471109867,
                "lowlevel.loudness_ebu128.short_term.dvar2": 0.003894394962117076,
                "lowlevel.loudness_ebu128.short_term.max": -11.875935554504395,
                "lowlevel.loudness_ebu128.short_term.mean": -14.473472595214844,
                "lowlevel.loudness_ebu128.short_term.median": -14.398172378540039,
                "lowlevel.loudness_ebu128.short_term.min": -22.69584083557129,
                "lowlevel.loudness_ebu128.short_term.stdev": 1.2227376699447632,
                "lowlevel.loudness_ebu128.short_term.var": 1.4950875043869019,
                "lowlevel.spectral_centroid.dmean": 194.90908813476562,
                "lowlevel.spectral_centroid.dmean2": 292.8421630859375,
                "lowlevel.spectral_centroid.dvar": 51913.3984375,
                "lowlevel.spectral_centroid.dvar2": 110204.6015625,
                "lowlevel.spectral_centroid.max": 5217.03564453125,
                "lowlevel.spectral_centroid.mean": 1071.6708984375,
                "lowlevel.spectral_centroid.median": 977.2838134765625,
                "lowlevel.spectral_centroid.min": 286.4331359863281,
                "lowlevel.spectral_centroid.stdev": 491.1304931640625,
                "lowlevel.spectral_centroid.var": 241209.15625,
                "metadata.audio_properties.analysis.equal_loudness": 0.0,
                "rhythm.beats_loudness.dmean": 0.017478112131357193,
                "rhythm.beats_loudness.dmean2": 0.03058064728975296,
                "rhythm.beats_loudness.dvar": 0.00021368511079344898,
                "rhythm.beats_loudness.dvar2": 0.0006699555669911206,
                "rhythm.beats_loudness.max": 0.10232699662446976,
                "rhythm.beats_loudness.mean": 0.03981546685099602,
                "rhythm.beats_loudness.median": 0.03889382630586624,
                "rhythm.beats_loudness.min": 9.48108924703206e-10,
                "rhythm.beats_loudness.stdev": 0.017573805525898933,
                "rhythm.beats_loudness.var": 0.0003088386438321322,
                "rhythm.bpm": 156.04962158203125,
                "rhythm.bpm_histogram_first_peak_bpm": 157.0,
                "rhythm.bpm_histogram_first_peak_weight": 0.3070683479309082,
                "rhythm.bpm_histogram_second_peak_bpm": 152.0,
                "rhythm.bpm_histogram_second_peak_spread": 0.012048184871673584,
                "rhythm.bpm_histogram_second_peak_weight": 0.08232931792736053,
                "rhythm.danceability": 1.2543408870697021
            }
        },
        {
            "id": "2DHFSdbfYcI",
            "title": "Grateful Dead - Touch Of Grey (Mountain View, CA 6/16/90) (Official Live Video)",
            "views": 464418,
            "features": {
                "lowlevel.average_loudness": 0.8181741237640381,
                "lowlevel.loudness_ebu128.integrated": -15.534064292907715,
                "lowlevel.loudness_ebu128.loudness_range": 4.301729202270508,