{
    "song_title": "Truckin'",
    "artist": "Grateful Dead",
    "num_versions_processed": 2,
    "average_features": {
        "lowlevel.loudness_ebu128.momentary.dmean2": 0.7604801952838898,
        "lowlevel.loudness_ebu128.short_term.median": -15.916596412658691,
        "lowlevel.spectral_centroid.median": 816.2255249023438,
        "rhythm.beats_loudness.var": 0.0004523303505266085,
        "rhythm.beats_loudness.dvar": 0.00024238498735940084,
        "lowlevel.loudness_ebu128.short_term.stdev": 2.28998339176178,
        "lowlevel.loudness_ebu128.integrated": -15.801243782043457,
        "rhythm.beats_loudness.max": 0.1639401689171791,
        "lowlevel.spectral_centroid.max": 11049.01416015625,
        "lowlevel.spectral_centroid.min": 230.72815704345703,
        "lowlevel.loudness_ebu128.momentary.stdev": 3.72742235660553,
        "rhythm.bpm": 131.54969787597656,
        "lowlevel.loudness_ebu128.loudness_range": 6.125149250030518,
        "rhythm.beats_loudness.mean": 0.03690746985375881,
        "rhythm.bpm_histogram_second_peak_weight": 0.10112971067428589,
        "metadata.audio_properties.analysis.equal_loudness": 0.0,
        "lowlevel.loudness_ebu128.short_term.var": 5.71177351474762,
        "rhythm.beats_loudness.dvar2": 0.0007048276311252266,
        "rhythm.bpm_histogram_second_peak_bpm": 126.0,
        "lowlevel.loudness_ebu128.momentary.mean": -16.73526096343994,
        "lowlevel.loudness_ebu128.short_term.max": -12.41288948059082,
        "rhythm.beats_loudness.stdev": 0.02114848792552948,
        "lowlevel.loudness_ebu128.momentary.dmean": 0.6479279398918152,
        "lowlevel.spectral_centroid.mean": 899.1346130371094,
        "lowlevel.spectral_centroid.stdev": 434.6812438964844,
        "rhythm.beats_loudness.median": 0.03390017990022898,
        "lowlevel.loudness_ebu128.short_term.dmean": 0.09044292941689491,
        "lowlevel.loudness_ebu128.short_term.dvar2": 0.009497737744823098,
        "rhythm.beats_loudness.dmean2": 0.030084367841482162,
        "lowlevel.loudness_ebu128.short_term.mean": -16.36561918258667,
        "lowlevel.loudness_ebu128.momentary.var": 16.026411056518555,
        "rhythm.beats_loudness.dmean": 0.01752076204866171,
        "lowlevel.loudness_ebu128.momentary.min": -64.08637619018555,
        "lowlevel.loudness_ebu128.momentary.dvar": 0.6995620131492615,
        "lowlevel.spectral_centroid.dmean": 165.69519805908203,
        "lowlevel.spectral_centroid.var": 191189.65625,
        "rhythm.beats_loudness.min": 0.0011853638407866574,
        "lowlevel.average_loudness": 0.8064581155776978,
        "lowlevel.loudness_ebu128.short_term.dmean2": 0.09547556191682816,
        "lowlevel.loudness_ebu128.short_term.min": -25.11410140991211,
        "rhythm.bpm_histogram_first_peak_bpm": 132.5,
        "lowlevel.loudness_ebu128.momentary.max": -10.630308628082275,
        "lowlevel.spectral_centroid.dmean2": 252.57820892333984,
        "rhythm.bpm_histogram_second_peak_spread": 0.053896546363830566,
        "lowlevel.loudness_ebu128.short_term.dvar": 0.007459418848156929,
        "lowlevel.loudness_ebu128.momentary.median": -16.18254327774048,
        "rhythm.danceability": 1.2356061339378357,
        "lowlevel.spectral_centroid.dvar": 44703.685546875,
        "rhythm.bpm_histogram_first_peak_weight": 0.5383539199829102,
        "lowlevel.loudness_ebu128.momentary.dvar2": 1.201697126030922,
        "lowlevel.spectral_centroid.dvar2": 91977.84765625
    },
    "outlier_flag": false,
    "outlier_reasons": null,
    "raw_versions": [
        {
            "id": "mSur0mFviT0",
            "title": "Grateful Dead - Truckin' (New York, NY 10/30/80) (Official Live Video)",
            "views": 479356,
            "features": {
                "lowlevel.average_loudness": 0.7908087968826294,
                "lowlevel.loudness_ebu128.integrated": -16.910213470458984,
                "lowlevel.loudness_ebu128.loudness_range": 7.478470802307129,
                "lowlevel.loudness_ebu128.momentary.dmean": 0.6676488518714905,
                "lowlevel.loudness_ebu128.momentary.dmean2": 0.8413013815879822,
                "lowlevel.loudness_ebu128.momentary.dvar": 1.0830836296081543,
                "lowlevel.loudness_ebu128.momentary.dvar2": 1.9849390983581543,
                "lowlevel.loudness_ebu128.momentary.max": -11.453752517700195,
                "lowlevel.loudness_ebu128.momentary.mean": -18.224821090698242,
                "lowlevel.loudness_ebu128.momentary.median": -17.192325592041016,
                "lowlevel.loudness_ebu128.momentary.min": -90.76402282714844,
                "lowlevel.loudness_ebu128.momentary.stdev": 5.187810897827148,
                "lowlevel.loudness_ebu128.momentary.var": 26.913379669189453,
                "lowlevel.loudness_ebu128.short_term.dmean": 0.08970561623573303,
                "lowlevel.loudness_ebu128.short_term.dmean2": 0.0980820581316948,
                "lowlevel.loudness_ebu128.short_term.dvar": 0.00879617314785719,
                "lowlevel.loudness_ebu128.short_term.dvar2": 0.01215384155511856,
                "lowlevel.loudness_ebu128.short_term.max": -13.651725769042969,
                "lowlevel.loudness_ebu128.short_term.mean": -17.75455665588379,
                "lowlevel.loudness_ebu128.short_term.median": -16.8873291015625,
                "lowlevel.loudness_ebu128.short_term.min": -30.889095306396484,
                "lowlevel.loudness_ebu128.short_term.stdev": 2.973905563354492,
                "lowlevel.loudness_ebu128.short_term.var": 8.844114303588867,
                "lowlevel.spectral_centroid.dmean": 169.4441680908203,
                "lowlevel.spectral_centroid.dmean2": 259.46783447265625,
                "lowlevel.spectral_centroid.dvar": 45280.25,
                "lowlevel.spectral_centroid.dvar2": 95659.65625,
                "lowlevel.spectral_centroid.max": 11110.1826171875,
                "lowlevel.spectral_centroid.mean": 900.7206420898438,
                "lowlevel.spectral_centroid.median": 804.4417724609375,
                "lowlevel.spectral_centroid.min": 193.4807891845703,
                "lowlevel.spectral_centroid.stdev": 482.0295715332031,
                "lowlevel.spectral_centroid.var": 232352.515625,
                "metadata.audio_properties.analysis.equal_loudness": 0.0,
                "rhythm.beats_loudness.dmean": 0.018157539889216423,
                "rhythm.beats_loudness.dmean2": 0.030886616557836533,
                "rhythm.beats_loudness.dvar": 0.0002609558869153261,
                "rhythm.beats_loudness.dvar2": 0.0007384418277069926,
                "rhythm.beats_loudness.max": 0.18848471343517303,
                "rhythm.beats_loudness.mean": 0.039033226668834686,
                "rhythm.beats_loudness.median": 0.03659335523843765,
                "rhythm.beats_loudness.min": 1.5972366762539991e-09,
                "rhythm.beats_loudness.stdev": 0.023400552570819855,
                "rhythm.beats_loudness.var": 0.0005475858924910426,
                "rhythm.bpm": 128.32537841796875,
                "rhythm.bpm_histogram_first_peak_bpm": 129.0,
                "rhythm.bpm_histogram_first_peak_weight": 0.5608247518539429,
                "rhythm.bpm_histogram_second_peak_bpm": 123.0,
                "rhythm.bpm_histogram_second_peak_spread": 0.05940598249435425,
                "rhythm.bpm_histogram_second_peak_weight": 0.07427677512168884,
                "rhythm.danceability": 1.221618890762329
            }
        },
        {
            "id": "G0iCMfc_X3s",
            "title": "Grateful Dead - Truckin\u2019 (Giants Stadium 6/17/91)",
            "views": 140383,
            "features": {
                "lowlevel.average_loudness": 0.8221074342727661,
                "lowlevel.loudness_ebu128.integrated": -14.69227409362793,
                "lowlevel.loudness_ebu128.loudness_range": 4.771827697753906,
                "lowlevel.loudness_ebu128.momentary.dmean": 0.6282070279121399,