{
    "song_title": "Two Souls In Communion",
    "artist": "Grateful Dead",
    "num_versions_processed": 2,
    "average_features": {
        "lowlevel.loudness_ebu128.short_term.dvar2": 0.030015529599040747,
        "lowlevel.loudness_ebu128.momentary.var": 70.22281837463379,
        "lowlevel.loudness_ebu128.momentary.min": -66.37412643432617,
        "lowlevel.spectral_centroid.dvar": 21441.7685546875,
        "rhythm.beats_loudness.min": 1.1531677017728725e-06,
        "lowlevel.spectral_centroid.mean": 841.4591979980469,
        "rhythm.beats_loudness.dvar": 0.00046360887063201517,
        "rhythm.bpm_histogram_first_peak_bpm": 97.5,
        "rhythm.beats_loudness.median": 0.021750311367213726,
        "lowlevel.loudness_ebu128.integrated": -17.57307243347168,
        "lowlevel.loudness_ebu128.short_term.mean": -20.8293399810791,
        "rhythm.beats_loudness.dmean2": 0.031247704289853573,
        "lowlevel.loudness_ebu128.momentary.dvar2": 1.6472380757331848,
        "rhythm.bpm_histogram_second_peak_weight": 0.12480702996253967,
        "lowlevel.loudness_ebu128.loudness_range": 9.378559589385986,
        "rhythm.bpm_histogram_second_peak_bpm": 104.0,
        "lowlevel.loudness_ebu128.short_term.min": -53.1063346862793,
        "lowlevel.loudness_ebu128.short_term.stdev": 6.864957809448242,
        "lowlevel.loudness_ebu128.short_term.dmean2": 0.11323736608028412,
        "lowlevel.loudness_ebu128.short_term.var": 52.84967613220215,
        "rhythm.beats_loudness.mean": 0.029421204701066017,
        "lowlevel.spectral_centroid.max": 4787.454833984375,
        "lowlevel.loudness_ebu128.momentary.dvar": 1.2153239846229553,
        "rhythm.beats_loudness.stdev": 0.02841305546462536,
        "lowlevel.loudness_ebu128.momentary.max": -9.00780200958252,
        "lowlevel.spectral_centroid.median": 755.72998046875,
        "lowlevel.loudness_ebu128.momentary.dmean": 0.9995307922363281,
        "lowlevel.loudness_ebu128.short_term.dvar": 0.03621974214911461,
        "rhythm.beats_loudness.var": 0.0008291823032777756,
        "lowlevel.loudness_ebu128.momentary.stdev": 8.08070421218872,
        "lowlevel.loudness_ebu128.momentary.mean": -21.90789222717285,
        "rhythm.beats_loudness.dmean": 0.01847955770790577,
        "lowlevel.average_loudness": 0.10151107236742973,
        "lowlevel.loudness_ebu128.short_term.median": -18.77495002746582,
        "rhythm.beats_loudness.max": 0.21755775809288025,
        "metadata.audio_properties.analysis.equal_loudness": 0.0,
        "lowlevel.loudness_ebu128.momentary.dmean2": 0.9893538653850555,
        "lowlevel.spectral_centroid.dvar2": 45283.919921875,
        "lowlevel.loudness_ebu128.short_term.max": -11.395302295684814,
        "lowlevel.spectral_centroid.var": 180643.109375,
        "rhythm.bpm_histogram_first_peak_weight": 0.6062527000904083,
        "lowlevel.loudness_ebu128.momentary.median": -19.692428588867188,
        "rhythm.bpm": 97.89139938354492,
        "rhythm.beats_loudness.dvar2": 0.0012389838811941445,
        "lowlevel.loudness_ebu128.short_term.dmean": 0.15110330283641815,
        "lowlevel.spectral_centroid.stdev": 422.25526428222656,
        "lowlevel.spectral_centroid.dmean": 110.74173355102539,
        "lowlevel.spectral_centroid.dmean2": 165.9901123046875,
        "rhythm.danceability": 0.9874873161315918,
        "lowlevel.spectral_centroid.min": 155.3615264892578,
        "rhythm.bpm_histogram_second_peak_spread": 0.46344229578971863
    },
    "outlier_flag": false,
    "outlier_reasons": null,
    "raw_versions": [
        {
            "id": "CMXjaV8Xbo4",
            "title": "Two Souls in Communion \u262e Grateful Dead, 5/26/72",
            "views": 103597,
            "features": {
                "lowlevel.average_loudness": 0.08535327762365341,
                "lowlevel.loudness_ebu128.integrated": -21.124614715576172,
                "lowlevel.loudness_ebu128.loudness_range": 9.267559051513672,
                "lowlevel.loudness_ebu128.momentary.dmean": 1.0149565935134888,
                "lowlevel.loudness_ebu128.momentary.dmean2": 1.0370111465454102,
                "lowlevel.loudness_ebu128.momentary.dvar": 1.4066078662872314,
                "lowlevel.loudness_ebu128.momentary.dvar2": 1.8941141366958618,
                "lowlevel.loudness_ebu128.momentary.max": -12.660518646240234,
                "lowlevel.loudness_ebu128.momentary.mean": -26.998098373413086,
                "lowlevel.loudness_ebu128.momentary.median": -23.64545440673828,
                "lowlevel.loudness_ebu128.momentary.min": -69.87407684326172,
                "lowlevel.loudness_ebu128.momentary.stdev": 10.299946784973145,
                "lowlevel.loudness_ebu128.momentary.var": 106.08890533447266,
                "lowlevel.loudness_ebu128.short_term.dmean": 0.15446555614471436,
                "lowlevel.loudness_ebu128.short_term.dmean2": 0.12207444757223129,
                "lowlevel.loudness_ebu128.short_term.dvar": 0.049648549407720566,
                "lowlevel.loudness_ebu128.short_term.dvar2": 0.045279610902071,
                "lowlevel.loudness_ebu128.short_term.max": -15.18154239654541,
                "lowlevel.loudness_ebu128.short_term.mean": -25.85921859741211,
                "lowlevel.loudness_ebu128.short_term.median": -22.626319885253906,
                "lowlevel.loudness_ebu128.short_term.min": -59.09700012207031,
                "lowlevel.loudness_ebu128.short_term.stdev": 9.257035255432129,
                "lowlevel.loudness_ebu128.short_term.var": 85.69269561767578,
                "lowlevel.spectral_centroid.dmean": 97.03933715820312,
                "lowlevel.spectral_centroid.dmean2": 144.78086853027344,
                "lowlevel.spectral_centroid.dvar": 17253.998046875,
                "lowlevel.spectral_centroid.dvar2": 36853.40625,
                "lowlevel.spectral_centroid.max": 4526.30859375,
                "lowlevel.spectral_centroid.mean": 728.3125,
                "lowlevel.spectral_centroid.median": 643.5091552734375,
                "lowlevel.spectral_centroid.min": 155.83880615234375,
                "lowlevel.spectral_centroid.stdev": 373.84454345703125,
                "lowlevel.spectral_centroid.var": 139759.75,
                "metadata.audio_properties.analysis.equal_loudness": 0.0,
                "rhythm.beats_loudness.dmean": 0.020531030371785164,
                "rhythm.beats_loudness.dmean2": 0.03492293879389763,
                "rhythm.beats_loudness.dvar": 0.0006641184445470572,
                "rhythm.beats_loudness.dvar2": 0.0018068010685965419,
                "rhythm.beats_loudness.max": 0.28660526871681213,
                "rhythm.beats_loudness.mean": 0.030649786815047264,
                "rhythm.beats_loudness.median": 0.020814932882785797,
                "rhythm.beats_loudness.min": 4.507596429448313e-07,
                "rhythm.beats_loudness.stdev": 0.03309072181582451,
                "rhythm.beats_loudness.var": 0.0010949958814308047,
                "rhythm.bpm": 99.42721557617188,
                "rhythm.bpm_histogram_first_peak_bpm": 99.0,
                "rhythm.bpm_histogram_first_peak_weight": 0.4659300446510315,
                "rhythm.bpm_histogram_second_peak_bpm": 105.0,
                "rhythm.bpm_histogram_second_peak_spread": 0.39263802766799927,
                "rhythm.bpm_histogram_second_peak_weight": 0.11288483440876007,
                "rhythm.danceability": 1.0104365348815918
            }
        },
        {
            "id": "DzYu3a0HJmk",
            "title": "Grateful Dead 5-23-72: The Stranger (Two Souls in Communion): London",
            "views": 43996,
            "features": {
                "lowlevel.average_loudness": 0.11766886711120605,
                "lowlevel.loudness_ebu128.integrated": -14.021530151367188,
                "lowlevel.loudness_ebu128.loudness_range": 9.4895601272583,
                "lowlevel.loudness_ebu128.momentary.dmean": 0.9841049909591675,