{
    "song_title": "U.S. Blues",
    "artist": "Grateful Dead",
    "num_versions_processed": 3,
    "average_features": {
        "lowlevel.loudness_ebu128.short_term.dvar2": 0.007975316140800714,
        "lowlevel.loudness_ebu128.momentary.var": 27.05151303609212,
        "lowlevel.loudness_ebu128.momentary.min": -90.63606516520183,
        "lowlevel.spectral_centroid.dvar": 49362.94921875,
        "rhythm.beats_loudness.min": 9.907618799450308e-10,
        "lowlevel.spectral_centroid.mean": 1136.6468912760417,
        "rhythm.beats_loudness.dvar": 0.00017961161696196845,
        "rhythm.bpm_histogram_first_peak_bpm": 142.66666666666666,
        "rhythm.beats_loudness.median": 0.03476808468500773,
        "lowlevel.loudness_ebu128.integrated": -14.343971252441406,
        "lowlevel.loudness_ebu128.short_term.mean": -14.705820719401041,
        "rhythm.beats_loudness.dmean2": 0.028278613463044167,
        "lowlevel.loudness_ebu128.momentary.dvar2": 0.7241878012816111,
        "rhythm.bpm_histogram_second_peak_weight": 0.01992690625290076,
        "lowlevel.loudness_ebu128.loudness_range": 3.8311179478963218,
        "rhythm.bpm_histogram_second_peak_bpm": 133.66666666666666,
        "lowlevel.loudness_ebu128.short_term.min": -35.9680544535319,
        "lowlevel.loudness_ebu128.short_term.stdev": 1.9909834464391072,
        "lowlevel.loudness_ebu128.short_term.dmean2": 0.07610240330298741,
        "lowlevel.loudness_ebu128.short_term.var": 4.197727998097737,
        "rhythm.beats_loudness.mean": 0.03662417083978653,
        "lowlevel.spectral_centroid.max": 7303.757975260417,
        "lowlevel.loudness_ebu128.momentary.dvar": 0.5529904166857401,
        "rhythm.beats_loudness.stdev": 0.01736406112710635,
        "lowlevel.loudness_ebu128.momentary.max": -9.466375033060709,
        "lowlevel.spectral_centroid.median": 1023.3253173828125,
        "lowlevel.loudness_ebu128.momentary.dmean": 0.5410410563151041,
        "lowlevel.loudness_ebu128.short_term.dvar": 0.01412577818458279,
        "rhythm.beats_loudness.var": 0.00030193087877705693,
        "lowlevel.loudness_ebu128.momentary.stdev": 5.086747487386067,
        "lowlevel.loudness_ebu128.momentary.mean": -15.250693321228027,
        "rhythm.beats_loudness.dmean": 0.016001570969820023,
        "lowlevel.average_loudness": 0.848173181215922,
        "lowlevel.loudness_ebu128.short_term.median": -14.418477376302084,
        "rhythm.beats_loudness.max": 0.10048934072256088,
        "metadata.audio_properties.analysis.equal_loudness": 0.0,
        "lowlevel.loudness_ebu128.momentary.dmean2": 0.576699952284495,
        "lowlevel.spectral_centroid.dvar2": 103811.32291666667,
        "lowlevel.loudness_ebu128.short_term.max": -11.495118141174316,
        "lowlevel.spectral_centroid.var": 303906.0416666667,
        "rhythm.bpm_histogram_first_peak_weight": 0.4158821702003479,
        "lowlevel.loudness_ebu128.momentary.median": -14.552916844685873,
        "rhythm.bpm": 141.8112996419271,
        "rhythm.beats_loudness.dvar2": 0.0005304567360629638,
        "lowlevel.loudness_ebu128.short_term.dmean": 0.08133517950773239,
        "lowlevel.spectral_centroid.stdev": 551.1978759765625,
        "lowlevel.spectral_centroid.dmean": 187.68511962890625,
        "lowlevel.spectral_centroid.dmean2": 286.04638671875,
        "rhythm.danceability": 1.1850402355194092,
        "lowlevel.spectral_centroid.min": 200.54923502604166,
        "rhythm.bpm_histogram_second_peak_spread": 0.3452380895614624
    },
    "outlier_flag": false,
    "outlier_reasons": null,
    "raw_versions": [
        {
            "id": "S0G4hKpHBno",
            "title": "Grateful Dead - U.S. Blues - 10/29/1980 - Radio City Music Hall (Official)",
            "views": 20665,
            "features": {
                "lowlevel.average_loudness": 0.9477672576904297,
                "lowlevel.loudness_ebu128.integrated": -12.942230224609375,
                "lowlevel.loudness_ebu128.loudness_range": 2.8271827697753906,
                "lowlevel.loudness_ebu128.momentary.dmean": 0.581985354423523,
                "lowlevel.loudness_ebu128.momentary.dmean2": 0.6559818387031555,
                "lowlevel.loudness_ebu128.momentary.dvar": 0.6560404896736145,
                "lowlevel.loudness_ebu128.momentary.dvar2": 0.9942997097969055,
                "lowlevel.loudness_ebu128.momentary.max": -9.722156524658203,
                "lowlevel.loudness_ebu128.momentary.mean": -14.226663589477539,
                "lowlevel.loudness_ebu128.momentary.median": -13.044471740722656,
                "lowlevel.loudness_ebu128.momentary.min": -90.21611785888672,
                "lowlevel.loudness_ebu128.momentary.stdev": 6.619693756103516,
                "lowlevel.loudness_ebu128.momentary.var": 43.820343017578125,
                "lowlevel.loudness_ebu128.short_term.dmean": 0.08385300636291504,
                "lowlevel.loudness_ebu128.short_term.dmean2": 0.07970594614744186,
                "lowlevel.loudness_ebu128.short_term.dvar": 0.03227867931127548,
                "lowlevel.loudness_ebu128.short_term.dvar2": 0.014661557041108608,
                "lowlevel.loudness_ebu128.short_term.max": -11.133501052856445,
                "lowlevel.loudness_ebu128.short_term.mean": -13.49052906036377,
                "lowlevel.loudness_ebu128.short_term.median": -12.91877269744873,
                "lowlevel.loudness_ebu128.short_term.min": -54.14659118652344,
                "lowlevel.loudness_ebu128.short_term.stdev": 2.6679601669311523,
                "lowlevel.loudness_ebu128.short_term.var": 7.118011474609375,
                "lowlevel.spectral_centroid.dmean": 171.37271118164062,
                "lowlevel.spectral_centroid.dmean2": 263.9417724609375,
                "lowlevel.spectral_centroid.dvar": 46374.73046875,
                "lowlevel.spectral_centroid.dvar2": 99556.125,
                "lowlevel.spectral_centroid.max": 11189.1162109375,
                "lowlevel.spectral_centroid.mean": 1117.4700927734375,
                "lowlevel.spectral_centroid.median": 977.44384765625,
                "lowlevel.spectral_centroid.min": 150.50486755371094,
                "lowlevel.spectral_centroid.stdev": 563.6697387695312,
                "lowlevel.spectral_centroid.var": 317723.59375,
                "metadata.audio_properties.analysis.equal_loudness": 0.0,
                "rhythm.beats_loudness.dmean": 0.015855450183153152,
                "rhythm.beats_loudness.dmean2": 0.027594825252890587,
                "rhythm.beats_loudness.dvar": 0.00016100665379781276,
                "rhythm.beats_loudness.dvar2": 0.00047078332863748074,
                "rhythm.beats_loudness.max": 0.09660512953996658,
                "rhythm.beats_loudness.mean": 0.03573191165924072,
                "rhythm.beats_loudness.median": 0.034488264471292496,
                "rhythm.beats_loudness.min": 7.137535007473161e-10,
                "rhythm.beats_loudness.stdev": 0.01645718142390251,
                "rhythm.beats_loudness.var": 0.00027083882014267147,
                "rhythm.bpm": 139.65115356445312,
                "rhythm.bpm_histogram_first_peak_bpm": 140.0,
                "rhythm.bpm_histogram_first_peak_weight": 0.47058820724487305,
                "rhythm.bpm_histogram_second_peak_bpm": 129.0,
                "rhythm.bpm_histogram_second_peak_spread": 0.5714285373687744,
                "rhythm.bpm_histogram_second_peak_weight": 0.01879699155688286,
                "rhythm.danceability": 1.2362440824508667
            }
        },
        {
            "id": "3OhkGOTUszU",
            "title": "Grateful Dead - U.S. Blues (Live at Rich Stadium, Orchard Park, NY, 7/4/1989) [Official Video]",
            "views": 178401,
            "features": {
                "lowlevel.average_loudness": 0.7924966216087341,
                "lowlevel.loudness_ebu128.integrated": -15.055116653442383,
                "lowlevel.loudness_ebu128.loudness_range": 4.288990020751953,