{
    "song_title": "Uncle Sam Blues",
    "artist": "Grateful Dead",
    "num_versions_processed": 3,
    "average_features": {
        "lowlevel.loudness_ebu128.short_term.dvar2": 0.010962287119279305,
        "lowlevel.loudness_ebu128.momentary.var": 16.16513156890869,
        "lowlevel.loudness_ebu128.momentary.min": -56.64307149251302,
        "lowlevel.spectral_centroid.dvar": 51117.360026041664,
        "rhythm.beats_loudness.min": 8.86382086986807e-05,
        "lowlevel.spectral_centroid.mean": 1100.7891642252605,
        "rhythm.beats_loudness.dvar": 0.0010113413397145148,
        "rhythm.bpm_histogram_first_peak_bpm": 95.66666666666667,
        "rhythm.beats_loudness.median": 0.03397672871748606,
        "lowlevel.loudness_ebu128.integrated": -17.29475434621175,
        "lowlevel.loudness_ebu128.short_term.mean": -17.82277266184489,
        "rhythm.beats_loudness.dmean2": 0.031095136577884357,
        "lowlevel.loudness_ebu128.momentary.dvar2": 0.7294437984625498,
        "rhythm.bpm_histogram_second_peak_weight": 0.052326024820407234,
        "lowlevel.loudness_ebu128.loudness_range": 5.152621587117513,
        "rhythm.bpm_histogram_second_peak_bpm": 125.0,
        "lowlevel.loudness_ebu128.short_term.min": -32.41299947102865,
        "lowlevel.loudness_ebu128.short_term.stdev": 2.3155840237935386,
        "lowlevel.loudness_ebu128.short_term.dmean2": 0.08551127215226491,
        "lowlevel.loudness_ebu128.short_term.var": 5.399746100107829,
        "rhythm.beats_loudness.mean": 0.036984396477540336,
        "lowlevel.spectral_centroid.max": 9140.139322916666,
        "lowlevel.loudness_ebu128.momentary.dvar": 0.5176223367452621,
        "rhythm.beats_loudness.stdev": 0.02724679745733738,
        "lowlevel.loudness_ebu128.momentary.max": -10.884974161783854,
        "lowlevel.spectral_centroid.median": 968.6197306315104,
        "lowlevel.loudness_ebu128.momentary.dmean": 0.5791064004103342,
        "lowlevel.loudness_ebu128.short_term.dvar": 0.014435346703976393,
        "rhythm.beats_loudness.var": 0.0008340925948383907,
        "lowlevel.loudness_ebu128.momentary.stdev": 3.9570517539978027,
        "lowlevel.loudness_ebu128.momentary.mean": -18.326233228047688,
        "rhythm.beats_loudness.dmean": 0.01781530709316333,
        "lowlevel.average_loudness": 0.6638479630152384,
        "lowlevel.loudness_ebu128.short_term.median": -17.387364705403645,
        "rhythm.beats_loudness.max": 0.3433006207148234,
        "metadata.audio_properties.analysis.equal_loudness": 0.0,
        "lowlevel.loudness_ebu128.momentary.dmean2": 0.6545209487279257,
        "lowlevel.spectral_centroid.dvar2": 108687.53255208333,
        "lowlevel.loudness_ebu128.short_term.max": -13.504223823547363,
        "lowlevel.spectral_centroid.var": 418249.2447916667,
        "rhythm.bpm_histogram_first_peak_weight": 0.4881465236345927,
        "lowlevel.loudness_ebu128.momentary.median": -17.6481294631958,
        "rhythm.bpm": 95.27755482991536,
        "rhythm.beats_loudness.dvar2": 0.002961561879298339,
        "lowlevel.loudness_ebu128.short_term.dmean": 0.0986110692222913,
        "lowlevel.spectral_centroid.stdev": 630.2682596842448,
        "lowlevel.spectral_centroid.dmean": 191.7055409749349,
        "lowlevel.spectral_centroid.dmean2": 293.30621846516925,
        "rhythm.danceability": 1.0775673389434814,
        "lowlevel.spectral_centroid.min": 152.45274861653647,
        "rhythm.bpm_histogram_second_peak_spread": 0.24045409758885702
    },
    "outlier_flag": false,
    "outlier_reasons": null,
    "raw_versions": [
        {
            "id": "SbWSlKALV0M",
            "title": "Jefferson Airplane - Uncle Sam Blues at Woodstock HD",
            "views": 199870,
            "features": {
                "lowlevel.average_loudness": 0.7502578496932983,
                "lowlevel.loudness_ebu128.integrated": -17.639616012573242,
                "lowlevel.loudness_ebu128.loudness_range": 3.330075263977051,
                "lowlevel.loudness_ebu128.momentary.dmean": 0.4630207419395447,
                "lowlevel.loudness_ebu128.momentary.dmean2": 0.546535849571228,
                "lowlevel.loudness_ebu128.momentary.dvar": 0.20127888023853302,
                "lowlevel.loudness_ebu128.momentary.dvar2": 0.28352245688438416,
                "lowlevel.loudness_ebu128.momentary.max": -11.702201843261719,
                "lowlevel.loudness_ebu128.momentary.mean": -18.351337432861328,
                "lowlevel.loudness_ebu128.momentary.median": -17.890769958496094,
                "lowlevel.loudness_ebu128.momentary.min": -41.68932342529297,
                "lowlevel.loudness_ebu128.momentary.stdev": 3.1157121658325195,
                "lowlevel.loudness_ebu128.momentary.var": 9.707662582397461,
                "lowlevel.loudness_ebu128.short_term.dmean": 0.07855936884880066,
                "lowlevel.loudness_ebu128.short_term.dmean2": 0.07133843004703522,
                "lowlevel.loudness_ebu128.short_term.dvar": 0.009770202450454235,
                "lowlevel.loudness_ebu128.short_term.dvar2": 0.004877209663391113,
                "lowlevel.loudness_ebu128.short_term.max": -13.500214576721191,
                "lowlevel.loudness_ebu128.short_term.mean": -18.04277229309082,
                "lowlevel.loudness_ebu128.short_term.median": -17.850849151611328,
                "lowlevel.loudness_ebu128.short_term.min": -39.012908935546875,
                "lowlevel.loudness_ebu128.short_term.stdev": 2.306715250015259,
                "lowlevel.loudness_ebu128.short_term.var": 5.3209357261657715,
                "lowlevel.spectral_centroid.dmean": 180.09446716308594,
                "lowlevel.spectral_centroid.dmean2": 271.4700927734375,
                "lowlevel.spectral_centroid.dvar": 47410.55859375,
                "lowlevel.spectral_centroid.dvar2": 94512.71875,
                "lowlevel.spectral_centroid.max": 11068.3671875,
                "lowlevel.spectral_centroid.mean": 1024.85205078125,
                "lowlevel.spectral_centroid.median": 871.1466064453125,
                "lowlevel.spectral_centroid.min": 120.20542907714844,
                "lowlevel.spectral_centroid.stdev": 623.262451171875,
                "lowlevel.spectral_centroid.var": 388456.0625,
                "metadata.audio_properties.analysis.equal_loudness": 0.0,
                "rhythm.beats_loudness.dmean": 0.015450610779225826,
                "rhythm.beats_loudness.dmean2": 0.027028648182749748,
                "rhythm.beats_loudness.dvar": 0.00023431242152582854,
                "rhythm.beats_loudness.dvar2": 0.0006366337765939534,
                "rhythm.beats_loudness.max": 0.14957082271575928,
                "rhythm.beats_loudness.mean": 0.034866802394390106,
                "rhythm.beats_loudness.median": 0.032996561378240585,
                "rhythm.beats_loudness.min": 6.405581370927393e-05,
                "rhythm.beats_loudness.stdev": 0.018562959507107735,
                "rhythm.beats_loudness.var": 0.0003445834736339748,
                "rhythm.bpm": 97.86283874511719,
                "rhythm.bpm_histogram_first_peak_bpm": 98.0,
                "rhythm.bpm_histogram_first_peak_weight": 0.3082352876663208,
                "rhythm.bpm_histogram_second_peak_bpm": 105.0,
                "rhythm.bpm_histogram_second_peak_spread": 0.35294121503829956,
                "rhythm.bpm_histogram_second_peak_weight": 0.024719100445508957,
                "rhythm.danceability": 1.057518720626831
            }
        },
        {
            "id": "ltDMr7IVg9A",
            "title": "Hot Tuna - Uncle Sam Blues (1971)",
            "views": 318058,
            "features": {
                "lowlevel.average_loudness": 0.8631293773651123,
                "lowlevel.loudness_ebu128.integrated": -14.766341209411621,
                "lowlevel.loudness_ebu128.loudness_range": 5.064257621765137,
                "lowlevel.loudness_ebu128.momentary.dmean": 0.46182480454444885,