{
    "song_title": "Uncle John's Band",
    "artist": "Grateful Dead",
    "num_versions_processed": 3,
    "average_features": {
        "lowlevel.loudness_ebu128.momentary.dmean2": 0.8091213703155518,
        "lowlevel.loudness_ebu128.short_term.median": -17.237818400065105,
        "lowlevel.spectral_centroid.median": 1053.4939982096355,
        "rhythm.beats_loudness.var": 0.0004458441010986765,
        "rhythm.beats_loudness.dvar": 0.00029484065695821,
        "lowlevel.loudness_ebu128.short_term.stdev": 2.7150999307632446,
        "lowlevel.loudness_ebu128.integrated": -16.87307008107503,
        "rhythm.beats_loudness.max": 0.14347917834917703,
        "lowlevel.spectral_centroid.max": 11337.346354166666,
        "lowlevel.spectral_centroid.min": 218.13279724121094,
        "lowlevel.loudness_ebu128.momentary.stdev": 4.788573821385701,
        "rhythm.bpm": 134.78446451822916,
        "lowlevel.loudness_ebu128.loudness_range": 6.546693483988444,
        "rhythm.beats_loudness.mean": 0.030806617190440495,
        "rhythm.bpm_histogram_second_peak_weight": 0.11097260688742001,
        "metadata.audio_properties.analysis.equal_loudness": 0.0,
        "lowlevel.loudness_ebu128.short_term.var": 8.376432577768961,
        "rhythm.beats_loudness.dvar2": 0.0008413124402674536,
        "rhythm.bpm_histogram_second_peak_bpm": 134.33333333333334,
        "lowlevel.loudness_ebu128.momentary.mean": -18.171154022216797,
        "lowlevel.loudness_ebu128.short_term.max": -12.268448829650879,
        "rhythm.beats_loudness.stdev": 0.021075644840796787,
        "lowlevel.loudness_ebu128.momentary.dmean": 0.737707515557607,
        "lowlevel.spectral_centroid.mean": 1144.8976440429688,
        "lowlevel.spectral_centroid.stdev": 530.9015299479166,
        "rhythm.beats_loudness.median": 0.026046323279539745,
        "lowlevel.loudness_ebu128.short_term.dmean": 0.10348725567261378,
        "lowlevel.loudness_ebu128.short_term.dvar2": 0.011808769001315037,
        "rhythm.beats_loudness.dmean2": 0.030901074409484863,
        "lowlevel.loudness_ebu128.short_term.mean": -17.591046651204426,
        "lowlevel.loudness_ebu128.momentary.var": 26.057525316874187,
        "rhythm.beats_loudness.dmean": 0.0175449401140213,
        "lowlevel.loudness_ebu128.momentary.min": -69.60262997945149,
        "lowlevel.loudness_ebu128.momentary.dvar": 0.5856643617153168,
        "lowlevel.spectral_centroid.dmean": 190.80850728352866,
        "lowlevel.spectral_centroid.var": 298239.1328125,
        "rhythm.beats_loudness.min": 0.0005235736989277854,
        "lowlevel.average_loudness": 0.5470559050639471,
        "lowlevel.loudness_ebu128.short_term.dmean2": 0.10195951412121455,
        "lowlevel.loudness_ebu128.short_term.min": -40.56969769795736,
        "rhythm.bpm_histogram_first_peak_bpm": 135.33333333333334,
        "lowlevel.loudness_ebu128.momentary.max": -9.61539077758789,
        "lowlevel.spectral_centroid.dmean2": 285.8221740722656,
        "rhythm.bpm_histogram_second_peak_spread": 0.3204103906949361,
        "lowlevel.loudness_ebu128.short_term.dvar": 0.014851210794101158,
        "lowlevel.loudness_ebu128.momentary.median": -17.481098810831707,
        "rhythm.danceability": 1.1816879113515217,
        "lowlevel.spectral_centroid.dvar": 55159.229166666664,
        "rhythm.bpm_histogram_first_peak_weight": 0.49889546632766724,
        "lowlevel.loudness_ebu128.momentary.dvar2": 0.7546063462893168,
        "lowlevel.spectral_centroid.dvar2": 110604.84375
    },
    "outlier_flag": false,
    "outlier_reasons": null,
    "raw_versions": [
        {
            "id": "Qj8Q3o2J4A4",
            "title": "Grateful Dead - Uncle John's Band (Alpine Valley 7/17/89)",
            "views": 2155392,
            "features": {
                "lowlevel.average_loudness": 0.7658946514129639,
                "lowlevel.loudness_ebu128.integrated": -16.45566177368164,
                "lowlevel.loudness_ebu128.loudness_range": 5.7267045974731445,
                "lowlevel.loudness_ebu128.momentary.dmean": 0.6731823682785034,
                "lowlevel.loudness_ebu128.momentary.dmean2": 0.7662382125854492,
                "lowlevel.loudness_ebu128.momentary.dvar": 0.597537100315094,
                "lowlevel.loudness_ebu128.momentary.dvar2": 0.7836527228355408,
                "lowlevel.loudness_ebu128.momentary.max": -10.669947624206543,
                "lowlevel.loudness_ebu128.momentary.mean": -17.535890579223633,
                "lowlevel.loudness_ebu128.momentary.median": -16.947525024414062,
                "lowlevel.loudness_ebu128.momentary.min": -91.13026428222656,
                "lowlevel.loudness_ebu128.momentary.stdev": 5.179289817810059,
                "lowlevel.loudness_ebu128.momentary.var": 26.825040817260742,
                "lowlevel.loudness_ebu128.short_term.dmean": 0.09068627655506134,
                "lowlevel.loudness_ebu128.short_term.dmean2": 0.09446033835411072,
                "lowlevel.loudness_ebu128.short_term.dvar": 0.00805188063532114,
                "lowlevel.loudness_ebu128.short_term.dvar2": 0.007409304846078157,
                "lowlevel.loudness_ebu128.short_term.max": -12.720603942871094,
                "lowlevel.loudness_ebu128.short_term.mean": -16.98552131652832,
                "lowlevel.loudness_ebu128.short_term.median": -16.948043823242188,
                "lowlevel.loudness_ebu128.short_term.min": -34.75624084472656,
                "lowlevel.loudness_ebu128.short_term.stdev": 2.2416675090789795,
                "lowlevel.loudness_ebu128.short_term.var": 5.025073051452637,
                "lowlevel.spectral_centroid.dmean": 253.5870361328125,
                "lowlevel.spectral_centroid.dmean2": 375.8595275878906,
                "lowlevel.spectral_centroid.dvar": 79328.15625,
                "lowlevel.spectral_centroid.dvar2": 159404.75,
                "lowlevel.spectral_centroid.max": 11341.927734375,
                "lowlevel.spectral_centroid.mean": 1457.4439697265625,
                "lowlevel.spectral_centroid.median": 1365.78271484375,
                "lowlevel.spectral_centroid.min": 180.56112670898438,
                "lowlevel.spectral_centroid.stdev": 654.4351806640625,
                "lowlevel.spectral_centroid.var": 428285.375,
                "metadata.audio_properties.analysis.equal_loudness": 0.0,
                "rhythm.beats_loudness.dmean": 0.01670493185520172,
                "rhythm.beats_loudness.dmean2": 0.028964512050151825,
                "rhythm.beats_loudness.dvar": 0.00024147437943611294,
                "rhythm.beats_loudness.dvar2": 0.0007079258793964982,
                "rhythm.beats_loudness.max": 0.14069311320781708,
                "rhythm.beats_loudness.mean": 0.03359270095825195,
                "rhythm.beats_loudness.median": 0.029714088886976242,
                "rhythm.beats_loudness.min": 1.4205291387625607e-09,
                "rhythm.beats_loudness.stdev": 0.02040812000632286,
                "rhythm.beats_loudness.var": 0.00041649138438515365,
                "rhythm.bpm": 132.38067626953125,
                "rhythm.bpm_histogram_first_peak_bpm": 133.0,
                "rhythm.bpm_histogram_first_peak_weight": 0.4754098653793335,
                "rhythm.bpm_histogram_second_peak_bpm": 126.0,
                "rhythm.bpm_histogram_second_peak_spread": 0.20967739820480347,
                "rhythm.bpm_histogram_second_peak_weight": 0.042944785207509995,
                "rhythm.danceability": 1.2218267917633057
            }
        },
        {
            "id": "PqB-2HcFCvs",
            "title": "Grateful Dead - Uncle John's Band (Winterland 10/19/74)",
            "views": 258283,
            "features": {
                "lowlevel.average_loudness": 0.21067018806934357,
                "lowlevel.loudness_ebu128.integrated": -18.46872329711914,
                "lowlevel.loudness_ebu128.loudness_range": 8.956385612487793,