{
    "song_title": "Wake Me Shake Me",
    "artist": "Grateful Dead",
    "num_versions_processed": 3,
    "average_features": {
        "lowlevel.loudness_ebu128.momentary.dmean2": 0.8664590318997701,
        "lowlevel.loudness_ebu128.short_term.median": -18.126489003499348,
        "lowlevel.spectral_centroid.median": 805.3986612955729,
        "rhythm.beats_loudness.var": 0.0005040789837948978,
        "rhythm.beats_loudness.dvar": 0.00029248504627806443,
        "lowlevel.loudness_ebu128.short_term.stdev": 2.569190820058187,
        "lowlevel.loudness_ebu128.integrated": -17.527523040771484,
        "rhythm.beats_loudness.max": 0.14894537130991617,
        "lowlevel.spectral_centroid.max": 11171.535481770834,
        "lowlevel.spectral_centroid.min": 194.09517923990884,
        "lowlevel.loudness_ebu128.momentary.stdev": 4.355815887451172,
        "rhythm.bpm": 113.11938730875652,
        "lowlevel.loudness_ebu128.loudness_range": 6.534361203511556,
        "rhythm.beats_loudness.mean": 0.03532451639572779,
        "rhythm.bpm_histogram_second_peak_weight": 0.1060647430519263,
        "metadata.audio_properties.analysis.equal_loudness": 0.0,
        "lowlevel.loudness_ebu128.short_term.var": 7.296403169631958,
        "rhythm.beats_loudness.dvar2": 0.0008705090537356833,
        "rhythm.bpm_histogram_second_peak_bpm": 114.0,
        "lowlevel.loudness_ebu128.momentary.mean": -18.883731206258137,
        "lowlevel.loudness_ebu128.short_term.max": -13.395277659098307,
        "rhythm.beats_loudness.stdev": 0.022449472919106483,
        "lowlevel.loudness_ebu128.momentary.dmean": 0.7527802387873331,
        "lowlevel.spectral_centroid.mean": 894.9738566080729,
        "lowlevel.spectral_centroid.stdev": 444.40247599283856,
        "rhythm.beats_loudness.median": 0.03130972137053808,
        "lowlevel.loudness_ebu128.short_term.dmean": 0.10651708642641704,
        "lowlevel.loudness_ebu128.short_term.dvar2": 0.01290527048210303,
        "rhythm.beats_loudness.dmean2": 0.03345640997091929,
        "lowlevel.loudness_ebu128.short_term.mean": -18.31208610534668,
        "lowlevel.loudness_ebu128.momentary.var": 21.31049044926961,
        "rhythm.beats_loudness.dmean": 0.018973052501678467,
        "lowlevel.loudness_ebu128.momentary.min": -76.41162872314453,
        "lowlevel.loudness_ebu128.momentary.dvar": 0.6899848679701487,
        "lowlevel.spectral_centroid.dmean": 146.37454732259116,
        "lowlevel.spectral_centroid.var": 202916.76822916666,
        "rhythm.beats_loudness.min": 0.00033943255223611857,
        "lowlevel.average_loudness": 0.6427778204282125,
        "lowlevel.loudness_ebu128.short_term.dmean2": 0.10033894081910451,
        "lowlevel.loudness_ebu128.short_term.min": -33.68178749084473,
        "rhythm.bpm_histogram_first_peak_bpm": 112.66666666666667,
        "lowlevel.loudness_ebu128.momentary.max": -10.641484260559082,
        "lowlevel.spectral_centroid.dmean2": 221.17701212565103,
        "rhythm.bpm_histogram_second_peak_spread": 0.1968162457148234,
        "lowlevel.loudness_ebu128.short_term.dvar": 0.014338282868266106,
        "lowlevel.loudness_ebu128.momentary.median": -18.32707405090332,
        "rhythm.danceability": 1.166107455889384,
        "lowlevel.spectral_centroid.dvar": 37946.379557291664,
        "rhythm.bpm_histogram_first_peak_weight": 0.5870185097058614,
        "lowlevel.loudness_ebu128.momentary.dvar2": 0.9540640910466512,
        "lowlevel.spectral_centroid.dvar2": 77498.1171875
    },
    "outlier_flag": true,
    "outlier_reasons": [
        "Danceability Variance: 0.30 (limit 0.2)"
    ],
    "raw_versions": [
        {
            "id": "wBqmhuyAMvk",
            "title": "Grateful Dead - Morning Dew (Live at Rich Stadium; Orchard Park, NY 07/04/89) [Official Video]",
            "views": 102795,
            "features": {
                "lowlevel.average_loudness": 0.3563237190246582,
                "lowlevel.loudness_ebu128.integrated": -16.98411750793457,
                "lowlevel.loudness_ebu128.loudness_range": 9.895687103271484,
                "lowlevel.loudness_ebu128.momentary.dmean": 0.6735725402832031,
                "lowlevel.loudness_ebu128.momentary.dmean2": 0.7339383959770203,
                "lowlevel.loudness_ebu128.momentary.dvar": 0.7664986848831177,
                "lowlevel.loudness_ebu128.momentary.dvar2": 0.994247555732727,
                "lowlevel.loudness_ebu128.momentary.max": -9.971619606018066,
                "lowlevel.loudness_ebu128.momentary.mean": -19.009843826293945,
                "lowlevel.loudness_ebu128.momentary.median": -18.43361473083496,
                "lowlevel.loudness_ebu128.momentary.min": -90.46949005126953,
                "lowlevel.loudness_ebu128.momentary.stdev": 5.474033355712891,
                "lowlevel.loudness_ebu128.momentary.var": 29.96504020690918,
                "lowlevel.loudness_ebu128.short_term.dmean": 0.09692320972681046,
                "lowlevel.loudness_ebu128.short_term.dmean2": 0.08018362522125244,
                "lowlevel.loudness_ebu128.short_term.dvar": 0.009828849695622921,
                "lowlevel.loudness_ebu128.short_term.dvar2": 0.007261564023792744,
                "lowlevel.loudness_ebu128.short_term.max": -11.451133728027344,
                "lowlevel.loudness_ebu128.short_term.mean": -18.430906295776367,
                "lowlevel.loudness_ebu128.short_term.median": -18.49212074279785,
                "lowlevel.loudness_ebu128.short_term.min": -31.074705123901367,
                "lowlevel.loudness_ebu128.short_term.stdev": 3.5570337772369385,
                "lowlevel.loudness_ebu128.short_term.var": 12.652488708496094,
                "lowlevel.spectral_centroid.dmean": 142.0362548828125,
                "lowlevel.spectral_centroid.dmean2": 213.32810974121094,
                "lowlevel.spectral_centroid.dvar": 40422.62109375,
                "lowlevel.spectral_centroid.dvar2": 83508.71875,
                "lowlevel.spectral_centroid.max": 11193.0703125,
                "lowlevel.spectral_centroid.mean": 847.2979125976562,
                "lowlevel.spectral_centroid.median": 735.5499267578125,
                "lowlevel.spectral_centroid.min": 144.5308074951172,
                "lowlevel.spectral_centroid.stdev": 510.237060546875,
                "lowlevel.spectral_centroid.var": 260341.84375,
                "metadata.audio_properties.analysis.equal_loudness": 0.0,
                "rhythm.beats_loudness.dmean": 0.014581294730305672,
                "rhythm.beats_loudness.dmean2": 0.02515266090631485,
                "rhythm.beats_loudness.dvar": 0.000182307354407385,
                "rhythm.beats_loudness.dvar2": 0.000505227071698755,
                "rhythm.beats_loudness.max": 0.14453460276126862,
                "rhythm.beats_loudness.mean": 0.03087475709617138,
                "rhythm.beats_loudness.median": 0.026571229100227356,
                "rhythm.beats_loudness.min": 1.4136327664004966e-09,
                "rhythm.beats_loudness.stdev": 0.022884177044034004,
                "rhythm.beats_loudness.var": 0.0005236855358816683,
                "rhythm.bpm": 122.72567749023438,
                "rhythm.bpm_histogram_first_peak_bpm": 123.0,
                "rhythm.bpm_histogram_first_peak_weight": 0.5743589401245117,
                "rhythm.bpm_histogram_second_peak_bpm": 117.0,
                "rhythm.bpm_histogram_second_peak_spread": 0.27619051933288574,
                "rhythm.bpm_histogram_second_peak_weight": 0.11250925064086914,
                "rhythm.danceability": 1.0422701835632324
            }
        },
        {
            "id": "LnsrbC7E9w0",
            "title": "Grateful Dead - Row Jimmy (Live at RFK Stadium, Washington, DC, 6/14/91)",
            "views": 42789,
            "features": {
                "lowlevel.average_loudness": 0.732003927230835,
                "lowlevel.loudness_ebu128.integrated": -19.7907772064209,