{
    "song_title": "Watching The River Flow",
    "artist": "Grateful Dead",
    "num_versions_processed": 2,
    "average_features": {
        "rhythm.beats_loudness.dvar": 0.0007367335201706737,
        "lowlevel.loudness_ebu128.momentary.median": -15.352381229400635,
        "lowlevel.loudness_ebu128.short_term.min": -42.87887477874756,
        "lowlevel.loudness_ebu128.short_term.dvar": 0.021564771654084325,
        "rhythm.beats_loudness.dvar2": 0.0020918871741741896,
        "rhythm.beats_loudness.min": 0.00011642267484929247,
        "lowlevel.loudness_ebu128.momentary.min": -63.22035217285156,
        "rhythm.bpm_histogram_second_peak_weight": 0.03307056799530983,
        "lowlevel.spectral_centroid.min": 210.89897918701172,
        "lowlevel.spectral_centroid.var": 225378.7578125,
        "lowlevel.loudness_ebu128.short_term.dvar2": 0.01515904045663774,
        "lowlevel.loudness_ebu128.short_term.stdev": 2.796147584915161,
        "rhythm.beats_loudness.max": 0.20259138196706772,
        "lowlevel.loudness_ebu128.momentary.dvar2": 0.9100759327411652,
        "lowlevel.spectral_centroid.dvar2": 87067.5390625,
        "lowlevel.loudness_ebu128.momentary.max": -10.442554473876953,
        "lowlevel.average_loudness": 0.6458525061607361,
        "lowlevel.loudness_ebu128.momentary.var": 28.596786737442017,
        "lowlevel.loudness_ebu128.loudness_range": 3.244243621826172,
        "rhythm.beats_loudness.dmean": 0.03031184896826744,
        "lowlevel.loudness_ebu128.momentary.dvar": 0.47690989822149277,
        "metadata.audio_properties.analysis.equal_loudness": 0.0,
        "lowlevel.spectral_centroid.dmean": 177.30725860595703,
        "rhythm.bpm": 124.32197952270508,
        "lowlevel.spectral_centroid.dvar": 41074.005859375,
        "lowlevel.loudness_ebu128.momentary.dmean2": 0.9782218039035797,
        "rhythm.bpm_histogram_first_peak_weight": 0.4063316881656647,
        "rhythm.bpm_histogram_second_peak_spread": 0.17571428418159485,
        "lowlevel.loudness_ebu128.momentary.mean": -16.11024570465088,
        "lowlevel.loudness_ebu128.momentary.dmean": 0.6967202723026276,
        "rhythm.beats_loudness.mean": 0.0619653295725584,
        "rhythm.bpm_histogram_second_peak_bpm": 124.5,
        "lowlevel.loudness_ebu128.integrated": -15.148798942565918,
        "rhythm.beats_loudness.var": 0.0010913823498412967,
        "lowlevel.loudness_ebu128.momentary.stdev": 4.909178256988525,
        "lowlevel.loudness_ebu128.short_term.var": 8.198374032974243,
        "lowlevel.spectral_centroid.max": 8222.034912109375,
        "rhythm.beats_loudness.dmean2": 0.05470773205161095,
        "rhythm.danceability": 1.3379795551300049,
        "lowlevel.loudness_ebu128.short_term.max": -12.402344703674316,
        "lowlevel.spectral_centroid.mean": 922.6964721679688,
        "rhythm.beats_loudness.stdev": 0.03216193988919258,
        "lowlevel.loudness_ebu128.short_term.dmean2": 0.12003140151500702,
        "lowlevel.loudness_ebu128.short_term.dmean": 0.10321927070617676,
        "lowlevel.loudness_ebu128.short_term.mean": -15.577569484710693,
        "rhythm.bpm_histogram_first_peak_bpm": 124.5,
        "lowlevel.loudness_ebu128.short_term.median": -15.136157512664795,
        "lowlevel.spectral_centroid.median": 828.7872009277344,
        "lowlevel.spectral_centroid.stdev": 465.4229278564453,
        "lowlevel.spectral_centroid.dmean2": 268.7264709472656,
        "rhythm.beats_loudness.median": 0.05947026051580906
    },
    "outlier_flag": false,
    "outlier_reasons": null,
    "raw_versions": [
        {
            "id": "Bd_-26cVuKY",
            "title": "Bob Dylan & the Grateful Dead - Watching the River Flow 7/26/1987",
            "views": 2353,
            "features": {
                "lowlevel.average_loudness": 0.4118584394454956,
                "lowlevel.loudness_ebu128.integrated": -15.498462677001953,
                "lowlevel.loudness_ebu128.loudness_range": 3.8773651123046875,
                "lowlevel.loudness_ebu128.momentary.dmean": 0.5578188896179199,
                "lowlevel.loudness_ebu128.momentary.dmean2": 0.7718580365180969,
                "lowlevel.loudness_ebu128.momentary.dvar": 0.24228189885616302,
                "lowlevel.loudness_ebu128.momentary.dvar2": 0.4216647744178772,
                "lowlevel.loudness_ebu128.momentary.max": -9.83172607421875,
                "lowlevel.loudness_ebu128.momentary.mean": -16.148426055908203,
                "lowlevel.loudness_ebu128.momentary.median": -15.688297271728516,
                "lowlevel.loudness_ebu128.momentary.min": -35.786949157714844,
                "lowlevel.loudness_ebu128.momentary.stdev": 2.7886228561401367,
                "lowlevel.loudness_ebu128.momentary.var": 7.776417255401611,
                "lowlevel.loudness_ebu128.short_term.dmean": 0.07843978703022003,
                "lowlevel.loudness_ebu128.short_term.dmean2": 0.09216728806495667,
                "lowlevel.loudness_ebu128.short_term.dvar": 0.0044481814838945866,
                "lowlevel.loudness_ebu128.short_term.dvar2": 0.006206223275512457,
                "lowlevel.loudness_ebu128.short_term.max": -12.212625503540039,
                "lowlevel.loudness_ebu128.short_term.mean": -15.90195369720459,
                "lowlevel.loudness_ebu128.short_term.median": -15.50889778137207,
                "lowlevel.loudness_ebu128.short_term.min": -29.230375289916992,
                "lowlevel.loudness_ebu128.short_term.stdev": 2.1797609329223633,
                "lowlevel.loudness_ebu128.short_term.var": 4.751357555389404,
                "lowlevel.spectral_centroid.dmean": 170.52963256835938,
                "lowlevel.spectral_centroid.dmean2": 261.8912353515625,
                "lowlevel.spectral_centroid.dvar": 35430.0625,
                "lowlevel.spectral_centroid.dvar2": 74061.0546875,
                "lowlevel.spectral_centroid.max": 10963.0986328125,
                "lowlevel.spectral_centroid.mean": 876.5394897460938,
                "lowlevel.spectral_centroid.median": 807.6343994140625,
                "lowlevel.spectral_centroid.min": 263.2571716308594,
                "lowlevel.spectral_centroid.stdev": 371.8267517089844,
                "lowlevel.spectral_centroid.var": 138255.140625,
                "metadata.audio_properties.analysis.equal_loudness": 0.0,
                "rhythm.beats_loudness.dmean": 0.01977645605802536,
                "rhythm.beats_loudness.dmean2": 0.03449449688196182,
                "rhythm.beats_loudness.dvar": 0.00035222998121753335,
                "rhythm.beats_loudness.dvar2": 0.000981571152806282,
                "rhythm.beats_loudness.max": 0.1733708530664444,
                "rhythm.beats_loudness.mean": 0.0484137199819088,
                "rhythm.beats_loudness.median": 0.046138662844896317,
                "rhythm.beats_loudness.min": 0.00023284408962354064,
                "rhythm.beats_loudness.stdev": 0.024612639099359512,
                "rhythm.beats_loudness.var": 0.0006057820282876492,
                "rhythm.bpm": 123.46796417236328,
                "rhythm.bpm_histogram_first_peak_bpm": 123.0,
                "rhythm.bpm_histogram_first_peak_weight": 0.2800000309944153,
                "rhythm.bpm_histogram_second_peak_bpm": 129.0,
                "rhythm.bpm_histogram_second_peak_spread": 0.07142859697341919,
                "rhythm.bpm_histogram_second_peak_weight": 0.025691699236631393,
                "rhythm.danceability": 1.2509090900421143
            }
        },
        {
            "id": "I1idllo0zTw",
            "title": "Bob Dylan & Grateful Dead - Watching The River Flow",
            "views": 53287,
            "features": {
                "lowlevel.average_loudness": 0.8798465728759766,
                "lowlevel.loudness_ebu128.integrated": -14.799135208129883,
                "lowlevel.loudness_ebu128.loudness_range": 2.6111221313476562,
                "lowlevel.loudness_ebu128.momentary.dmean": 0.8356216549873352,