{
    "song_title": "Weather Report Suite Part 1",
    "artist": "Grateful Dead",
    "num_versions_processed": 2,
    "average_features": {
        "lowlevel.loudness_ebu128.short_term.dvar2": 0.019360230304300785,
        "lowlevel.loudness_ebu128.momentary.var": 23.235922813415527,
        "lowlevel.loudness_ebu128.momentary.min": -48.30373764038086,
        "lowlevel.spectral_centroid.dvar": 33379.08203125,
        "rhythm.beats_loudness.min": 1.0086201427839114e-05,
        "lowlevel.spectral_centroid.mean": 706.3641662597656,
        "rhythm.beats_loudness.dvar": 0.00043214323522988707,
        "rhythm.bpm_histogram_first_peak_bpm": 134.5,
        "rhythm.beats_loudness.median": 0.021175706759095192,
        "lowlevel.loudness_ebu128.integrated": -14.430303573608398,
        "lowlevel.loudness_ebu128.short_term.mean": -15.96401309967041,
        "rhythm.beats_loudness.dmean2": 0.030597560107707977,
        "lowlevel.loudness_ebu128.momentary.dvar2": 0.9186385869979858,
        "rhythm.bpm_histogram_second_peak_weight": 0.1509554609656334,
        "lowlevel.loudness_ebu128.loudness_range": 9.767004489898682,
        "rhythm.bpm_histogram_second_peak_bpm": 127.5,
        "lowlevel.loudness_ebu128.short_term.min": -36.67863464355469,
        "lowlevel.loudness_ebu128.short_term.stdev": 3.8785006999969482,
        "lowlevel.loudness_ebu128.short_term.dmean2": 0.10657263919711113,
        "lowlevel.loudness_ebu128.short_term.var": 15.069397449493408,
        "rhythm.beats_loudness.mean": 0.02788680512458086,
        "lowlevel.spectral_centroid.max": 4721.234375,
        "lowlevel.loudness_ebu128.momentary.dvar": 0.6529659926891327,
        "rhythm.beats_loudness.stdev": 0.0254822401329875,
        "lowlevel.loudness_ebu128.momentary.max": -7.5196213722229,
        "lowlevel.spectral_centroid.median": 585.0185852050781,
        "lowlevel.loudness_ebu128.momentary.dmean": 0.8008100092411041,
        "lowlevel.loudness_ebu128.short_term.dvar": 0.02298262808471918,
        "rhythm.beats_loudness.var": 0.0006514250417239964,
        "lowlevel.loudness_ebu128.momentary.stdev": 4.815536022186279,
        "lowlevel.loudness_ebu128.momentary.mean": -16.533390045166016,
        "rhythm.beats_loudness.dmean": 0.01740976795554161,
        "lowlevel.average_loudness": 0.3466813564300537,
        "lowlevel.loudness_ebu128.short_term.median": -15.226517677307129,
        "rhythm.beats_loudness.max": 0.2741607800126076,
        "metadata.audio_properties.analysis.equal_loudness": 0.0,
        "lowlevel.loudness_ebu128.momentary.dmean2": 0.8292223215103149,
        "lowlevel.spectral_centroid.dvar2": 66004.078125,
        "lowlevel.loudness_ebu128.short_term.max": -9.826178550720215,
        "lowlevel.spectral_centroid.var": 191661.015625,
        "rhythm.bpm_histogram_first_peak_weight": 0.4826677441596985,
        "lowlevel.loudness_ebu128.momentary.median": -15.56582260131836,
        "rhythm.bpm": 133.9242935180664,
        "rhythm.beats_loudness.dvar2": 0.0012469148496165872,
        "lowlevel.loudness_ebu128.short_term.dmean": 0.12280595302581787,
        "lowlevel.spectral_centroid.stdev": 436.5297393798828,
        "lowlevel.spectral_centroid.dmean": 116.63150024414062,
        "lowlevel.spectral_centroid.dmean2": 171.346435546875,
        "rhythm.danceability": 1.1049532294273376,
        "lowlevel.spectral_centroid.min": 128.88323211669922,
        "rhythm.bpm_histogram_second_peak_spread": 0.3647882044315338
    },
    "outlier_flag": false,
    "outlier_reasons": null,
    "raw_versions": [
        {
            "id": "onMnxh5cOFs",
            "title": "Weather Report Suite: 1. Prelude, 2. Pt. 1, 3. Pt. 2 (Let It Grow) (Live at Freedom Hall,...",
            "views": 21187,
            "features": {
                "lowlevel.average_loudness": 0.3722211718559265,
                "lowlevel.loudness_ebu128.integrated": -13.491355895996094,
                "lowlevel.loudness_ebu128.loudness_range": 9.519326210021973,
                "lowlevel.loudness_ebu128.momentary.dmean": 0.8054868578910828,
                "lowlevel.loudness_ebu128.momentary.dmean2": 0.8715483546257019,
                "lowlevel.loudness_ebu128.momentary.dvar": 0.6269862651824951,
                "lowlevel.loudness_ebu128.momentary.dvar2": 0.8779261112213135,
                "lowlevel.loudness_ebu128.momentary.max": -6.243922233581543,
                "lowlevel.loudness_ebu128.momentary.mean": -15.493711471557617,
                "lowlevel.loudness_ebu128.momentary.median": -14.538829803466797,
                "lowlevel.loudness_ebu128.momentary.min": -45.51322937011719,
                "lowlevel.loudness_ebu128.momentary.stdev": 4.59981632232666,
                "lowlevel.loudness_ebu128.momentary.var": 21.158309936523438,
                "lowlevel.loudness_ebu128.short_term.dmean": 0.1217723935842514,
                "lowlevel.loudness_ebu128.short_term.dmean2": 0.11369407922029495,
                "lowlevel.loudness_ebu128.short_term.dvar": 0.022077219560742378,
                "lowlevel.loudness_ebu128.short_term.dvar2": 0.02062835544347763,
                "lowlevel.loudness_ebu128.short_term.max": -8.62186050415039,
                "lowlevel.loudness_ebu128.short_term.mean": -14.939353942871094,
                "lowlevel.loudness_ebu128.short_term.median": -14.141984939575195,
                "lowlevel.loudness_ebu128.short_term.min": -32.48613739013672,
                "lowlevel.loudness_ebu128.short_term.stdev": 3.7153148651123047,
                "lowlevel.loudness_ebu128.short_term.var": 13.80356502532959,
                "lowlevel.spectral_centroid.dmean": 132.5145721435547,
                "lowlevel.spectral_centroid.dmean2": 196.7399139404297,
                "lowlevel.spectral_centroid.dvar": 43000.82421875,
                "lowlevel.spectral_centroid.dvar2": 86056.90625,
                "lowlevel.spectral_centroid.max": 4579.8837890625,
                "lowlevel.spectral_centroid.mean": 775.245849609375,
                "lowlevel.spectral_centroid.median": 634.311279296875,
                "lowlevel.spectral_centroid.min": 152.1258087158203,
                "lowlevel.spectral_centroid.stdev": 469.7380676269531,
                "lowlevel.spectral_centroid.var": 220653.859375,
                "metadata.audio_properties.analysis.equal_loudness": 0.0,
                "rhythm.beats_loudness.dmean": 0.016201579943299294,
                "rhythm.beats_loudness.dmean2": 0.028541695326566696,
                "rhythm.beats_loudness.dvar": 0.00043832373921759427,
                "rhythm.beats_loudness.dvar2": 0.0012824726291000843,
                "rhythm.beats_loudness.max": 0.34757503867149353,
                "rhythm.beats_loudness.mean": 0.02648935653269291,
                "rhythm.beats_loudness.median": 0.020527929067611694,
                "rhythm.beats_loudness.min": 1.4437469872063957e-05,
                "rhythm.beats_loudness.stdev": 0.024039844051003456,
                "rhythm.beats_loudness.var": 0.0005779140628874302,
                "rhythm.bpm": 131.99647521972656,
                "rhythm.bpm_histogram_first_peak_bpm": 133.0,
                "rhythm.bpm_histogram_first_peak_weight": 0.49597519636154175,
                "rhythm.bpm_histogram_second_peak_bpm": 126.0,
                "rhythm.bpm_histogram_second_peak_spread": 0.4127764105796814,
                "rhythm.bpm_histogram_second_peak_weight": 0.11204876005649567,
                "rhythm.danceability": 1.1379880905151367
            }
        },
        {
            "id": "7u1JFP-yKvs",
            "title": "Grateful Dead  - Weather Report Suite   - 11-01-1973",
            "views": 1438,
            "features": {
                "lowlevel.average_loudness": 0.3211415410041809,
                "lowlevel.loudness_ebu128.integrated": -15.369251251220703,
                "lowlevel.loudness_ebu128.loudness_range": 10.01468276977539,