{
    "song_title": "Werewolves Of London",
    "artist": "Grateful Dead",
    "num_versions_processed": 2,
    "average_features": {
        "lowlevel.loudness_ebu128.short_term.dvar2": 0.02887817658483982,
        "lowlevel.loudness_ebu128.momentary.var": 19.505170822143555,
        "lowlevel.loudness_ebu128.momentary.min": -44.71773147583008,
        "lowlevel.spectral_centroid.dvar": 24485.22265625,
        "rhythm.beats_loudness.min": 0.00010900091001531109,
        "lowlevel.spectral_centroid.mean": 731.5608215332031,
        "rhythm.beats_loudness.dvar": 0.0009796001395443454,
        "rhythm.bpm_histogram_first_peak_bpm": 93.5,
        "rhythm.beats_loudness.median": 0.022114118561148643,
        "lowlevel.loudness_ebu128.integrated": -15.402870178222656,
        "lowlevel.loudness_ebu128.short_term.mean": -16.70853328704834,
        "rhythm.beats_loudness.dmean2": 0.033666253089904785,
        "lowlevel.loudness_ebu128.momentary.dvar2": 1.1661584377288818,
        "rhythm.bpm_histogram_second_peak_weight": 0.07174703758209944,
        "lowlevel.loudness_ebu128.loudness_range": 8.892602920532227,
        "rhythm.bpm_histogram_second_peak_bpm": 119.0,
        "lowlevel.loudness_ebu128.short_term.min": -34.17050743103027,
        "lowlevel.loudness_ebu128.short_term.stdev": 3.518554449081421,
        "lowlevel.loudness_ebu128.short_term.dmean2": 0.13412979245185852,
        "lowlevel.loudness_ebu128.short_term.var": 12.543568134307861,
        "rhythm.beats_loudness.mean": 0.027417090721428394,
        "lowlevel.spectral_centroid.max": 11095.736328125,
        "lowlevel.loudness_ebu128.momentary.dvar": 0.8141722977161407,
        "rhythm.beats_loudness.stdev": 0.028419211506843567,
        "lowlevel.loudness_ebu128.momentary.max": -6.4681713581085205,
        "lowlevel.spectral_centroid.median": 663.5124206542969,
        "lowlevel.loudness_ebu128.momentary.dmean": 0.8357641696929932,
        "lowlevel.loudness_ebu128.short_term.dvar": 0.03960587177425623,
        "rhythm.beats_loudness.var": 0.0008443607366643846,
        "lowlevel.loudness_ebu128.momentary.stdev": 4.41084885597229,
        "lowlevel.loudness_ebu128.momentary.mean": -17.44267511367798,
        "rhythm.beats_loudness.dmean": 0.018470371142029762,
        "lowlevel.average_loudness": 0.32338125444948673,
        "lowlevel.loudness_ebu128.short_term.median": -16.110408782958984,
        "rhythm.beats_loudness.max": 0.23384849354624748,
        "metadata.audio_properties.analysis.equal_loudness": 0.0,
        "lowlevel.loudness_ebu128.momentary.dmean2": 1.024513155221939,
        "lowlevel.spectral_centroid.dvar2": 48124.359375,
        "lowlevel.loudness_ebu128.short_term.max": -10.009331226348877,
        "lowlevel.spectral_centroid.var": 126743.92578125,
        "rhythm.bpm_histogram_first_peak_weight": 0.3173884451389313,
        "lowlevel.loudness_ebu128.momentary.median": -16.65840768814087,
        "rhythm.bpm": 93.09346771240234,
        "rhythm.beats_loudness.dvar2": 0.0027969211514573544,
        "lowlevel.loudness_ebu128.short_term.dmean": 0.14154769107699394,
        "lowlevel.spectral_centroid.stdev": 353.86773681640625,
        "lowlevel.spectral_centroid.dmean": 116.62228775024414,
        "lowlevel.spectral_centroid.dmean2": 181.35314178466797,
        "rhythm.danceability": 1.0764823257923126,
        "lowlevel.spectral_centroid.min": 206.02696228027344,
        "rhythm.bpm_histogram_second_peak_spread": 0.3184491991996765
    },
    "outlier_flag": false,
    "outlier_reasons": null,
    "raw_versions": [
        {
            "id": "HzS1eBi_KEw",
            "title": "Grateful Dead ~ Werewolves Of London (10/31/90)",
            "views": 18258,
            "features": {
                "lowlevel.average_loudness": 0.025802332907915115,
                "lowlevel.loudness_ebu128.integrated": -17.128541946411133,
                "lowlevel.loudness_ebu128.loudness_range": 8.84110164642334,
                "lowlevel.loudness_ebu128.momentary.dmean": 0.8541725873947144,
                "lowlevel.loudness_ebu128.momentary.dmean2": 0.9643970131874084,
                "lowlevel.loudness_ebu128.momentary.dvar": 0.8713804483413696,
                "lowlevel.loudness_ebu128.momentary.dvar2": 1.0526493787765503,
                "lowlevel.loudness_ebu128.momentary.max": -4.639615535736084,
                "lowlevel.loudness_ebu128.momentary.mean": -19.275474548339844,
                "lowlevel.loudness_ebu128.momentary.median": -19.02260971069336,
                "lowlevel.loudness_ebu128.momentary.min": -52.38068389892578,
                "lowlevel.loudness_ebu128.momentary.stdev": 4.188177108764648,
                "lowlevel.loudness_ebu128.momentary.var": 17.540828704833984,
                "lowlevel.loudness_ebu128.short_term.dmean": 0.16382506489753723,
                "lowlevel.loudness_ebu128.short_term.dmean2": 0.14028549194335938,
                "lowlevel.loudness_ebu128.short_term.dvar": 0.06309409439563751,
                "lowlevel.loudness_ebu128.short_term.dvar2": 0.038832105696201324,
                "lowlevel.loudness_ebu128.short_term.max": -9.899107933044434,
                "lowlevel.loudness_ebu128.short_term.mean": -18.29561996459961,
                "lowlevel.loudness_ebu128.short_term.median": -18.35441017150879,
                "lowlevel.loudness_ebu128.short_term.min": -35.73145294189453,
                "lowlevel.loudness_ebu128.short_term.stdev": 3.1143970489501953,
                "lowlevel.loudness_ebu128.short_term.var": 9.699468612670898,
                "lowlevel.spectral_centroid.dmean": 100.52698516845703,
                "lowlevel.spectral_centroid.dmean2": 155.29129028320312,
                "lowlevel.spectral_centroid.dvar": 21242.5390625,
                "lowlevel.spectral_centroid.dvar2": 37965.92578125,
                "lowlevel.spectral_centroid.max": 11064.732421875,
                "lowlevel.spectral_centroid.mean": 683.5302124023438,
                "lowlevel.spectral_centroid.median": 632.0809326171875,
                "lowlevel.spectral_centroid.min": 232.0226593017578,
                "lowlevel.spectral_centroid.stdev": 314.86065673828125,
                "lowlevel.spectral_centroid.var": 99137.2265625,
                "metadata.audio_properties.analysis.equal_loudness": 0.0,
                "rhythm.beats_loudness.dmean": 0.019412580877542496,
                "rhythm.beats_loudness.dmean2": 0.03530199080705643,
                "rhythm.beats_loudness.dvar": 0.0016845238860696554,
                "rhythm.beats_loudness.dvar2": 0.004734022077172995,
                "rhythm.beats_loudness.max": 0.35240769386291504,
                "rhythm.beats_loudness.mean": 0.02205243892967701,
                "rhythm.beats_loudness.median": 0.014350008219480515,
                "rhythm.beats_loudness.min": 6.773049244657159e-05,
                "rhythm.beats_loudness.stdev": 0.034478019922971725,
                "rhythm.beats_loudness.var": 0.0011887338478118181,
                "rhythm.bpm": 87.94284057617188,
                "rhythm.bpm_histogram_first_peak_bpm": 88.0,
                "rhythm.bpm_histogram_first_peak_weight": 0.23779195547103882,
                "rhythm.bpm_histogram_second_peak_bpm": 144.0,
                "rhythm.bpm_histogram_second_peak_spread": 0.30000001192092896,
                "rhythm.bpm_histogram_second_peak_weight": 0.025735294446349144,
                "rhythm.danceability": 0.9606439471244812
            }
        },
        {
            "id": "q18PmpBVc6Q",
            "title": "Werewolves of London \u262e Grateful Dead, 4/19/78",
            "views": 197033,
            "features": {
                "lowlevel.average_loudness": 0.6209601759910583,
                "lowlevel.loudness_ebu128.integrated": -13.67719841003418,
                "lowlevel.loudness_ebu128.loudness_range": 8.944104194641113,
                "lowlevel.loudness_ebu128.momentary.dmean": 0.817355751991272,