{
    "song_title": "West L.A. Fadeaway",
    "artist": "Grateful Dead",
    "num_versions_processed": 2,
    "average_features": {
        "lowlevel.loudness_ebu128.short_term.dvar2": 0.011767999385483563,
        "lowlevel.loudness_ebu128.momentary.var": 14.256015300750732,
        "lowlevel.loudness_ebu128.momentary.min": -62.907344818115234,
        "lowlevel.spectral_centroid.dvar": 50526.3359375,
        "rhythm.beats_loudness.min": 0.0002665712042723145,
        "lowlevel.spectral_centroid.mean": 1113.7662963867188,
        "rhythm.beats_loudness.dvar": 0.0002202288742410019,
        "rhythm.bpm_histogram_first_peak_bpm": 164.0,
        "rhythm.beats_loudness.median": 0.033071551471948624,
        "lowlevel.loudness_ebu128.integrated": -17.650906562805176,
        "lowlevel.loudness_ebu128.short_term.mean": -18.187066078186035,
        "rhythm.beats_loudness.dmean2": 0.030420265160501003,
        "lowlevel.loudness_ebu128.momentary.dvar2": 0.7269501388072968,
        "rhythm.bpm_histogram_second_peak_weight": 0.3215344697237015,
        "lowlevel.loudness_ebu128.loudness_range": 4.466310977935791,
        "rhythm.bpm_histogram_second_peak_bpm": 164.0,
        "lowlevel.loudness_ebu128.short_term.min": -32.615864753723145,
        "lowlevel.loudness_ebu128.short_term.stdev": 2.063214063644409,
        "lowlevel.loudness_ebu128.short_term.dmean2": 0.09999589994549751,
        "lowlevel.loudness_ebu128.short_term.var": 5.224645256996155,
        "rhythm.beats_loudness.mean": 0.03531884215772152,
        "lowlevel.spectral_centroid.max": 8657.37890625,
        "lowlevel.loudness_ebu128.momentary.dvar": 0.5551972836256027,
        "rhythm.beats_loudness.stdev": 0.017624231055378914,
        "lowlevel.loudness_ebu128.momentary.max": -13.007592678070068,
        "lowlevel.spectral_centroid.median": 1015.7975158691406,
        "lowlevel.loudness_ebu128.momentary.dmean": 0.6053649187088013,
        "lowlevel.loudness_ebu128.short_term.dvar": 0.009808988543227315,
        "rhythm.beats_loudness.var": 0.00031162619416136295,
        "lowlevel.loudness_ebu128.momentary.stdev": 3.477082848548889,
        "lowlevel.loudness_ebu128.momentary.mean": -18.57549476623535,
        "rhythm.beats_loudness.dmean": 0.017054811120033264,
        "lowlevel.average_loudness": 0.750101238489151,
        "lowlevel.loudness_ebu128.short_term.median": -17.730233192443848,
        "rhythm.beats_loudness.max": 0.12109450995922089,
        "metadata.audio_properties.analysis.equal_loudness": 0.0,
        "lowlevel.loudness_ebu128.momentary.dmean2": 0.7014067023992538,
        "lowlevel.spectral_centroid.dvar2": 113608.88671875,
        "lowlevel.loudness_ebu128.short_term.max": -15.116895198822021,
        "lowlevel.spectral_centroid.var": 299149.640625,
        "rhythm.bpm_histogram_first_peak_weight": 0.08575034141540527,
        "lowlevel.loudness_ebu128.momentary.median": -17.953577995300293,
        "rhythm.bpm": 164.4125747680664,
        "rhythm.beats_loudness.dvar2": 0.0006608099502045661,
        "lowlevel.loudness_ebu128.short_term.dmean": 0.08746092952787876,
        "lowlevel.spectral_centroid.stdev": 541.6248474121094,
        "lowlevel.spectral_centroid.dmean": 175.11991500854492,
        "lowlevel.spectral_centroid.dmean2": 269.17566680908203,
        "rhythm.danceability": 1.249534785747528,
        "lowlevel.spectral_centroid.min": 208.8423309326172,
        "rhythm.bpm_histogram_second_peak_spread": 0.016620546579360962
    },
    "outlier_flag": false,
    "outlier_reasons": null,
    "raw_versions": [
        {
            "id": "k34pupy5CHU",
            "title": "Grateful Dead - West L.A. Fadeaway - 12/27/1983 - San Francisco Civic Auditorium",
            "views": 55479,
            "features": {
                "lowlevel.average_loudness": 0.8907837271690369,
                "lowlevel.loudness_ebu128.integrated": -17.144454956054688,
                "lowlevel.loudness_ebu128.loudness_range": 1.721181869506836,
                "lowlevel.loudness_ebu128.momentary.dmean": 0.4160977005958557,
                "lowlevel.loudness_ebu128.momentary.dmean2": 0.46852192282676697,
                "lowlevel.loudness_ebu128.momentary.dvar": 0.3775539696216583,
                "lowlevel.loudness_ebu128.momentary.dvar2": 0.5057891011238098,
                "lowlevel.loudness_ebu128.momentary.max": -14.431341171264648,
                "lowlevel.loudness_ebu128.momentary.mean": -17.46898651123047,
                "lowlevel.loudness_ebu128.momentary.median": -17.045087814331055,
                "lowlevel.loudness_ebu128.momentary.min": -35.349510192871094,
                "lowlevel.loudness_ebu128.momentary.stdev": 2.0053799152374268,
                "lowlevel.loudness_ebu128.momentary.var": 4.021548271179199,
                "lowlevel.loudness_ebu128.short_term.dmean": 0.05363394692540169,
                "lowlevel.loudness_ebu128.short_term.dmean2": 0.05693914741277695,
                "lowlevel.loudness_ebu128.short_term.dvar": 0.003851198125630617,
                "lowlevel.loudness_ebu128.short_term.dvar2": 0.0032799190375953913,
                "lowlevel.loudness_ebu128.short_term.max": -16.008831024169922,
                "lowlevel.loudness_ebu128.short_term.mean": -17.27509117126465,
                "lowlevel.loudness_ebu128.short_term.median": -16.996469497680664,
                "lowlevel.loudness_ebu128.short_term.min": -27.36826515197754,
                "lowlevel.loudness_ebu128.short_term.stdev": 1.0794494152069092,
                "lowlevel.loudness_ebu128.short_term.var": 1.1652109622955322,
                "lowlevel.spectral_centroid.dmean": 118.85881805419922,
                "lowlevel.spectral_centroid.dmean2": 181.56040954589844,
                "lowlevel.spectral_centroid.dvar": 34300.03125,
                "lowlevel.spectral_centroid.dvar2": 71281.9609375,
                "lowlevel.spectral_centroid.max": 11227.2138671875,
                "lowlevel.spectral_centroid.mean": 679.5313720703125,
                "lowlevel.spectral_centroid.median": 543.2608032226562,
                "lowlevel.spectral_centroid.min": 138.80990600585938,
                "lowlevel.spectral_centroid.stdev": 465.51849365234375,
                "lowlevel.spectral_centroid.var": 216707.46875,
                "metadata.audio_properties.analysis.equal_loudness": 0.0,
                "rhythm.beats_loudness.dmean": 0.016720861196517944,
                "rhythm.beats_loudness.dmean2": 0.02944391407072544,
                "rhythm.beats_loudness.dvar": 0.00019022365449927747,
                "rhythm.beats_loudness.dvar2": 0.0005471098120324314,
                "rhythm.beats_loudness.max": 0.11801102757453918,
                "rhythm.beats_loudness.mean": 0.04263705760240555,
                "rhythm.beats_loudness.median": 0.041777804493904114,
                "rhythm.beats_loudness.min": 0.0005331404972821474,
                "rhythm.beats_loudness.stdev": 0.0166179146617651,
                "rhythm.beats_loudness.var": 0.0002761551004368812,
                "rhythm.bpm": 163.83375549316406,
                "rhythm.bpm_histogram_first_peak_bpm": 161.0,
                "rhythm.bpm_histogram_first_peak_weight": 0.17150068283081055,
                "rhythm.bpm_histogram_second_peak_bpm": 167.0,
                "rhythm.bpm_histogram_second_peak_spread": 0.0,
                "rhythm.bpm_histogram_second_peak_weight": 0.3490504324436188,
                "rhythm.danceability": 1.2606360912322998
            }
        },
        {
            "id": "_orh_b3_7W4",
            "title": "Grateful Dead - West L.A. Fadeaway (Anaheim, CA 7/26/87) [Official Video]",
            "views": 709672,
            "features": {
                "lowlevel.average_loudness": 0.6094187498092651,
                "lowlevel.loudness_ebu128.integrated": -18.157358169555664,
                "lowlevel.loudness_ebu128.loudness_range": 7.211440086364746,