{
    "song_title": "What's Become Of The Baby",
    "artist": "Grateful Dead",
    "num_versions_processed": 2,
    "average_features": {
        "lowlevel.loudness_ebu128.momentary.dmean2": 0.5722495913505554,
        "lowlevel.loudness_ebu128.short_term.median": -20.948530197143555,
        "lowlevel.spectral_centroid.median": 751.4848022460938,
        "rhythm.beats_loudness.var": 0.0010424353968119249,
        "rhythm.beats_loudness.dvar": 0.0009495460180914961,
        "lowlevel.loudness_ebu128.short_term.stdev": 4.019450426101685,
        "lowlevel.loudness_ebu128.integrated": -19.163795948028564,
        "rhythm.beats_loudness.max": 0.4613258019089699,
        "lowlevel.spectral_centroid.max": 11011.94677734375,
        "lowlevel.spectral_centroid.min": 153.66668701171875,
        "lowlevel.loudness_ebu128.momentary.stdev": 5.4340057373046875,
        "rhythm.bpm": 114.49191665649414,
        "lowlevel.loudness_ebu128.loudness_range": 11.173327922821045,
        "rhythm.beats_loudness.mean": 0.01984349312260747,
        "rhythm.bpm_histogram_second_peak_weight": 0.056969551369547844,
        "metadata.audio_properties.analysis.equal_loudness": 0.0,
        "lowlevel.loudness_ebu128.short_term.var": 16.17427396774292,
        "rhythm.beats_loudness.dvar2": 0.002454193017911166,
        "rhythm.bpm_histogram_second_peak_bpm": 113.0,
        "lowlevel.loudness_ebu128.momentary.mean": -21.95572853088379,
        "lowlevel.loudness_ebu128.short_term.max": -10.860640048980713,
        "rhythm.beats_loudness.stdev": 0.03044668398797512,
        "lowlevel.loudness_ebu128.momentary.dmean": 0.6455797851085663,
        "lowlevel.spectral_centroid.mean": 1005.3066101074219,
        "lowlevel.spectral_centroid.stdev": 689.5450134277344,
        "rhythm.beats_loudness.median": 0.011385360267013311,
        "lowlevel.loudness_ebu128.short_term.dmean": 0.13402508944272995,
        "lowlevel.loudness_ebu128.short_term.dvar2": 0.014603286981582642,
        "rhythm.beats_loudness.dmean2": 0.022615290246903896,
        "lowlevel.loudness_ebu128.short_term.mean": -21.09557819366455,
        "lowlevel.loudness_ebu128.momentary.var": 30.090730667114258,
        "rhythm.beats_loudness.dmean": 0.013012904906645417,
        "lowlevel.loudness_ebu128.momentary.min": -82.79629516601562,
        "lowlevel.loudness_ebu128.momentary.dvar": 0.637562945485115,
        "lowlevel.spectral_centroid.dmean": 145.3202247619629,
        "lowlevel.spectral_centroid.var": 498829.484375,
        "rhythm.beats_loudness.min": 1.9150406842527445e-06,
        "lowlevel.average_loudness": 0.02924952795729041,
        "lowlevel.loudness_ebu128.short_term.dmean2": 0.07837788388133049,
        "lowlevel.loudness_ebu128.short_term.min": -47.89133834838867,
        "rhythm.bpm_histogram_first_peak_bpm": 114.5,
        "lowlevel.loudness_ebu128.momentary.max": -7.781004428863525,
        "lowlevel.spectral_centroid.dmean2": 224.42862701416016,
        "rhythm.bpm_histogram_second_peak_spread": 0.5818731486797333,
        "lowlevel.loudness_ebu128.short_term.dvar": 0.02913474477827549,
        "lowlevel.loudness_ebu128.momentary.median": -21.529001235961914,
        "rhythm.danceability": 0.8931098282337189,
        "lowlevel.spectral_centroid.dvar": 44914.7763671875,
        "rhythm.bpm_histogram_first_peak_weight": 0.6761900782585144,
        "lowlevel.loudness_ebu128.momentary.dvar2": 0.5966978967189789,
        "lowlevel.spectral_centroid.dvar2": 95007.966796875
    },
    "outlier_flag": true,
    "outlier_reasons": [
        "Loudness Variance: 9.02 (limit 6.0)"
    ],
    "raw_versions": [
        {
            "id": "x948CxRQ8R4",
            "title": "What's Become of the Baby (1969 Mix) (2019 Remaster)",
            "views": 27782,
            "features": {
                "lowlevel.average_loudness": 0.01143383514136076,
                "lowlevel.loudness_ebu128.integrated": -14.653611183166504,
                "lowlevel.loudness_ebu128.loudness_range": 11.891436576843262,
                "lowlevel.loudness_ebu128.momentary.dmean": 0.723355233669281,
                "lowlevel.loudness_ebu128.momentary.dmean2": 0.6034170985221863,
                "lowlevel.loudness_ebu128.momentary.dvar": 0.8550609946250916,
                "lowlevel.loudness_ebu128.momentary.dvar2": 0.8136137127876282,
                "lowlevel.loudness_ebu128.momentary.max": -5.296473503112793,
                "lowlevel.loudness_ebu128.momentary.mean": -17.932762145996094,
                "lowlevel.loudness_ebu128.momentary.median": -17.467731475830078,
                "lowlevel.loudness_ebu128.momentary.min": -86.41512298583984,
                "lowlevel.loudness_ebu128.momentary.stdev": 6.183880805969238,
                "lowlevel.loudness_ebu128.momentary.var": 38.24038314819336,
                "lowlevel.loudness_ebu128.short_term.dmean": 0.14205822348594666,
                "lowlevel.loudness_ebu128.short_term.dmean2": 0.07295460253953934,
                "lowlevel.loudness_ebu128.short_term.dvar": 0.027647068724036217,
                "lowlevel.loudness_ebu128.short_term.dvar2": 0.011253925040364265,
                "lowlevel.loudness_ebu128.short_term.max": -6.553714752197266,
                "lowlevel.loudness_ebu128.short_term.mean": -16.851024627685547,
                "lowlevel.loudness_ebu128.short_term.median": -16.892589569091797,
                "lowlevel.loudness_ebu128.short_term.min": -42.55513000488281,
                "lowlevel.loudness_ebu128.short_term.stdev": 4.154702186584473,
                "lowlevel.loudness_ebu128.short_term.var": 17.26154899597168,
                "lowlevel.spectral_centroid.dmean": 163.59732055664062,
                "lowlevel.spectral_centroid.dmean2": 251.51808166503906,
                "lowlevel.spectral_centroid.dvar": 63800.1328125,
                "lowlevel.spectral_centroid.dvar2": 129897.9375,
                "lowlevel.spectral_centroid.max": 11007.265625,
                "lowlevel.spectral_centroid.mean": 1114.2125244140625,
                "lowlevel.spectral_centroid.median": 756.449462890625,
                "lowlevel.spectral_centroid.min": 174.45497131347656,
                "lowlevel.spectral_centroid.stdev": 842.3755493164062,
                "lowlevel.spectral_centroid.var": 709596.5625,
                "metadata.audio_properties.analysis.equal_loudness": 0.0,
                "rhythm.beats_loudness.dmean": 0.007331902626901865,
                "rhythm.beats_loudness.dmean2": 0.012573504820466042,
                "rhythm.beats_loudness.dvar": 0.000150935651618056,
                "rhythm.beats_loudness.dvar2": 0.00037057127337902784,
                "rhythm.beats_loudness.max": 0.1451675444841385,
                "rhythm.beats_loudness.mean": 0.012547322548925877,
                "rhythm.beats_loudness.median": 0.00586788821965456,
                "rhythm.beats_loudness.min": 1.459187160435249e-06,
                "rhythm.beats_loudness.stdev": 0.019702620804309845,
                "rhythm.beats_loudness.var": 0.00038819326437078416,
                "rhythm.bpm": 111.4429702758789,
                "rhythm.bpm_histogram_first_peak_bpm": 112.0,
                "rhythm.bpm_histogram_first_peak_weight": 0.7014925479888916,
                "rhythm.bpm_histogram_second_peak_bpm": 103.0,
                "rhythm.bpm_histogram_second_peak_spread": 0.6706587076187134,
                "rhythm.bpm_histogram_second_peak_weight": 0.05907626077532768,
                "rhythm.danceability": 0.8379639983177185
            }
        },
        {
            "id": "LvaUKdwobSg",
            "title": "Phil Lesh & Friends~ What's Become Of The Baby 12/17/04",
            "views": 2517,
            "features": {
                "lowlevel.average_loudness": 0.04706522077322006,
                "lowlevel.loudness_ebu128.integrated": -23.673980712890625,
                "lowlevel.loudness_ebu128.loudness_range": 10.455219268798828,