{
    "song_title": "What's Going On?",
    "artist": "Grateful Dead",
    "num_versions_processed": 3,
    "average_features": {
        "rhythm.beats_loudness.dvar": 0.00013298384631828716,
        "lowlevel.loudness_ebu128.momentary.median": -15.98956330617269,
        "lowlevel.loudness_ebu128.short_term.min": -45.653469721476235,
        "lowlevel.loudness_ebu128.short_term.dvar": 0.032390380588670574,
        "rhythm.beats_loudness.dvar2": 0.000371430825907737,
        "rhythm.beats_loudness.min": 0.00023181369926831655,
        "lowlevel.loudness_ebu128.momentary.min": -73.52804819742839,
        "rhythm.bpm_histogram_second_peak_weight": 0.05420256561289231,
        "lowlevel.spectral_centroid.min": 186.66018676757812,
        "lowlevel.spectral_centroid.var": 570027.4791666666,
        "lowlevel.loudness_ebu128.short_term.dvar2": 0.012885514025886854,
        "lowlevel.loudness_ebu128.short_term.stdev": 5.242671052614848,
        "rhythm.beats_loudness.max": 0.08673594892024994,
        "lowlevel.loudness_ebu128.momentary.dvar2": 1.490765005350113,
        "lowlevel.spectral_centroid.dvar2": 106520.88671875,
        "lowlevel.loudness_ebu128.momentary.max": -10.272806167602539,
        "lowlevel.average_loudness": 0.7844199339548746,
        "lowlevel.loudness_ebu128.momentary.var": 77.44867483774821,
        "lowlevel.loudness_ebu128.loudness_range": 5.571497917175293,
        "rhythm.beats_loudness.dmean": 0.013263594980041185,
        "lowlevel.loudness_ebu128.momentary.dvar": 0.9688233931859335,
        "metadata.audio_properties.analysis.equal_loudness": 0.0,
        "lowlevel.spectral_centroid.dmean": 189.71135965983072,
        "rhythm.bpm": 107.12743377685547,
        "lowlevel.spectral_centroid.dvar": 52998.471354166664,
        "lowlevel.loudness_ebu128.momentary.dmean2": 0.8562122384707133,
        "rhythm.bpm_histogram_first_peak_weight": 0.3929146925608317,
        "rhythm.bpm_histogram_second_peak_spread": 0.25124452511469525,
        "lowlevel.loudness_ebu128.momentary.mean": -17.061223030090332,
        "lowlevel.loudness_ebu128.momentary.dmean": 0.6752827068169912,
        "rhythm.beats_loudness.mean": 0.029074216882387798,
        "rhythm.bpm_histogram_second_peak_bpm": 116.0,
        "lowlevel.loudness_ebu128.integrated": -15.197263399759928,
        "rhythm.beats_loudness.var": 0.0002528632612666115,
        "lowlevel.loudness_ebu128.momentary.stdev": 7.584028085072835,
        "lowlevel.loudness_ebu128.short_term.var": 50.778790632883705,
        "lowlevel.spectral_centroid.max": 7160.722330729167,
        "rhythm.beats_loudness.dmean2": 0.02234334560732047,
        "rhythm.danceability": 1.1591373682022095,
        "lowlevel.loudness_ebu128.short_term.max": -11.60226058959961,
        "lowlevel.spectral_centroid.mean": 1224.4073893229167,
        "rhythm.beats_loudness.stdev": 0.015557977681358656,
        "lowlevel.loudness_ebu128.short_term.dmean2": 0.10083991785844167,
        "lowlevel.loudness_ebu128.short_term.dmean": 0.10472805052995682,
        "lowlevel.loudness_ebu128.short_term.mean": -16.398329734802246,
        "rhythm.bpm_histogram_first_peak_bpm": 107.33333333333333,
        "lowlevel.loudness_ebu128.short_term.median": -15.747966130574545,
        "lowlevel.spectral_centroid.median": 1132.621846516927,
        "lowlevel.spectral_centroid.stdev": 715.211191813151,
        "lowlevel.spectral_centroid.dmean2": 285.99053955078125,
        "rhythm.beats_loudness.median": 0.027476488923033077
    },
    "outlier_flag": false,
    "outlier_reasons": null,
    "raw_versions": [
        {
            "id": "jo-5MI9-yjU",
            "title": "Marvin Gaye - What's Going On (Live)",
            "views": 1211736,
            "features": {
                "lowlevel.average_loudness": 0.9248232841491699,
                "lowlevel.loudness_ebu128.integrated": -19.84526824951172,
                "lowlevel.loudness_ebu128.loudness_range": 4.27790641784668,
                "lowlevel.loudness_ebu128.momentary.dmean": 0.5842487812042236,
                "lowlevel.loudness_ebu128.momentary.dmean2": 0.6648638844490051,
                "lowlevel.loudness_ebu128.momentary.dvar": 1.3752762079238892,
                "lowlevel.loudness_ebu128.momentary.dvar2": 1.8597533702850342,
                "lowlevel.loudness_ebu128.momentary.max": -15.987638473510742,
                "lowlevel.loudness_ebu128.momentary.mean": -20.81351661682129,
                "lowlevel.loudness_ebu128.momentary.median": -20.162145614624023,
                "lowlevel.loudness_ebu128.momentary.min": -90.52278137207031,
                "lowlevel.loudness_ebu128.momentary.stdev": 5.996331691741943,
                "lowlevel.loudness_ebu128.momentary.var": 35.95599365234375,
                "lowlevel.loudness_ebu128.short_term.dmean": 0.07990002632141113,
                "lowlevel.loudness_ebu128.short_term.dmean2": 0.07544180005788803,
                "lowlevel.loudness_ebu128.short_term.dvar": 0.0053518060594797134,
                "lowlevel.loudness_ebu128.short_term.dvar2": 0.005037327297031879,
                "lowlevel.loudness_ebu128.short_term.max": -17.02199363708496,
                "lowlevel.loudness_ebu128.short_term.mean": -20.14983367919922,
                "lowlevel.loudness_ebu128.short_term.median": -20.001224517822266,
                "lowlevel.loudness_ebu128.short_term.min": -27.52659797668457,
                "lowlevel.loudness_ebu128.short_term.stdev": 1.5869301557540894,
                "lowlevel.loudness_ebu128.short_term.var": 2.5183472633361816,
                "lowlevel.spectral_centroid.dmean": 212.93540954589844,
                "lowlevel.spectral_centroid.dmean2": 323.7445373535156,
                "lowlevel.spectral_centroid.dvar": 46496.890625,
                "lowlevel.spectral_centroid.dvar2": 100192.296875,
                "lowlevel.spectral_centroid.max": 5025.53955078125,
                "lowlevel.spectral_centroid.mean": 1213.257080078125,
                "lowlevel.spectral_centroid.median": 1041.2830810546875,
                "lowlevel.spectral_centroid.min": 229.33203125,
                "lowlevel.spectral_centroid.stdev": 737.7345581054688,
                "lowlevel.spectral_centroid.var": 544252.25,
                "metadata.audio_properties.analysis.equal_loudness": 0.0,
                "rhythm.beats_loudness.dmean": 0.010390786454081535,
                "rhythm.beats_loudness.dmean2": 0.01825442723929882,
                "rhythm.beats_loudness.dvar": 7.016178278718144e-05,
                "rhythm.beats_loudness.dvar2": 0.0001967004791367799,
                "rhythm.beats_loudness.max": 0.06416048109531403,
                "rhythm.beats_loudness.mean": 0.031632885336875916,
                "rhythm.beats_loudness.median": 0.03216371685266495,
                "rhythm.beats_loudness.min": 3.1082501017465347e-09,
                "rhythm.beats_loudness.stdev": 0.011030822992324829,
                "rhythm.beats_loudness.var": 0.0001216790551552549,
                "rhythm.bpm": 94.13632202148438,
                "rhythm.bpm_histogram_first_peak_bpm": 94.0,
                "rhythm.bpm_histogram_first_peak_weight": 0.5146198272705078,
                "rhythm.bpm_histogram_second_peak_bpm": 99.0,
                "rhythm.bpm_histogram_second_peak_spread": 0.19354838132858276,
                "rhythm.bpm_histogram_second_peak_weight": 0.1231527104973793,
                "rhythm.danceability": 1.1799949407577515
            }
        },
        {
            "id": "B34bTgWA3-c",
            "title": "4 Non Blondes - What's Up LIVE Full HD (with lyrics) 1993",
            "views": 739277,
            "features": {
                "lowlevel.average_loudness": 0.7696240544319153,
                "lowlevel.loudness_ebu128.integrated": -14.147905349731445,
                "lowlevel.loudness_ebu128.loudness_range": 6.6789655685424805,
                "lowlevel.loudness_ebu128.momentary.dmean": 0.49062207341194153,