{
    "song_title": "Where Have The Heroes Gone",
    "artist": "Grateful Dead",
    "num_versions_processed": 3,
    "average_features": {
        "lowlevel.loudness_ebu128.short_term.dvar2": 0.15571524761617184,
        "lowlevel.loudness_ebu128.momentary.var": 160.01277287801108,
        "lowlevel.loudness_ebu128.momentary.min": -90.51384989420573,
        "lowlevel.spectral_centroid.dvar": 66031.03515625,
        "rhythm.beats_loudness.min": 8.073753240041744e-10,
        "lowlevel.spectral_centroid.mean": 757.3071695963541,
        "rhythm.beats_loudness.dvar": 0.0006723978973847503,
        "rhythm.bpm_histogram_first_peak_bpm": 116.33333333333333,
        "rhythm.beats_loudness.median": 0.030916869019468624,
        "lowlevel.loudness_ebu128.integrated": -14.553728421529135,
        "lowlevel.loudness_ebu128.short_term.mean": -17.17661412556966,
        "rhythm.beats_loudness.dmean2": 0.052137747406959534,
        "lowlevel.loudness_ebu128.momentary.dvar2": 1.9823291301727295,
        "rhythm.bpm_histogram_second_peak_weight": 0.0972308764855067,
        "lowlevel.loudness_ebu128.loudness_range": 6.512824058532715,
        "rhythm.bpm_histogram_second_peak_bpm": 114.0,
        "lowlevel.loudness_ebu128.short_term.min": -72.35448201497395,
        "lowlevel.loudness_ebu128.short_term.stdev": 8.416930913925171,
        "lowlevel.loudness_ebu128.short_term.dmean2": 0.12226470063130061,
        "lowlevel.loudness_ebu128.short_term.var": 115.29901019732158,
        "rhythm.beats_loudness.mean": 0.03643299825489521,
        "lowlevel.spectral_centroid.max": 9245.77978515625,
        "lowlevel.loudness_ebu128.momentary.dvar": 1.4726745088895161,
        "rhythm.beats_loudness.stdev": 0.02917445885638396,
        "lowlevel.loudness_ebu128.momentary.max": -8.943463643391928,
        "lowlevel.spectral_centroid.median": 535.94921875,
        "lowlevel.loudness_ebu128.momentary.dmean": 1.0452347596486409,
        "lowlevel.loudness_ebu128.short_term.dvar": 0.1190850834051768,
        "rhythm.beats_loudness.var": 0.000880819687154144,
        "lowlevel.loudness_ebu128.momentary.stdev": 11.69018824895223,
        "lowlevel.loudness_ebu128.momentary.mean": -18.50484275817871,
        "rhythm.beats_loudness.dmean": 0.02894962082306544,
        "lowlevel.average_loudness": 0.6266086796919504,
        "lowlevel.loudness_ebu128.short_term.median": -15.429835001627604,
        "rhythm.beats_loudness.max": 0.17956748604774475,
        "metadata.audio_properties.analysis.equal_loudness": 0.0,
        "lowlevel.loudness_ebu128.momentary.dmean2": 1.1278239885965984,
        "lowlevel.spectral_centroid.dvar2": 116653.77604166667,
        "lowlevel.loudness_ebu128.short_term.max": -10.01997439066569,
        "lowlevel.spectral_centroid.var": 646221.9270833334,
        "rhythm.bpm_histogram_first_peak_weight": 0.5519290963808695,
        "lowlevel.loudness_ebu128.momentary.median": -15.66232426961263,
        "rhythm.bpm": 117.04496002197266,
        "rhythm.beats_loudness.dvar2": 0.00201937600892658,
        "lowlevel.loudness_ebu128.short_term.dmean": 0.14112994571526846,
        "lowlevel.spectral_centroid.stdev": 776.5326741536459,
        "lowlevel.spectral_centroid.dmean": 147.62837727864584,
        "lowlevel.spectral_centroid.dmean2": 215.85191345214844,
        "rhythm.danceability": 1.1502770980199177,
        "lowlevel.spectral_centroid.min": 151.30558268229166,
        "rhythm.bpm_histogram_second_peak_spread": 0.4795469443003337
    },
    "outlier_flag": false,
    "outlier_reasons": null,
    "raw_versions": [
        {
            "id": "PgsW75q1JJc",
            "title": "\"Where Have All Our Heroes Gone\" - Bill Anderson",
            "views": 1992,
            "features": {
                "lowlevel.average_loudness": 0.7796984910964966,
                "lowlevel.loudness_ebu128.integrated": -14.655620574951172,
                "lowlevel.loudness_ebu128.loudness_range": 4.552509307861328,
                "lowlevel.loudness_ebu128.momentary.dmean": 1.0890334844589233,
                "lowlevel.loudness_ebu128.momentary.dmean2": 1.2401915788650513,
                "lowlevel.loudness_ebu128.momentary.dvar": 1.6204582452774048,
                "lowlevel.loudness_ebu128.momentary.dvar2": 2.234560251235962,
                "lowlevel.loudness_ebu128.momentary.max": -9.163551330566406,
                "lowlevel.loudness_ebu128.momentary.mean": -16.537614822387695,
                "lowlevel.loudness_ebu128.momentary.median": -15.095331192016602,
                "lowlevel.loudness_ebu128.momentary.min": -90.92292785644531,
                "lowlevel.loudness_ebu128.momentary.stdev": 7.044593334197998,
                "lowlevel.loudness_ebu128.momentary.var": 49.62629318237305,
                "lowlevel.loudness_ebu128.short_term.dmean": 0.13956795632839203,
                "lowlevel.loudness_ebu128.short_term.dmean2": 0.12684449553489685,
                "lowlevel.loudness_ebu128.short_term.dvar": 0.026046190410852432,
                "lowlevel.loudness_ebu128.short_term.dvar2": 0.01454344391822815,
                "lowlevel.loudness_ebu128.short_term.max": -10.405009269714355,
                "lowlevel.loudness_ebu128.short_term.mean": -15.197334289550781,
                "lowlevel.loudness_ebu128.short_term.median": -15.151344299316406,
                "lowlevel.loudness_ebu128.short_term.min": -37.243553161621094,
                "lowlevel.loudness_ebu128.short_term.stdev": 1.9187633991241455,
                "lowlevel.loudness_ebu128.short_term.var": 3.681652784347534,
                "lowlevel.spectral_centroid.dmean": 145.2236328125,
                "lowlevel.spectral_centroid.dmean2": 210.98744201660156,
                "lowlevel.spectral_centroid.dvar": 70577.6015625,
                "lowlevel.spectral_centroid.dvar2": 117729.7109375,
                "lowlevel.spectral_centroid.max": 10957.8486328125,
                "lowlevel.spectral_centroid.mean": 613.5631103515625,
                "lowlevel.spectral_centroid.median": 482.78759765625,
                "lowlevel.spectral_centroid.min": 117.85528564453125,
                "lowlevel.spectral_centroid.stdev": 563.8187866210938,
                "lowlevel.spectral_centroid.var": 317891.625,
                "metadata.audio_properties.analysis.equal_loudness": 0.0,
                "rhythm.beats_loudness.dmean": 0.03548145666718483,
                "rhythm.beats_loudness.dmean2": 0.06414559483528137,
                "rhythm.beats_loudness.dvar": 0.0009095778805203736,
                "rhythm.beats_loudness.dvar2": 0.00274152890779078,
                "rhythm.beats_loudness.max": 0.2298271507024765,
                "rhythm.beats_loudness.mean": 0.043517448008060455,
                "rhythm.beats_loudness.median": 0.0392945259809494,
                "rhythm.beats_loudness.min": 8.739570733773405e-10,
                "rhythm.beats_loudness.stdev": 0.033625975251197815,
                "rhythm.beats_loudness.var": 0.001130706281401217,
                "rhythm.bpm": 118.22183990478516,
                "rhythm.bpm_histogram_first_peak_bpm": 117.0,
                "rhythm.bpm_histogram_first_peak_weight": 0.5436241626739502,
                "rhythm.bpm_histogram_second_peak_bpm": 110.0,
                "rhythm.bpm_histogram_second_peak_spread": 0.5492957830429077,
                "rhythm.bpm_histogram_second_peak_weight": 0.06680584698915482,
                "rhythm.danceability": 1.2223480939865112
            }
        },
        {
            "id": "O7J2D2kLYjE",
            "title": "Where Have All The Heroes Gone / Live @ Maria-und-Martha-Kirche Bautzen",
            "views": 310,
            "features": {
                "lowlevel.average_loudness": 0.32820722460746765,
                "lowlevel.loudness_ebu128.integrated": -12.925873756408691,
                "lowlevel.loudness_ebu128.loudness_range": 10.434893608093262,
                "lowlevel.loudness_ebu128.momentary.dmean": 0.9717708826065063,