{
    "song_title": "Who's Lovin' You Tonight",
    "artist": "Grateful Dead",
    "num_versions_processed": 3,
    "average_features": {
        "lowlevel.loudness_ebu128.momentary.dmean2": 0.6397593220074972,
        "lowlevel.loudness_ebu128.short_term.median": -14.691515922546387,
        "lowlevel.spectral_centroid.median": 948.5719807942709,
        "rhythm.beats_loudness.var": 0.0004229521728120744,
        "rhythm.beats_loudness.dvar": 0.00033403113775420934,
        "lowlevel.loudness_ebu128.short_term.stdev": 2.037496328353882,
        "lowlevel.loudness_ebu128.integrated": -14.433526039123535,
        "rhythm.beats_loudness.max": 0.1531411036849022,
        "lowlevel.spectral_centroid.max": 10996.5107421875,
        "lowlevel.spectral_centroid.min": 165.03042348225912,
        "lowlevel.loudness_ebu128.momentary.stdev": 3.9867292245229087,
        "rhythm.bpm": 154.61090596516928,
        "lowlevel.loudness_ebu128.loudness_range": 5.155502955118815,
        "rhythm.beats_loudness.mean": 0.033227218935887017,
        "rhythm.bpm_histogram_second_peak_weight": 0.2496288369099299,
        "metadata.audio_properties.analysis.equal_loudness": 0.0,
        "lowlevel.loudness_ebu128.short_term.var": 5.952955563863118,
        "rhythm.beats_loudness.dvar2": 0.0009269504516851157,
        "rhythm.bpm_histogram_second_peak_bpm": 152.0,
        "lowlevel.loudness_ebu128.momentary.mean": -15.656583468119303,
        "lowlevel.loudness_ebu128.short_term.max": -11.568299293518066,
        "rhythm.beats_loudness.stdev": 0.019298790333171684,
        "lowlevel.loudness_ebu128.momentary.dmean": 0.6250823736190796,
        "lowlevel.spectral_centroid.mean": 1018.0304972330729,
        "lowlevel.spectral_centroid.stdev": 497.94114176432294,
        "rhythm.beats_loudness.median": 0.030358615641792614,
        "lowlevel.loudness_ebu128.short_term.dmean": 0.09754941860834758,
        "lowlevel.loudness_ebu128.short_term.dvar2": 0.02035226789303124,
        "rhythm.beats_loudness.dmean2": 0.027739695583780605,
        "lowlevel.loudness_ebu128.short_term.mean": -15.06211789449056,
        "lowlevel.loudness_ebu128.momentary.var": 19.0455158551534,
        "rhythm.beats_loudness.dmean": 0.01604067503164212,
        "lowlevel.loudness_ebu128.momentary.min": -57.959878285725914,
        "lowlevel.loudness_ebu128.momentary.dvar": 0.8162320951620737,
        "lowlevel.spectral_centroid.dmean": 158.76274617513022,
        "lowlevel.spectral_centroid.var": 252385.1875,
        "rhythm.beats_loudness.min": 0.0015593501084263754,
        "lowlevel.average_loudness": 0.6619062473376592,
        "lowlevel.loudness_ebu128.short_term.dmean2": 0.08694024632374446,
        "lowlevel.loudness_ebu128.short_term.min": -27.181413014729817,
        "rhythm.bpm_histogram_first_peak_bpm": 157.0,
        "lowlevel.loudness_ebu128.momentary.max": -8.642196814219156,
        "lowlevel.spectral_centroid.dmean2": 241.8457794189453,
        "rhythm.bpm_histogram_second_peak_spread": 0.23398141066233316,
        "lowlevel.loudness_ebu128.short_term.dvar": 0.02224226389080286,
        "lowlevel.loudness_ebu128.momentary.median": -14.96126651763916,
        "rhythm.danceability": 1.1049786011377971,
        "lowlevel.spectral_centroid.dvar": 32895.630859375,
        "rhythm.bpm_histogram_first_peak_weight": 0.38509060939153034,
        "lowlevel.loudness_ebu128.momentary.dvar2": 1.155293305714925,
        "lowlevel.spectral_centroid.dvar2": 68198.54036458333
    },
    "outlier_flag": false,
    "outlier_reasons": null,
    "raw_versions": [
        {
            "id": "wTEFRocs8Tw",
            "title": "Who's Lovin' You Tonight - The Grateful Dead with Elvin Bishop - Live at the Fillmore West 6-8-69",
            "views": 409,
            "features": {
                "lowlevel.average_loudness": 0.20787139236927032,
                "lowlevel.loudness_ebu128.integrated": -15.893669128417969,
                "lowlevel.loudness_ebu128.loudness_range": 9.542119979858398,
                "lowlevel.loudness_ebu128.momentary.dmean": 0.9167090654373169,
                "lowlevel.loudness_ebu128.momentary.dmean2": 0.9490504860877991,
                "lowlevel.loudness_ebu128.momentary.dvar": 1.7890654802322388,
                "lowlevel.loudness_ebu128.momentary.dvar2": 2.5959439277648926,
                "lowlevel.loudness_ebu128.momentary.max": -6.597663402557373,
                "lowlevel.loudness_ebu128.momentary.mean": -18.75091552734375,
                "lowlevel.loudness_ebu128.momentary.median": -17.494157791137695,
                "lowlevel.loudness_ebu128.momentary.min": -59.420021057128906,
                "lowlevel.loudness_ebu128.momentary.stdev": 6.0039286613464355,
                "lowlevel.loudness_ebu128.momentary.var": 36.04716110229492,
                "lowlevel.loudness_ebu128.short_term.dmean": 0.152080699801445,
                "lowlevel.loudness_ebu128.short_term.dmean2": 0.12837930023670197,
                "lowlevel.loudness_ebu128.short_term.dvar": 0.05993321165442467,
                "lowlevel.loudness_ebu128.short_term.dvar2": 0.054504409432411194,
                "lowlevel.loudness_ebu128.short_term.max": -11.058865547180176,
                "lowlevel.loudness_ebu128.short_term.mean": -17.52949333190918,
                "lowlevel.loudness_ebu128.short_term.median": -16.768083572387695,
                "lowlevel.loudness_ebu128.short_term.min": -39.85035705566406,
                "lowlevel.loudness_ebu128.short_term.stdev": 3.9352993965148926,
                "lowlevel.loudness_ebu128.short_term.var": 15.486581802368164,
                "lowlevel.spectral_centroid.dmean": 114.27706909179688,
                "lowlevel.spectral_centroid.dmean2": 169.06370544433594,
                "lowlevel.spectral_centroid.dvar": 24818.802734375,
                "lowlevel.spectral_centroid.dvar2": 47489.54296875,
                "lowlevel.spectral_centroid.max": 10652.9150390625,
                "lowlevel.spectral_centroid.mean": 753.4186401367188,
                "lowlevel.spectral_centroid.median": 663.2130126953125,
                "lowlevel.spectral_centroid.min": 127.19713592529297,
                "lowlevel.spectral_centroid.stdev": 406.60516357421875,
                "lowlevel.spectral_centroid.var": 165327.75,
                "metadata.audio_properties.analysis.equal_loudness": 0.0,
                "rhythm.beats_loudness.dmean": 0.01804174855351448,
                "rhythm.beats_loudness.dmean2": 0.03107474185526371,
                "rhythm.beats_loudness.dvar": 0.000717923860065639,
                "rhythm.beats_loudness.dvar2": 0.0019637439399957657,
                "rhythm.beats_loudness.max": 0.2549710273742676,
                "rhythm.beats_loudness.mean": 0.02800009399652481,
                "rhythm.beats_loudness.median": 0.02090599574148655,
                "rhythm.beats_loudness.min": 2.4746220788074424e-06,
                "rhythm.beats_loudness.stdev": 0.029349545016884804,
                "rhythm.beats_loudness.var": 0.00086139579070732,
                "rhythm.bpm": 155.1260223388672,
                "rhythm.bpm_histogram_first_peak_bpm": 157.0,
                "rhythm.bpm_histogram_first_peak_weight": 0.4637681245803833,
                "rhythm.bpm_histogram_second_peak_bpm": 152.0,
                "rhythm.bpm_histogram_second_peak_spread": 0.1796875,
                "rhythm.bpm_histogram_second_peak_weight": 0.13496144115924835,
                "rhythm.danceability": 0.992262601852417
            }
        },
        {
            "id": "7ISAV67KAwY",
            "title": "Garcia/ Saunders 2-6-72 That's All Rght (Whos's Loving You Tonight): Pacific High Studios",
            "views": 657,
            "features": {
                "lowlevel.average_loudness": 0.8896535634994507,
                "lowlevel.loudness_ebu128.integrated": -13.703455924987793,
                "lowlevel.loudness_ebu128.loudness_range": 2.9738540649414062,