{
    "song_title": "Who Do You Love?",
    "artist": "Grateful Dead",
    "num_versions_processed": 3,
    "average_features": {
        "lowlevel.loudness_ebu128.short_term.dvar2": 0.003410098453362783,
        "lowlevel.loudness_ebu128.momentary.var": 22.97363344828288,
        "lowlevel.loudness_ebu128.momentary.min": -52.24770164489746,
        "lowlevel.spectral_centroid.dvar": 76735.44010416667,
        "rhythm.beats_loudness.min": 0.00048229844491703977,
        "lowlevel.spectral_centroid.mean": 1453.7810668945312,
        "rhythm.beats_loudness.dvar": 0.000647944223601371,
        "rhythm.bpm_histogram_first_peak_bpm": 129.33333333333334,
        "rhythm.beats_loudness.median": 0.04288991851111253,
        "lowlevel.loudness_ebu128.integrated": -10.406744162241617,
        "lowlevel.loudness_ebu128.short_term.mean": -10.762706915537516,
        "rhythm.beats_loudness.dmean2": 0.05034776528676351,
        "lowlevel.loudness_ebu128.momentary.dvar2": 0.26811837156613666,
        "rhythm.bpm_histogram_second_peak_weight": 0.025181374823053677,
        "lowlevel.loudness_ebu128.loudness_range": 3.2082951863606772,
        "rhythm.bpm_histogram_second_peak_bpm": 129.33333333333334,
        "lowlevel.loudness_ebu128.short_term.min": -33.53816159566244,
        "lowlevel.loudness_ebu128.short_term.stdev": 2.2038480043411255,
        "lowlevel.loudness_ebu128.short_term.dmean2": 0.05487986778219541,
        "lowlevel.loudness_ebu128.short_term.var": 5.853051920731862,
        "rhythm.beats_loudness.mean": 0.04919232179721197,
        "lowlevel.spectral_centroid.max": 11179.111979166666,
        "lowlevel.loudness_ebu128.momentary.dvar": 0.21158059686422348,
        "rhythm.beats_loudness.stdev": 0.030283718059460323,
        "lowlevel.loudness_ebu128.momentary.max": -6.833097139994304,
        "lowlevel.spectral_centroid.median": 1400.9151407877605,
        "lowlevel.loudness_ebu128.momentary.dmean": 0.36888062953948975,
        "lowlevel.loudness_ebu128.short_term.dvar": 0.012430788483470678,
        "rhythm.beats_loudness.var": 0.000936833869976302,
        "lowlevel.loudness_ebu128.momentary.stdev": 4.044795513153076,
        "lowlevel.loudness_ebu128.momentary.mean": -11.130684852600098,
        "rhythm.beats_loudness.dmean": 0.028823689247171085,
        "lowlevel.average_loudness": 0.8856858611106873,
        "lowlevel.loudness_ebu128.short_term.median": -10.53196652730306,
        "rhythm.beats_loudness.max": 0.16577415664990744,
        "metadata.audio_properties.analysis.equal_loudness": 0.0,
        "lowlevel.loudness_ebu128.momentary.dmean2": 0.4622933467229207,
        "lowlevel.spectral_centroid.dvar2": 176745.73958333334,
        "lowlevel.loudness_ebu128.short_term.max": -8.017722447713217,
        "lowlevel.spectral_centroid.var": 301771.9947916667,
        "rhythm.bpm_histogram_first_peak_weight": 0.3303210735321045,
        "lowlevel.loudness_ebu128.momentary.median": -10.477274099985758,
        "rhythm.bpm": 129.06790161132812,
        "rhythm.beats_loudness.dvar2": 0.0018120723155637581,
        "lowlevel.loudness_ebu128.short_term.dmean": 0.0625996155043443,
        "lowlevel.spectral_centroid.stdev": 545.7925415039062,
        "lowlevel.spectral_centroid.dmean": 240.79917907714844,
        "lowlevel.spectral_centroid.dmean2": 387.73338826497394,
        "rhythm.danceability": 1.1796811024347942,
        "lowlevel.spectral_centroid.min": 173.4432576497396,
        "rhythm.bpm_histogram_second_peak_spread": 0.1940475900967916
    },
    "outlier_flag": false,
    "outlier_reasons": null,
    "raw_versions": [
        {
            "id": "Ms6sf0XfQNc",
            "title": "George Thorogood - Who Do You Love? | Live at Capitol Theatre (1984)",
            "views": 2725507,
            "features": {
                "lowlevel.average_loudness": 0.8037905693054199,
                "lowlevel.loudness_ebu128.integrated": -14.441469192504883,
                "lowlevel.loudness_ebu128.loudness_range": 2.151217460632324,
                "lowlevel.loudness_ebu128.momentary.dmean": 0.381696492433548,
                "lowlevel.loudness_ebu128.momentary.dmean2": 0.5294095873832703,
                "lowlevel.loudness_ebu128.momentary.dvar": 0.11792630702257156,
                "lowlevel.loudness_ebu128.momentary.dvar2": 0.1611979603767395,
                "lowlevel.loudness_ebu128.momentary.max": -8.923906326293945,
                "lowlevel.loudness_ebu128.momentary.mean": -14.664266586303711,
                "lowlevel.loudness_ebu128.momentary.median": -14.496358871459961,
                "lowlevel.loudness_ebu128.momentary.min": -27.822725296020508,
                "lowlevel.loudness_ebu128.momentary.stdev": 1.4597728252410889,
                "lowlevel.loudness_ebu128.momentary.var": 2.130936622619629,
                "lowlevel.loudness_ebu128.short_term.dmean": 0.058252204209566116,
                "lowlevel.loudness_ebu128.short_term.dmean2": 0.06570980697870255,
                "lowlevel.loudness_ebu128.short_term.dvar": 0.0033076233230531216,
                "lowlevel.loudness_ebu128.short_term.dvar2": 0.002668068278580904,
                "lowlevel.loudness_ebu128.short_term.max": -11.75162410736084,
                "lowlevel.loudness_ebu128.short_term.mean": -14.53215217590332,
                "lowlevel.loudness_ebu128.short_term.median": -14.421513557434082,
                "lowlevel.loudness_ebu128.short_term.min": -20.72669792175293,
                "lowlevel.loudness_ebu128.short_term.stdev": 0.9747294187545776,
                "lowlevel.loudness_ebu128.short_term.var": 0.950097382068634,
                "lowlevel.spectral_centroid.dmean": 217.861328125,
                "lowlevel.spectral_centroid.dmean2": 354.002685546875,
                "lowlevel.spectral_centroid.dvar": 80970.9140625,
                "lowlevel.spectral_centroid.dvar2": 193110.796875,
                "lowlevel.spectral_centroid.max": 11025.033203125,
                "lowlevel.spectral_centroid.mean": 1010.4064331054688,
                "lowlevel.spectral_centroid.median": 926.8320922851562,
                "lowlevel.spectral_centroid.min": 211.25027465820312,
                "lowlevel.spectral_centroid.stdev": 481.60162353515625,
                "lowlevel.spectral_centroid.var": 231940.109375,
                "metadata.audio_properties.analysis.equal_loudness": 0.0,
                "rhythm.beats_loudness.dmean": 0.02427411824464798,
                "rhythm.beats_loudness.dmean2": 0.03999069333076477,
                "rhythm.beats_loudness.dvar": 0.0004402612103149295,
                "rhythm.beats_loudness.dvar2": 0.0010581037495285273,
                "rhythm.beats_loudness.max": 0.13120462000370026,
                "rhythm.beats_loudness.mean": 0.038679298013448715,
                "rhythm.beats_loudness.median": 0.029989121481776237,
                "rhythm.beats_loudness.min": 0.001130674034357071,
                "rhythm.beats_loudness.stdev": 0.024098724126815796,
                "rhythm.beats_loudness.var": 0.0005807485431432724,
                "rhythm.bpm": 107.23899841308594,
                "rhythm.bpm_histogram_first_peak_bpm": 108.0,
                "rhythm.bpm_histogram_first_peak_weight": 0.5186992287635803,
                "rhythm.bpm_histogram_second_peak_bpm": 103.0,
                "rhythm.bpm_histogram_second_peak_spread": 0.09999996423721313,
                "rhythm.bpm_histogram_second_peak_weight": 0.03947368264198303,
                "rhythm.danceability": 1.236417293548584
            }
        },
        {
            "id": "KqTG85G1JQ0",
            "title": "The Chainsmokers, 5 Seconds of Summer - Who Do You Love (Live from World War Joy Tour) | Vevo",
            "views": 8058231,
            "features": {
                "lowlevel.average_loudness": 0.9027271866798401,
                "lowlevel.loudness_ebu128.integrated": -9.798364639282227,
                "lowlevel.loudness_ebu128.loudness_range": 4.209926605224609,