{
    "song_title": "Why Don't We Do It In The Road",
    "artist": "Grateful Dead",
    "num_versions_processed": 3,
    "average_features": {
        "lowlevel.loudness_ebu128.short_term.dvar2": 0.01929154774794976,
        "lowlevel.loudness_ebu128.momentary.var": 32.665931383768715,
        "lowlevel.loudness_ebu128.momentary.min": -69.85991287231445,
        "lowlevel.spectral_centroid.dvar": 64118.893229166664,
        "rhythm.beats_loudness.min": 0.000517670854540242,
        "lowlevel.spectral_centroid.mean": 1474.2498372395833,
        "rhythm.beats_loudness.dvar": 0.00044426004751585424,
        "rhythm.bpm_histogram_first_peak_bpm": 149.66666666666666,
        "rhythm.beats_loudness.median": 0.0397277387479941,
        "lowlevel.loudness_ebu128.integrated": -15.345763524373373,
        "lowlevel.loudness_ebu128.short_term.mean": -16.506476402282715,
        "rhythm.beats_loudness.dmean2": 0.03500675906737646,
        "lowlevel.loudness_ebu128.momentary.dvar2": 1.2560616532961528,
        "rhythm.bpm_histogram_second_peak_weight": 0.1771573213239511,
        "lowlevel.loudness_ebu128.loudness_range": 6.185050010681152,
        "rhythm.bpm_histogram_second_peak_bpm": 94.0,
        "lowlevel.loudness_ebu128.short_term.min": -41.551822662353516,
        "lowlevel.loudness_ebu128.short_term.stdev": 3.5216815074284873,
        "lowlevel.loudness_ebu128.short_term.dmean2": 0.10805239776770274,
        "lowlevel.loudness_ebu128.short_term.var": 17.85527491569519,
        "rhythm.beats_loudness.mean": 0.04290014629562696,
        "lowlevel.spectral_centroid.max": 7341.74853515625,
        "lowlevel.loudness_ebu128.momentary.dvar": 0.7538610895474752,
        "rhythm.beats_loudness.stdev": 0.027706746943295002,
        "lowlevel.loudness_ebu128.momentary.max": -11.480312983194986,
        "lowlevel.spectral_centroid.median": 1410.9839274088542,
        "lowlevel.loudness_ebu128.momentary.dmean": 0.6148001452287039,
        "lowlevel.loudness_ebu128.short_term.dvar": 0.017060600764428575,
        "rhythm.beats_loudness.var": 0.0009295682781763995,
        "lowlevel.loudness_ebu128.momentary.stdev": 5.088278690973918,
        "lowlevel.loudness_ebu128.momentary.mean": -16.934019406636555,
        "rhythm.beats_loudness.dmean": 0.019887786358594894,
        "lowlevel.average_loudness": 0.8188100457191467,
        "lowlevel.loudness_ebu128.short_term.median": -15.598958651224772,
        "rhythm.beats_loudness.max": 0.17052867511908212,
        "metadata.audio_properties.analysis.equal_loudness": 0.0,
        "lowlevel.loudness_ebu128.momentary.dmean2": 0.8660599986712137,
        "lowlevel.spectral_centroid.dvar2": 137269.02604166666,
        "lowlevel.loudness_ebu128.short_term.max": -13.021766662597656,
        "lowlevel.spectral_centroid.var": 328168.21875,
        "rhythm.bpm_histogram_first_peak_weight": 0.11342591047286987,
        "lowlevel.loudness_ebu128.momentary.median": -15.694658597310385,
        "rhythm.bpm": 149.46493021647134,
        "rhythm.beats_loudness.dvar2": 0.0012791947810910642,
        "lowlevel.loudness_ebu128.short_term.dmean": 0.08803804963827133,
        "lowlevel.spectral_centroid.stdev": 568.471934000651,
        "lowlevel.spectral_centroid.dmean": 223.70811462402344,
        "lowlevel.spectral_centroid.dmean2": 338.19317118326825,
        "rhythm.danceability": 1.3982406854629517,
        "lowlevel.spectral_centroid.min": 314.75177510579425,
        "rhythm.bpm_histogram_second_peak_spread": 0.38502111037572223
    },
    "outlier_flag": true,
    "outlier_reasons": [
        "BPM Variance: 80.28 (limit 60)"
    ],
    "raw_versions": [
        {
            "id": "WglCn003lGQ",
            "title": "Grateful Dead - Why Don't We Do It In the Road",
            "views": 76303,
            "features": {
                "lowlevel.average_loudness": 0.647225022315979,
                "lowlevel.loudness_ebu128.integrated": -16.875873565673828,
                "lowlevel.loudness_ebu128.loudness_range": 12.810426712036133,
                "lowlevel.loudness_ebu128.momentary.dmean": 0.7757213115692139,
                "lowlevel.loudness_ebu128.momentary.dmean2": 1.1470134258270264,
                "lowlevel.loudness_ebu128.momentary.dvar": 1.5179669857025146,
                "lowlevel.loudness_ebu128.momentary.dvar2": 2.594180107116699,
                "lowlevel.loudness_ebu128.momentary.max": -12.410285949707031,
                "lowlevel.loudness_ebu128.momentary.mean": -20.4229736328125,
                "lowlevel.loudness_ebu128.momentary.median": -17.77175521850586,
                "lowlevel.loudness_ebu128.momentary.min": -90.44257354736328,
                "lowlevel.loudness_ebu128.momentary.stdev": 8.413961410522461,
                "lowlevel.loudness_ebu128.momentary.var": 70.79474639892578,
                "lowlevel.loudness_ebu128.short_term.dmean": 0.10874371975660324,
                "lowlevel.loudness_ebu128.short_term.dmean2": 0.14276623725891113,
                "lowlevel.loudness_ebu128.short_term.dvar": 0.029163099825382233,
                "lowlevel.loudness_ebu128.short_term.dvar2": 0.036328718066215515,
                "lowlevel.loudness_ebu128.short_term.max": -13.709994316101074,
                "lowlevel.loudness_ebu128.short_term.mean": -19.788612365722656,
                "lowlevel.loudness_ebu128.short_term.median": -17.71216583251953,
                "lowlevel.loudness_ebu128.short_term.min": -46.452117919921875,
                "lowlevel.loudness_ebu128.short_term.stdev": 6.808447360992432,
                "lowlevel.loudness_ebu128.short_term.var": 46.354957580566406,
                "lowlevel.spectral_centroid.dmean": 233.2236785888672,
                "lowlevel.spectral_centroid.dmean2": 358.7738037109375,
                "lowlevel.spectral_centroid.dvar": 68423.6484375,
                "lowlevel.spectral_centroid.dvar2": 156437.0,
                "lowlevel.spectral_centroid.max": 5647.041015625,
                "lowlevel.spectral_centroid.mean": 1027.8680419921875,
                "lowlevel.spectral_centroid.median": 878.220947265625,
                "lowlevel.spectral_centroid.min": 196.02108764648438,
                "lowlevel.spectral_centroid.stdev": 604.5621337890625,
                "lowlevel.spectral_centroid.var": 365495.40625,
                "metadata.audio_properties.analysis.equal_loudness": 0.0,
                "rhythm.beats_loudness.dmean": 0.022530533373355865,
                "rhythm.beats_loudness.dmean2": 0.03892848268151283,
                "rhythm.beats_loudness.dvar": 0.0008167025516740978,
                "rhythm.beats_loudness.dvar2": 0.0023090860340744257,
                "rhythm.beats_loudness.max": 0.22808851301670074,
                "rhythm.beats_loudness.mean": 0.04988081753253937,
                "rhythm.beats_loudness.median": 0.04216775298118591,
                "rhythm.beats_loudness.min": 1.8345516217266322e-09,
                "rhythm.beats_loudness.stdev": 0.04476384073495865,
                "rhythm.beats_loudness.var": 0.0020038012880831957,
                "rhythm.bpm": 178.20570373535156,
                "rhythm.bpm_histogram_first_peak_bpm": 178.0,
                "rhythm.bpm_histogram_first_peak_weight": 0.0,
                "rhythm.bpm_histogram_second_peak_bpm": 92.0,
                "rhythm.bpm_histogram_second_peak_spread": 0.2467532753944397,
                "rhythm.bpm_histogram_second_peak_weight": 0.30796459317207336,
                "rhythm.danceability": 1.3654180765151978
            }
        },
        {
            "id": "JfTwg2tvdmg",
            "title": "Grateful Dead - Why Don't We Do It In The Road? 4/7/1985",
            "views": 1797,
            "features": {
                "lowlevel.average_loudness": 0.9589909315109253,
                "lowlevel.loudness_ebu128.integrated": -16.824176788330078,
                "lowlevel.loudness_ebu128.loudness_range": 3.1932458877563477,