{
    "song_title": "Wipe Out",
    "artist": "Grateful Dead",
    "num_versions_processed": 2,
    "average_features": {
        "lowlevel.loudness_ebu128.momentary.dmean2": 0.717564731836319,
        "lowlevel.loudness_ebu128.short_term.median": -15.524147510528564,
        "lowlevel.spectral_centroid.median": 813.2449035644531,
        "rhythm.beats_loudness.var": 0.00038951200258452445,
        "rhythm.beats_loudness.dvar": 0.00018619250477058813,
        "lowlevel.loudness_ebu128.short_term.stdev": 3.8852174282073975,
        "lowlevel.loudness_ebu128.integrated": -15.355583190917969,
        "rhythm.beats_loudness.max": 0.13055047392845154,
        "lowlevel.spectral_centroid.max": 11005.46484375,
        "lowlevel.spectral_centroid.min": 246.49967193603516,
        "lowlevel.loudness_ebu128.momentary.stdev": 6.095778226852417,
        "rhythm.bpm": 117.69004821777344,
        "lowlevel.loudness_ebu128.loudness_range": 5.593286514282227,
        "rhythm.beats_loudness.mean": 0.03254421055316925,
        "rhythm.bpm_histogram_second_peak_weight": 0.049429696053266525,
        "metadata.audio_properties.analysis.equal_loudness": 0.0,
        "lowlevel.loudness_ebu128.short_term.var": 17.254323959350586,
        "rhythm.beats_loudness.dvar2": 0.0005319855990819633,
        "rhythm.bpm_histogram_second_peak_bpm": 124.0,
        "lowlevel.loudness_ebu128.momentary.mean": -17.073488235473633,
        "lowlevel.loudness_ebu128.short_term.max": -11.991842269897461,
        "rhythm.beats_loudness.stdev": 0.019715107046067715,
        "lowlevel.loudness_ebu128.momentary.dmean": 0.591787576675415,
        "lowlevel.spectral_centroid.mean": 940.3613586425781,
        "lowlevel.spectral_centroid.stdev": 505.6018371582031,
        "rhythm.beats_loudness.median": 0.030569909140467644,
        "lowlevel.loudness_ebu128.short_term.dmean": 0.0889866091310978,
        "lowlevel.loudness_ebu128.short_term.dvar2": 0.015474834479391575,
        "rhythm.beats_loudness.dmean2": 0.024818784557282925,
        "lowlevel.loudness_ebu128.short_term.mean": -16.54077911376953,
        "lowlevel.loudness_ebu128.momentary.var": 38.589571952819824,
        "rhythm.beats_loudness.dmean": 0.014392091426998377,
        "lowlevel.loudness_ebu128.momentary.min": -90.66181945800781,
        "lowlevel.loudness_ebu128.momentary.dvar": 1.163180023431778,
        "lowlevel.spectral_centroid.dmean": 166.96792602539062,
        "lowlevel.spectral_centroid.var": 257717.3984375,
        "rhythm.beats_loudness.min": 1.2733112897400645e-09,
        "lowlevel.average_loudness": 0.7869597971439362,
        "lowlevel.loudness_ebu128.short_term.dmean2": 0.0968906432390213,
        "lowlevel.loudness_ebu128.short_term.min": -37.9659538269043,
        "rhythm.bpm_histogram_first_peak_bpm": 117.5,
        "lowlevel.loudness_ebu128.momentary.max": -9.745446681976318,
        "lowlevel.spectral_centroid.dmean2": 253.24862670898438,
        "rhythm.bpm_histogram_second_peak_spread": 0.1600000262260437,
        "lowlevel.loudness_ebu128.short_term.dvar": 0.012581132352352142,
        "lowlevel.loudness_ebu128.momentary.median": -15.688138961791992,
        "rhythm.danceability": 1.2172488570213318,
        "lowlevel.spectral_centroid.dvar": 43748.0556640625,
        "rhythm.bpm_histogram_first_peak_weight": 0.4703601896762848,
        "lowlevel.loudness_ebu128.momentary.dvar2": 1.7291254699230194,
        "lowlevel.spectral_centroid.dvar2": 88143.623046875
    },
    "outlier_flag": true,
    "outlier_reasons": [
        "BPM Variance: 54.99 (limit 20)"
    ],
    "raw_versions": [
        {
            "id": "gLjM98oUpso",
            "title": "Grateful Dead - Wipe Out (9-7-1969 at Family Dog)",
            "views": 133,
            "features": {
                "lowlevel.average_loudness": 0.8301405906677246,
                "lowlevel.loudness_ebu128.integrated": -14.318363189697266,
                "lowlevel.loudness_ebu128.loudness_range": 5.0851287841796875,
                "lowlevel.loudness_ebu128.momentary.dmean": 0.5359798669815063,
                "lowlevel.loudness_ebu128.momentary.dmean2": 0.7278415560722351,
                "lowlevel.loudness_ebu128.momentary.dvar": 1.6174187660217285,
                "lowlevel.loudness_ebu128.momentary.dvar2": 2.5862934589385986,
                "lowlevel.loudness_ebu128.momentary.max": -8.203583717346191,
                "lowlevel.loudness_ebu128.momentary.mean": -16.667316436767578,
                "lowlevel.loudness_ebu128.momentary.median": -14.652265548706055,
                "lowlevel.loudness_ebu128.momentary.min": -90.70743560791016,
                "lowlevel.loudness_ebu128.momentary.stdev": 7.292047500610352,
                "lowlevel.loudness_ebu128.momentary.var": 53.17395782470703,
                "lowlevel.loudness_ebu128.short_term.dmean": 0.07600564509630203,
                "lowlevel.loudness_ebu128.short_term.dmean2": 0.08830110728740692,
                "lowlevel.loudness_ebu128.short_term.dvar": 0.016945816576480865,
                "lowlevel.loudness_ebu128.short_term.dvar2": 0.02198946475982666,
                "lowlevel.loudness_ebu128.short_term.max": -11.180444717407227,
                "lowlevel.loudness_ebu128.short_term.mean": -16.112606048583984,
                "lowlevel.loudness_ebu128.short_term.median": -14.502339363098145,
                "lowlevel.loudness_ebu128.short_term.min": -41.237205505371094,
                "lowlevel.loudness_ebu128.short_term.stdev": 5.354710102081299,
                "lowlevel.loudness_ebu128.short_term.var": 28.672922134399414,
                "lowlevel.spectral_centroid.dmean": 153.1760711669922,
                "lowlevel.spectral_centroid.dmean2": 238.14981079101562,
                "lowlevel.spectral_centroid.dvar": 29859.326171875,
                "lowlevel.spectral_centroid.dvar2": 63139.23046875,
                "lowlevel.spectral_centroid.max": 10831.400390625,
                "lowlevel.spectral_centroid.mean": 952.972412109375,
                "lowlevel.spectral_centroid.median": 853.0667114257812,
                "lowlevel.spectral_centroid.min": 288.2430725097656,
                "lowlevel.spectral_centroid.stdev": 459.94915771484375,
                "lowlevel.spectral_centroid.var": 211553.234375,
                "metadata.audio_properties.analysis.equal_loudness": 0.0,
                "rhythm.beats_loudness.dmean": 0.012008962221443653,
                "rhythm.beats_loudness.dmean2": 0.020506059750914574,
                "rhythm.beats_loudness.dvar": 0.00015655819152016193,
                "rhythm.beats_loudness.dvar2": 0.00043664255645126104,
                "rhythm.beats_loudness.max": 0.147169291973114,
                "rhythm.beats_loudness.mean": 0.031379133462905884,
                "rhythm.beats_loudness.median": 0.03127513825893402,
                "rhythm.beats_loudness.min": 1.04706643355712e-09,
                "rhythm.beats_loudness.stdev": 0.01880595274269581,
                "rhythm.beats_loudness.var": 0.00035366383963264525,
                "rhythm.bpm": 90.192626953125,
                "rhythm.bpm_histogram_first_peak_bpm": 91.0,
                "rhythm.bpm_histogram_first_peak_weight": 0.43529409170150757,
                "rhythm.bpm_histogram_second_peak_bpm": 96.0,
                "rhythm.bpm_histogram_second_peak_spread": 0.3200000524520874,
                "rhythm.bpm_histogram_second_peak_weight": 0.04370179772377014,
                "rhythm.danceability": 1.2339173555374146
            }
        },
        {
            "id": "Snz5k9PkXTk",
            "title": "Grateful Dead - Bird Song (New York, NY, 10/30/80)",
            "views": 135771,
            "features": {
                "lowlevel.average_loudness": 0.7437790036201477,
                "lowlevel.loudness_ebu128.integrated": -16.392803192138672,
                "lowlevel.loudness_ebu128.loudness_range": 6.101444244384766,