{
    "song_title": "Wow Wow Hey Hey",
    "artist": "Grateful Dead",
    "num_versions_processed": 3,
    "average_features": {
        "lowlevel.loudness_ebu128.short_term.dvar2": 0.009448854718357325,
        "lowlevel.loudness_ebu128.momentary.var": 62.7719209988912,
        "lowlevel.loudness_ebu128.momentary.min": -70.0973695119222,
        "lowlevel.spectral_centroid.dvar": 59583.807291666664,
        "rhythm.beats_loudness.min": 9.451393997547686e-05,
        "lowlevel.spectral_centroid.mean": 1478.0294189453125,
        "rhythm.beats_loudness.dvar": 0.00037226747857251513,
        "rhythm.bpm_histogram_first_peak_bpm": 120.66666666666667,
        "rhythm.beats_loudness.median": 0.039109342421094574,
        "lowlevel.loudness_ebu128.integrated": -9.940918922424316,
        "lowlevel.loudness_ebu128.short_term.mean": -10.831896464029947,
        "rhythm.beats_loudness.dmean2": 0.028595107917984326,
        "lowlevel.loudness_ebu128.momentary.dvar2": 0.6980813841025034,
        "rhythm.bpm_histogram_second_peak_weight": 0.05044234109421571,
        "lowlevel.loudness_ebu128.loudness_range": 3.7994209925333657,
        "rhythm.bpm_histogram_second_peak_bpm": 125.66666666666667,
        "lowlevel.loudness_ebu128.short_term.min": -48.10298856099447,
        "lowlevel.loudness_ebu128.short_term.stdev": 3.9043134450912476,
        "lowlevel.loudness_ebu128.short_term.dmean2": 0.0698425682882468,
        "lowlevel.loudness_ebu128.short_term.var": 17.67973828315735,
        "rhythm.beats_loudness.mean": 0.040438322350382805,
        "lowlevel.spectral_centroid.max": 9227.218424479166,
        "lowlevel.loudness_ebu128.momentary.dvar": 0.519006073474884,
        "rhythm.beats_loudness.stdev": 0.020592750050127506,
        "lowlevel.loudness_ebu128.momentary.max": -6.817768255869548,
        "lowlevel.spectral_centroid.median": 1435.5759684244792,
        "lowlevel.loudness_ebu128.momentary.dmean": 0.47129204869270325,
        "lowlevel.loudness_ebu128.short_term.dvar": 0.039213955557594694,
        "rhythm.beats_loudness.var": 0.00052690714316365,
        "lowlevel.loudness_ebu128.momentary.stdev": 7.201459248860677,
        "lowlevel.loudness_ebu128.momentary.mean": -11.627427101135254,
        "rhythm.beats_loudness.dmean": 0.01591232729454835,
        "lowlevel.average_loudness": 0.9075222810109457,
        "lowlevel.loudness_ebu128.short_term.median": -9.954201698303223,
        "rhythm.beats_loudness.max": 0.12019680937131245,
        "metadata.audio_properties.analysis.equal_loudness": 0.0,
        "lowlevel.loudness_ebu128.momentary.dmean2": 0.5521822472413381,
        "lowlevel.spectral_centroid.dvar2": 122566.90625,
        "lowlevel.loudness_ebu128.short_term.max": -7.79356575012207,
        "lowlevel.spectral_centroid.var": 385629.5208333333,
        "rhythm.bpm_histogram_first_peak_weight": 0.4196819265683492,
        "lowlevel.loudness_ebu128.momentary.median": -10.070863723754883,
        "rhythm.bpm": 119.75937398274739,
        "rhythm.beats_loudness.dvar2": 0.0011048197047784925,
        "lowlevel.loudness_ebu128.short_term.dmean": 0.08952211340268452,
        "lowlevel.spectral_centroid.stdev": 619.8616333007812,
        "lowlevel.spectral_centroid.dmean": 219.00762430826822,
        "lowlevel.spectral_centroid.dmean2": 341.8392690022786,
        "rhythm.danceability": 1.0654147068659465,
        "lowlevel.spectral_centroid.min": 243.74191284179688,
        "rhythm.bpm_histogram_second_peak_spread": 0.2895927627881368
    },
    "outlier_flag": false,
    "outlier_reasons": null,
    "raw_versions": [
        {
            "id": "LQ123T3zD2k",
            "title": "Neil Young - Hey Hey, My My (Live at Farm Aid 1985)",
            "views": 31201970,
            "features": {
                "lowlevel.average_loudness": 0.8232961297035217,
                "lowlevel.loudness_ebu128.integrated": -12.751557350158691,
                "lowlevel.loudness_ebu128.loudness_range": 5.255678176879883,
                "lowlevel.loudness_ebu128.momentary.dmean": 0.459623247385025,
                "lowlevel.loudness_ebu128.momentary.dmean2": 0.505246102809906,
                "lowlevel.loudness_ebu128.momentary.dvar": 0.2536781430244446,
                "lowlevel.loudness_ebu128.momentary.dvar2": 0.2780372202396393,
                "lowlevel.loudness_ebu128.momentary.max": -8.357532501220703,
                "lowlevel.loudness_ebu128.momentary.mean": -13.405467987060547,
                "lowlevel.loudness_ebu128.momentary.median": -13.207296371459961,
                "lowlevel.loudness_ebu128.momentary.min": -31.778825759887695,
                "lowlevel.loudness_ebu128.momentary.stdev": 2.5544586181640625,
                "lowlevel.loudness_ebu128.momentary.var": 6.525258541107178,
                "lowlevel.loudness_ebu128.short_term.dmean": 0.08788662403821945,
                "lowlevel.loudness_ebu128.short_term.dmean2": 0.0587821789085865,
                "lowlevel.loudness_ebu128.short_term.dvar": 0.006835662294179201,
                "lowlevel.loudness_ebu128.short_term.dvar2": 0.004570325370877981,
                "lowlevel.loudness_ebu128.short_term.max": -9.415496826171875,
                "lowlevel.loudness_ebu128.short_term.mean": -13.111151695251465,
                "lowlevel.loudness_ebu128.short_term.median": -12.904903411865234,
                "lowlevel.loudness_ebu128.short_term.min": -18.79743003845215,
                "lowlevel.loudness_ebu128.short_term.stdev": 1.6976829767227173,
                "lowlevel.loudness_ebu128.short_term.var": 2.882127523422241,
                "lowlevel.spectral_centroid.dmean": 163.17990112304688,
                "lowlevel.spectral_centroid.dmean2": 247.9938201904297,
                "lowlevel.spectral_centroid.dvar": 43095.25,
                "lowlevel.spectral_centroid.dvar2": 73361.453125,
                "lowlevel.spectral_centroid.max": 11314.7734375,
                "lowlevel.spectral_centroid.mean": 1470.9365234375,
                "lowlevel.spectral_centroid.median": 1440.3035888671875,
                "lowlevel.spectral_centroid.min": 253.6439666748047,
                "lowlevel.spectral_centroid.stdev": 665.682373046875,
                "lowlevel.spectral_centroid.var": 443133.0,
                "metadata.audio_properties.analysis.equal_loudness": 0.0,
                "rhythm.beats_loudness.dmean": 0.008839168585836887,
                "rhythm.beats_loudness.dmean2": 0.014973195269703865,
                "rhythm.beats_loudness.dvar": 7.152645412134007e-05,
                "rhythm.beats_loudness.dvar2": 0.00020097990636713803,
                "rhythm.beats_loudness.max": 0.07266878336668015,
                "rhythm.beats_loudness.mean": 0.02286415360867977,
                "rhythm.beats_loudness.median": 0.021904652938246727,
                "rhythm.beats_loudness.min": 0.0002835402265191078,
                "rhythm.beats_loudness.stdev": 0.010901347734034061,
                "rhythm.beats_loudness.var": 0.00011883937258971855,
                "rhythm.bpm": 119.92820739746094,
                "rhythm.bpm_histogram_first_peak_bpm": 120.0,
                "rhythm.bpm_histogram_first_peak_weight": 0.5476190447807312,
                "rhythm.bpm_histogram_second_peak_bpm": 115.0,
                "rhythm.bpm_histogram_second_peak_spread": 0.1764705777168274,
                "rhythm.bpm_histogram_second_peak_weight": 0.055776894092559814,
                "rhythm.danceability": 0.962810754776001
            }
        },
        {
            "id": "kVpv8-5XWOI",
            "title": "Train - Hey, Soul Sister (Official Video)",
            "views": 420422755,
            "features": {
                "lowlevel.average_loudness": 0.9347314834594727,
                "lowlevel.loudness_ebu128.integrated": -9.734631538391113,
                "lowlevel.loudness_ebu128.loudness_range": 4.2619171142578125,
                "lowlevel.loudness_ebu128.momentary.dmean": 0.615736722946167,