{
    "song_title": "You Won't Find Me",
    "artist": "Grateful Dead",
    "num_versions_processed": 3,
    "average_features": {
        "lowlevel.loudness_ebu128.short_term.dvar2": 0.005685902821520965,
        "lowlevel.loudness_ebu128.momentary.var": 54.87901703516642,
        "lowlevel.loudness_ebu128.momentary.min": -69.48537890116374,
        "lowlevel.spectral_centroid.dvar": 41376.984375,
        "rhythm.beats_loudness.min": 0.0007719210210403634,
        "lowlevel.spectral_centroid.mean": 695.2547912597656,
        "rhythm.beats_loudness.dvar": 0.00086115916686443,
        "rhythm.bpm_histogram_first_peak_bpm": 139.0,
        "rhythm.beats_loudness.median": 0.023414341111977894,
        "lowlevel.loudness_ebu128.integrated": -14.206219037373861,
        "lowlevel.loudness_ebu128.short_term.mean": -16.00636863708496,
        "rhythm.beats_loudness.dmean2": 0.036590687930583954,
        "lowlevel.loudness_ebu128.momentary.dvar2": 0.443509042263031,
        "rhythm.bpm_histogram_second_peak_weight": 0.05491975943247477,
        "lowlevel.loudness_ebu128.loudness_range": 7.820353190104167,
        "rhythm.bpm_histogram_second_peak_bpm": 130.33333333333334,
        "lowlevel.loudness_ebu128.short_term.min": -51.6873664855957,
        "lowlevel.loudness_ebu128.short_term.stdev": 4.841845730940501,
        "lowlevel.loudness_ebu128.short_term.dmean2": 0.07434619466463725,
        "lowlevel.loudness_ebu128.short_term.var": 33.50887155532837,
        "rhythm.beats_loudness.mean": 0.037807044883569084,
        "lowlevel.spectral_centroid.max": 7280.65234375,
        "lowlevel.loudness_ebu128.momentary.dvar": 0.4133623739083608,
        "rhythm.beats_loudness.stdev": 0.03690719542404016,
        "lowlevel.loudness_ebu128.momentary.max": -8.814907709757486,
        "lowlevel.spectral_centroid.median": 568.7314046223959,
        "lowlevel.loudness_ebu128.momentary.dmean": 0.5853212972482046,
        "lowlevel.loudness_ebu128.short_term.dvar": 0.015126217622309923,
        "rhythm.beats_loudness.var": 0.0016293854472072173,
        "lowlevel.loudness_ebu128.momentary.stdev": 6.45522141456604,
        "lowlevel.loudness_ebu128.momentary.mean": -16.767953554789226,
        "rhythm.beats_loudness.dmean": 0.021373830114801724,
        "lowlevel.average_loudness": 0.4929848412672679,
        "lowlevel.loudness_ebu128.short_term.median": -15.508300145467123,
        "rhythm.beats_loudness.max": 0.20200306425491968,
        "metadata.audio_properties.analysis.equal_loudness": 0.0,
        "lowlevel.loudness_ebu128.momentary.dmean2": 0.5474618971347809,
        "lowlevel.spectral_centroid.dvar2": 75836.63932291667,
        "lowlevel.loudness_ebu128.short_term.max": -10.052320798238119,
        "lowlevel.spectral_centroid.var": 317699.0104166667,
        "rhythm.bpm_histogram_first_peak_weight": 0.4648863474527995,
        "lowlevel.loudness_ebu128.momentary.median": -15.835023880004883,
        "rhythm.bpm": 138.57109578450522,
        "rhythm.beats_loudness.dvar2": 0.0025673643685877323,
        "lowlevel.loudness_ebu128.short_term.dmean": 0.11353517572085063,
        "lowlevel.spectral_centroid.stdev": 539.7343444824219,
        "lowlevel.spectral_centroid.dmean": 105.3705825805664,
        "lowlevel.spectral_centroid.dmean2": 162.22029622395834,
        "rhythm.danceability": 0.9984163443247477,
        "lowlevel.spectral_centroid.min": 165.4267781575521,
        "rhythm.bpm_histogram_second_peak_spread": 0.29885590076446533
    },
    "outlier_flag": false,
    "outlier_reasons": null,
    "raw_versions": [
        {
            "id": "SLJI0AFZ2Mw",
            "title": "Amelia Curran - You Wont Find Me (Live at Ottawa FolkFest)",
            "views": 7092,
            "features": {
                "lowlevel.average_loudness": 0.8923541307449341,
                "lowlevel.loudness_ebu128.integrated": -17.579206466674805,
                "lowlevel.loudness_ebu128.loudness_range": 2.5765457153320312,
                "lowlevel.loudness_ebu128.momentary.dmean": 0.6019085049629211,
                "lowlevel.loudness_ebu128.momentary.dmean2": 0.580964207649231,
                "lowlevel.loudness_ebu128.momentary.dvar": 0.3190052807331085,
                "lowlevel.loudness_ebu128.momentary.dvar2": 0.3887219727039337,
                "lowlevel.loudness_ebu128.momentary.max": -13.45895767211914,
                "lowlevel.loudness_ebu128.momentary.mean": -18.026243209838867,
                "lowlevel.loudness_ebu128.momentary.median": -17.641948699951172,
                "lowlevel.loudness_ebu128.momentary.min": -29.18231773376465,
                "lowlevel.loudness_ebu128.momentary.stdev": 2.1345932483673096,
                "lowlevel.loudness_ebu128.momentary.var": 4.556488513946533,
                "lowlevel.loudness_ebu128.short_term.dmean": 0.08783241361379623,
                "lowlevel.loudness_ebu128.short_term.dmean2": 0.0739801824092865,
                "lowlevel.loudness_ebu128.short_term.dvar": 0.004382982384413481,
                "lowlevel.loudness_ebu128.short_term.dvar2": 0.003719740081578493,
                "lowlevel.loudness_ebu128.short_term.max": -14.84893798828125,
                "lowlevel.loudness_ebu128.short_term.mean": -17.687217712402344,
                "lowlevel.loudness_ebu128.short_term.median": -17.5556640625,
                "lowlevel.loudness_ebu128.short_term.min": -20.820232391357422,
                "lowlevel.loudness_ebu128.short_term.stdev": 0.9245192408561707,
                "lowlevel.loudness_ebu128.short_term.var": 0.8547358512878418,
                "lowlevel.spectral_centroid.dmean": 77.94160461425781,
                "lowlevel.spectral_centroid.dmean2": 120.20294189453125,
                "lowlevel.spectral_centroid.dvar": 36871.25,
                "lowlevel.spectral_centroid.dvar2": 56721.63671875,
                "lowlevel.spectral_centroid.max": 11025.0048828125,
                "lowlevel.spectral_centroid.mean": 482.814208984375,
                "lowlevel.spectral_centroid.median": 414.04193115234375,
                "lowlevel.spectral_centroid.min": 214.3100128173828,
                "lowlevel.spectral_centroid.stdev": 314.9171447753906,
                "lowlevel.spectral_centroid.var": 99172.8125,
                "metadata.audio_properties.analysis.equal_loudness": 0.0,
                "rhythm.beats_loudness.dmean": 0.016741927713155746,
                "rhythm.beats_loudness.dmean2": 0.027630126103758812,
                "rhythm.beats_loudness.dvar": 0.00018075454863719642,
                "rhythm.beats_loudness.dvar2": 0.0005229936796240509,
                "rhythm.beats_loudness.max": 0.10281357914209366,
                "rhythm.beats_loudness.mean": 0.03334074467420578,
                "rhythm.beats_loudness.median": 0.03137277066707611,
                "rhythm.beats_loudness.min": 0.0023157154209911823,
                "rhythm.beats_loudness.stdev": 0.016986669972538948,
                "rhythm.beats_loudness.var": 0.00028854692936874926,
                "rhythm.bpm": 135.59425354003906,
                "rhythm.bpm_histogram_first_peak_bpm": 136.0,
                "rhythm.bpm_histogram_first_peak_weight": 0.5444015264511108,
                "rhythm.bpm_histogram_second_peak_bpm": 129.0,
                "rhythm.bpm_histogram_second_peak_spread": 0.13636362552642822,
                "rhythm.bpm_histogram_second_peak_weight": 0.056716419756412506,
                "rhythm.danceability": 1.0697087049484253
            }
        },
        {
            "id": "bFLNih7iZlk",
            "title": "Lee Rogers - You Won't Find Me (Live Session)",
            "views": 337,
            "features": {
                "lowlevel.average_loudness": 0.09568265080451965,
                "lowlevel.loudness_ebu128.integrated": -14.739253044128418,
                "lowlevel.loudness_ebu128.loudness_range": 9.061975479125977,
                "lowlevel.loudness_ebu128.momentary.dmean": 0.7227981090545654,